step	loss
0	6.597994804382324
0	6.671931743621826
0	6.7195258140563965
0	6.828584671020508
0	6.742839336395264
0	6.658268928527832
0	6.687849998474121
0	6.724337577819824
0	6.674753665924072
0	6.65302038192749
0	6.636761665344238
0	6.470183849334717
0	6.889720916748047
0	6.687424182891846
0	6.591824054718018
0	6.514527320861816
0	6.5584564208984375
0	6.817820072174072
0	6.735878944396973
0	6.706177234649658
0	6.611756801605225
0	6.675097942352295
0	6.821366310119629
0	6.726276397705078
0	6.662593841552734
0	6.813636779785156
0	6.804584980010986
0	6.720513820648193
0	6.642842769622803
0	6.51669979095459
0	6.667397975921631
0	6.745104789733887
0	6.730085849761963
0	6.6216325759887695
0	6.835162162780762
0	6.521327495574951
0	6.692562103271484
0	6.608284950256348
0	6.918494701385498
0	6.54404878616333
0	6.616985321044922
0	6.639085292816162
0	6.580005645751953
0	6.8279829025268555
0	6.806821823120117
0	6.66314172744751
0	6.59265661239624
0	6.7730207443237305
0	6.8413777351379395
0	6.757106304168701
0	6.7074127197265625
0	6.506976127624512
0	6.487186908721924
0	6.630493640899658
0	6.508368492126465
0	6.58894157409668
0	6.722352504730225
0	6.726438045501709
0	6.585381031036377
0	7.007160186767578
0	6.530905723571777
0	6.795855522155762
0	6.656091690063477
0	6.6187896728515625
0	6.683636665344238
0	6.843389987945557
0	6.6069254875183105
0	6.557017803192139
0	6.614686489105225
0	6.911672115325928
0	6.590985298156738
0	6.5870361328125
0	6.6794538497924805
0	6.65045690536499
0	6.800699710845947
0	6.4698710441589355
0	6.850511074066162
0	6.620537281036377
0	6.6792378425598145
0	6.702139854431152
0	6.812077522277832
0	6.712222099304199
0	6.767693996429443
0	6.677006244659424
0	6.587101936340332
0	6.646850109100342
0	6.440238952636719
0	6.509106636047363
0	6.808139324188232
0	6.57846736907959
0	6.531518936157227
0	6.738786220550537
0	6.721912384033203
0	6.789450645446777
0	6.883747100830078
0	6.905863285064697
0	6.654099941253662
0	6.665062427520752
0	6.6462082862854
0	6.843865394592285
0	6.74972677230835
0	6.724169731140137
0	6.642321586608887
0	6.841501712799072
0	6.836681365966797
0	6.745716571807861
0	6.636663436889648
0	6.746006011962891
0	6.564151763916016
0	6.681648254394531
0	6.740505218505859
0	6.589498043060303
0	6.670997142791748
0	6.769972801208496
0	6.864804267883301
0	6.887004852294922
0	6.591685771942139
0	6.632043361663818
0	6.585072040557861
0	6.6139349937438965
0	6.6180877685546875
0	6.634851932525635
0	6.621232509613037
0	6.671569347381592
0	6.754984378814697
0	6.654458999633789
0	6.61884069442749
0	6.856621742248535
0	6.768434047698975
0	6.754127025604248
0	6.849463939666748
0	6.606161117553711
0	6.692654609680176
0	6.697518348693848
0	6.690866470336914
0	6.573076248168945
0	6.516458034515381
0	6.675079822540283
0	6.945276260375977
0	6.594171047210693
0	6.789821624755859
0	6.615138530731201
0	6.70339822769165
0	6.930711269378662
0	6.448919296264648
0	6.723021984100342
0	6.665083885192871
0	6.444243431091309
0	6.686201095581055
0	6.709720611572266
0	6.8035712242126465
0	6.533811569213867
0	6.421412944793701
0	6.7836012840271
0	6.731724262237549
0	6.500328540802002
0	6.547621250152588
0	6.649067401885986
0	6.651986598968506
0	6.411439895629883
0	6.830372333526611
0	6.657364845275879
0	6.825771808624268
0	6.548515319824219
0	6.610267639160156
0	6.5090556144714355
0	6.6500701904296875
0	6.732316970825195
0	6.649509906768799
0	6.703903675079346
0	6.615771293640137
0	6.733114242553711
0	6.64589786529541
0	6.484148979187012
0	6.672358989715576
0	6.632306098937988
0	6.58777379989624
0	6.636314392089844
0	6.858242034912109
0	6.576294898986816
0	6.577103137969971
0	6.573771953582764
0	6.603151798248291
0	6.882782459259033
0	6.619330406188965
0	6.475799083709717
0	6.678748607635498
0	6.873772621154785
0	6.626184940338135
0	6.895914077758789
0	6.767553329467773
0	6.559154987335205
0	6.470673084259033
0	6.622303485870361
0	6.791421413421631
0	6.55957555770874
0	6.676522731781006
0	6.727799892425537
0	6.6231889724731445
0	6.658828258514404
0	6.636385917663574
0	6.84619140625
0	6.6298322677612305
0	6.611698627471924
0	6.761317729949951
0	6.507172584533691
0	6.549726963043213
0	6.634975910186768
0	6.761481285095215
0	6.670852184295654
0	6.614195346832275
0	6.682852268218994
0	6.697297096252441
0	6.82429838180542
0	6.797843933105469
0	6.899592399597168
0	6.568563461303711
0	6.837183475494385
0	6.5759711265563965
0	6.731327056884766
0	6.639105796813965
0	6.659398555755615
0	6.731495380401611
0	6.549971103668213
0	6.922311305999756
0	6.655766010284424
0	6.438501358032227
0	6.737151145935059
0	6.419025421142578
0	6.6300272941589355
0	6.711065769195557
0	6.731632232666016
0	6.594238758087158
0	6.755187034606934
0	6.636742115020752
0	6.649509906768799
0	6.70539665222168
0	6.90678071975708
0	6.628893852233887
0	6.792652606964111
0	6.594749927520752
0	6.869967937469482
0	6.637217044830322
0	6.822171688079834
0	6.4898362159729
0	6.561886310577393
0	6.664968967437744
0	6.596993446350098
0	6.428242206573486
0	6.628872394561768
0	6.833621501922607
0	6.77319860458374
0	6.606592178344727
0	6.544266700744629
0	6.443870544433594
0	6.854479789733887
0	6.564434051513672
0	6.763519287109375
0	6.55171537399292
0	6.509016513824463
0	6.5958170890808105
0	6.8508381843566895
0	6.558777809143066
0	6.781085014343262
0	6.375752925872803
0	6.617784023284912
0	6.583968639373779
0	6.703497409820557
0	6.578935146331787
0	6.604310989379883
0	6.661780834197998
0	6.642205238342285
0	6.523871898651123
0	6.6174421310424805
0	6.586087226867676
0	6.660264015197754
0	6.68198299407959
0	6.61860990524292
0	6.581369876861572
0	6.558291435241699
0	6.691088676452637
0	6.742114067077637
0	6.342255592346191
0	6.59311056137085
0	6.569479465484619
0	6.662843227386475
0	6.784602165222168
0	6.536503314971924
0	6.643802642822266
0	6.705970287322998
0	6.522714614868164
0	6.709559917449951
0	6.85694694519043
0	6.660958766937256
0	6.531681060791016
0	6.423469066619873
0	6.750013828277588
0	6.4801130294799805
0	6.408214569091797
0	6.73552131652832
0	6.625778675079346
0	6.632797718048096
0	6.651434421539307
0	6.503159523010254
0	6.663100719451904
0	6.676997661590576
0	6.822584629058838
0	6.643351078033447
0	6.6588239669799805
0	6.838363170623779
0	6.614723205566406
0	6.5867815017700195
0	6.623950481414795
0	6.581035614013672
0	6.740102291107178
0	6.785679817199707
0	6.5246663093566895
0	6.620847225189209
0	6.934700012207031
0	6.604305744171143
0	6.778014659881592
0	6.520373344421387
0	6.659549236297607
0	6.785585403442383
0	6.542388916015625
0	6.446444511413574
0	6.626200199127197
0	6.432039260864258
0	6.563586235046387
0	6.692656517028809
0	6.810251235961914
0	6.657217025756836
0	6.535593032836914
0	6.704366683959961
0	6.655755996704102
0	6.587599277496338
0	6.781590938568115
0	6.712793827056885
0	6.726046562194824
0	6.750134468078613
0	6.767184734344482
0	6.559207439422607
0	6.556294918060303
0	6.639721870422363
0	6.581862449645996
0	6.510557651519775
0	6.65634822845459
0	6.559105396270752
0	6.613284587860107
0	6.565273284912109
0	6.600987911224365
0	6.712672710418701
0	6.569890975952148
0	6.606957912445068
0	6.69438362121582
0	6.7328033447265625
0	6.57431697845459
0	6.712890625
0	6.5179219245910645
0	6.556275367736816
0	6.439828872680664
0	6.854858875274658
0	6.532367706298828
0	6.600977420806885
0	6.651778697967529
0	6.8310394287109375
0	6.637418746948242
0	6.655071258544922
0	6.560604572296143
0	6.83063268661499
0	6.628380298614502
0	6.836912155151367
0	6.815094470977783
0	6.650462627410889
0	6.4586873054504395
0	6.42881441116333
0	6.51511812210083
0	6.790828227996826
0	6.560695648193359
0	6.528470039367676
0	6.6587395668029785
0	6.7265143394470215
0	6.724825859069824
0	6.654792785644531
0	6.547707557678223
0	6.8063459396362305
0	6.518589496612549
1	6.278554439544678
1	6.603847980499268
1	6.377499580383301
1	6.787497043609619
1	6.4008259773254395
1	6.741590976715088
1	6.6158552169799805
1	6.771419525146484
1	6.701952934265137
1	6.673102378845215
1	6.824605464935303
1	6.5095696449279785
1	6.576294898986816
1	6.619819641113281
1	6.601362705230713
1	6.812717914581299
1	6.681018352508545
1	6.458745002746582
1	6.679922103881836
1	6.6195526123046875
1	6.5113301277160645
1	6.657402038574219
1	6.743222236633301
1	6.72129487991333
1	6.688000679016113
1	6.654489994049072
1	6.593973636627197
1	6.871015548706055
1	6.527304172515869
1	6.719144821166992
1	6.580862045288086
1	6.680552959442139
1	6.793793201446533
1	6.712610721588135
1	6.806730270385742
1	6.670322895050049
1	6.411564350128174
1	6.945833683013916
1	6.677896976470947
1	6.770363807678223
1	6.596684455871582
1	6.627015590667725
1	6.784202575683594
1	6.70871639251709
1	6.570950031280518
1	6.615720748901367
1	6.816044330596924
1	6.627315044403076
1	6.661036968231201
1	6.523305416107178
1	6.606283664703369
1	6.7914509773254395
1	6.664372444152832
1	6.774606227874756
1	6.58335018157959
1	6.682603359222412
1	6.620731353759766
1	6.518118858337402
1	6.588082313537598
1	6.762623310089111
1	6.658921241760254
1	6.758568286895752
1	6.628323554992676
1	6.6332478523254395
1	6.676980018615723
1	6.698754787445068
1	6.7032999992370605
1	6.60299825668335
1	6.787379741668701
1	6.677401542663574
1	6.720668792724609
1	6.816892147064209
1	6.753116607666016
1	6.452843189239502
1	6.501351833343506
1	6.419009685516357
1	6.619587421417236
1	6.661388874053955
1	6.858041763305664
1	6.611717224121094
1	6.530944347381592
1	6.689713001251221
1	6.5068769454956055
1	6.487329006195068
1	6.796625137329102
1	6.623358726501465
1	6.798818111419678
1	6.620171546936035
1	6.710431098937988
1	6.650758743286133
1	6.492473602294922
1	6.66433048248291
1	6.603744029998779
1	6.6855292320251465
1	6.738604545593262
1	6.587315082550049
1	6.795679569244385
1	6.657253265380859
1	6.887114524841309
1	6.563513278961182
1	6.678247928619385
1	6.528370380401611
1	6.846757411956787
1	6.555578231811523
1	6.568058013916016
1	6.703572750091553
1	6.757822513580322
1	6.5696563720703125
1	6.670462608337402
1	6.456184387207031
1	6.781688690185547
1	6.536480903625488
1	6.676290035247803
1	6.709934234619141
1	6.4359917640686035
1	6.6307196617126465
1	6.790685176849365
1	6.808578014373779
1	6.475513458251953
1	6.818606376647949
1	6.843813896179199
1	6.593252658843994
1	6.612920761108398
1	6.87121057510376
1	6.538243770599365
1	6.672398567199707
1	6.458580017089844
1	6.620084762573242
1	6.656888961791992
1	6.556912422180176
1	6.788337707519531
1	6.76272439956665
1	6.629730224609375
1	6.563159465789795
1	6.399600028991699
1	6.551229000091553
1	6.718432903289795
1	6.70158576965332
1	6.758833408355713
1	6.7559685707092285
1	6.622325420379639
1	6.480395317077637
1	6.612051963806152
1	6.907306671142578
1	6.655464172363281
1	6.958628177642822
1	6.724417686462402
1	6.708190441131592
1	6.49041223526001
1	6.774159908294678
1	6.643578052520752
1	6.547296524047852
1	6.490633487701416
1	6.665024757385254
1	7.05036735534668
1	6.631160736083984
1	6.6812849044799805
1	6.78277587890625
1	6.634326457977295
1	6.715845108032227
1	6.505934715270996
1	6.761571884155273
1	6.385726451873779
1	6.630482196807861
1	6.5505523681640625
1	6.5431365966796875
1	6.531219482421875
1	6.753617286682129
1	6.626399993896484
1	6.53119421005249
1	6.697642803192139
1	6.590100288391113
1	6.575969219207764
1	6.623766899108887
1	6.611672878265381
1	6.846347808837891
1	6.471940517425537
1	6.580282211303711
1	6.769016265869141
1	6.671782493591309
1	6.648791790008545
1	6.535545349121094
1	6.916659832000732
1	6.5121917724609375
1	6.737163543701172
1	6.5608062744140625
1	6.582457065582275
1	6.707573413848877
1	6.778550624847412
1	6.734191417694092
1	6.762081146240234
1	6.61026668548584
1	6.7080302238464355
1	6.599875450134277
1	6.677834987640381
1	6.5077595710754395
1	6.668949127197266
1	6.733023643493652
1	6.715338706970215
1	6.520052433013916
1	6.492951393127441
1	6.789391994476318
1	6.440655708312988
1	6.494105339050293
1	6.52375602722168
1	6.703634262084961
1	6.562231540679932
1	6.823814868927002
1	6.534572601318359
1	6.551015853881836
1	6.519664287567139
1	6.5398335456848145
1	6.849186897277832
1	6.58519983291626
1	6.545483589172363
1	6.7097601890563965
1	6.606709003448486
1	6.480264186859131
1	6.708035945892334
1	6.495795726776123
1	6.752366542816162
1	6.728857517242432
1	6.504856586456299
1	6.689207553863525
1	6.675511360168457
1	6.608582496643066
1	6.716750144958496
1	6.6576762199401855
1	6.677077770233154
1	6.81543493270874
1	6.656247138977051
1	6.52093505859375
1	6.6868062019348145
1	6.313263893127441
1	6.572339057922363
1	6.743348121643066
1	6.648000717163086
1	6.572770595550537
1	6.5454912185668945
1	6.616404056549072
1	6.789695739746094
1	6.6221232414245605
1	6.718697547912598
1	6.694386005401611
1	6.661050796508789
1	6.8231072425842285
1	6.544917106628418
1	6.615434646606445
1	6.854007244110107
1	6.557659149169922
1	6.755753517150879
1	6.59663200378418
1	6.744869232177734
1	6.628678321838379
1	6.702381134033203
1	6.931301116943359
1	6.656063556671143
1	6.7144551277160645
1	6.5882086753845215
1	6.658442974090576
1	6.47166109085083
1	6.770737171173096
1	6.324544429779053
1	6.473428249359131
1	6.581722259521484
1	6.487232208251953
1	6.566389560699463
1	6.644375324249268
1	6.444230556488037
1	6.7307024002075195
1	6.684553623199463
1	6.831284046173096
1	6.608756065368652
1	6.664474964141846
1	6.497148036956787
1	6.45524263381958
1	6.732035160064697
1	6.59395694732666
1	6.668085098266602
1	6.519407272338867
1	6.552548408508301
1	6.700222492218018
1	6.593320846557617
1	6.645564556121826
1	6.784561634063721
1	6.620487213134766
1	6.584918022155762
1	6.651795864105225
1	6.526995658874512
1	6.6244354248046875
1	6.707663059234619
1	6.665280342102051
1	6.685521125793457
1	6.5070319175720215
1	6.588748931884766
1	6.5782694816589355
1	6.567655086517334
1	6.6176276206970215
1	6.833694934844971
1	6.813167095184326
1	6.658306121826172
1	6.532232761383057
1	6.86111307144165
1	6.565865516662598
1	6.590750217437744
1	6.730425834655762
1	6.519313335418701
1	6.752520561218262
1	6.458804607391357
1	6.65648078918457
1	6.457261562347412
1	6.81328821182251
1	6.60789155960083
1	6.5429463386535645
1	6.598866939544678
1	6.587172508239746
1	6.403736114501953
1	6.610614776611328
1	6.622317314147949
1	6.65151309967041
1	6.543198108673096
1	6.576178073883057
1	6.864770889282227
1	6.471515655517578
1	6.666262626647949
1	6.769061088562012
1	6.747636318206787
1	6.5270915031433105
1	6.664996147155762
1	6.635667324066162
1	6.781103610992432
1	6.54102087020874
1	6.7506608963012695
1	6.750676155090332
1	6.776684761047363
1	6.5052690505981445
1	6.724640369415283
1	6.538296699523926
1	6.601596832275391
1	6.808574676513672
1	6.623287677764893
1	6.604312896728516
1	6.860478401184082
1	6.630423069000244
1	6.655123710632324
1	6.462512969970703
1	6.863776683807373
1	6.808237552642822
1	6.602207183837891
1	6.749067306518555
1	6.724625587463379
1	6.628442764282227
1	6.621957778930664
1	6.6672258377075195
1	6.721957683563232
1	6.7862772941589355
1	6.520556449890137
1	6.662988185882568
1	6.635931491851807
1	6.614503383636475
1	6.476161003112793
1	6.532212257385254
1	6.54786491394043
1	6.616154193878174
1	6.670156002044678
1	6.688887119293213
1	6.572987079620361
1	6.75601863861084
1	6.485480785369873
1	6.566446781158447
1	6.7569050788879395
1	6.770180702209473
1	6.557479381561279
1	6.458324909210205
1	6.696101188659668
1	6.688173770904541
1	6.672113418579102
1	6.730904579162598
1	6.544155120849609
1	6.557080268859863
1	6.458797931671143
1	6.5902419090271
1	6.791776657104492
1	6.409516334533691
1	6.50016975402832
1	6.747607231140137
1	6.558511734008789
2	6.832559585571289
2	6.5882134437561035
2	6.38093900680542
2	6.628335475921631
2	6.6368088722229
2	6.68697452545166
2	6.595383644104004
2	6.490257740020752
2	6.6353631019592285
2	6.547417163848877
2	6.457414150238037
2	6.7768235206604
2	6.552857875823975
2	6.769978046417236
2	6.36851692199707
2	6.565992832183838
2	6.655064582824707
2	6.7812819480896
2	6.533785820007324
2	6.582377910614014
2	6.667325496673584
2	6.6780266761779785
2	6.644293308258057
2	6.543388843536377
2	6.691437721252441
2	6.433050632476807
2	6.763828277587891
2	6.554072380065918
2	6.735819339752197
2	6.7599263191223145
2	6.7378363609313965
2	6.60791015625
2	6.857326507568359
2	6.610217571258545
2	6.568557262420654
2	6.550326347351074
2	6.728287220001221
2	6.614435195922852
2	6.6829514503479
2	6.570324897766113
2	6.630441665649414
2	6.612512588500977
2	6.6640143394470215
2	6.406745433807373
2	6.687692165374756
2	6.75255823135376
2	6.644917964935303
2	6.711176872253418
2	6.328648567199707
2	6.604184150695801
2	6.732605457305908
2	6.41572904586792
2	6.598021030426025
2	6.696033000946045
2	6.54145622253418
2	6.6005353927612305
2	6.839938163757324
2	6.894137382507324
2	6.552515506744385
2	6.697480201721191
2	6.421193599700928
2	6.454864978790283
2	6.468480110168457
2	6.419010639190674
2	6.745213508605957
2	6.878010272979736
2	6.574039936065674
2	6.633456230163574
2	6.718340873718262
2	6.63057279586792
2	6.64978551864624
2	6.645082950592041
2	6.663983345031738
2	6.581337928771973
2	6.560471534729004
2	6.6664299964904785
2	6.664340496063232
2	6.79026460647583
2	6.522679805755615
2	6.801764965057373
2	6.872615814208984
2	6.860293865203857
2	6.443048000335693
2	6.742856502532959
2	6.674356937408447
2	6.892544269561768
2	6.959436893463135
2	6.6909990310668945
2	6.673671245574951
2	6.655111789703369
2	6.585206508636475
2	6.445240020751953
2	6.677412509918213
2	6.546113014221191
2	6.527712821960449
2	6.448618412017822
2	6.449560642242432
2	6.681676864624023
2	6.739622116088867
2	6.382137298583984
2	6.613116264343262
2	6.3605217933654785
2	6.5255231857299805
2	6.658413887023926
2	6.821873664855957
2	6.357720851898193
2	6.56050968170166
2	6.624495506286621
2	6.536555290222168
2	6.6681437492370605
2	6.8204827308654785
2	6.532312870025635
2	6.6395063400268555
2	6.6456522941589355
2	6.678739070892334
2	6.73658561706543
2	6.55930757522583
2	6.577404975891113
2	6.589457988739014
2	6.667004585266113
2	6.5734381675720215
2	6.796894073486328
2	6.636329174041748
2	6.634865760803223
2	6.62449836730957
2	6.433943748474121
2	6.623542308807373
2	6.725063323974609
2	6.614583492279053
2	6.620484352111816
2	6.679327487945557
2	6.4688801765441895
2	6.695207118988037
2	6.5997843742370605
2	7.061106204986572
2	6.821173667907715
2	6.711411476135254
2	6.678064823150635
2	6.5827226638793945
2	6.66055965423584
2	6.583296775817871
2	6.560374736785889
2	6.739449977874756
2	6.69864559173584
2	6.711623191833496
2	6.371860504150391
2	6.460427761077881
2	6.623842239379883
2	6.903463840484619
2	6.804161548614502
2	6.64527702331543
2	6.739989757537842
2	6.51835823059082
2	6.742519378662109
2	6.798620223999023
2	6.590172290802002
2	6.360538005828857
2	6.6942853927612305
2	6.54754638671875
2	6.531304836273193
2	6.769552230834961
2	6.748764991760254
2	6.738832950592041
2	6.661403656005859
2	6.6618547439575195
2	6.575038433074951
2	6.627912998199463
2	6.8689727783203125
2	6.805445194244385
2	6.710214614868164
2	6.345702648162842
2	6.613707542419434
2	6.904670238494873
2	6.676341533660889
2	6.565654754638672
2	6.5600152015686035
2	6.600640296936035
2	6.810159683227539
2	6.715926647186279
2	6.449227809906006
2	6.7878007888793945
2	6.645369052886963
2	6.6567206382751465
2	6.566193103790283
2	6.514052391052246
2	6.634242534637451
2	6.5719733238220215
2	6.413034915924072
2	6.725330352783203
2	6.632786273956299
2	6.550962924957275
2	6.737175464630127
2	6.715453147888184
2	6.6614274978637695
2	6.570735454559326
2	6.651474952697754
2	6.634941577911377
2	6.574042797088623
2	6.665107250213623
2	6.703985691070557
2	6.692057132720947
2	6.472866535186768
2	6.808321952819824
2	6.583131790161133
2	6.575490951538086
2	6.870725154876709
2	6.781425952911377
2	6.7428154945373535
2	6.550837993621826
2	6.47014045715332
2	6.5937652587890625
2	6.6060380935668945
2	6.760501384735107
2	6.623407363891602
2	6.74033260345459
2	6.58594274520874
2	6.7305426597595215
2	6.689387321472168
2	6.827895641326904
2	6.598896026611328
2	6.782031059265137
2	6.724316596984863
2	6.4636664390563965
2	6.678778171539307
2	6.629181861877441
2	6.647131443023682
2	6.618188381195068
2	6.704479217529297
2	6.563403129577637
2	6.777760028839111
2	6.758354663848877
2	6.758953094482422
2	6.327932834625244
2	6.555732727050781
2	6.323390007019043
2	6.644546031951904
2	6.55771541595459
2	6.583482265472412
2	6.411279201507568
2	6.483542442321777
2	6.7151384353637695
2	6.57984733581543
2	6.689345359802246
2	6.662250518798828
2	6.501347064971924
2	6.602301597595215
2	6.597670078277588
2	6.512026786804199
2	6.665195465087891
2	6.567675590515137
2	6.7088189125061035
2	6.415801048278809
2	6.601555347442627
2	6.6794514656066895
2	6.583684921264648
2	6.363059997558594
2	6.817906379699707
2	6.735822677612305
2	6.693039894104004
2	6.566289901733398
2	6.494275093078613
2	6.429375648498535
2	6.468019008636475
2	6.728222846984863
2	6.508991241455078
2	6.640737056732178
2	6.834898471832275
2	6.411056995391846
2	6.48146915435791
2	6.581240653991699
2	6.6793646812438965
2	6.5608696937561035
2	6.588733673095703
2	6.640045642852783
2	6.38925313949585
2	6.657912254333496
2	6.585319995880127
2	6.424191951751709
2	6.550398826599121
2	6.600727558135986
2	6.474705219268799
2	6.665261745452881
2	6.724096298217773
2	6.442394256591797
2	6.5921220779418945
2	6.544582843780518
2	6.489218711853027
2	6.878589153289795
2	6.433967113494873
2	6.742607593536377
2	6.598599910736084
2	6.580081462860107
2	6.481240749359131
2	6.669259548187256
2	6.470694541931152
2	6.492725849151611
2	6.742344856262207
2	6.35933780670166
2	6.596622467041016
2	6.741675853729248
2	6.534631729125977
2	6.49238395690918
2	6.8387837409973145
2	6.357086658477783
2	6.519057750701904
2	6.668148994445801
2	6.565602779388428
2	6.294356346130371
2	6.854867458343506
2	6.8396453857421875
2	6.72017765045166
2	6.565866470336914
2	6.529007911682129
2	6.631017208099365
2	6.7178874015808105
2	6.624324321746826
2	6.567251205444336
2	6.3761091232299805
2	6.457564353942871
2	6.589969635009766
2	6.493183612823486
2	6.77855920791626
2	6.563842296600342
2	6.396117210388184
2	6.680667877197266
2	6.6013641357421875
2	6.4543890953063965
2	6.539510726928711
2	6.703211307525635
2	6.716782569885254
2	6.585625648498535
2	6.65252685546875
2	6.69240140914917
2	6.735982894897461
2	6.650025844573975
2	6.700785160064697
2	6.697173118591309
2	6.633959770202637
2	6.45412015914917
2	6.7011871337890625
2	6.479989528656006
2	6.495904445648193
2	6.431311130523682
2	6.713649272918701
2	6.8308491706848145
2	6.406175136566162
2	6.563381671905518
2	6.555768013000488
2	6.552398204803467
2	6.544967174530029
2	6.544334411621094
2	6.689931869506836
2	6.742397785186768
2	6.824370861053467
2	6.421135425567627
2	6.620849132537842
2	6.736888885498047
2	6.568706035614014
2	6.765615463256836
2	6.569278717041016
2	6.500860214233398
2	6.7903594970703125
2	6.844602108001709
2	6.531741142272949
2	6.60632848739624
2	6.557207107543945
2	6.616714000701904
2	6.517871379852295
2	6.789527416229248
2	6.599452018737793
2	6.751804828643799
2	6.645820617675781
2	6.789192199707031
2	6.694026947021484
2	6.641273021697998
2	6.564566612243652
2	6.5009379386901855
2	6.828629970550537
2	6.658752918243408
2	6.5886759757995605
2	6.601984024047852
2	6.644779205322266
2	6.599730491638184
2	6.699896335601807
2	6.5769267082214355
2	6.570427417755127
2	6.541184902191162
3	6.815738677978516
3	6.623154640197754
3	6.660517692565918
3	6.5388922691345215
3	6.6400251388549805
3	6.663618087768555
3	6.60689115524292
3	6.386141777038574
3	6.628914833068848
3	6.506597995758057
3	6.487936019897461
3	6.6193742752075195
3	6.596724033355713
3	6.739053249359131
3	6.574444770812988
3	6.3629889488220215
3	6.626931667327881
3	6.5928544998168945
3	6.556580543518066
3	6.521501064300537
3	6.631752014160156
3	6.685787200927734
3	6.883631706237793
3	6.6052327156066895
3	6.689985275268555
3	6.520417213439941
3	6.656790733337402
3	6.681906223297119
3	6.757205486297607
3	6.63356876373291
3	6.626186847686768
3	6.504124641418457
3	6.584958076477051
3	6.727905750274658
3	6.572057247161865
3	6.483802318572998
3	6.540728569030762
3	6.391096115112305
3	6.702528953552246
3	6.443692684173584
3	6.754502296447754
3	6.581912517547607
3	6.609513282775879
3	6.681017875671387
3	6.464331150054932
3	6.467933654785156
3	6.711732387542725
3	6.51220178604126
3	6.646317481994629
3	6.582991123199463
3	6.718382835388184
3	6.601321697235107
3	6.797482013702393
3	6.679484844207764
3	6.583643913269043
3	6.578230381011963
3	6.411466598510742
3	6.423252105712891
3	6.814520835876465
3	6.748819351196289
3	6.648654937744141
3	6.48367166519165
3	6.629190444946289
3	6.680339813232422
3	6.365345001220703
3	6.644813537597656
3	6.711782932281494
3	6.758183479309082
3	6.561724662780762
3	6.595299243927002
3	6.494621753692627
3	6.716943264007568
3	6.6874189376831055
3	6.485361099243164
3	6.092583656311035
3	6.758714199066162
3	6.712114334106445
3	6.585470676422119
3	6.635648250579834
3	6.596510410308838
3	6.545613765716553
3	6.660281181335449
3	6.561412334442139
3	6.351236820220947
3	6.759474277496338
3	6.817406177520752
3	6.721251964569092
3	6.739902973175049
3	6.662644386291504
3	6.5164618492126465
3	6.629973411560059
3	6.423696517944336
3	6.503605842590332
3	6.419504165649414
3	6.613702774047852
3	6.639902591705322
3	6.45509147644043
3	6.685030460357666
3	6.4203338623046875
3	6.546962261199951
3	6.58425760269165
3	6.473531246185303
3	6.625181198120117
3	6.4940104484558105
3	6.6113505363464355
3	6.375259876251221
3	6.638903617858887
3	6.6351165771484375
3	6.6694655418396
3	6.619904041290283
3	6.715804100036621
3	6.580197811126709
3	6.601398468017578
3	6.634592056274414
3	6.245415210723877
3	6.664522647857666
3	6.442026615142822
3	6.569996356964111
3	6.56967306137085
3	6.716564655303955
3	6.704285621643066
3	6.521424770355225
3	6.521884441375732
3	6.3857951164245605
3	6.601346492767334
3	6.679187774658203
3	6.601177215576172
3	6.67585563659668
3	6.483318328857422
3	6.777903079986572
3	6.496692180633545
3	6.538948059082031
3	6.567894458770752
3	6.379467487335205
3	6.613082408905029
3	6.635900020599365
3	6.477733135223389
3	6.77055549621582
3	6.6309027671813965
3	6.475405693054199
3	6.60885763168335
3	6.555269718170166
3	6.664391994476318
3	6.642157554626465
3	6.550531387329102
3	6.557597637176514
3	6.668107509613037
3	6.546361446380615
3	6.472548961639404
3	6.640066146850586
3	6.499541759490967
3	6.748600482940674
3	6.726251125335693
3	6.583557605743408
3	6.641134738922119
3	6.625251770019531
3	6.614620685577393
3	6.653599262237549
3	6.739227771759033
3	6.777144908905029
3	6.712465286254883
3	6.5600905418396
3	6.420145511627197
3	6.905215263366699
3	6.688811302185059
3	6.7503767013549805
3	6.525986194610596
3	6.679502964019775
3	6.447041034698486
3	6.732631206512451
3	6.825304985046387
3	6.63353967666626
3	6.673737525939941
3	6.785235404968262
3	6.429259777069092
3	6.630613803863525
3	6.778619766235352
3	6.6062703132629395
3	6.48527717590332
3	6.499549388885498
3	6.6127519607543945
3	6.654392719268799
3	6.465810775756836
3	6.583805561065674
3	6.657344341278076
3	6.7758259773254395
3	6.579098701477051
3	6.648525714874268
3	6.532876968383789
3	6.643216609954834
3	6.71579647064209
3	6.68361234664917
3	6.401638507843018
3	6.479222297668457
3	6.6730756759643555
3	6.586505889892578
3	6.645053863525391
3	6.606153964996338
3	6.531684398651123
3	6.614599704742432
3	6.461293697357178
3	6.42948055267334
3	6.604056358337402
3	6.72212553024292
3	6.424478530883789
3	6.696033477783203
3	6.780930995941162
3	6.591213226318359
3	6.560593128204346
3	6.504506587982178
3	6.655660152435303
3	6.572128772735596
3	6.400404453277588
3	6.8870158195495605
3	6.521656513214111
3	6.916165828704834
3	6.689532279968262
3	6.460855960845947
3	6.406805515289307
3	6.587900161743164
3	6.477696895599365
3	6.617059707641602
3	6.752103805541992
3	6.655083179473877
3	6.673832893371582
3	6.39681339263916
3	6.693308353424072
3	6.55513334274292
3	6.64607048034668
3	6.676840782165527
3	6.753590106964111
3	6.489110469818115
3	6.736882209777832
3	6.285086631774902
3	6.399166584014893
3	6.467647552490234
3	6.630472660064697
3	6.5965423583984375
3	6.497884750366211
3	6.374918460845947
3	6.748471736907959
3	6.622178077697754
3	6.678393840789795
3	6.457910060882568
3	6.552623271942139
3	6.57911491394043
3	6.83005952835083
3	6.581846714019775
3	6.705012798309326
3	6.891467094421387
3	6.601734638214111
3	6.581577777862549
3	6.707022666931152
3	6.628544330596924
3	6.360763072967529
3	6.741100788116455
3	6.6030354499816895
3	6.484126091003418
3	6.820743083953857
3	6.662753582000732
3	6.736306190490723
3	6.6329498291015625
3	6.464443206787109
3	6.447732925415039
3	6.563222408294678
3	6.658570289611816
3	6.617950916290283
3	6.820708274841309
3	6.574888706207275
3	6.604120254516602
3	6.542810916900635
3	6.757038116455078
3	6.413990497589111
3	6.617946147918701
3	6.785398006439209
3	6.472858428955078
3	6.670845985412598
3	6.728266716003418
3	6.4785542488098145
3	6.658188343048096
3	6.647734642028809
3	6.54612922668457
3	6.534274101257324
3	6.870319366455078
3	6.562272071838379
3	6.216153144836426
3	6.585318088531494
3	6.775262355804443
3	6.666811466217041
3	6.751046657562256
3	6.552004814147949
3	6.459100723266602
3	6.577343463897705
3	6.726766586303711
3	6.698997497558594
3	6.464150428771973
3	6.807921409606934
3	6.722452163696289
3	6.595381259918213
3	6.561889171600342
3	6.578993797302246
3	6.704928874969482
3	6.606135845184326
3	6.465629577636719
3	6.498521327972412
3	6.465583324432373
3	6.578032493591309
3	6.666158676147461
3	6.2024922370910645
3	6.699115753173828
3	6.482209205627441
3	6.449108123779297
3	6.711475849151611
3	6.677162170410156
3	6.506288051605225
3	6.653489589691162
3	6.334486484527588
3	6.554648399353027
3	6.3765668869018555
3	6.594598770141602
3	6.491640090942383
3	6.766897678375244
3	6.681423187255859
3	6.744472980499268
3	6.544707775115967
3	6.488964080810547
3	6.603592395782471
3	6.672189235687256
3	6.836232662200928
3	6.659478187561035
3	6.714338302612305
3	6.473541259765625
3	6.489190578460693
3	6.7015275955200195
3	6.551679611206055
3	6.786972999572754
3	6.612163066864014
3	6.638026237487793
3	6.733646869659424
3	6.369332790374756
3	6.592807292938232
3	6.520606517791748
3	6.596068382263184
3	6.695384502410889
3	6.570366859436035
3	6.679589748382568
3	6.6719841957092285
3	6.63262939453125
3	6.748749256134033
3	6.3440093994140625
3	6.516587734222412
3	6.561439037322998
3	6.511801242828369
3	6.737671852111816
3	6.556044101715088
3	6.392475128173828
3	7.003408432006836
3	6.7773942947387695
3	6.46716833114624
3	6.64580774307251
3	6.581198215484619
3	6.577089786529541
3	6.665714263916016
3	6.759056568145752
3	6.604612827301025
3	6.668403625488281
3	6.4565277099609375
3	6.721416473388672
3	6.466440677642822
3	6.577434539794922
3	6.634685039520264
3	6.4347825050354
3	6.781707286834717
3	6.791586875915527
3	6.4765305519104
3	6.591269016265869
3	6.673385143280029
3	6.765435695648193
3	6.590409755706787
3	6.350050926208496
3	6.519658088684082
3	6.517616271972656
3	6.632336139678955
3	6.644978046417236
3	6.800480365753174
3	6.684514999389648
3	6.512231349945068
4	6.5810933113098145
4	6.618934631347656
4	6.556550025939941
4	6.618771553039551
4	6.8825836181640625
4	6.385275840759277
4	6.619379997253418
4	6.69600772857666
4	6.533540725708008
4	6.57097864151001
4	6.375053405761719
4	6.5752997398376465
4	6.5699687004089355
4	6.5610551834106445
4	6.643406391143799
4	6.305939197540283
4	6.249446868896484
4	6.668591499328613
4	6.6227192878723145
4	6.526956558227539
4	6.613293647766113
4	6.820215702056885
4	6.8393402099609375
4	6.5128679275512695
4	6.406119346618652
4	6.595652103424072
4	6.6823530197143555
4	6.581531047821045
4	6.53548526763916
4	6.548343658447266
4	6.477146625518799
4	6.685725688934326
4	6.723499774932861
4	6.576033115386963
4	6.773180961608887
4	6.609516620635986
4	6.590610504150391
4	6.678882122039795
4	6.625896453857422
4	6.388065338134766
4	6.735743522644043
4	6.7104973793029785
4	6.614842414855957
4	6.552636623382568
4	6.524029731750488
4	6.595058441162109
4	6.6318254470825195
4	6.498030185699463
4	6.6869988441467285
4	6.464903831481934
4	6.482821941375732
4	6.745334625244141
4	6.806860446929932
4	6.634933948516846
4	6.415664196014404
4	6.226481914520264
4	6.676833629608154
4	6.692336082458496
4	6.682446002960205
4	6.660066604614258
4	6.572132110595703
4	6.590580940246582
4	6.646082401275635
4	6.321305274963379
4	6.660154342651367
4	6.7736992835998535
4	6.732374668121338
4	6.559939384460449
4	6.567774295806885
4	6.6459503173828125
4	6.53361177444458
4	6.552517414093018
4	6.393920421600342
4	6.871262550354004
4	6.630228519439697
4	6.572602272033691
4	6.362358093261719
4	6.789977073669434
4	6.563241004943848
4	6.554872035980225
4	6.5428571701049805
4	6.511916160583496
4	6.448875904083252
4	6.937551975250244
4	6.558990478515625
4	6.724705696105957
4	6.557365894317627
4	6.543339252471924
4	6.506378650665283
4	6.709558486938477
4	6.316299915313721
4	6.626259803771973
4	6.574244976043701
4	6.651570796966553
4	6.623404026031494
4	6.6627583503723145
4	6.627246856689453
4	6.489959239959717
4	6.868266582489014
4	6.913394451141357
4	6.727421283721924
4	6.527963638305664
4	6.703352451324463
4	6.657634258270264
4	6.5897321701049805
4	6.674655437469482
4	6.599837779998779
4	6.59158992767334
4	6.586263656616211
4	6.654049396514893
4	6.436638355255127
4	6.511106967926025
4	6.617688179016113
4	6.580743789672852
4	6.6365156173706055
4	6.532360076904297
4	6.781270980834961
4	6.573615550994873
4	6.446986198425293
4	6.65868616104126
4	6.565739154815674
4	6.553390026092529
4	6.721733570098877
4	6.792095184326172
4	6.426483154296875
4	6.549523830413818
4	6.7299957275390625
4	6.66912317276001
4	6.357230186462402
4	6.53708553314209
4	6.633976936340332
4	6.722855091094971
4	6.598885536193848
4	6.748649597167969
4	6.560466766357422
4	6.654106140136719
4	6.553949356079102
4	6.553470611572266
4	6.530441761016846
4	6.666210174560547
4	6.491715908050537
4	6.532004356384277
4	6.707953453063965
4	6.702005386352539
4	6.670200347900391
4	6.614557266235352
4	6.6948418617248535
4	6.668894290924072
4	6.643158912658691
4	6.804195880889893
4	6.520031929016113
4	6.604111671447754
4	6.467587947845459
4	6.478297233581543
4	6.606769561767578
4	6.820683002471924
4	6.495864391326904
4	6.509291172027588
4	6.5351691246032715
4	6.689786911010742
4	6.61875057220459
4	6.562556266784668
4	6.636603355407715
4	6.508410930633545
4	6.576063632965088
4	6.469483852386475
4	6.708948612213135
4	6.689822673797607
4	6.475541114807129
4	6.652308464050293
4	6.712082862854004
4	6.617685317993164
4	6.725214004516602
4	6.593663692474365
4	6.533013343811035
4	6.643275260925293
4	6.619434356689453
4	6.526148796081543
4	6.621114730834961
4	6.5506720542907715
4	6.715828895568848
4	6.542535781860352
4	6.603541851043701
4	6.579715251922607
4	6.501796722412109
4	6.471291542053223
4	6.606381893157959
4	6.513924598693848
4	6.312463283538818
4	6.494825839996338
4	6.67759370803833
4	6.581993579864502
4	6.502511024475098
4	6.568289756774902
4	6.621415615081787
4	6.506687164306641
4	6.685732841491699
4	6.499905586242676
4	6.835690498352051
4	6.597387313842773
4	6.757487773895264
4	6.620363712310791
4	6.7731146812438965
4	6.688227653503418
4	6.475245475769043
4	6.806659698486328
4	6.723965167999268
4	6.7606377601623535
4	6.625001907348633
4	6.651333808898926
4	6.445310115814209
4	6.686389923095703
4	6.6802873611450195
4	6.7062859535217285
4	6.63566255569458
4	6.6244730949401855
4	6.813557147979736
4	6.520730972290039
4	6.4257683753967285
4	6.3962860107421875
4	6.557510852813721
4	6.706674575805664
4	6.70421838760376
4	6.536163806915283
4	6.472137928009033
4	6.593378067016602
4	6.674361228942871
4	6.58091402053833
4	6.5400238037109375
4	6.623865127563477
4	6.550281047821045
4	6.435089111328125
4	6.667174816131592
4	6.526120185852051
4	6.4980645179748535
4	6.672119617462158
4	6.581534385681152
4	6.526069641113281
4	6.628175258636475
4	6.493383884429932
4	6.626882076263428
4	6.5379228591918945
4	6.627623558044434
4	6.544066429138184
4	6.600183010101318
4	6.609070777893066
4	6.584364891052246
4	6.681010723114014
4	6.687503337860107
4	6.5212321281433105
4	6.4685258865356445
4	6.480022430419922
4	6.526821613311768
4	6.720400810241699
4	6.418637275695801
4	6.307155609130859
4	6.531852722167969
4	6.538905143737793
4	6.594100475311279
4	6.7347259521484375
4	6.528951168060303
4	6.643006324768066
4	6.564948081970215
4	6.725575923919678
4	6.537282466888428
4	6.5890212059021
4	6.741833209991455
4	6.465755939483643
4	6.6628499031066895
4	6.6242756843566895
4	6.619039535522461
4	6.7551374435424805
4	6.545360565185547
4	6.694677829742432
4	6.339382171630859
4	6.391165256500244
4	6.4999518394470215
4	6.464627265930176
4	6.60913610458374
4	6.559757232666016
4	6.539289474487305
4	6.662649154663086
4	6.439667701721191
4	6.57627010345459
4	6.678526401519775
4	6.447554111480713
4	6.628219127655029
4	6.464038848876953
4	6.657873153686523
4	6.6080403327941895
4	6.641563415527344
4	6.660012722015381
4	6.774731636047363
4	6.529015064239502
4	6.8033342361450195
4	6.595035076141357
4	6.395628929138184
4	6.624725341796875
4	6.623655319213867
4	6.624988555908203
4	6.4829277992248535
4	6.712270259857178
4	6.460592269897461
4	6.680189609527588
4	6.557390213012695
4	6.90312385559082
4	6.63787317276001
4	6.694140911102295
4	6.568045139312744
4	6.516119956970215
4	6.519250392913818
4	6.706806182861328
4	6.509700298309326
4	6.384782791137695
4	6.451231002807617
4	6.629515171051025
4	6.552063465118408
4	6.657407283782959
4	6.509871959686279
4	6.450551986694336
4	6.677727222442627
4	6.5081353187561035
4	6.499497413635254
4	6.603976726531982
4	6.498610496520996
4	6.668301105499268
4	6.390757083892822
4	6.75091028213501
4	6.698987007141113
4	6.605720520019531
4	6.704805374145508
4	6.667744159698486
4	6.555545806884766
4	6.519847393035889
4	6.4778361320495605
4	6.697302341461182
4	6.438816547393799
4	6.735986232757568
4	6.646672248840332
4	6.581993103027344
4	6.563056468963623
4	6.540329456329346
4	6.571900367736816
4	6.43934440612793
4	6.565037250518799
4	6.683846473693848
4	6.541422367095947
4	6.484677314758301
4	6.525485515594482
4	6.436899662017822
4	6.597678184509277
4	6.458993911743164
4	6.791694164276123
4	6.616576671600342
4	6.53313684463501
4	6.69023323059082
4	6.546471118927002
4	6.645808219909668
4	6.3398284912109375
4	6.627398490905762
4	6.4862060546875
4	6.732147693634033
4	6.80504035949707
4	6.774402141571045
4	6.621487140655518
4	6.485284328460693
4	6.7025370597839355
4	6.82425594329834
4	6.790638446807861
4	6.630592346191406
4	6.4727325439453125
4	6.73584508895874
4	6.502501487731934
4	6.65347957611084
4	6.478457450866699
4	6.407746315002441
4	6.677297592163086
4	6.544761657714844
4	6.779565334320068
4	6.618570804595947
4	6.559682846069336
4	6.55117130279541
4	6.576238632202148
4	6.606128692626953
4	6.642372131347656
4	6.663459300994873
4	6.515794277191162
5	6.488307476043701
5	6.617936134338379
5	6.7783122062683105
5	6.583859443664551
5	6.613116264343262
5	6.4062347412109375
5	6.522866725921631
5	6.59213924407959
5	6.868193626403809
5	6.539841651916504
5	6.667378902435303
5	6.6384782791137695
5	6.66097354888916
5	6.511786460876465
5	6.614923000335693
5	6.650866508483887
5	6.768640995025635
5	6.455015659332275
5	6.523397445678711
5	6.269780158996582
5	6.5049262046813965
5	6.640516757965088
5	6.843679904937744
5	6.610536575317383
5	6.589193344116211
5	6.750521183013916
5	6.776271343231201
5	6.6872663497924805
5	6.534884929656982
5	6.418752193450928
5	6.630614757537842
5	6.880912780761719
5	6.51996374130249
5	6.403409481048584
5	6.647370338439941
5	6.562254428863525
5	6.454305171966553
5	6.671544075012207
5	6.513513565063477
5	6.8454909324646
5	6.624826908111572
5	6.659695625305176
5	6.639732360839844
5	6.509737491607666
5	6.606548309326172
5	6.708859443664551
5	6.522105693817139
5	6.525800704956055
5	6.603412628173828
5	6.67263650894165
5	6.520898342132568
5	6.464137077331543
5	6.419564723968506
5	6.394974708557129
5	6.510346412658691
5	6.521770477294922
5	6.4551167488098145
5	6.670229434967041
5	6.733708381652832
5	6.600841045379639
5	6.553178787231445
5	6.595026969909668
5	6.643579959869385
5	6.500277042388916
5	6.277709484100342
5	6.687046051025391
5	6.752925872802734
5	6.506767749786377
5	6.668859481811523
5	6.40590763092041
5	6.790456295013428
5	6.644927024841309
5	6.572919845581055
5	6.528675079345703
5	6.504465103149414
5	6.672414779663086
5	6.559423446655273
5	6.660600662231445
5	6.584427356719971
5	6.6291608810424805
5	6.597614288330078
5	6.536327838897705
5	6.540419578552246
5	6.484358787536621
5	6.688337802886963
5	6.679699897766113
5	6.515280723571777
5	6.621250629425049
5	6.469075679779053
5	6.665737628936768
5	6.50369119644165
5	6.543074607849121
5	6.64900541305542
5	6.649765491485596
5	6.614767551422119
5	6.571630001068115
5	6.534574031829834
5	6.574966907501221
5	6.45419979095459
5	6.6057329177856445
5	6.43169641494751
5	6.642197132110596
5	6.705079555511475
5	6.5408759117126465
5	6.655697822570801
5	6.553039073944092
5	6.632399082183838
5	6.447681903839111
5	6.5307841300964355
5	6.675564765930176
5	6.602504730224609
5	6.7566657066345215
5	6.584613800048828
5	6.672529697418213
5	6.866122722625732
5	6.5641632080078125
5	6.706500053405762
5	6.4882330894470215
5	6.747157096862793
5	6.490170478820801
5	6.717114448547363
5	6.426021099090576
5	6.551241874694824
5	6.716070175170898
5	6.629097938537598
5	6.598890781402588
5	6.599647045135498
5	6.694939613342285
5	6.600430488586426
5	6.547172546386719
5	6.58739709854126
5	7.011593818664551
5	6.443194389343262
5	6.661291599273682
5	6.66801118850708
5	6.774286270141602
5	6.530540466308594
5	6.501645565032959
5	6.723085403442383
5	6.593605995178223
5	6.756172180175781
5	6.541982650756836
5	6.860236644744873
5	6.555854797363281
5	6.446366786956787
5	6.585165977478027
5	6.485994338989258
5	6.605658531188965
5	6.5371551513671875
5	6.629917621612549
5	6.680591583251953
5	6.529577732086182
5	6.595185279846191
5	6.707804203033447
5	6.712989807128906
5	6.59621524810791
5	6.660928726196289
5	6.540399074554443
5	6.697901248931885
5	6.642589092254639
5	6.60812520980835
5	6.657015800476074
5	6.6419758796691895
5	6.781425952911377
5	6.55119514465332
5	6.2943572998046875
5	6.613558292388916
5	6.614637851715088
5	6.798636436462402
5	6.5198516845703125
5	6.712517261505127
5	6.343696594238281
5	6.441216468811035
5	6.5741448402404785
5	6.622140407562256
5	6.844646453857422
5	6.645591735839844
5	6.585307598114014
5	6.418557167053223
5	6.712217330932617
5	6.430204391479492
5	6.450258731842041
5	6.388260364532471
5	6.628166198730469
5	6.559781551361084
5	6.797346115112305
5	6.590032577514648
5	6.525258541107178
5	6.713249206542969
5	6.671818256378174
5	6.619289875030518
5	6.686453342437744
5	6.566107749938965
5	6.657894611358643
5	6.643473148345947
5	6.617528915405273
5	6.401124000549316
5	6.3728508949279785
5	6.711759090423584
5	6.729100227355957
5	6.390047073364258
5	6.645140171051025
5	6.653909206390381
5	6.422375679016113
5	6.554027080535889
5	6.735875129699707
5	6.490746974945068
5	6.754631042480469
5	6.563753604888916
5	6.712167739868164
5	6.672353744506836
5	6.644357681274414
5	6.795590877532959
5	6.343772888183594
5	6.7719197273254395
5	6.726846694946289
5	6.6140522956848145
5	6.620814323425293
5	6.519085884094238
5	6.68658971786499
5	6.631350517272949
5	6.302128314971924
5	6.606135845184326
5	6.654546737670898
5	6.826404094696045
5	6.545674800872803
5	6.4695539474487305
5	6.356033802032471
5	6.4979424476623535
5	6.5897135734558105
5	6.444889545440674
5	6.392490386962891
5	6.478452205657959
5	6.598485946655273
5	6.865029811859131
5	6.483985900878906
5	6.496271133422852
5	6.5229034423828125
5	6.449189186096191
5	6.766373157501221
5	6.750225067138672
5	6.570899963378906
5	6.513014793395996
5	6.721455097198486
5	6.455300807952881
5	6.471399307250977
5	6.727170944213867
5	6.752998352050781
5	6.522260665893555
5	6.479013919830322
5	6.589714527130127
5	6.690328121185303
5	6.616600513458252
5	6.371424674987793
5	6.487070083618164
5	6.651820659637451
5	6.466273307800293
5	6.709037780761719
5	6.72259521484375
5	6.779465198516846
5	6.528188228607178
5	6.448318004608154
5	6.5140814781188965
5	6.657042980194092
5	6.727281093597412
5	6.534048080444336
5	6.819530487060547
5	6.705732822418213
5	6.629214763641357
5	6.592838287353516
5	6.345837116241455
5	6.357723712921143
5	6.5074028968811035
5	6.712064266204834
5	6.513243198394775
5	6.604872226715088
5	6.572065353393555
5	6.521215915679932
5	6.274884223937988
5	6.6723551750183105
5	6.651872634887695
5	6.465010166168213
5	6.446428298950195
5	6.683193683624268
5	6.589807987213135
5	6.392245769500732
5	6.714406490325928
5	6.522016525268555
5	6.570785999298096
5	6.652102947235107
5	6.467009544372559
5	6.418572902679443
5	6.642574787139893
5	6.406280517578125
5	6.77083158493042
5	6.5057573318481445
5	6.420582294464111
5	6.595740795135498
5	6.499746799468994
5	6.457007884979248
5	6.382157325744629
5	6.476431846618652
5	6.692359447479248
5	6.73141622543335
5	6.693527698516846
5	6.642500877380371
5	6.507373332977295
5	6.622597694396973
5	6.847936630249023
5	6.675992488861084
5	6.353334426879883
5	6.5928802490234375
5	6.6053338050842285
5	6.611489295959473
5	6.690620422363281
5	6.618877410888672
5	6.4925761222839355
5	6.5030646324157715
5	6.487443447113037
5	6.544404983520508
5	6.574693202972412
5	6.7783427238464355
5	6.657364845275879
5	6.7901811599731445
5	6.630293369293213
5	6.702300548553467
5	6.61204719543457
5	6.589697360992432
5	6.568872451782227
5	6.560832977294922
5	6.5564141273498535
5	6.311395168304443
5	6.565769195556641
5	6.649322986602783
5	6.670792579650879
5	6.478498458862305
5	6.538937568664551
5	6.618780612945557
5	6.703416347503662
5	6.605655193328857
5	6.545629024505615
5	6.422862529754639
5	6.818304061889648
5	6.5688652992248535
5	6.68323278427124
5	6.421217918395996
5	6.605279922485352
5	6.7049665451049805
5	6.252880096435547
5	6.436181545257568
5	6.631550312042236
5	6.4766740798950195
5	6.726553440093994
5	6.757772445678711
5	6.694212913513184
5	6.746540546417236
5	6.374704837799072
5	6.583174228668213
5	6.454586505889893
5	6.533916473388672
5	6.448874473571777
5	6.574600696563721
5	6.639296054840088
5	6.425236701965332
5	6.637458324432373
5	6.562203884124756
5	6.589672088623047
5	6.481324195861816
5	6.681945323944092
5	6.885984897613525
5	6.522747993469238
5	6.513250350952148
5	6.6163458824157715
5	6.69820499420166
5	6.746648788452148
5	6.3640570640563965
5	6.688042163848877
5	6.551030158996582
5	6.33237361907959
5	6.636255264282227
5	6.586975574493408
5	6.614603519439697
5	6.400428295135498
5	6.667463302612305
5	6.643007755279541
5	6.555957317352295
5	6.583797931671143
6	6.646714210510254
6	6.561461448669434
6	6.5582804679870605
6	6.4839396476745605
6	6.6386494636535645
6	6.695446491241455
6	6.29197359085083
6	6.602378845214844
6	6.819607734680176
6	6.51024866104126
6	6.481358528137207
6	6.596862316131592
6	6.468678951263428
6	6.238208770751953
6	6.461958408355713
6	6.316834449768066
6	6.797232151031494
6	6.570377349853516
6	6.5508575439453125
6	6.62322473526001
6	6.434967041015625
6	6.593842029571533
6	6.657853603363037
6	6.591457366943359
6	6.689858436584473
6	6.535120010375977
6	6.71471643447876
6	6.640558242797852
6	6.562084674835205
6	6.468156337738037
6	6.481292724609375
6	6.619488716125488
6	6.545485019683838
6	6.543323993682861
6	6.739745140075684
6	6.528306484222412
6	6.7602858543396
6	6.713181018829346
6	6.571845054626465
6	6.328699111938477
6	6.5650811195373535
6	6.663368225097656
6	6.39700984954834
6	6.397532939910889
6	6.419290542602539
6	6.502043724060059
6	6.393498420715332
6	6.585690021514893
6	6.684156894683838
6	6.521437168121338
6	6.646217346191406
6	6.618890762329102
6	6.819562911987305
6	6.577130317687988
6	6.4342803955078125
6	6.418339252471924
6	6.502331733703613
6	6.531558513641357
6	6.677417278289795
6	6.651373386383057
6	6.519962310791016
6	6.5597100257873535
6	6.499417304992676
6	6.591674327850342
6	6.516658782958984
6	6.647956371307373
6	6.7591352462768555
6	6.687422275543213
6	6.572272777557373
6	6.301709175109863
6	6.716700553894043
6	6.782017707824707
6	6.599664688110352
6	6.487157821655273
6	6.611715793609619
6	6.586702823638916
6	6.3959455490112305
6	6.69926643371582
6	6.612310409545898
6	6.767521381378174
6	6.355942726135254
6	6.631049156188965
6	6.487211227416992
6	6.597757339477539
6	6.4889655113220215
6	6.358277320861816
6	6.474792003631592
6	6.737841606140137
6	6.480846881866455
6	6.618121147155762
6	6.488205909729004
6	6.695927619934082
6	6.613224029541016
6	6.740307331085205
6	6.565906524658203
6	6.398364067077637
6	6.6216607093811035
6	6.726405143737793
6	6.573587894439697
6	6.661325454711914
6	6.6504926681518555
6	6.374434947967529
6	6.437366962432861
6	6.728196144104004
6	6.548547267913818
6	6.618344783782959
6	6.523077487945557
6	6.620706558227539
6	6.652794361114502
6	6.415935516357422
6	6.634379863739014
6	6.67213773727417
6	6.6384711265563965
6	6.592633247375488
6	6.56744909286499
6	6.61459493637085
6	6.548717975616455
6	6.624856948852539
6	6.487707614898682
6	6.682093143463135
6	6.649898529052734
6	6.641472816467285
6	6.690778732299805
6	6.635581970214844
6	6.61693811416626
6	6.589363098144531
6	6.7769927978515625
6	6.666035175323486
6	6.4341206550598145
6	6.398992538452148
6	6.581394672393799
6	6.66834831237793
6	6.5044660568237305
6	6.597793102264404
6	6.557255268096924
6	6.6110944747924805
6	6.656116008758545
6	6.641880035400391
6	6.619151592254639
6	6.481390953063965
6	6.547056198120117
6	6.684500217437744
6	6.7004547119140625
6	6.563982963562012
6	6.6437153816223145
6	6.585777282714844
6	6.649702548980713
6	6.758644104003906
6	6.603847026824951
6	6.5037407875061035
6	6.572427749633789
6	6.632233619689941
6	6.48139762878418
6	6.442718505859375
6	6.497319221496582
6	6.821423530578613
6	6.53698205947876
6	6.695313453674316
6	6.6431803703308105
6	6.327843189239502
6	6.627717018127441
6	6.5867204666137695
6	6.651013374328613
6	6.541592597961426
6	6.407822132110596
6	6.623781681060791
6	6.724860191345215
6	6.534695148468018
6	6.494749546051025
6	6.582760810852051
6	6.799886703491211
6	6.67888879776001
6	6.638210296630859
6	6.64587926864624
6	6.5913004875183105
6	6.436553001403809
6	6.555271148681641
6	6.455009937286377
6	6.66936731338501
6	6.5125532150268555
6	6.477902412414551
6	6.652029991149902
6	6.55149507522583
6	6.56940221786499
6	6.527173042297363
6	6.678717136383057
6	6.4434990882873535
6	6.365429401397705
6	6.569519996643066
6	6.376307964324951
6	6.44499397277832
6	6.596696853637695
6	6.559792518615723
6	6.529493808746338
6	6.635853290557861
6	7.062513828277588
6	6.70993185043335
6	6.445046424865723
6	6.6820068359375
6	6.612567901611328
6	6.364280700683594
6	6.570878982543945
6	6.638998031616211
6	6.758665084838867
6	6.545801162719727
6	6.718369007110596
6	6.653263568878174
6	6.466693878173828
6	6.623661041259766
6	6.624413967132568
6	6.658320426940918
6	6.760147571563721
6	6.643377304077148
6	6.402071952819824
6	6.635446071624756
6	6.593052387237549
6	6.702606678009033
6	6.722814559936523
6	6.787569999694824
6	6.633974075317383
6	6.609191417694092
6	6.439009189605713
6	6.59071159362793
6	6.660783290863037
6	6.4635233879089355
6	6.822090148925781
6	6.50604772567749
6	6.717541217803955
6	6.729910850524902
6	6.5153913497924805
6	6.530040264129639
6	6.743372917175293
6	6.574767112731934
6	6.577466011047363
6	6.742690563201904
6	6.540030479431152
6	6.556697845458984
6	6.6731648445129395
6	6.6435322761535645
6	6.6071343421936035
6	6.732303142547607
6	6.5704474449157715
6	6.465851306915283
6	6.654150485992432
6	6.7015156745910645
6	6.636258602142334
6	6.60078239440918
6	6.527422904968262
6	6.722500324249268
6	6.750339984893799
6	6.556125164031982
6	6.666590690612793
6	6.774569511413574
6	6.729094505310059
6	6.549309730529785
6	6.533851623535156
6	6.742605209350586
6	6.82993745803833
6	6.573517799377441
6	6.676546573638916
6	6.526416778564453
6	6.700779438018799
6	6.661605358123779
6	6.333822250366211
6	6.636393070220947
6	6.514585494995117
6	6.6698455810546875
6	6.482663631439209
6	6.67144250869751
6	6.492691516876221
6	6.354565620422363
6	6.50970458984375
6	6.5700883865356445
6	6.522381782531738
6	6.4857635498046875
6	6.636701583862305
6	6.722065448760986
6	6.6757683753967285
6	6.407224178314209
6	6.356349468231201
6	6.662907600402832
6	6.372386455535889
6	6.427425384521484
6	6.8141350746154785
6	6.621626853942871
6	6.776008129119873
6	6.63826322555542
6	6.566784858703613
6	6.2473931312561035
6	6.629337310791016
6	6.704635143280029
6	6.513471603393555
6	6.4893012046813965
6	6.634037017822266
6	6.260414123535156
6	6.625655651092529
6	6.601012229919434
6	6.6426920890808105
6	6.551522731781006
6	6.74744987487793
6	6.625884056091309
6	6.421448707580566
6	6.617519855499268
6	6.633859634399414
6	6.728604793548584
6	6.689985752105713
6	6.713006973266602
6	6.361601829528809
6	6.507224082946777
6	6.706452369689941
6	6.719624042510986
6	6.39020299911499
6	6.433011054992676
6	6.816147327423096
6	6.706592082977295
6	6.593571662902832
6	6.682769298553467
6	6.547882556915283
6	6.608185291290283
6	6.456807613372803
6	6.635229110717773
6	6.462892532348633
6	6.806919097900391
6	6.7556538581848145
6	6.7034993171691895
6	6.7774481773376465
6	6.644542694091797
6	6.5841803550720215
6	6.600865840911865
6	6.534877300262451
6	6.550920486450195
6	6.445756435394287
6	6.979666709899902
6	6.483450889587402
6	6.361424446105957
6	6.461858749389648
6	6.560027599334717
6	6.577335834503174
6	6.65620231628418
6	6.394486427307129
6	6.76524019241333
6	6.500733375549316
6	6.584410667419434
6	6.624722003936768
6	6.479089736938477
6	6.55232048034668
6	6.474621295928955
6	6.56536865234375
6	6.607498645782471
6	6.668932914733887
6	6.6158552169799805
6	6.634829998016357
6	6.446606636047363
6	6.6547160148620605
6	6.608270645141602
6	6.338895797729492
6	6.57478141784668
6	6.478690147399902
6	6.570152759552002
6	6.522733211517334
6	6.5259690284729
6	6.74807596206665
6	6.8850483894348145
6	6.524051189422607
6	6.4873366355896
6	6.487649440765381
6	6.563746452331543
6	6.476253509521484
6	6.4890265464782715
6	6.515397548675537
6	6.606027603149414
6	6.544410228729248
6	6.675040245056152
6	6.491714954376221
6	6.510467529296875
6	6.838479042053223
6	6.615302085876465
6	6.738068103790283
6	6.5641255378723145
6	6.464206695556641
6	6.545853614807129
6	6.43322229385376
6	6.616549491882324
6	6.436153888702393
6	6.571829319000244
6	6.630407333374023
6	6.528868675231934
7	6.540451526641846
7	6.573800086975098
7	6.435500144958496
7	6.670496940612793
7	6.513818740844727
7	6.622382164001465
7	6.621233940124512
7	6.39314603805542
7	6.682589530944824
7	6.4808502197265625
7	6.70596170425415
7	6.628808498382568
7	6.4609527587890625
7	6.426339626312256
7	6.524494171142578
7	6.561346530914307
7	6.599048614501953
7	6.5339884757995605
7	6.67087459564209
7	6.657193660736084
7	6.561492919921875
7	6.6464385986328125
7	6.462738513946533
7	6.697231769561768
7	6.60042667388916
7	6.622687816619873
7	6.334367752075195
7	6.468619346618652
7	6.40213680267334
7	6.634444236755371
7	6.659817695617676
7	6.529478073120117
7	6.710638999938965
7	6.663408279418945
7	6.695815086364746
7	6.696779727935791
7	6.649194717407227
7	6.687039375305176
7	6.800765037536621
7	6.474632263183594
7	6.528459072113037
7	6.625874042510986
7	6.4985151290893555
7	6.613387107849121
7	6.535033226013184
7	6.646617889404297
7	6.793296813964844
7	6.8427510261535645
7	6.651335716247559
7	6.688912868499756
7	6.436295986175537
7	6.59031867980957
7	6.596380233764648
7	6.5292205810546875
7	6.603731632232666
7	6.646083354949951
7	6.469901084899902
7	6.648090362548828
7	6.4320454597473145
7	6.668554782867432
7	6.591772079467773
7	6.41391134262085
7	6.549849510192871
7	6.725553035736084
7	6.556804656982422
7	6.7376484870910645
7	6.486610412597656
7	6.3761515617370605
7	6.4756011962890625
7	6.673377513885498
7	6.536751747131348
7	6.410044193267822
7	6.546225070953369
7	6.4953203201293945
7	6.630329608917236
7	6.5891432762146
7	6.574106693267822
7	6.637007236480713
7	6.5297651290893555
7	6.849869251251221
7	6.648209095001221
7	6.6116533279418945
7	6.338050842285156
7	6.465068340301514
7	6.56599235534668
7	6.463099479675293
7	6.547341823577881
7	6.525182723999023
7	6.483682155609131
7	6.467101573944092
7	6.738832950592041
7	6.497175216674805
7	6.678531169891357
7	6.66379976272583
7	6.460785865783691
7	6.6740288734436035
7	6.511955261230469
7	6.483012676239014
7	6.695609092712402
7	6.533175468444824
7	6.581718444824219
7	6.708372116088867
7	6.41947603225708
7	6.670047283172607
7	6.709223747253418
7	6.613633632659912
7	6.622894287109375
7	6.523284435272217
7	6.407577037811279
7	6.499553680419922
7	6.394505977630615
7	6.749229907989502
7	6.492660999298096
7	6.736090183258057
7	6.48644495010376
7	6.694330215454102
7	6.628634452819824
7	6.375498294830322
7	6.5910964012146
7	6.749696254730225
7	6.782899379730225
7	6.641792297363281
7	6.836512088775635
7	6.674648761749268
7	6.773102283477783
7	6.621461391448975
7	6.462514877319336
7	6.572807788848877
7	6.366481781005859
7	6.644927024841309
7	6.565133571624756
7	6.414273738861084
7	6.907177448272705
7	6.619353771209717
7	6.555822849273682
7	6.574967384338379
7	6.537847518920898
7	6.40915584564209
7	6.412229537963867
7	6.6516032218933105
7	6.625878810882568
7	6.467278480529785
7	6.4719014167785645
7	6.621593952178955
7	6.368963241577148
7	6.577287197113037
7	6.422845363616943
7	6.479496002197266
7	6.628444671630859
7	6.643138885498047
7	6.665976524353027
7	6.610331058502197
7	6.509345054626465
7	6.7140960693359375
7	6.3875508308410645
7	6.529895305633545
7	6.538615703582764
7	6.325230598449707
7	6.781146049499512
7	6.699795246124268
7	6.463876247406006
7	6.445061683654785
7	6.680394172668457
7	6.536199569702148
7	6.605637073516846
7	6.625193119049072
7	6.65342903137207
7	6.51191520690918
7	6.571449279785156
7	6.6090989112854
7	6.574135780334473
7	6.635537147521973
7	6.529021739959717
7	6.398905277252197
7	6.675429344177246
7	6.803665637969971
7	6.640731334686279
7	6.590875148773193
7	6.709225177764893
7	6.54097843170166
7	6.524707794189453
7	6.536872386932373
7	6.712520122528076
7	6.5464677810668945
7	6.5113420486450195
7	6.706976890563965
7	6.519262313842773
7	6.849827289581299
7	6.535560131072998
7	6.715235710144043
7	6.840921878814697
7	6.65986967086792
7	6.543339252471924
7	6.505397319793701
7	6.520071983337402
7	6.406274318695068
7	6.6944074630737305
7	6.463483810424805
7	6.5008134841918945
7	6.590786457061768
7	6.571465969085693
7	6.57968282699585
7	6.722986221313477
7	6.966322422027588
7	6.470207214355469
7	6.4153594970703125
7	6.692037582397461
7	6.688252925872803
7	6.613698959350586
7	6.592282295227051
7	6.742671966552734
7	6.757214069366455
7	6.679377555847168
7	6.715487003326416
7	6.717790603637695
7	6.506711483001709
7	6.555658340454102
7	6.5521016120910645
7	6.414420127868652
7	6.6198296546936035
7	6.346825122833252
7	6.746123790740967
7	6.380018711090088
7	6.638744831085205
7	6.483523845672607
7	6.607133865356445
7	6.590790748596191
7	6.503322601318359
7	6.595560073852539
7	6.669960021972656
7	6.555100917816162
7	6.707131862640381
7	6.741761207580566
7	6.630083084106445
7	6.756527423858643
7	6.796483039855957
7	6.757465839385986
7	6.477055549621582
7	6.543268203735352
7	6.524551868438721
7	6.7178850173950195
7	6.562369346618652
7	6.507022857666016
7	6.624634742736816
7	6.699379920959473
7	6.385989665985107
7	6.513296127319336
7	6.468090057373047
7	6.403061389923096
7	6.559217929840088
7	6.682163238525391
7	6.465897560119629
7	6.46138334274292
7	6.595353603363037
7	6.646594047546387
7	6.660327911376953
7	6.666225910186768
7	6.5968098640441895
7	6.656676769256592
7	6.459043025970459
7	6.542216777801514
7	6.477556228637695
7	6.622348308563232
7	6.503025531768799
7	6.64261531829834
7	6.60786247253418
7	6.513965129852295
7	6.459815502166748
7	6.7396559715271
7	6.551082134246826
7	6.655831336975098
7	6.6616530418396
7	6.530152320861816
7	6.532470226287842
7	6.503340721130371
7	6.764789581298828
7	6.707815170288086
7	6.555003643035889
7	6.673628330230713
7	6.47115421295166
7	6.56058406829834
7	6.526916027069092
7	6.609111785888672
7	6.671048641204834
7	6.759331226348877
7	6.477580547332764
7	6.883513927459717
7	6.7287278175354
7	6.346810340881348
7	6.533725738525391
7	6.531274795532227
7	6.577971458435059
7	6.544308662414551
7	6.506409645080566
7	6.552628517150879
7	6.723804950714111
7	6.597954273223877
7	6.555626392364502
7	6.39980411529541
7	6.54514217376709
7	6.571351528167725
7	6.8297834396362305
7	6.699484825134277
7	6.271212100982666
7	6.60666036605835
7	6.686461925506592
7	6.469249248504639
7	6.531303405761719
7	6.718873023986816
7	6.500674724578857
7	6.328454494476318
7	6.65453577041626
7	6.593487739562988
7	6.495511531829834
7	6.737545013427734
7	6.273314476013184
7	6.434821605682373
7	6.5579729080200195
7	6.529110908508301
7	6.496508598327637
7	6.5358428955078125
7	6.608577251434326
7	6.626570701599121
7	6.519345283508301
7	6.48160982131958
7	6.5186662673950195
7	6.542144775390625
7	6.534501552581787
7	6.503307819366455
7	6.6161956787109375
7	6.435102939605713
7	6.650921821594238
7	6.6913161277771
7	6.600408554077148
7	6.360553741455078
7	6.413693904876709
7	6.565917015075684
7	6.548824310302734
7	6.700377941131592
7	6.753347873687744
7	6.641655921936035
7	6.601724624633789
7	6.636364459991455
7	6.5699896812438965
7	6.598861217498779
7	6.611798286437988
7	6.649380683898926
7	6.708116054534912
7	6.642300605773926
7	6.657917022705078
7	6.477306365966797
7	6.627556800842285
7	6.72532844543457
7	6.513440132141113
7	6.631361484527588
7	6.626981258392334
7	6.705846309661865
7	6.535089015960693
7	6.652701377868652
7	6.486171245574951
7	6.63040018081665
7	6.644106388092041
7	6.6386919021606445
7	6.688416004180908
7	6.387585163116455
7	6.578731060028076
7	6.577610969543457
7	6.458342552185059
7	6.528348445892334
7	6.5301055908203125
7	6.614680290222168
7	6.767792224884033
7	6.4833903312683105
7	6.551645278930664
7	6.763171195983887
7	6.70060396194458
7	6.359010696411133
7	6.5707573890686035
7	6.594608783721924
7	6.512685298919678
7	6.597821235656738
7	6.615015983581543
7	6.540234565734863
7	6.521981239318848
7	6.5459370613098145
7	6.353221893310547
7	6.561137676239014
8	6.563592910766602
8	6.53570032119751
8	6.516741752624512
8	6.702482223510742
8	6.485565662384033
8	6.469243049621582
8	6.505109786987305
8	6.763255596160889
8	6.549356460571289
8	6.451289176940918
8	6.429534435272217
8	6.454257011413574
8	6.442561626434326
8	6.500795364379883
8	6.600773811340332
8	6.541717052459717
8	6.477526664733887
8	6.492588996887207
8	6.689157009124756
8	6.492304801940918
8	6.47063684463501
8	6.490955352783203
8	6.606320381164551
8	6.293588638305664
8	6.453954696655273
8	6.626162528991699
8	6.950082778930664
8	6.583201885223389
8	6.724552154541016
8	6.766088485717773
8	6.534715175628662
8	6.690849781036377
8	6.586850166320801
8	6.481728553771973
8	6.5895280838012695
8	6.613101482391357
8	6.431338787078857
8	6.587365627288818
8	6.447797775268555
8	6.59162712097168
8	6.760860919952393
8	6.684095859527588
8	6.582878112792969
8	6.504239559173584
8	6.40078067779541
8	6.569643020629883
8	6.520622253417969
8	6.712585926055908
8	6.472470760345459
8	6.488819599151611
8	6.59359073638916
8	6.276647090911865
8	6.626288890838623
8	6.486641883850098
8	6.664556503295898
8	6.516833305358887
8	6.448078632354736
8	6.384966850280762
8	6.427712917327881
8	6.556980609893799
8	6.671426773071289
8	6.535379409790039
8	6.6559014320373535
8	6.51806640625
8	6.495678901672363
8	6.59583854675293
8	6.322763442993164
8	6.544806003570557
8	6.6069655418396
8	6.509766101837158
8	6.6996941566467285
8	6.548762321472168
8	6.488072872161865
8	6.481861114501953
8	6.702710151672363
8	6.573763847351074
8	6.343525409698486
8	6.6927313804626465
8	6.49220609664917
8	6.508035659790039
8	6.8859171867370605
8	6.495821952819824
8	6.746257305145264
8	6.524463176727295
8	6.622072696685791
8	6.488336563110352
8	6.577107906341553
8	6.648329734802246
8	6.5214056968688965
8	6.488159656524658
8	6.944199085235596
8	6.60344123840332
8	6.636057376861572
8	6.700877666473389
8	6.472276210784912
8	6.455857276916504
8	6.730035781860352
8	6.687924385070801
8	6.478906154632568
8	6.443300724029541
8	6.613624572753906
8	6.432092189788818
8	6.358236312866211
8	6.587583541870117
8	6.6182756423950195
8	6.623751163482666
8	6.484688758850098
8	6.559741973876953
8	6.551348686218262
8	6.5320515632629395
8	6.3103485107421875
8	6.69597053527832
8	6.718888759613037
8	6.64464807510376
8	6.5395426750183105
8	6.415954113006592
8	6.657501697540283
8	6.545212268829346
8	6.370023727416992
8	6.593296051025391
8	6.573888778686523
8	6.613107204437256
8	6.7276082038879395
8	6.511510372161865
8	6.529499053955078
8	6.631106853485107
8	6.6218414306640625
8	6.475268840789795
8	6.614368915557861
8	6.658835411071777
8	6.548583030700684
8	6.620395660400391
8	6.596682071685791
8	6.581660270690918
8	6.6054253578186035
8	6.643396854400635
8	6.614971160888672
8	6.533421993255615
8	6.626542091369629
8	6.511748313903809
8	6.400012969970703
8	6.566501140594482
8	6.661116600036621
8	6.528423309326172
8	6.585742950439453
8	6.571354866027832
8	6.622528076171875
8	6.4874773025512695
8	6.497865676879883
8	6.55117654800415
8	6.495614528656006
8	6.525956630706787
8	6.456995010375977
8	6.562571048736572
8	6.547671794891357
8	6.61125373840332
8	6.592282295227051
8	6.742685794830322
8	6.468134880065918
8	6.560863971710205
8	6.4451751708984375
8	6.483611583709717
8	6.461673736572266
8	6.5600810050964355
8	6.5430908203125
8	6.609779357910156
8	6.566436767578125
8	6.575891971588135
8	6.708781719207764
8	6.467362403869629
8	6.383255481719971
8	6.56480073928833
8	6.722499370574951
8	6.632103443145752
8	6.549228191375732
8	6.73496675491333
8	6.55086088180542
8	6.532693862915039
8	6.573385238647461
8	6.6742329597473145
8	6.727505683898926
8	6.407107353210449
8	6.458308696746826
8	6.601047039031982
8	6.703097820281982
8	6.61342191696167
8	6.8976945877075195
8	6.544041633605957
8	6.511916637420654
8	6.567635536193848
8	6.7019267082214355
8	6.5610880851745605
8	6.511715888977051
8	6.323061466217041
8	6.713993072509766
8	6.642138957977295
8	6.700658321380615
8	6.67080020904541
8	6.640818119049072
8	6.571215629577637
8	6.646435737609863
8	6.5077595710754395
8	6.651151180267334
8	6.6259307861328125
8	6.728621482849121
8	6.494813919067383
8	6.485805034637451
8	6.60766077041626
8	6.600681304931641
8	6.451975345611572
8	6.667962551116943
8	6.59134578704834
8	6.484892845153809
8	6.416403293609619
8	6.711978912353516
8	6.655274868011475
8	6.605013847351074
8	6.547487258911133
8	6.5117340087890625
8	6.595670700073242
8	6.670020580291748
8	6.64290189743042
8	6.597508907318115
8	6.721706867218018
8	6.517009258270264
8	6.484221935272217
8	6.417247295379639
8	6.563625335693359
8	6.453474998474121
8	6.7307024002075195
8	6.5886406898498535
8	6.562087059020996
8	6.673572540283203
8	6.800930023193359
8	6.407138824462891
8	6.653426170349121
8	6.418405532836914
8	6.603518962860107
8	6.523478031158447
8	6.60111665725708
8	6.487757682800293
8	6.586465835571289
8	6.569860458374023
8	6.785611629486084
8	6.561893939971924
8	6.792265892028809
8	6.779343128204346
8	6.608673095703125
8	6.4926886558532715
8	6.4012041091918945
8	6.587490558624268
8	6.632265090942383
8	6.4202070236206055
8	6.434226989746094
8	6.719567775726318
8	6.5958476066589355
8	6.626088619232178
8	6.391106128692627
8	6.603296279907227
8	6.56317663192749
8	6.680128574371338
8	6.343039512634277
8	6.4772820472717285
8	6.705749034881592
8	6.916918754577637
8	6.764863014221191
8	6.661147117614746
8	6.394623279571533
8	6.519639015197754
8	6.636144638061523
8	6.6217942237854
8	6.684240818023682
8	6.6723833084106445
8	6.482265472412109
8	6.454334259033203
8	6.322854995727539
8	6.512603282928467
8	6.551519870758057
8	6.540829658508301
8	6.437180519104004
8	6.2656168937683105
8	6.53542423248291
8	6.72190523147583
8	6.621657371520996
8	6.565721035003662
8	6.628392696380615
8	6.686070442199707
8	6.493154525756836
8	6.877752780914307
8	6.5308685302734375
8	6.590360164642334
8	6.794938087463379
8	6.941567420959473
8	6.507772922515869
8	6.552917957305908
8	6.638973712921143
8	6.57285737991333
8	6.69472599029541
8	6.492090225219727
8	6.5802693367004395
8	6.4509992599487305
8	6.457381248474121
8	6.574522018432617
8	6.445026397705078
8	6.573431968688965
8	6.661332130432129
8	6.637424468994141
8	6.412967205047607
8	6.594412326812744
8	6.538233757019043
8	6.323478698730469
8	6.51461935043335
8	6.766756057739258
8	6.606370449066162
8	6.714488983154297
8	6.416402339935303
8	6.799434185028076
8	6.565952777862549
8	6.459715366363525
8	6.504103183746338
8	6.561338424682617
8	6.624731063842773
8	6.588230133056641
8	6.584993839263916
8	6.436717510223389
8	6.779134750366211
8	6.595441818237305
8	6.522746562957764
8	6.500887870788574
8	6.6172194480896
8	6.402682304382324
8	6.4788641929626465
8	6.700747489929199
8	6.519665241241455
8	6.241467475891113
8	6.51414680480957
8	6.699545860290527
8	6.438196659088135
8	6.646696090698242
8	6.63077974319458
8	6.641716003417969
8	6.654259204864502
8	6.537719249725342
8	6.728089809417725
8	6.647948265075684
8	6.567551612854004
8	6.502559661865234
8	6.450284957885742
8	6.588111400604248
8	6.365671634674072
8	6.384183406829834
8	6.490486145019531
8	6.592009544372559
8	6.557246685028076
8	6.71461296081543
8	6.545252799987793
8	6.537654876708984
8	6.466578483581543
8	6.6979827880859375
8	6.514642715454102
8	6.48040246963501
8	6.493381500244141
8	6.562593936920166
8	6.540939807891846
8	6.599696636199951
8	6.698528289794922
8	6.383813381195068
8	6.57344913482666
8	6.59505033493042
8	6.640856742858887
8	6.635908126831055
8	6.6178998947143555
8	6.6622514724731445
8	6.627939224243164
8	6.7588419914245605
8	6.5121636390686035
8	6.661253929138184
8	6.5361528396606445
8	6.625662326812744
8	6.589537143707275
8	6.51158332824707
8	6.729395389556885
8	6.556675910949707
8	6.561988353729248
8	6.609617233276367
8	6.623194217681885
8	6.734968185424805
9	6.20603084564209
9	6.7096991539001465
9	6.5536394119262695
9	6.549173831939697
9	6.750990390777588
9	6.542087078094482
9	6.629128456115723
9	6.532277584075928
9	6.418037414550781
9	6.401623249053955
9	6.506320953369141
9	6.361079216003418
9	6.3228373527526855
9	6.457066059112549
9	6.6659321784973145
9	6.5403971672058105
9	6.4551873207092285
9	6.542316436767578
9	6.48346471786499
9	6.5400071144104
9	6.681715488433838
9	6.41942834854126
9	6.519674777984619
9	6.643056392669678
9	6.4668121337890625
9	6.4923248291015625
9	6.593012809753418
9	6.836979389190674
9	6.5528483390808105
9	6.531186103820801
9	6.450301647186279
9	6.616340637207031
9	6.6061320304870605
9	6.595692157745361
9	6.597369194030762
9	6.777153968811035
9	6.550365447998047
9	6.755259990692139
9	6.600703239440918
9	6.694885730743408
9	6.436114311218262
9	6.705832004547119
9	6.70181941986084
9	6.718324661254883
9	6.497531890869141
9	6.512080192565918
9	6.572676658630371
9	6.639307022094727
9	6.325480937957764
9	6.500892639160156
9	6.583794593811035
9	6.588785648345947
9	6.651681423187256
9	6.69605827331543
9	6.805277347564697
9	6.384812831878662
9	6.599635124206543
9	6.4561991691589355
9	6.284158706665039
9	6.4583892822265625
9	6.575827598571777
9	6.638752460479736
9	6.522855758666992
9	6.455174446105957
9	6.446907997131348
9	6.64251184463501
9	6.597988128662109
9	6.585991859436035
9	6.63339376449585
9	6.698423862457275
9	6.651654243469238
9	6.5852460861206055
9	6.5074872970581055
9	6.457322120666504
9	6.577637672424316
9	6.634033203125
9	6.907934188842773
9	6.713393211364746
9	6.669047832489014
9	6.435009479522705
9	6.535360336303711
9	6.831631183624268
9	6.553155422210693
9	6.578555583953857
9	6.380718231201172
9	6.5011444091796875
9	6.4697794914245605
9	6.551591873168945
9	6.76544189453125
9	6.739410400390625
9	6.604081630706787
9	6.661415100097656
9	6.561614036560059
9	6.710418701171875
9	6.383211135864258
9	6.5463995933532715
9	6.599613189697266
9	6.770169258117676
9	6.402297496795654
9	6.594871520996094
9	6.688629627227783
9	6.677544593811035
9	6.651712894439697
9	6.692154407501221
9	6.540905952453613
9	6.643320083618164
9	6.514852046966553
9	6.6902666091918945
9	6.400310039520264
9	6.631087303161621
9	6.5063605308532715
9	6.40333890914917
9	6.50370979309082
9	6.4666571617126465
9	6.684008598327637
9	6.741400718688965
9	6.454951763153076
9	6.556678295135498
9	6.555141448974609
9	6.452230453491211
9	6.662789821624756
9	6.593523979187012
9	6.599320888519287
9	6.569094657897949
9	6.534586429595947
9	6.635026931762695
9	6.744469165802002
9	6.6261515617370605
9	6.443075656890869
9	6.583699703216553
9	6.647143840789795
9	6.6300177574157715
9	6.464255332946777
9	6.531517505645752
9	6.640616416931152
9	6.494905948638916
9	6.523418426513672
9	6.806549549102783
9	6.604113578796387
9	6.507684230804443
9	6.400506019592285
9	6.611632347106934
9	6.495412349700928
9	6.434014320373535
9	6.7450947761535645
9	6.412624359130859
9	6.48841667175293
9	6.583888530731201
9	6.637933731079102
9	6.5705413818359375
9	6.615495681762695
9	6.5264573097229
9	6.5998077392578125
9	6.711414813995361
9	6.568024635314941
9	6.736213684082031
9	6.562032222747803
9	6.616271495819092
9	6.52590799331665
9	6.473989009857178
9	6.6575188636779785
9	6.500829696655273
9	6.678498268127441
9	6.439219951629639
9	6.28594446182251
9	6.385559558868408
9	6.699446678161621
9	6.5872673988342285
9	6.710054874420166
9	6.820908069610596
9	6.5756001472473145
9	6.390024185180664
9	6.400331020355225
9	6.445159435272217
9	6.435397148132324
9	6.366791725158691
9	6.410370826721191
9	6.510892868041992
9	6.528257846832275
9	6.462718963623047
9	6.435285568237305
9	6.756431579589844
9	6.4020609855651855
9	6.690121173858643
9	6.572789192199707
9	6.58042573928833
9	6.527238368988037
9	6.562737464904785
9	6.593735218048096
9	6.564425468444824
9	6.445846080780029
9	6.4647536277771
9	6.522738933563232
9	6.498366355895996
9	6.570397853851318
9	6.571438312530518
9	6.638790130615234
9	6.664909362792969
9	6.434019088745117
9	6.418002605438232
9	6.647951602935791
9	6.29124116897583
9	6.365882873535156
9	6.857586860656738
9	6.346961498260498
9	6.857933521270752
9	6.58860969543457
9	6.562294006347656
9	6.518181800842285
9	6.636692523956299
9	6.4936723709106445
9	6.427488327026367
9	6.5234198570251465
9	6.549915313720703
9	6.6902031898498535
9	6.5313191413879395
9	6.494993209838867
9	6.519618511199951
9	6.2814621925354
9	6.6373209953308105
9	6.445616245269775
9	6.693966865539551
9	6.372860908508301
9	6.549662113189697
9	6.791036605834961
9	6.552099704742432
9	6.539085865020752
9	6.660252571105957
9	6.569281578063965
9	6.531595230102539
9	6.674998760223389
9	6.642698287963867
9	6.652594566345215
9	6.658653736114502
9	6.335856914520264
9	6.650878429412842
9	6.645240783691406
9	6.647148609161377
9	6.431125164031982
9	6.630462169647217
9	6.553454875946045
9	6.595656394958496
9	6.768285274505615
9	6.4883713722229
9	6.6113457679748535
9	6.3514604568481445
9	6.713868141174316
9	6.615418910980225
9	6.727148056030273
9	6.683781147003174
9	6.4387383460998535
9	6.5696120262146
9	6.5676469802856445
9	6.6469035148620605
9	6.4172282218933105
9	6.65932559967041
9	6.772712230682373
9	6.575039863586426
9	6.4631476402282715
9	6.6268486976623535
9	6.591622829437256
9	6.406108379364014
9	6.5378098487854
9	6.480587482452393
9	6.616180419921875
9	6.533650875091553
9	6.625042915344238
9	6.753823280334473
9	6.5571370124816895
9	6.863893508911133
9	6.4984917640686035
9	6.3675312995910645
9	6.4645304679870605
9	6.430560111999512
9	6.548331260681152
9	6.691381931304932
9	6.614337921142578
9	6.574806213378906
9	6.696495532989502
9	6.6268815994262695
9	6.523840427398682
9	6.510297775268555
9	6.558016300201416
9	6.781484127044678
9	6.576790809631348
9	6.590153694152832
9	6.6059794425964355
9	6.668894290924072
9	6.586097717285156
9	6.651897430419922
9	6.44485330581665
9	6.45792818069458
9	6.596617221832275
9	6.523204803466797
9	6.494024276733398
9	6.578554630279541
9	6.66694450378418
9	6.515562057495117
9	6.406555652618408
9	6.657171726226807
9	6.449120044708252
9	6.304098606109619
9	6.58391809463501
9	6.494253635406494
9	6.689673900604248
9	6.436885356903076
9	6.495787143707275
9	6.694187641143799
9	6.672232151031494
9	6.5737433433532715
9	6.759184837341309
9	6.551177501678467
9	6.501889228820801
9	6.236261367797852
9	6.566600322723389
9	6.548637390136719
9	6.530414581298828
9	6.708238124847412
9	6.394911766052246
9	6.626230239868164
9	6.576312065124512
9	6.522172451019287
9	6.6017746925354
9	6.368635177612305
9	6.6404266357421875
9	6.611619472503662
9	6.726557731628418
9	6.757567405700684
9	6.738525390625
9	6.60474157333374
9	6.626058101654053
9	6.4366936683654785
9	6.592475414276123
9	6.5764665603637695
9	6.673376560211182
9	6.619035720825195
9	6.694231986999512
9	6.540552139282227
9	6.574573993682861
9	6.611321449279785
9	6.673017978668213
9	6.604443073272705
9	6.468034267425537
9	6.513504981994629
9	6.559072494506836
9	6.51161527633667
9	6.456537246704102
9	6.517972946166992
9	6.167536735534668
9	6.5390214920043945
9	6.555627346038818
9	6.697140216827393
9	6.625948905944824
9	6.808422565460205
9	6.524051666259766
9	6.525150775909424
9	6.4507365226745605
9	6.3389058113098145
9	6.6381611824035645
9	6.523448944091797
9	6.51298189163208
9	6.543542861938477
9	6.529332637786865
9	6.6160173416137695
9	6.627991676330566
9	6.681783199310303
9	6.510419845581055
9	6.5763444900512695
9	6.416571140289307
9	6.517549991607666
9	6.720160484313965
9	6.540399551391602
9	6.389736652374268
9	6.5731353759765625
9	6.617424011230469
9	6.724599361419678
9	6.699491024017334
9	6.645147800445557
9	6.526577472686768
9	6.644703388214111
9	6.306280612945557
9	6.68770170211792
9	6.505163669586182
9	6.475543022155762
9	6.867734909057617
9	6.716703414916992
9	6.692549228668213
10	6.808342933654785
10	6.464442729949951
10	6.584012031555176
10	6.380964279174805
10	6.492640972137451
10	6.556914329528809
10	6.557902812957764
10	6.668684005737305
10	6.621419429779053
10	6.492985248565674
10	6.550697326660156
10	6.715816974639893
10	6.725298881530762
10	6.710330486297607
10	6.388381481170654
10	6.40795373916626
10	6.666215896606445
10	6.422362804412842
10	6.550186634063721
10	6.777385234832764
10	6.417033672332764
10	6.52716588973999
10	6.619633674621582
10	6.500898361206055
10	6.721996784210205
10	6.468746185302734
10	6.511144161224365
10	6.657792568206787
10	6.394773960113525
10	6.596737384796143
10	6.419590950012207
10	6.588090896606445
10	6.544548988342285
10	6.281928062438965
10	6.622823238372803
10	6.394933223724365
10	6.5628204345703125
10	6.496167182922363
10	6.536339282989502
10	6.709558963775635
10	6.523652076721191
10	6.646095275878906
10	6.578359603881836
10	6.520698547363281
10	6.853463172912598
10	6.541255950927734
10	6.314608097076416
10	6.707442283630371
10	6.479022979736328
10	6.322057247161865
10	6.4322285652160645
10	6.621325969696045
10	6.4164862632751465
10	6.530186176300049
10	6.530649185180664
10	6.594429016113281
10	6.542426586151123
10	6.722317218780518
10	6.487578392028809
10	6.620126247406006
10	6.491387367248535
10	6.565430641174316
10	6.382187843322754
10	6.602508068084717
10	6.6459736824035645
10	6.565548896789551
10	6.684848785400391
10	6.7712297439575195
10	6.489684581756592
10	6.700471878051758
10	6.683304786682129
10	6.5383429527282715
10	6.553311824798584
10	6.708254337310791
10	6.5473198890686035
10	6.523066520690918
10	6.319169044494629
10	6.626919746398926
10	6.555840969085693
10	6.65878438949585
10	6.6219329833984375
10	6.547423839569092
10	6.66301965713501
10	6.40002965927124
10	6.672698497772217
10	6.7382965087890625
10	6.366135120391846
10	6.638402462005615
10	6.675366401672363
10	6.554916858673096
10	6.566428184509277
10	6.504027366638184
10	6.477424621582031
10	6.510622501373291
10	6.353491306304932
10	6.682644367218018
10	6.47230339050293
10	6.560871124267578
10	6.7564263343811035
10	6.586618423461914
10	6.584862232208252
10	6.687540531158447
10	6.485231399536133
10	6.582657337188721
10	6.383632183074951
10	6.421483039855957
10	6.684219837188721
10	6.538389682769775
10	6.473142147064209
10	6.670557975769043
10	6.5470452308654785
10	6.591248512268066
10	6.444685935974121
10	6.487640857696533
10	6.521806716918945
10	6.628443241119385
10	6.581346035003662
10	6.562180042266846
10	6.476559638977051
10	6.428664684295654
10	6.575830459594727
10	6.746710777282715
10	6.543595790863037
10	6.507081985473633
10	6.593050956726074
10	6.440806865692139
10	6.59954309463501
10	6.571959495544434
10	6.690030097961426
10	6.5077900886535645
10	6.657966136932373
10	6.497184753417969
10	6.5669474601745605
10	6.526107311248779
10	6.590458869934082
10	6.6035356521606445
10	6.588828086853027
10	6.485560417175293
10	6.425658702850342
10	6.511577606201172
10	6.5292229652404785
10	6.3263750076293945
10	6.484547138214111
10	6.728256702423096
10	6.657873630523682
10	6.468583106994629
10	6.473964214324951
10	6.63420295715332
10	6.56138801574707
10	6.673887729644775
10	6.3767924308776855
10	6.258347511291504
10	6.629268169403076
10	6.596786022186279
10	6.770479679107666
10	6.456639289855957
10	6.481521129608154
10	6.536288738250732
10	6.52315616607666
10	6.61798095703125
10	6.432412147521973
10	6.583698749542236
10	6.688166618347168
10	6.428098678588867
10	6.549487113952637
10	6.723461151123047
10	6.551299571990967
10	6.428142547607422
10	6.899717807769775
10	6.418299198150635
10	6.417393207550049
10	6.54684591293335
10	6.64237642288208
10	6.517334938049316
10	6.699559211730957
10	6.560110092163086
10	6.679785251617432
10	6.56878137588501
10	6.457428932189941
10	6.431458950042725
10	6.638647079467773
10	6.425940036773682
10	6.797305107116699
10	6.524613857269287
10	6.512292861938477
10	6.523217678070068
10	6.643619060516357
10	6.537566184997559
10	6.576742172241211
10	6.817132949829102
10	6.702376365661621
10	6.562527656555176
10	6.371835231781006
10	6.563963413238525
10	6.584549427032471
10	6.539346218109131
10	6.447793006896973
10	6.264134883880615
10	6.555468559265137
10	6.705094337463379
10	6.713023662567139
10	6.566348075866699
10	6.670459270477295
10	6.519398212432861
10	6.446022987365723
10	6.712235450744629
10	6.756347179412842
10	6.793379783630371
10	6.640110015869141
10	6.6480512619018555
10	6.366513252258301
10	6.712041854858398
10	6.621185302734375
10	6.69488000869751
10	6.713977813720703
10	6.578646183013916
10	6.504618167877197
10	6.618738651275635
10	6.325769901275635
10	6.532577037811279
10	6.642785549163818
10	6.655405521392822
10	6.460066318511963
10	6.670127868652344
10	6.6450347900390625
10	6.483600616455078
10	6.4113264083862305
10	6.392874240875244
10	6.813650608062744
10	6.485809326171875
10	6.568321704864502
10	6.569449424743652
10	6.7156243324279785
10	6.471744537353516
10	6.616977691650391
10	6.537466526031494
10	6.463317394256592
10	6.518691539764404
10	6.578113555908203
10	6.611711502075195
10	6.682836532592773
10	6.608696460723877
10	6.478183746337891
10	6.668368339538574
10	6.613512992858887
10	6.599474906921387
10	6.737085342407227
10	6.557020664215088
10	6.782275676727295
10	6.614724636077881
10	6.6831374168396
10	6.531006813049316
10	6.345208644866943
10	6.433403015136719
10	6.6906819343566895
10	6.567319393157959
10	6.580482482910156
10	6.665554046630859
10	6.553991794586182
10	6.597845554351807
10	6.578294277191162
10	6.591610908508301
10	6.523576259613037
10	6.463347434997559
10	6.482189655303955
10	6.6518731117248535
10	6.501020431518555
10	6.311913967132568
10	6.590129375457764
10	6.338255405426025
10	6.607178688049316
10	6.568570137023926
10	6.72941780090332
10	6.6566596031188965
10	6.6725754737854
10	6.697420120239258
10	6.777444362640381
10	6.438002586364746
10	6.494110584259033
10	6.7440996170043945
10	6.665822982788086
10	6.613430500030518
10	6.489500999450684
10	6.57315731048584
10	6.428168773651123
10	6.528786659240723
10	6.49364709854126
10	6.4713640213012695
10	6.299417495727539
10	6.5352559089660645
10	6.45860481262207
10	6.741965293884277
10	6.55607271194458
10	6.61512565612793
10	6.54921293258667
10	6.489857196807861
10	6.320949554443359
10	6.526030540466309
10	6.53184175491333
10	6.539309024810791
10	6.725131511688232
10	6.664808750152588
10	6.768182754516602
10	6.454555034637451
10	6.669393062591553
10	6.564247131347656
10	6.406740188598633
10	6.628386497497559
10	6.532956600189209
10	6.662341117858887
10	6.452881336212158
10	6.681138515472412
10	6.53522253036499
10	6.540734767913818
10	6.39151668548584
10	6.597959041595459
10	6.678023338317871
10	6.721168518066406
10	6.499667167663574
10	6.689655303955078
10	6.647116184234619
10	6.771348476409912
10	6.645190238952637
10	6.66444730758667
10	6.763715744018555
10	6.6971564292907715
10	6.393712520599365
10	6.442754745483398
10	6.53933048248291
10	6.481087684631348
10	6.36823844909668
10	6.629439830780029
10	6.583186149597168
10	6.756191730499268
10	6.669912338256836
10	6.412553310394287
10	6.606568813323975
10	6.592769622802734
10	6.737026214599609
10	6.581335067749023
10	6.526891231536865
10	6.67894172668457
10	6.5867486000061035
10	6.558509349822998
10	6.466626167297363
10	6.556084632873535
10	6.686041355133057
10	6.579538822174072
10	6.575952529907227
10	6.598172664642334
10	6.574363708496094
10	6.564560890197754
10	6.502058506011963
10	6.287367820739746
10	6.393214702606201
10	6.5684638023376465
10	6.565736293792725
10	6.604550838470459
10	6.481027603149414
10	6.571770668029785
10	6.6572184562683105
10	6.584947109222412
10	6.394355773925781
10	6.381624698638916
10	6.423384666442871
10	6.400012016296387
10	6.7781291007995605
10	6.486127853393555
10	6.536264419555664
10	6.535393238067627
10	6.523292541503906
10	6.854375839233398
10	6.788559913635254
10	6.3918352127075195
10	6.531572341918945
10	6.345348834991455
10	6.379777908325195
10	6.460250377655029
10	6.487671852111816
10	6.397268772125244
10	6.373759746551514
10	6.516451835632324
10	6.54238224029541
10	6.377585411071777
10	6.625524997711182
10	6.396891117095947
10	6.741155624389648
11	6.465164661407471
11	6.614521503448486
11	6.692521572113037
11	6.5794758796691895
11	6.551421642303467
11	6.592342853546143
11	6.530520439147949
11	6.687971591949463
11	6.516402244567871
11	6.502627849578857
11	6.544546127319336
11	6.650607585906982
11	6.476464748382568
11	6.5313639640808105
11	6.583803176879883
11	6.783703804016113
11	6.476879596710205
11	6.623002052307129
11	6.5110697746276855
11	6.799131393432617
11	6.589366436004639
11	6.572018623352051
11	6.50457239151001
11	6.5762410163879395
11	6.660888195037842
11	6.520750045776367
11	6.479679107666016
11	6.423149108886719
11	6.532179355621338
11	6.800673007965088
11	6.718730926513672
11	6.5928850173950195
11	6.450636863708496
11	6.533891201019287
11	6.518577575683594
11	6.457685947418213
11	6.703625202178955
11	6.490927219390869
11	6.505490303039551
11	6.566623210906982
11	6.369344711303711
11	6.549766540527344
11	6.397463798522949
11	6.389745235443115
11	6.596254348754883
11	6.5831780433654785
11	6.626342296600342
11	6.565920829772949
11	6.473708152770996
11	6.362649917602539
11	6.525663375854492
11	6.71522855758667
11	6.671529769897461
11	6.514731407165527
11	6.649497985839844
11	6.583158493041992
11	6.437379360198975
11	6.9587907791137695
11	6.616207122802734
11	6.609583377838135
11	6.7842278480529785
11	6.448910236358643
11	6.5699357986450195
11	6.59703254699707
11	6.536637306213379
11	6.643680572509766
11	6.409339904785156
11	6.497681140899658
11	6.758120059967041
11	6.699398040771484
11	6.540389060974121
11	6.642630577087402
11	6.520646572113037
11	6.559983730316162
11	6.514065265655518
11	6.550746440887451
11	6.482072830200195
11	6.670272350311279
11	6.652438640594482
11	6.445438861846924
11	6.6929545402526855
11	6.30811882019043
11	6.670875549316406
11	6.649262428283691
11	6.485914707183838
11	6.522416114807129
11	6.443094253540039
11	6.344894886016846
11	6.498910427093506
11	6.747705459594727
11	6.7173848152160645
11	6.521529197692871
11	6.4669084548950195
11	6.6158342361450195
11	6.514146327972412
11	6.577209949493408
11	6.551955223083496
11	6.625601768493652
11	6.4544572830200195
11	6.585331916809082
11	6.697160243988037
11	6.371354103088379
11	6.520571231842041
11	6.467727184295654
11	6.4385199546813965
11	6.560916900634766
11	6.549458026885986
11	6.678404808044434
11	6.47401237487793
11	6.647237300872803
11	6.45065975189209
11	6.377553462982178
11	6.546579837799072
11	6.426242351531982
11	6.54491662979126
11	6.667097091674805
11	6.695712089538574
11	6.678328514099121
11	6.222225189208984
11	6.643652439117432
11	6.585903167724609
11	6.544947147369385
11	6.341048717498779
11	6.462461948394775
11	6.66998291015625
11	6.685419082641602
11	6.732273578643799
11	6.557431697845459
11	6.373032569885254
11	6.319319248199463
11	6.73618221282959
11	6.556863784790039
11	6.438434600830078
11	6.667107582092285
11	6.432955741882324
11	6.3928022384643555
11	6.548614025115967
11	6.644874572753906
11	6.511646747589111
11	6.653667449951172
11	6.573462009429932
11	6.569435119628906
11	6.454691410064697
11	6.632619857788086
11	6.347709655761719
11	6.548011779785156
11	6.579123020172119
11	6.494690895080566
11	6.714317321777344
11	6.44579553604126
11	6.849393844604492
11	6.595884799957275
11	6.448520660400391
11	6.4238128662109375
11	6.7559285163879395
11	6.563633441925049
11	6.617162704467773
11	6.881217956542969
11	6.665606498718262
11	6.5846967697143555
11	6.533118724822998
11	6.529406547546387
11	6.638214111328125
11	6.51408052444458
11	6.413504123687744
11	6.345609664916992
11	6.487447738647461
11	6.6961798667907715
11	6.667471885681152
11	6.784120559692383
11	6.529451847076416
11	6.543626308441162
11	6.4807939529418945
11	6.398474216461182
11	6.459460735321045
11	6.517788410186768
11	6.622225284576416
11	6.514333724975586
11	6.3754377365112305
11	6.470153331756592
11	6.687625885009766
11	6.678145885467529
11	6.62455940246582
11	6.569178104400635
11	6.618499755859375
11	6.53956413269043
11	6.35995626449585
11	6.5478997230529785
11	6.37055778503418
11	6.722050666809082
11	6.597754955291748
11	6.570041179656982
11	6.590800762176514
11	6.438289165496826
11	6.858157157897949
11	6.617210865020752
11	6.298765182495117
11	6.464264869689941
11	6.658655166625977
11	6.597203254699707
11	6.896030902862549
11	6.546558380126953
11	6.520820140838623
11	6.574547290802002
11	6.681680202484131
11	6.6522345542907715
11	6.377537727355957
11	6.493699073791504
11	6.543905258178711
11	6.501128673553467
11	6.746121406555176
11	6.442310333251953
11	6.706106662750244
11	6.521807670593262
11	6.497828006744385
11	6.577869415283203
11	6.586899280548096
11	6.684998989105225
11	6.5274248123168945
11	6.682612895965576
11	6.702486515045166
11	6.725788593292236
11	6.494527339935303
11	6.605463027954102
11	6.740462779998779
11	6.584095478057861
11	6.553345680236816
11	6.629270076751709
11	6.488604545593262
11	6.450484275817871
11	6.51635217666626
11	6.5173659324646
11	6.474860191345215
11	6.618626117706299
11	6.6336750984191895
11	6.523770332336426
11	6.614212989807129
11	6.286233425140381
11	6.622440814971924
11	6.548002243041992
11	6.62421178817749
11	6.746359825134277
11	6.392662525177002
11	6.582669258117676
11	6.691368579864502
11	6.630673885345459
11	6.548440456390381
11	6.570603847503662
11	6.5339155197143555
11	6.649073123931885
11	6.439966678619385
11	6.374639987945557
11	6.531782627105713
11	6.522582530975342
11	6.505124092102051
11	6.208011150360107
11	6.678073883056641
11	6.528127193450928
11	6.516507625579834
11	6.60476016998291
11	6.365424633026123
11	6.409972190856934
11	6.587551116943359
11	6.458756923675537
11	6.597957134246826
11	6.507541656494141
11	6.41269063949585
11	6.6436662673950195
11	6.725546836853027
11	6.595670700073242
11	6.797128200531006
11	6.412914276123047
11	6.626890182495117
11	6.509032726287842
11	6.62130880355835
11	6.273187637329102
11	6.493542671203613
11	6.176009178161621
11	6.601107597351074
11	6.417097568511963
11	6.582880973815918
11	6.434866428375244
11	6.4179277420043945
11	6.559909820556641
11	6.761272430419922
11	6.564803600311279
11	6.558372974395752
11	6.590919494628906
11	6.627869606018066
11	6.613572597503662
11	6.656569480895996
11	6.686098098754883
11	6.5357232093811035
11	6.629095077514648
11	6.572049140930176
11	6.643801689147949
11	6.61484432220459
11	6.6315693855285645
11	6.4488325119018555
11	6.647950172424316
11	6.465963363647461
11	6.405048847198486
11	6.5763258934021
11	6.642027378082275
11	6.284420490264893
11	6.43387508392334
11	6.634885311126709
11	6.498862266540527
11	6.5620341300964355
11	6.362278461456299
11	6.607217788696289
11	6.457153797149658
11	6.61106538772583
11	6.554964065551758
11	6.516240119934082
11	6.289606094360352
11	6.52302885055542
11	6.581669330596924
11	6.847788333892822
11	6.508963584899902
11	6.674248218536377
11	6.493120193481445
11	6.631634712219238
11	6.557897567749023
11	6.4785685539245605
11	6.660641193389893
11	6.629260063171387
11	6.615991592407227
11	6.477850437164307
11	6.425327301025391
11	6.294086456298828
11	6.495049953460693
11	6.6635637283325195
11	6.691986560821533
11	6.508773326873779
11	6.643773078918457
11	6.775576591491699
11	6.430041313171387
11	6.327172756195068
11	6.590221881866455
11	6.574224948883057
11	6.475853443145752
11	6.5612382888793945
11	6.703517436981201
11	6.541884422302246
11	6.315051555633545
11	6.44548225402832
11	6.544723033905029
11	6.567099571228027
11	6.5360870361328125
11	6.459646701812744
11	6.4890241622924805
11	6.620085716247559
11	6.613087177276611
11	6.690983772277832
11	6.845756530761719
11	6.545022964477539
11	6.460080623626709
11	6.520384311676025
11	6.477103233337402
11	6.580548286437988
11	6.411703109741211
11	6.552097320556641
11	6.340963363647461
11	6.314576625823975
11	6.451624393463135
11	6.368014812469482
11	6.599789619445801
11	6.801829814910889
11	6.597567081451416
11	6.593418121337891
11	6.633284568786621
11	6.5939040184021
11	6.417771816253662
11	6.44399881362915
11	6.5511698722839355
11	6.5681986808776855
11	6.607981204986572
11	6.416506767272949
11	6.503774642944336
11	6.3251051902771
11	6.642561912536621
11	6.590132713317871
11	6.543038845062256
11	6.832429885864258
11	6.554034233093262
11	6.502528667449951
12	6.6048126220703125
12	6.439456939697266
12	6.4556474685668945
12	6.425915718078613
12	6.489529609680176
12	6.7847208976745605
12	6.7720627784729
12	6.547779560089111
12	6.495635986328125
12	6.500002384185791
12	6.574501991271973
12	6.589300155639648
12	6.495913982391357
12	6.531595230102539
12	6.73330545425415
12	6.75454044342041
12	6.490393161773682
12	6.409471035003662
12	6.37367057800293
12	6.529280662536621
12	6.468372821807861
12	6.578925609588623
12	6.496260643005371
12	6.711262226104736
12	6.531972885131836
12	6.349210262298584
12	6.378541946411133
12	6.48040771484375
12	6.723691940307617
12	6.5255818367004395
12	6.423393249511719
12	6.605367183685303
12	6.538179874420166
12	6.4847517013549805
12	6.676966190338135
12	6.208349227905273
12	6.671879768371582
12	6.499792098999023
12	6.533238887786865
12	6.485570907592773
12	6.553872108459473
12	6.44006872177124
12	6.5500712394714355
12	6.832671642303467
12	6.325777530670166
12	6.472014427185059
12	6.448729991912842
12	6.587690353393555
12	6.582116603851318
12	6.773559093475342
12	6.549551010131836
12	6.541491508483887
12	6.5922040939331055
12	6.431244850158691
12	6.561534881591797
12	6.510178089141846
12	6.6382856369018555
12	6.584712982177734
12	6.5971360206604
12	6.438385486602783
12	6.629333972930908
12	6.665851593017578
12	6.429594039916992
12	6.436823844909668
12	6.421200275421143
12	6.771910190582275
12	6.614984512329102
12	6.574397563934326
12	6.4641900062561035
12	6.458373546600342
12	6.496821403503418
12	6.588490962982178
12	6.626984119415283
12	6.418018341064453
12	6.676670074462891
12	6.3559794425964355
12	6.509796619415283
12	6.699370861053467
12	6.432469367980957
12	6.422323703765869
12	6.6420722007751465
12	6.526820659637451
12	6.477218151092529
12	6.419126987457275
12	6.664257049560547
12	6.553574085235596
12	6.414741039276123
12	6.504238605499268
12	6.37293004989624
12	6.222965717315674
12	6.561054229736328
12	6.750609397888184
12	6.41562557220459
12	6.655340671539307
12	6.4102783203125
12	6.775771617889404
12	6.715465068817139
12	6.255062103271484
12	6.55082893371582
12	6.802865982055664
12	6.316897392272949
12	6.647204399108887
12	6.48670768737793
12	6.5132598876953125
12	6.671101093292236
12	6.348756313323975
12	6.610731601715088
12	6.66517972946167
12	6.427356719970703
12	6.5263261795043945
12	6.7081217765808105
12	6.683917045593262
12	6.625548839569092
12	6.656985759735107
12	6.633663654327393
12	6.522157669067383
12	6.3470611572265625
12	6.436069488525391
12	6.502895832061768
12	6.807168006896973
12	6.5050740242004395
12	6.825110912322998
12	6.629378795623779
12	6.47614049911499
12	6.443538665771484
12	6.6114091873168945
12	6.440123081207275
12	6.474304676055908
12	6.551930904388428
12	6.863916397094727
12	6.739768028259277
12	6.758975982666016
12	6.628624439239502
12	6.556818008422852
12	6.6239848136901855
12	6.629424571990967
12	6.521307945251465
12	6.59187650680542
12	6.523472785949707
12	6.741993427276611
12	6.6297078132629395
12	6.712405681610107
12	6.494450092315674
12	6.579737663269043
12	6.486720561981201
12	6.5749921798706055
12	6.440805435180664
12	6.575290679931641
12	6.530280590057373
12	6.587814807891846
12	6.514083385467529
12	6.426264762878418
12	6.535807132720947
12	6.684262275695801
12	6.600001335144043
12	6.550516605377197
12	6.813150882720947
12	6.6727824211120605
12	6.625072002410889
12	6.6244587898254395
12	6.539302349090576
12	6.610321521759033
12	6.551509857177734
12	6.250301837921143
12	6.292181015014648
12	6.547708511352539
12	6.5358662605285645
12	6.495412349700928
12	6.593779563903809
12	6.4415364265441895
12	6.709473609924316
12	6.394598960876465
12	6.7431817054748535
12	6.592441558837891
12	6.461574554443359
12	6.728956699371338
12	6.61163854598999
12	6.489781856536865
12	6.534676551818848
12	6.4877190589904785
12	6.495061874389648
12	6.458070278167725
12	6.51063346862793
12	6.610882759094238
12	6.540593147277832
12	6.711450099945068
12	6.56810188293457
12	6.630349159240723
12	6.500916004180908
12	6.617745876312256
12	6.79807710647583
12	6.539653301239014
12	6.594066619873047
12	6.342422008514404
12	6.497964859008789
12	6.632761001586914
12	6.440165996551514
12	6.554358005523682
12	6.497023582458496
12	6.743060111999512
12	6.404293537139893
12	6.481265544891357
12	6.447137832641602
12	6.676359176635742
12	6.555903911590576
12	6.477424621582031
12	6.716590404510498
12	6.683949947357178
12	6.27796745300293
12	6.626745700836182
12	6.606261730194092
12	6.547088623046875
12	6.497490406036377
12	6.580939292907715
12	6.708218574523926
12	6.493191242218018
12	6.511301040649414
12	6.5272064208984375
12	6.4842424392700195
12	6.5115509033203125
12	6.295698165893555
12	6.629471302032471
12	6.6752142906188965
12	6.563685417175293
12	6.638830661773682
12	6.780794143676758
12	6.679414749145508
12	6.494337558746338
12	6.651870250701904
12	6.452298641204834
12	6.5271406173706055
12	6.469274997711182
12	6.482628345489502
12	6.334060192108154
12	6.691887855529785
12	6.672274112701416
12	6.678452491760254
12	6.428075313568115
12	6.58162260055542
12	6.541985988616943
12	6.528024196624756
12	6.54472541809082
12	6.416923522949219
12	6.33390998840332
12	6.709871292114258
12	6.691018581390381
12	6.584044456481934
12	6.468333721160889
12	6.401319980621338
12	6.479779243469238
12	6.199863910675049
12	6.4486002922058105
12	6.490763187408447
12	6.563587188720703
12	6.469610691070557
12	6.463545799255371
12	6.60682487487793
12	6.572988986968994
12	6.46426248550415
12	6.540409088134766
12	6.584844589233398
12	6.579154014587402
12	6.576172351837158
12	6.4853715896606445
12	6.604675769805908
12	6.470043659210205
12	6.653994560241699
12	6.387813568115234
12	6.583194732666016
12	6.569255828857422
12	6.483259677886963
12	6.615938186645508
12	6.569666385650635
12	6.6406168937683105
12	6.546633720397949
12	6.539897441864014
12	6.3084282875061035
12	6.53205680847168
12	6.610538959503174
12	6.375304698944092
12	6.5474419593811035
12	6.623528957366943
12	6.565000057220459
12	6.697670936584473
12	6.679406642913818
12	6.429025173187256
12	6.4491424560546875
12	6.441847324371338
12	6.607589244842529
12	6.680778503417969
12	6.544649124145508
12	6.502246856689453
12	6.5588226318359375
12	6.420403480529785
12	6.347376823425293
12	6.722451210021973
12	6.661452770233154
12	6.564332485198975
12	6.515046119689941
12	6.646127223968506
12	6.540709018707275
12	6.637566566467285
12	6.603216171264648
12	6.5238356590271
12	6.676016807556152
12	6.733509063720703
12	6.788552761077881
12	6.526576995849609
12	6.514953136444092
12	6.660162925720215
12	6.509703636169434
12	6.363862037658691
12	6.536548614501953
12	6.416676044464111
12	6.668858051300049
12	6.42652702331543
12	6.492342472076416
12	6.454170227050781
12	6.428623676300049
12	6.64367151260376
12	6.418830871582031
12	6.487518787384033
12	6.426407337188721
12	6.595438003540039
12	6.376338958740234
12	6.619870662689209
12	6.6323723793029785
12	6.524658203125
12	6.507926940917969
12	6.515102863311768
12	6.679056644439697
12	6.454004764556885
12	6.649679660797119
12	6.563930988311768
12	6.698469638824463
12	6.516022682189941
12	6.4348225593566895
12	6.434744834899902
12	6.51707649230957
12	6.677587985992432
12	6.559244632720947
12	6.51842737197876
12	6.502223491668701
12	6.491194725036621
12	6.585568904876709
12	6.465847969055176
12	6.512440204620361
12	6.709285259246826
12	6.40487813949585
12	6.554893970489502
12	6.624460220336914
12	6.558498382568359
12	6.332742214202881
12	6.706186771392822
12	6.43604040145874
12	6.6140923500061035
12	6.686886310577393
12	6.524139404296875
12	6.559265613555908
12	6.470605373382568
12	6.514185428619385
12	6.525852680206299
12	6.356428623199463
12	6.576950550079346
12	6.6074323654174805
12	6.615248680114746
12	6.396293640136719
12	6.464138507843018
12	6.766568183898926
12	6.631800174713135
12	6.451111793518066
12	6.514151096343994
12	6.864317893981934
12	6.6928887367248535
12	6.443829536437988
12	6.435534477233887
12	6.504822731018066
12	6.568995952606201
12	6.75342321395874
12	6.573838710784912
12	6.729851722717285
12	6.569629192352295
12	6.8502960205078125
12	6.604639053344727
12	6.58542013168335
12	6.451463222503662
12	6.825535774230957
13	6.58055305480957
13	6.679257392883301
13	6.433700084686279
13	6.631336688995361
13	6.524863243103027
13	6.673415660858154
13	6.560198783874512
13	6.613665580749512
13	6.652092456817627
13	6.599625110626221
13	6.447711944580078
13	6.461905002593994
13	6.7675933837890625
13	6.532746315002441
13	6.472452163696289
13	6.6848297119140625
13	6.431746006011963
13	6.588915824890137
13	6.356226921081543
13	6.532697677612305
13	6.566154956817627
13	6.56277322769165
13	6.327690601348877
13	6.733858585357666
13	6.552435874938965
13	6.836356163024902
13	6.5761284828186035
13	6.536195278167725
13	6.511740684509277
13	6.402603626251221
13	6.634733200073242
13	6.436322212219238
13	6.5025739669799805
13	6.679137229919434
13	6.745419025421143
13	6.774623870849609
13	6.704224586486816
13	6.423527240753174
13	6.648122787475586
13	6.6505208015441895
13	6.79104471206665
13	6.544900417327881
13	6.689294815063477
13	6.483402729034424
13	6.590860366821289
13	6.678462028503418
13	6.470719814300537
13	6.684110641479492
13	6.673254489898682
13	6.397665977478027
13	6.531769752502441
13	6.702395439147949
13	6.529933452606201
13	6.574191093444824
13	6.548679351806641
13	6.567187309265137
13	6.635458946228027
13	6.580170154571533
13	6.449405193328857
13	6.491298198699951
13	6.42913293838501
13	6.552056312561035
13	6.509545803070068
13	6.638246059417725
13	6.616103649139404
13	6.5860161781311035
13	6.389744758605957
13	6.415865898132324
13	6.500881195068359
13	6.345630645751953
13	6.479371547698975
13	6.564646244049072
13	6.518409729003906
13	6.540449619293213
13	6.722873210906982
13	6.567743301391602
13	6.595623970031738
13	6.712893962860107
13	6.725705623626709
13	6.447875499725342
13	6.555426597595215
13	6.621166706085205
13	6.741747856140137
13	6.763336181640625
13	6.705427646636963
13	6.364915370941162
13	6.754765510559082
13	6.540128707885742
13	6.652815818786621
13	6.504898548126221
13	6.682438373565674
13	6.818205833435059
13	6.448671340942383
13	6.387451171875
13	6.723500728607178
13	6.579941749572754
13	6.514644145965576
13	6.468903064727783
13	6.499999046325684
13	6.441929817199707
13	6.74345064163208
13	6.508935451507568
13	6.507275104522705
13	6.498376369476318
13	6.5104851722717285
13	6.551152229309082
13	6.559268951416016
13	6.635467529296875
13	6.870850086212158
13	6.589836597442627
13	6.3467116355896
13	6.588053226470947
13	6.476430416107178
13	6.704781532287598
13	6.555604457855225
13	6.500405788421631
13	6.565354824066162
13	6.657790184020996
13	6.365916728973389
13	6.45217227935791
13	6.643301963806152
13	6.624212265014648
13	6.5575127601623535
13	6.465517520904541
13	6.576523303985596
13	6.401808738708496
13	6.520393371582031
13	6.75632381439209
13	6.603360652923584
13	6.599845886230469
13	6.5904316902160645
13	6.427097320556641
13	6.544553279876709
13	6.505791664123535
13	6.41416597366333
13	6.535307884216309
13	6.596412181854248
13	6.412862777709961
13	6.602443218231201
13	6.58663272857666
13	6.518490314483643
13	6.673844337463379
13	6.533812522888184
13	6.601910591125488
13	6.62410831451416
13	6.555334091186523
13	6.39340877532959
13	6.516331672668457
13	6.59187126159668
13	6.551242351531982
13	6.616639137268066
13	6.599895000457764
13	6.576779365539551
13	6.52041482925415
13	6.7446208000183105
13	6.523340702056885
13	6.443007946014404
13	6.728847026824951
13	6.426992893218994
13	6.494139671325684
13	6.450324058532715
13	6.426976203918457
13	6.640787124633789
13	6.683435440063477
13	6.607645511627197
13	6.5577521324157715
13	6.631588459014893
13	6.315361022949219
13	6.3852643966674805
13	6.370324611663818
13	6.591603755950928
13	6.434945583343506
13	6.531836986541748
13	6.611573219299316
13	6.4615302085876465
13	6.748720645904541
13	6.513947486877441
13	6.603668689727783
13	6.773991107940674
13	6.618406295776367
13	6.376009464263916
13	6.509059429168701
13	6.469106674194336
13	6.441236972808838
13	6.421428680419922
13	6.313776969909668
13	6.4702935218811035
13	6.783785343170166
13	6.639860153198242
13	6.53525972366333
13	6.54628324508667
13	6.761226177215576
13	6.2928032875061035
13	6.608644008636475
13	6.61024808883667
13	6.547062397003174
13	6.575711727142334
13	6.620667934417725
13	6.6491379737854
13	6.546813488006592
13	6.475914478302002
13	6.611569404602051
13	6.668068885803223
13	6.446361064910889
13	6.357773780822754
13	6.742129802703857
13	6.589433193206787
13	6.490872383117676
13	6.603005409240723
13	6.519507884979248
13	6.65223503112793
13	6.443058967590332
13	6.635022163391113
13	6.623715877532959
13	6.633815288543701
13	6.633638381958008
13	6.4388909339904785
13	6.595196723937988
13	6.491970062255859
13	6.709988117218018
13	6.652395725250244
13	6.663793563842773
13	6.6782965660095215
13	6.679051876068115
13	6.629151344299316
13	6.728610515594482
13	6.514255046844482
13	6.571771621704102
13	6.449897766113281
13	6.463746070861816
13	6.6107048988342285
13	6.51960563659668
13	6.512113094329834
13	6.665550231933594
13	6.72880220413208
13	6.418099880218506
13	6.269287109375
13	6.57080078125
13	6.63606071472168
13	6.671277046203613
13	6.609519958496094
13	6.337394714355469
13	6.57526159286499
13	6.698838233947754
13	6.487359046936035
13	6.523167610168457
13	6.486441612243652
13	6.478781700134277
13	6.496224880218506
13	6.602220058441162
13	6.542429447174072
13	6.480408191680908
13	6.477109432220459
13	6.510784149169922
13	6.781078338623047
13	6.611010551452637
13	6.458292007446289
13	6.545017719268799
13	6.547667026519775
13	6.550844669342041
13	6.278122425079346
13	6.477755546569824
13	6.571292400360107
13	6.429416179656982
13	6.402505397796631
13	6.646337985992432
13	6.380939960479736
13	6.413415908813477
13	6.567505359649658
13	6.346015453338623
13	6.520913600921631
13	6.640398025512695
13	6.631146430969238
13	6.7622880935668945
13	6.458429336547852
13	6.621695518493652
13	6.355208396911621
13	6.592825889587402
13	6.356363773345947
13	6.418034076690674
13	6.647432327270508
13	6.642234802246094
13	6.435434818267822
13	6.519669532775879
13	6.528666973114014
13	6.570201396942139
13	6.4964470863342285
13	6.730472087860107
13	6.426583290100098
13	6.5725579261779785
13	6.564178943634033
13	6.289492607116699
13	6.546046257019043
13	6.73715877532959
13	6.490015029907227
13	6.4609832763671875
13	6.716450214385986
13	6.670801639556885
13	6.638583660125732
13	6.5904974937438965
13	6.680115222930908
13	6.564705848693848
13	6.628049373626709
13	6.488009452819824
13	6.508041858673096
13	6.596059799194336
13	6.6269211769104
13	6.563033580780029
13	6.603097438812256
13	6.705732822418213
13	6.5568037033081055
13	6.472476482391357
13	6.525242805480957
13	6.32537317276001
13	6.520294666290283
13	6.703265190124512
13	6.580000400543213
13	6.365216255187988
13	6.4554033279418945
13	6.578678607940674
13	6.460202217102051
13	6.483022689819336
13	6.65523624420166
13	6.680261611938477
13	6.388238430023193
13	6.520704746246338
13	6.6108784675598145
13	6.45812463760376
13	6.241094589233398
13	6.544347763061523
13	6.434947967529297
13	6.674575328826904
13	6.4722208976745605
13	6.600493431091309
13	6.365243911743164
13	6.497907638549805
13	6.504095077514648
13	6.534742832183838
13	6.458263874053955
13	6.564501762390137
13	6.6675286293029785
13	6.494179725646973
13	6.431656360626221
13	6.692230701446533
13	6.703542709350586
13	6.418530464172363
13	6.385445594787598
13	6.532870769500732
13	6.688913822174072
13	6.570191383361816
13	6.485177993774414
13	6.65863037109375
13	6.732741832733154
13	6.370453834533691
13	6.646059036254883
13	6.392031192779541
13	6.6082000732421875
13	6.6241135597229
13	6.518287181854248
13	6.648639678955078
13	6.590472221374512
13	6.7058424949646
13	6.673160552978516
13	6.5162882804870605
13	6.579769611358643
13	6.552905559539795
13	6.793898105621338
13	6.32618522644043
13	6.567214012145996
13	6.767157554626465
13	6.638708114624023
13	6.544494152069092
13	6.508212566375732
13	6.553889751434326
13	6.5054144859313965
13	6.570472240447998
13	6.427480697631836
13	6.519855976104736
13	6.509566783905029
13	6.661322593688965
13	6.600629806518555
13	6.680039405822754
13	6.441617012023926
13	6.458367347717285
13	6.4560546875
13	6.598816394805908
13	6.714659690856934
14	6.575883388519287
14	6.585432529449463
14	6.53423547744751
14	6.612232208251953
14	6.430765151977539
14	6.615123271942139
14	6.446193695068359
14	6.516086578369141
14	6.531251430511475
14	6.555521011352539
14	6.46776008605957
14	6.688904285430908
14	6.7335524559021
14	6.530166149139404
14	6.733798503875732
14	6.383828163146973
14	6.527859210968018
14	6.555785179138184
14	6.563499450683594
14	6.408596992492676
14	6.336460113525391
14	6.489377498626709
14	6.476069450378418
14	6.389762878417969
14	6.480600357055664
14	6.456937789916992
14	6.576712608337402
14	6.567752361297607
14	6.357024192810059
14	6.441420078277588
14	6.606198310852051
14	6.499786376953125
14	6.661074161529541
14	6.67640495300293
14	6.668644905090332
14	6.642642974853516
14	6.5276031494140625
14	6.597018241882324
14	6.449979782104492
14	6.678587913513184
14	6.508816242218018
14	6.661802768707275
14	6.3041672706604
14	6.326564788818359
14	6.595095634460449
14	6.583415985107422
14	6.45175313949585
14	6.599490642547607
14	6.776705265045166
14	6.34169864654541
14	6.665084362030029
14	6.51234769821167
14	6.4991536140441895
14	6.580207347869873
14	6.499320983886719
14	6.470036506652832
14	6.613384246826172
14	6.623757362365723
14	6.282078266143799
14	6.708127498626709
14	6.500491619110107
14	6.4832377433776855
14	6.616361141204834
14	6.409617900848389
14	6.451480865478516
14	6.343735218048096
14	6.437706470489502
14	6.399324893951416
14	6.6622395515441895
14	6.570870399475098
14	6.622040271759033
14	6.809809684753418
14	6.59708833694458
14	6.531528472900391
14	6.512180328369141
14	6.609003067016602
14	6.704921245574951
14	6.602261543273926
14	6.593973159790039
14	6.470625400543213
14	6.611337184906006
14	6.6100263595581055
14	6.530508518218994
14	6.42237663269043
14	6.50056791305542
14	6.369047164916992
14	6.644754409790039
14	6.455994129180908
14	6.515280723571777
14	6.418832302093506
14	6.620871067047119
14	6.460484504699707
14	6.561884880065918
14	6.539391040802002
14	6.573903560638428
14	6.428316593170166
14	6.519790172576904
14	6.640529632568359
14	6.718593597412109
14	6.50560998916626
14	6.389042377471924
14	6.597355842590332
14	6.498179912567139
14	6.460432052612305
14	6.530205249786377
14	6.535776615142822
14	6.438595771789551
14	6.572293281555176
14	6.716517925262451
14	6.3892669677734375
14	6.491440296173096
14	6.344931125640869
14	6.517330646514893
14	6.445624351501465
14	6.56471586227417
14	6.527890682220459
14	6.673978328704834
14	6.288270950317383
14	6.69846248626709
14	6.657939434051514
14	6.707587718963623
14	6.476390838623047
14	6.501546859741211
14	6.603872776031494
14	6.668013572692871
14	6.652473449707031
14	6.61422061920166
14	6.686336994171143
14	6.505617141723633
14	6.513659954071045
14	6.520030498504639
14	6.547842502593994
14	6.779034614562988
14	6.6434454917907715
14	6.604719161987305
14	6.476361274719238
14	6.460940837860107
14	6.618875503540039
14	6.818451881408691
14	6.5761542320251465
14	6.828852653503418
14	6.464235305786133
14	6.437506198883057
14	6.495173931121826
14	6.487332344055176
14	6.46954870223999
14	6.710075378417969
14	6.479078769683838
14	6.488320827484131
14	6.53835391998291
14	6.583251476287842
14	6.672168731689453
14	6.5303778648376465
14	6.64560604095459
14	6.512439727783203
14	6.613314151763916
14	6.524783134460449
14	6.625175476074219
14	6.598966598510742
14	6.240271091461182
14	6.5057172775268555
14	6.534050464630127
14	6.654268264770508
14	6.564085483551025
14	6.450375080108643
14	6.4783935546875
14	6.501016139984131
14	6.745612621307373
14	6.719424247741699
14	6.730299472808838
14	6.486743927001953
14	6.598898410797119
14	6.469284534454346
14	6.447155475616455
14	6.622982978820801
14	6.4851861000061035
14	6.500896453857422
14	6.532663822174072
14	6.806710243225098
14	6.4757080078125
14	6.532558441162109
14	6.476119041442871
14	6.4378981590271
14	6.4326677322387695
14	6.5374250411987305
14	6.6176838874816895
14	6.651594161987305
14	6.532320499420166
14	6.455876350402832
14	6.445799827575684
14	6.573313236236572
14	6.5994367599487305
14	6.649211406707764
14	6.4087629318237305
14	6.202093601226807
14	6.572445869445801
14	6.524682521820068
14	6.410245418548584
14	6.454233169555664
14	6.541263103485107
14	6.796441078186035
14	6.488278865814209
14	6.3536810874938965
14	6.460026741027832
14	6.520784854888916
14	6.592521667480469
14	6.7322916984558105
14	6.509616851806641
14	6.4470415115356445
14	6.576149940490723
14	6.758763313293457
14	6.429879665374756
14	6.291378498077393
14	6.452391624450684
14	6.45087194442749
14	6.512956142425537
14	6.6002092361450195
14	6.632182598114014
14	6.356879711151123
14	6.4811625480651855
14	6.620813846588135
14	6.690388202667236
14	6.527094841003418
14	6.555291652679443
14	6.653467655181885
14	6.5676679611206055
14	6.285444259643555
14	6.5059685707092285
14	6.463523864746094
14	6.322910785675049
14	6.5542473793029785
14	6.54301643371582
14	6.498079776763916
14	6.611837863922119
14	6.588855266571045
14	6.519232749938965
14	6.506112098693848
14	6.757570743560791
14	6.743352890014648
14	6.688953876495361
14	6.419700622558594
14	6.447053909301758
14	6.66890287399292
14	6.449946880340576
14	6.361711025238037
14	6.638181686401367
14	6.489779472351074
14	6.800907611846924
14	6.6122660636901855
14	6.593772888183594
14	6.553766250610352
14	6.70961332321167
14	6.642256736755371
14	6.36763334274292
14	6.510565757751465
14	6.425800800323486
14	6.713402271270752
14	6.436065673828125
14	6.453313827514648
14	6.568543910980225
14	6.526647567749023
14	6.531054496765137
14	6.655981540679932
14	6.608892440795898
14	6.622808456420898
14	6.730997085571289
14	6.387902736663818
14	6.248531341552734
14	6.451663017272949
14	6.495501518249512
14	6.458001613616943
14	6.567965984344482
14	6.7360100746154785
14	6.560573577880859
14	6.386736869812012
14	6.527116775512695
14	6.51950216293335
14	6.52482795715332
14	6.7387800216674805
14	6.606738090515137
14	6.631600856781006
14	6.537237644195557
14	6.523162364959717
14	6.470917701721191
14	6.501899719238281
14	6.58256196975708
14	6.465641975402832
14	6.3450117111206055
14	6.452064037322998
14	6.403045654296875
14	6.543976783752441
14	6.628853797912598
14	6.574437141418457
14	6.389847278594971
14	6.5885467529296875
14	6.512671947479248
14	6.321804523468018
14	6.447368621826172
14	6.744790554046631
14	6.558816909790039
14	6.801433563232422
14	6.6586456298828125
14	6.603214740753174
14	6.573888301849365
14	6.489561557769775
14	6.515069484710693
14	6.484706401824951
14	6.5237298011779785
14	6.491361141204834
14	6.393199920654297
14	6.595948696136475
14	6.700008869171143
14	6.632867813110352
14	6.411383152008057
14	6.508301258087158
14	6.437934398651123
14	6.422588348388672
14	6.576866626739502
14	6.267816066741943
14	6.61057186126709
14	6.506989002227783
14	6.35059118270874
14	6.496298313140869
14	6.478064060211182
14	6.375852584838867
14	6.3483710289001465
14	6.8782148361206055
14	6.406972885131836
14	6.581179618835449
14	6.657145977020264
14	6.642302989959717
14	6.436731338500977
14	6.521050453186035
14	6.449432849884033
14	6.654541969299316
14	6.385251522064209
14	6.250889301300049
14	6.619996070861816
14	6.459969997406006
14	6.552921772003174
14	6.772116661071777
14	6.2415361404418945
14	6.639344215393066
14	6.521457672119141
14	6.616446018218994
14	6.49777889251709
14	6.558609962463379
14	6.503734111785889
14	6.313904285430908
14	6.645029067993164
14	6.7564849853515625
14	6.556694030761719
14	6.524888515472412
14	6.406065940856934
14	6.6448869705200195
14	6.481994152069092
14	6.721625328063965
14	6.414741039276123
14	6.442597389221191
14	6.506801128387451
14	6.554040431976318
14	6.416296482086182
14	6.448063850402832
14	6.372305870056152
14	6.287379741668701
14	6.601857662200928
14	6.63309907913208
14	6.685096740722656
14	6.482758522033691
14	6.7622857093811035
14	6.368927001953125
14	6.33395528793335
14	6.5493903160095215
14	6.493228435516357
14	6.579412937164307
14	6.347319602966309
14	6.564275741577148
14	6.470940589904785
14	6.617547035217285
14	6.785897254943848
14	6.423715591430664
14	6.6686177253723145
14	6.411625385284424
14	6.493148326873779
14	6.581759452819824
14	6.512368202209473
14	6.663210391998291
15	6.4885334968566895
15	6.662275314331055
15	6.536392688751221
15	6.541502475738525
15	6.666766166687012
15	6.4877729415893555
15	6.293072700500488
15	6.486790657043457
15	6.453510761260986
15	6.9434099197387695
15	6.560500144958496
15	6.507409572601318
15	6.511859893798828
15	6.463599681854248
15	6.557319164276123
15	6.556970119476318
15	6.171544551849365
15	6.664735317230225
15	6.558065891265869
15	6.600060939788818
15	6.189363479614258
15	6.569798946380615
15	6.5003228187561035
15	6.618882656097412
15	6.329080581665039
15	6.4445929527282715
15	6.581362724304199
15	6.602394104003906
15	6.37803316116333
15	6.5941925048828125
15	6.59649658203125
15	6.5088582038879395
15	6.5880513191223145
15	6.4897541999816895
15	6.5102033615112305
15	6.441987037658691
15	6.554046154022217
15	6.436090469360352
15	6.595062732696533
15	6.466019630432129
15	6.5500288009643555
15	6.604673385620117
15	6.336553573608398
15	6.484936237335205
15	6.445247650146484
15	6.623302936553955
15	6.608575820922852
15	6.502307891845703
15	6.523587703704834
15	6.459737777709961
15	6.595645427703857
15	6.3161234855651855
15	6.554841041564941
15	6.401974678039551
15	6.35380744934082
15	6.564188480377197
15	6.570852756500244
15	6.609636306762695
15	6.577708721160889
15	6.408290863037109
15	6.198860168457031
15	6.50107479095459
15	6.426355838775635
15	6.623653411865234
15	6.552451133728027
15	6.41305685043335
15	6.551037788391113
15	6.407571792602539
15	6.469359874725342
15	6.680356025695801
15	6.528683185577393
15	6.5083794593811035
15	6.638558864593506
15	6.594008922576904
15	6.641167163848877
15	6.525520324707031
15	6.48766565322876
15	6.678843021392822
15	6.400636672973633
15	6.734872817993164
15	6.496945381164551
15	6.5270466804504395
15	6.611630916595459
15	6.530370235443115
15	6.577592372894287
15	6.603207111358643
15	6.541043758392334
15	6.557023525238037
15	6.4141974449157715
15	6.555596351623535
15	6.530141830444336
15	6.384622573852539
15	6.4399333000183105
15	6.440415859222412
15	6.292062759399414
15	6.550937175750732
15	6.773486137390137
15	6.3717265129089355
15	6.541090965270996
15	6.631549835205078
15	6.591599941253662
15	6.436902046203613
15	6.679419040679932
15	6.440732479095459
15	6.607079982757568
15	6.392150402069092
15	6.609371185302734
15	6.5329742431640625
15	6.539243221282959
15	6.527205467224121
15	6.512092590332031
15	6.552775859832764
15	6.370285987854004
15	6.367255210876465
15	6.5566325187683105
15	6.529607772827148
15	6.5568766593933105
15	6.448035717010498
15	6.493374824523926
15	6.423334121704102
15	6.583564281463623
15	6.464387893676758
15	6.596718788146973
15	6.590785026550293
15	6.564731597900391
15	6.484182357788086
15	6.406570911407471
15	6.5692572593688965
15	6.368203163146973
15	6.4872636795043945
15	6.476751327514648
15	6.713890552520752
15	6.522313594818115
15	6.471264839172363
15	6.593849182128906
15	6.579265594482422
15	6.56925106048584
15	6.653013706207275
15	6.449314117431641
15	6.625171661376953
15	6.6726531982421875
15	6.433032989501953
15	6.6451849937438965
15	6.524838447570801
15	6.57887601852417
15	6.61237096786499
15	6.522597312927246
15	6.5488481521606445
15	6.445446968078613
15	6.570855140686035
15	6.570032596588135
15	6.482125759124756
15	6.608771800994873
15	6.558756351470947
15	6.5116658210754395
15	6.676352500915527
15	6.567246437072754
15	6.664050579071045
15	6.489674091339111
15	6.519922256469727
15	6.683877468109131
15	6.474247455596924
15	6.898838043212891
15	6.5306854248046875
15	6.596578121185303
15	6.569488525390625
15	6.479926586151123
15	6.854806900024414
15	6.4688520431518555
15	6.501558303833008
15	6.497284889221191
15	6.5167412757873535
15	6.355843544006348
15	6.360363006591797
15	6.712453842163086
15	6.548866271972656
15	6.533960342407227
15	6.401061534881592
15	6.597405910491943
15	6.3620147705078125
15	6.56041955947876
15	6.439387798309326
15	6.439389705657959
15	6.648141384124756
15	6.695068836212158
15	6.582700729370117
15	6.633324146270752
15	6.466785430908203
15	6.445016860961914
15	6.293118000030518
15	6.374136447906494
15	6.409903526306152
15	6.69794225692749
15	6.494604110717773
15	6.445358753204346
15	6.408324718475342
15	6.44141149520874
15	6.449855804443359
15	6.566668510437012
15	6.590879917144775
15	6.540635585784912
15	6.6955132484436035
15	6.419772624969482
15	6.624192237854004
15	6.600582599639893
15	6.413815975189209
15	6.526736259460449
15	6.643499851226807
15	6.562555313110352
15	6.746197700500488
15	6.565210342407227
15	6.620413303375244
15	6.560047149658203
15	6.66925048828125
15	6.404128551483154
15	6.523697853088379
15	6.51883602142334
15	6.523574352264404
15	6.620979309082031
15	6.580016613006592
15	6.582771301269531
15	6.671236038208008
15	6.468329429626465
15	6.201041221618652
15	6.523428916931152
15	6.422458171844482
15	6.539468288421631
15	6.5343122482299805
15	6.562735557556152
15	6.426825523376465
15	6.841548442840576
15	6.47038459777832
15	6.66921854019165
15	6.6461029052734375
15	6.69752311706543
15	6.66826057434082
15	6.496185779571533
15	6.511954307556152
15	6.638876914978027
15	6.6035614013671875
15	6.630551815032959
15	6.474703788757324
15	6.5489301681518555
15	6.573277950286865
15	6.419353485107422
15	6.44062614440918
15	6.461838245391846
15	6.59977388381958
15	6.554734230041504
15	6.560760021209717
15	6.6965250968933105
15	6.430887222290039
15	6.418135166168213
15	6.497414588928223
15	6.514374732971191
15	6.612552165985107
15	6.652792930603027
15	6.545558452606201
15	6.430156707763672
15	6.545151233673096
15	6.792760848999023
15	6.664876937866211
15	6.500580310821533
15	6.535946369171143
15	6.333847999572754
15	6.552516937255859
15	6.241842746734619
15	6.800182342529297
15	6.458693981170654
15	6.534258842468262
15	6.559211254119873
15	6.702142715454102
15	6.695898056030273
15	6.339634418487549
15	6.588739395141602
15	6.42863655090332
15	6.605927467346191
15	6.593733787536621
15	6.6108808517456055
15	6.329854965209961
15	6.891596794128418
15	6.720278739929199
15	6.588625907897949
15	6.612992286682129
15	6.596597671508789
15	6.500133514404297
15	6.484241485595703
15	6.589353084564209
15	6.584550857543945
15	6.502037048339844
15	6.518542766571045
15	6.521181583404541
15	6.4292778968811035
15	6.607320308685303
15	6.50925874710083
15	6.556346893310547
15	6.621794700622559
15	6.469291687011719
15	6.457630634307861
15	6.451892375946045
15	6.494684219360352
15	6.5278825759887695
15	6.287382125854492
15	6.668609619140625
15	6.563156604766846
15	6.538462162017822
15	6.401308536529541
15	6.440023899078369
15	6.702790260314941
15	6.4193878173828125
15	6.587371349334717
15	6.421968460083008
15	6.514286518096924
15	6.39246129989624
15	6.4794602394104
15	6.488568305969238
15	6.773542881011963
15	6.4838032722473145
15	6.352588176727295
15	6.599351406097412
15	6.54435396194458
15	6.289657115936279
15	6.402949333190918
15	6.4647746086120605
15	6.483073711395264
15	6.779651641845703
15	6.362119674682617
15	6.582974910736084
15	6.207977771759033
15	6.659329414367676
15	6.428778171539307
15	6.5354766845703125
15	6.608752250671387
15	6.351597309112549
15	6.486948013305664
15	6.511387348175049
15	6.432241439819336
15	6.392323970794678
15	6.621494770050049
15	6.465588569641113
15	6.538168907165527
15	6.483595848083496
15	6.463961124420166
15	6.562644004821777
15	6.714022636413574
15	6.422927379608154
15	6.454854488372803
15	6.376675128936768
15	6.387172222137451
15	6.559206485748291
15	6.585631847381592
15	6.42707633972168
15	6.506734371185303
15	6.6960368156433105
15	6.627536773681641
15	6.469795227050781
15	6.697622299194336
15	6.587224006652832
15	6.579477310180664
15	6.635497570037842
15	6.672363758087158
15	6.524670600891113
15	6.546515941619873
15	6.614840984344482
15	6.393895149230957
15	6.514787197113037
15	6.613897800445557
15	6.602632999420166
15	6.436263561248779
15	6.661622524261475
15	6.718751430511475
15	6.4863762855529785
15	6.558137893676758
15	6.429570198059082
15	6.492074489593506
15	6.5150532722473145
15	6.519038200378418
15	6.577749252319336
15	6.633204936981201
15	6.454845428466797
15	6.37738561630249
15	6.523025989532471
15	6.5396223068237305
15	6.369960784912109
15	6.731980800628662
15	6.469306468963623
15	6.667848110198975
16	6.5714874267578125
16	6.655306339263916
16	6.733200550079346
16	6.6561970710754395
16	6.6355414390563965
16	6.642698764801025
16	6.47963285446167
16	6.511486530303955
16	6.654853820800781
16	6.421880722045898
16	6.484158039093018
16	6.593931674957275
16	6.676598072052002
16	6.543896198272705
16	6.217965126037598
16	6.533386707305908
16	6.547695636749268
16	6.681971073150635
16	6.592026710510254
16	6.630716323852539
16	6.523826599121094
16	6.588594913482666
16	6.595396518707275
16	6.479027271270752
16	6.662250518798828
16	6.4721879959106445
16	6.631892681121826
16	6.4988484382629395
16	6.4773478507995605
16	6.65177059173584
16	6.506821155548096
16	6.791506767272949
16	6.46483039855957
16	6.480408668518066
16	6.544031620025635
16	6.503163814544678
16	6.43905782699585
16	6.5046257972717285
16	6.475477695465088
16	6.387479305267334
16	6.677967548370361
16	6.41985559463501
16	6.329545974731445
16	6.554258346557617
16	6.505223751068115
16	6.4476752281188965
16	6.621311187744141
16	6.639409065246582
16	6.827314376831055
16	6.383061408996582
16	6.3511199951171875
16	6.437064170837402
16	6.406435966491699
16	6.473701477050781
16	6.357534408569336
16	6.52241325378418
16	6.459118366241455
16	6.582159042358398
16	6.4604620933532715
16	6.259853839874268
16	6.5986809730529785
16	6.2816996574401855
16	6.552908420562744
16	6.485042095184326
16	6.582603454589844
16	6.2956862449646
16	6.5564751625061035
16	6.523375988006592
16	6.317490577697754
16	6.666563034057617
16	6.504992485046387
16	6.504754066467285
16	6.558964252471924
16	6.5446062088012695
16	6.527486324310303
16	6.515059947967529
16	6.517327785491943
16	6.5270280838012695
16	6.783163070678711
16	6.338522434234619
16	6.600935459136963
16	6.443508625030518
16	6.517580509185791
16	6.815561771392822
16	6.541390419006348
16	6.519554138183594
16	6.573469638824463
16	6.393231391906738
16	6.581016540527344
16	6.542135715484619
16	6.620207786560059
16	6.54706335067749
16	6.555824279785156
16	6.39000940322876
16	6.468230247497559
16	6.5936713218688965
16	6.513491153717041
16	6.5650954246521
16	6.576224327087402
16	6.506894588470459
16	6.540595531463623
16	6.5444722175598145
16	6.636775016784668
16	6.648341178894043
16	6.549538612365723
16	6.582635402679443
16	6.588840961456299
16	6.553483009338379
16	6.516086101531982
16	6.6993021965026855
16	6.633061408996582
16	6.493964672088623
16	6.6470770835876465
16	6.584305286407471
16	6.663984298706055
16	6.539973735809326
16	6.546360015869141
16	6.50045919418335
16	6.696256637573242
16	6.493010520935059
16	6.601560592651367
16	6.60573673248291
16	6.478662967681885
16	6.6447882652282715
16	6.527596950531006
16	6.366487979888916
16	6.465806484222412
16	6.343979835510254
16	6.618518352508545
16	6.300818920135498
16	6.6223249435424805
16	6.460347652435303
16	6.529834747314453
16	6.736651420593262
16	6.458039283752441
16	6.498241901397705
16	6.473133563995361
16	6.429696559906006
16	6.454315662384033
16	6.499364376068115
16	6.532113552093506
16	6.584896087646484
16	6.238612174987793
16	6.50093936920166
16	6.516349792480469
16	6.345612049102783
16	6.356265068054199
16	6.6273064613342285
16	6.453608989715576
16	6.625641345977783
16	6.444376468658447
16	6.5247297286987305
16	6.513516426086426
16	6.439636707305908
16	6.458989143371582
16	6.6754655838012695
16	6.560347557067871
16	6.5335283279418945
16	6.486344814300537
16	6.570281505584717
16	6.645322799682617
16	6.455639839172363
16	6.627622127532959
16	6.469597339630127
16	6.346892833709717
16	6.495698928833008
16	6.745106220245361
16	6.555011749267578
16	6.673243045806885
16	6.619598388671875
16	6.518002510070801
16	6.675459861755371
16	6.461794376373291
16	6.6205058097839355
16	6.11083459854126
16	6.697414875030518
16	6.683121204376221
16	6.604889392852783
16	6.6070237159729
16	6.521897792816162
16	6.405206680297852
16	6.634285926818848
16	6.471545219421387
16	6.4767069816589355
16	6.633646011352539
16	6.38663911819458
16	6.67380952835083
16	6.464179515838623
16	6.823816776275635
16	6.577854156494141
16	6.766348838806152
16	6.606350898742676
16	6.569854736328125
16	6.505397319793701
16	6.424009323120117
16	6.486999034881592
16	6.388351917266846
16	6.427242755889893
16	6.628748416900635
16	6.60888671875
16	6.373607635498047
16	6.73553466796875
16	6.6375226974487305
16	6.5479655265808105
16	6.682605743408203
16	6.3599772453308105
16	6.557184219360352
16	6.24606466293335
16	6.601081371307373
16	6.661594390869141
16	6.433277606964111
16	6.695191383361816
16	6.640716075897217
16	6.639464378356934
16	6.519967079162598
16	6.633052825927734
16	6.582494258880615
16	6.519383907318115
16	6.442920207977295
16	6.472812175750732
16	6.510136127471924
16	6.4112229347229
16	6.531341552734375
16	6.443526744842529
16	6.611007213592529
16	6.485444068908691
16	6.6994309425354
16	6.389495849609375
16	6.671452522277832
16	6.658731937408447
16	6.393714427947998
16	6.593524932861328
16	6.161593914031982
16	6.544326305389404
16	6.632162570953369
16	6.576999664306641
16	6.560722351074219
16	6.608689308166504
16	6.507198810577393
16	6.548692226409912
16	6.365888595581055
16	6.377108573913574
16	6.639727592468262
16	6.688499450683594
16	6.7681965827941895
16	6.688438892364502
16	6.325782299041748
16	6.500206470489502
16	6.4032883644104
16	6.490333557128906
16	6.541280269622803
16	6.739712238311768
16	6.649609088897705
16	6.375570774078369
16	6.532351016998291
16	6.590994834899902
16	6.477107048034668
16	6.667123794555664
16	6.700911521911621
16	6.580348968505859
16	6.449858665466309
16	6.682227611541748
16	6.444807529449463
16	6.616927146911621
16	6.468505382537842
16	6.425134181976318
16	6.326248645782471
16	6.737003803253174
16	6.507811069488525
16	6.405629634857178
16	6.316387176513672
16	6.352517127990723
16	6.605277061462402
16	6.41063928604126
16	6.497746467590332
16	6.445800304412842
16	6.495127201080322
16	6.617464542388916
16	6.648880481719971
16	6.589489459991455
16	6.552371501922607
16	6.684901237487793
16	6.576536655426025
16	6.308918476104736
16	6.449314117431641
16	6.872560024261475
16	6.604313850402832
16	6.219851493835449
16	6.610501289367676
16	6.416446208953857
16	6.638617992401123
16	6.413183689117432
16	6.393092155456543
16	6.424139022827148
16	6.426904201507568
16	6.524505138397217
16	6.572620391845703
16	6.471607685089111
16	6.517423629760742
16	6.508317470550537
16	6.277744770050049
16	6.5728349685668945
16	6.70753812789917
16	6.53773832321167
16	6.59091329574585
16	6.311031341552734
16	6.586774826049805
16	6.5141448974609375
16	6.728057861328125
16	6.370083332061768
16	6.767673969268799
16	6.575977325439453
16	6.524799823760986
16	6.513530254364014
16	6.246816158294678
16	6.545363903045654
16	6.762250900268555
16	6.431285858154297
16	6.591137886047363
16	6.453617572784424
16	6.438974857330322
16	6.579787731170654
16	6.4517741203308105
16	6.408025741577148
16	6.533257961273193
16	6.691030502319336
16	6.4080681800842285
16	6.45311975479126
16	6.542581081390381
16	6.614492893218994
16	6.58433198928833
16	6.294223785400391
16	6.332394123077393
16	6.650390148162842
16	6.6644487380981445
16	6.656472206115723
16	6.463939666748047
16	6.461056709289551
16	6.594110012054443
16	6.540903091430664
16	6.358405113220215
16	6.560037612915039
16	6.506906986236572
16	6.39554500579834
16	6.684914588928223
16	6.586302280426025
16	6.5786871910095215
16	6.479768753051758
16	6.5321879386901855
16	6.657172679901123
16	6.713245391845703
16	6.702047824859619
16	6.515815258026123
16	6.561026096343994
16	6.492400169372559
16	6.522710800170898
16	6.5539751052856445
16	6.61830472946167
16	6.580230712890625
16	6.379889965057373
16	6.557882308959961
16	6.4313578605651855
16	6.563742160797119
16	6.390596389770508
16	6.6647233963012695
16	6.358403205871582
16	6.596043109893799
16	6.495325565338135
16	6.518499851226807
16	6.400035381317139
16	6.3726935386657715
16	6.441170692443848
16	6.633591651916504
16	6.7086687088012695
16	6.454946041107178
16	6.5410475730896
16	6.601842403411865
16	6.533452987670898
16	6.529939651489258
16	6.538473606109619
16	6.637579917907715
16	6.351130962371826
16	6.523820400238037
16	6.368497848510742
16	6.350022792816162
16	6.3818254470825195
16	6.63273286819458
17	6.284157752990723
17	6.471558570861816
17	6.405660152435303
17	6.217343807220459
17	6.537754535675049
17	6.383164882659912
17	6.518436431884766
17	6.519233703613281
17	6.3586273193359375
17	6.49634313583374
17	6.584056854248047
17	6.542046070098877
17	6.64790678024292
17	6.703429698944092
17	6.565148830413818
17	6.407979965209961
17	6.533080577850342
17	6.5523576736450195
17	6.595715522766113
17	6.634958744049072
17	6.5677876472473145
17	6.4257988929748535
17	6.51066255569458
17	6.54791784286499
17	6.375126838684082
17	6.44608211517334
17	6.582724571228027
17	6.511170864105225
17	6.555213928222656
17	6.697608947753906
17	6.531112194061279
17	6.455505847930908
17	6.657759189605713
17	6.756474018096924
17	6.634510040283203
17	6.379791259765625
17	6.528526782989502
17	6.440840721130371
17	6.480964183807373
17	6.5218000411987305
17	6.4828619956970215
17	6.5203118324279785
17	6.560248851776123
17	6.505263328552246
17	6.329507827758789
17	6.71296501159668
17	6.440482139587402
17	6.659858226776123
17	6.607321262359619
17	6.685946464538574
17	6.401100158691406
17	6.654876232147217
17	6.628486633300781
17	6.40121603012085
17	6.553211688995361
17	6.549101829528809
17	6.58505916595459
17	6.441409587860107
17	6.454403400421143
17	6.45685338973999
17	6.467933654785156
17	6.570870399475098
17	6.402807712554932
17	6.459555625915527
17	6.469696044921875
17	6.557612895965576
17	6.4226250648498535
17	6.492682456970215
17	6.389061450958252
17	6.427951812744141
17	6.521328926086426
17	6.675904273986816
17	6.713938236236572
17	6.426635265350342
17	6.469206809997559
17	6.637426853179932
17	6.498434066772461
17	6.497077465057373
17	6.37918758392334
17	6.478878974914551
17	6.431408405303955
17	6.588924884796143
17	6.638795852661133
17	6.4399943351745605
17	6.644828796386719
17	6.566692352294922
17	6.6770124435424805
17	6.544766902923584
17	6.24464225769043
17	6.471334457397461
17	6.629964351654053
17	6.649048805236816
17	6.558857440948486
17	6.6413798332214355
17	6.11806058883667
17	6.1160712242126465
17	6.50401496887207
17	6.42019510269165
17	6.3825578689575195
17	6.473233699798584
17	6.531099319458008
17	6.553188323974609
17	6.441932201385498
17	6.252571105957031
17	6.465749263763428
17	6.793966293334961
17	6.5898566246032715
17	6.579893589019775
17	6.4668660163879395
17	6.600394248962402
17	6.69629430770874
17	6.347212314605713
17	6.48087215423584
17	6.55788516998291
17	6.677719593048096
17	6.403339385986328
17	6.6764068603515625
17	6.609383583068848
17	6.80381965637207
17	6.667469501495361
17	6.451267719268799
17	6.677060127258301
17	6.655937194824219
17	6.536225318908691
17	6.60206413269043
17	6.461053371429443
17	6.473641395568848
17	6.6077141761779785
17	6.617282390594482
17	6.551568031311035
17	6.390705108642578
17	6.541995048522949
17	6.598164081573486
17	6.622068405151367
17	6.388379096984863
17	6.4101948738098145
17	6.57517147064209
17	6.517642498016357
17	6.30526876449585
17	6.457510948181152
17	6.699687957763672
17	6.41424560546875
17	6.385613918304443
17	6.491908073425293
17	6.58076810836792
17	6.445949554443359
17	6.591229438781738
17	6.511348247528076
17	6.659641265869141
17	6.441092014312744
17	6.5278778076171875
17	6.448500633239746
17	6.637243747711182
17	6.5855536460876465
17	6.459643840789795
17	6.5993523597717285
17	6.613801956176758
17	6.590763092041016
17	6.320430278778076
17	6.224644184112549
17	6.514290809631348
17	6.486755847930908
17	6.525288105010986
17	6.583457946777344
17	6.507554531097412
17	6.538822174072266
17	6.75026273727417
17	6.510954856872559
17	6.478487968444824
17	6.66324520111084
17	6.436585903167725
17	6.445159435272217
17	6.454599380493164
17	6.401129245758057
17	6.673544883728027
17	6.407591342926025
17	6.506930351257324
17	6.534026622772217
17	6.370258808135986
17	6.392569541931152
17	6.494735240936279
17	6.483846664428711
17	6.430507659912109
17	6.449212551116943
17	6.546586036682129
17	6.52462911605835
17	6.530481338500977
17	6.357926845550537
17	6.590782165527344
17	6.630373001098633
17	6.536787033081055
17	6.379693508148193
17	6.655925750732422
17	6.604110240936279
17	6.674921035766602
17	6.726893424987793
17	6.5450615882873535
17	6.568203449249268
17	6.257414817810059
17	6.768898010253906
17	6.640984058380127
17	6.518178939819336
17	6.5691962242126465
17	6.596590042114258
17	6.595005512237549
17	6.332812309265137
17	6.501253128051758
17	6.679455757141113
17	6.534387111663818
17	6.388010025024414
17	6.437298774719238
17	6.482893943786621
17	6.489019870758057
17	6.752311706542969
17	6.356909275054932
17	6.450103282928467
17	6.458322048187256
17	6.643949508666992
17	6.450568675994873
17	6.588362216949463
17	6.681581974029541
17	6.711211681365967
17	6.595926761627197
17	6.431130409240723
17	6.451663017272949
17	6.0299882888793945
17	6.386673450469971
17	6.533918380737305
17	6.340766906738281
17	6.516608238220215
17	6.446347236633301
17	6.45708703994751
17	6.454519748687744
17	6.537896633148193
17	6.604873180389404
17	6.5378007888793945
17	6.500187873840332
17	6.574427604675293
17	6.630687713623047
17	6.607616901397705
17	6.604710102081299
17	6.589288234710693
17	6.777760982513428
17	6.4581074714660645
17	6.583341598510742
17	6.514730930328369
17	6.530154705047607
17	6.5897722244262695
17	6.401833534240723
17	6.387157917022705
17	6.37152099609375
17	6.434075355529785
17	6.461445331573486
17	6.465447902679443
17	6.659480094909668
17	6.667154788970947
17	6.239547252655029
17	6.633283615112305
17	6.5108962059021
17	6.40700101852417
17	6.503759384155273
17	6.5508713722229
17	6.491206169128418
17	6.594267845153809
17	6.4305853843688965
17	6.476959705352783
17	6.516751766204834
17	6.543695449829102
17	6.682392597198486
17	6.551396369934082
17	6.387834548950195
17	6.2675299644470215
17	6.40377140045166
17	6.469884395599365
17	6.510586261749268
17	6.480473518371582
17	6.703792095184326
17	6.638728141784668
17	6.473258018493652
17	6.413069248199463
17	6.454703330993652
17	6.40195894241333
17	6.166386127471924
17	6.519996166229248
17	6.429471492767334
17	6.513012886047363
17	6.576477527618408
17	6.397122859954834
17	6.598618030548096
17	6.510941028594971
17	6.705017566680908
17	6.648816108703613
17	6.621184825897217
17	6.624285697937012
17	6.618236541748047
17	6.546377182006836
17	6.618226051330566
17	6.418497562408447
17	6.684232234954834
17	6.533951759338379
17	6.392546653747559
17	6.553776741027832
17	6.606091499328613
17	6.499477863311768
17	6.286657333374023
17	6.599044322967529
17	6.729111671447754
17	6.600971221923828
17	6.562853813171387
17	6.470849514007568
17	6.755626678466797
17	6.553202152252197
17	6.540377140045166
17	6.799080848693848
17	6.517728805541992
17	6.421727657318115
17	6.65910530090332
17	6.53358268737793
17	6.561234951019287
17	6.5187554359436035
17	6.530383110046387
17	6.798635005950928
17	6.5286383628845215
17	6.654348850250244
17	6.353929042816162
17	6.2995734214782715
17	6.547704219818115
17	6.48001766204834
17	6.493635654449463
17	6.439422607421875
17	6.600526809692383
17	6.709762096405029
17	6.475069046020508
17	6.763450622558594
17	6.602394104003906
17	6.420624732971191
17	6.522686004638672
17	6.619626045227051
17	6.598426818847656
17	6.590969085693359
17	6.4872236251831055
17	6.608541488647461
17	6.324261665344238
17	6.739720344543457
17	6.81660795211792
17	6.636280536651611
17	6.6112871170043945
17	6.59932279586792
17	6.427261829376221
17	6.337950706481934
17	6.223240852355957
17	6.645888805389404
17	6.426660060882568
17	6.415088653564453
17	6.721482753753662
17	6.581261157989502
17	6.732528209686279
17	6.542494773864746
17	6.361640453338623
17	6.367063522338867
17	6.514084339141846
17	6.663699626922607
17	6.484107494354248
17	6.729156970977783
17	6.626645565032959
17	6.652570724487305
17	6.506345748901367
17	6.492762565612793
17	6.3255295753479
17	6.546830177307129
17	6.535154819488525
17	6.724323749542236
17	6.49022912979126
17	6.509593963623047
17	6.40951681137085
17	6.474649429321289
17	6.387629508972168
17	6.6443328857421875
17	6.616926193237305
17	6.308481693267822
17	6.446475028991699
17	6.535257339477539
17	6.689600467681885
17	6.423132419586182
17	6.492399215698242
17	6.700798034667969
17	6.431414604187012
18	6.6458845138549805
18	6.33726692199707
18	6.531050205230713
18	6.945877552032471
18	6.553904056549072
18	6.716189384460449
18	6.4326019287109375
18	6.321148872375488
18	6.475956439971924
18	6.44517183303833
18	6.523809909820557
18	6.41602897644043
18	6.35269021987915
18	6.532130718231201
18	6.525189399719238
18	6.520514965057373
18	6.713962554931641
18	6.5338921546936035
18	6.511817932128906
18	6.544941425323486
18	6.513927459716797
18	6.543087005615234
18	6.546245574951172
18	6.7304768562316895
18	6.660221099853516
18	6.7817254066467285
18	6.666546821594238
18	6.495628833770752
18	6.5258378982543945
18	6.394809246063232
18	6.362351894378662
18	6.725363731384277
18	6.401017189025879
18	6.50946569442749
18	6.457812309265137
18	6.445460796356201
18	6.401351451873779
18	6.229986667633057
18	6.513560771942139
18	6.276724338531494
18	6.498310089111328
18	6.671882629394531
18	6.485710620880127
18	6.463174343109131
18	6.521754264831543
18	6.559809684753418
18	6.509146213531494
18	6.614334583282471
18	6.626410961151123
18	6.585837364196777
18	6.7478861808776855
18	6.578423500061035
18	6.448537349700928
18	6.423647880554199
18	6.583663463592529
18	6.528502464294434
18	6.507798671722412
18	6.261477947235107
18	6.3682427406311035
18	6.384059429168701
18	6.529534339904785
18	6.717687129974365
18	6.68841028213501
18	6.50451135635376
18	6.587450981140137
18	6.310835361480713
18	6.464295387268066
18	6.529454708099365
18	6.429659843444824
18	6.618025779724121
18	6.483839511871338
18	6.451000213623047
18	6.489151477813721
18	6.644290924072266
18	6.657612323760986
18	6.586917877197266
18	6.599160671234131
18	6.439319610595703
18	6.801903247833252
18	6.462897777557373
18	6.44199800491333
18	6.531516075134277
18	6.542416572570801
18	6.340148448944092
18	6.304061412811279
18	6.547252655029297
18	6.550433158874512
18	6.328950881958008
18	6.4498796463012695
18	6.42495584487915
18	6.508045673370361
18	6.705353260040283
18	6.452723979949951
18	6.510393142700195
18	6.639093399047852
18	6.5687689781188965
18	6.424538612365723
18	6.559227466583252
18	6.285724639892578
18	6.445976734161377
18	6.511011600494385
18	6.562651634216309
18	6.460309982299805
18	6.556698799133301
18	6.670144081115723
18	6.552143573760986
18	6.470272541046143
18	6.459757328033447
18	6.569221019744873
18	6.589610576629639
18	6.4799628257751465
18	6.5832929611206055
18	6.673491477966309
18	6.542117595672607
18	6.553637981414795
18	6.589757919311523
18	6.44384241104126
18	6.435839653015137
18	6.692696571350098
18	6.731245040893555
18	6.48561429977417
18	6.585988998413086
18	6.578614234924316
18	6.331871032714844
18	6.438624382019043
18	6.3824920654296875
18	6.336760520935059
18	6.446168422698975
18	6.426143646240234
18	6.644820690155029
18	6.589359760284424
18	6.533955097198486
18	6.587339878082275
18	6.585791110992432
18	6.502536773681641
18	6.49173641204834
18	6.403082370758057
18	6.461730003356934
18	6.186742782592773
18	6.413338661193848
18	6.738204479217529
18	6.409884452819824
18	6.490367889404297
18	6.4715895652771
18	6.436557769775391
18	6.418095111846924
18	6.511317729949951
18	6.38965368270874
18	6.611144542694092
18	6.38264274597168
18	6.491463661193848
18	6.580767631530762
18	6.7098846435546875
18	6.649495601654053
18	6.635175704956055
18	6.4571380615234375
18	6.521409511566162
18	6.273832321166992
18	6.42080020904541
18	6.431225299835205
18	6.61729097366333
18	6.430139064788818
18	6.468168258666992
18	6.643950939178467
18	6.416562557220459
18	6.517751693725586
18	6.484229564666748
18	6.583768367767334
18	6.373603343963623
18	6.4475297927856445
18	6.428431987762451
18	6.597755432128906
18	6.474529266357422
18	6.434391498565674
18	6.448823928833008
18	6.444817543029785
18	6.520566463470459
18	6.3970627784729
18	6.609738826751709
18	6.6414690017700195
18	6.55708122253418
18	6.3307576179504395
18	6.49461555480957
18	6.383906841278076
18	6.406313896179199
18	6.378543376922607
18	6.620180130004883
18	6.491937637329102
18	6.333419322967529
18	6.496379852294922
18	6.648837566375732
18	6.568164825439453
18	6.620361804962158
18	6.527294158935547
18	6.392293930053711
18	6.653976917266846
18	6.342723369598389
18	6.404758930206299
18	6.172331809997559
18	6.56650972366333
18	6.530656814575195
18	6.651208877563477
18	6.656523704528809
18	6.407376766204834
18	6.680692672729492
18	6.663226127624512
18	6.596653461456299
18	6.531937599182129
18	6.465135097503662
18	6.47507905960083
18	6.5904998779296875
18	6.4494709968566895
18	6.5635552406311035
18	6.6301045417785645
18	6.3005876541137695
18	6.387142181396484
18	6.543363571166992
18	6.452043056488037
18	6.686593055725098
18	6.748178482055664
18	6.46035099029541
18	6.434694290161133
18	6.600680828094482
18	6.525367736816406
18	6.618969440460205
18	6.693713665008545
18	6.361730098724365
18	6.629792213439941
18	6.376152515411377
18	6.4133195877075195
18	6.586363315582275
18	6.46293830871582
18	6.7328691482543945
18	6.336374282836914
18	6.571409225463867
18	6.457300186157227
18	6.737349033355713
18	6.25539493560791
18	6.585283279418945
18	6.624392509460449
18	6.804294586181641
18	6.47532320022583
18	6.572849750518799
18	6.635206699371338
18	6.466211318969727
18	6.620791912078857
18	6.508311748504639
18	6.704231262207031
18	6.470599174499512
18	6.706293106079102
18	6.377330303192139
18	6.46797513961792
18	6.609111309051514
18	6.7913408279418945
18	6.3296709060668945
18	6.386446475982666
18	6.560441970825195
18	6.63360595703125
18	6.661766052246094
18	6.323734283447266
18	6.616204738616943
18	6.509620189666748
18	6.550714492797852
18	6.421215057373047
18	6.582649230957031
18	6.697083950042725
18	6.499816417694092
18	6.725695610046387
18	6.5492401123046875
18	6.226935386657715
18	6.603184700012207
18	6.312155246734619
18	6.487583160400391
18	6.551668643951416
18	6.746409893035889
18	6.42101526260376
18	6.56253719329834
18	6.555325984954834
18	6.788733959197998
18	6.440493583679199
18	6.479740619659424
18	6.508239269256592
18	6.5687408447265625
18	6.5488433837890625
18	6.60941743850708
18	6.474491119384766
18	6.4236040115356445
18	6.406280517578125
18	6.494614601135254
18	6.512311935424805
18	6.368597984313965
18	6.590743541717529
18	6.49909782409668
18	6.517938137054443
18	6.567437171936035
18	6.6427226066589355
18	6.3566179275512695
18	6.524456024169922
18	6.731630325317383
18	6.517889022827148
18	6.5379719734191895
18	6.334222316741943
18	6.588320732116699
18	6.7406392097473145
18	6.638186931610107
18	6.500901699066162
18	6.513583660125732
18	6.518218994140625
18	6.46351432800293
18	6.405574798583984
18	6.623235702514648
18	6.307955741882324
18	6.613941669464111
18	6.574244499206543
18	6.457696914672852
18	6.470516204833984
18	6.492081642150879
18	6.640989780426025
18	6.684200286865234
18	6.480895519256592
18	6.4282941818237305
18	6.5670013427734375
18	6.688516616821289
18	6.434681415557861
18	6.487083435058594
18	6.549631595611572
18	6.732022285461426
18	6.544198989868164
18	6.53185510635376
18	6.619093418121338
18	6.728683948516846
18	6.6226067543029785
18	6.626006126403809
18	6.752412796020508
18	6.722535610198975
18	6.65809440612793
18	6.661222457885742
18	6.509830474853516
18	6.687097549438477
18	6.554892539978027
18	6.439746379852295
18	6.597973346710205
18	6.470107555389404
18	6.445773601531982
18	6.615546703338623
18	6.2393035888671875
18	6.396101474761963
18	6.385359764099121
18	6.601088047027588
18	6.413475513458252
18	6.4502949714660645
18	6.6189775466918945
18	6.272942543029785
18	6.591994762420654
18	6.62501859664917
18	6.580043315887451
18	6.594919204711914
18	6.718559265136719
18	6.466007709503174
18	6.463562488555908
18	6.556880474090576
18	6.498526573181152
18	6.586073398590088
18	6.621320724487305
18	6.65895938873291
18	6.541269779205322
18	6.583862781524658
18	6.5871124267578125
18	6.492010116577148
18	6.388926982879639
18	6.405848503112793
18	6.531068801879883
18	6.547306537628174
18	6.4562201499938965
18	6.417471408843994
18	6.532814025878906
18	6.531534671783447
18	6.503522872924805
18	6.292691707611084
18	6.450533390045166
18	6.456453800201416
18	6.213891983032227
18	6.396161079406738
18	6.475513458251953
18	6.6035566329956055
18	6.539298057556152
18	6.467827796936035
19	6.343882083892822
19	6.417524337768555
19	6.55079984664917
19	6.567005157470703
19	6.536464214324951
19	6.4027509689331055
19	6.516878604888916
19	6.522017002105713
19	6.5537614822387695
19	6.583057403564453
19	6.649476051330566
19	6.478227138519287
19	6.526425361633301
19	6.381136894226074
19	6.524853229522705
19	6.69204044342041
19	6.8529438972473145
19	6.735075950622559
19	6.64179801940918
19	6.374933242797852
19	6.358158111572266
19	6.575751781463623
19	6.449277400970459
19	6.6964921951293945
19	6.441615104675293
19	6.496061325073242
19	6.435103416442871
19	6.601719856262207
19	6.563884735107422
19	6.451133728027344
19	6.443498611450195
19	6.667531967163086
19	6.659385681152344
19	6.602601528167725
19	6.445539474487305
19	6.5556559562683105
19	6.51094913482666
19	6.470545291900635
19	6.431241512298584
19	6.677159309387207
19	6.6080498695373535
19	6.613450050354004
19	6.535954475402832
19	6.31241512298584
19	6.352347373962402
19	6.504151821136475
19	6.395214557647705
19	6.4428277015686035
19	6.576760768890381
19	6.501796245574951
19	6.55319356918335
19	6.757721424102783
19	6.422210693359375
19	6.480103492736816
19	6.451515197753906
19	6.632100582122803
19	6.526295185089111
19	6.422335624694824
19	6.390789031982422
19	6.357056140899658
19	6.287170886993408
19	6.490375995635986
19	6.619367599487305
19	6.546501159667969
19	6.6608099937438965
19	6.597874164581299
19	6.654102325439453
19	6.479825973510742
19	6.170083999633789
19	6.196033477783203
19	6.5045695304870605
19	6.494065284729004
19	6.709986686706543
19	6.303672790527344
19	6.402340888977051
19	6.530830383300781
19	6.590454578399658
19	6.374521732330322
19	6.683088302612305
19	6.334475517272949
19	6.5617828369140625
19	6.549724102020264
19	6.309908390045166
19	6.408199310302734
19	6.6589436531066895
19	6.492791175842285
19	6.601380348205566
19	6.455102443695068
19	6.361538887023926
19	6.504464149475098
19	6.348854064941406
19	6.594034671783447
19	6.587480545043945
19	6.673630714416504
19	6.53731632232666
19	6.661351680755615
19	6.447762966156006
19	6.59984827041626
19	6.295114517211914
19	6.424193859100342
19	6.507868766784668
19	6.350916862487793
19	6.734097957611084
19	6.418911457061768
19	6.550572395324707
19	6.617947578430176
19	6.4775896072387695
19	6.358813762664795
19	6.595609188079834
19	6.713303565979004
19	6.50471305847168
19	6.224993705749512
19	6.432113170623779
19	6.616661548614502
19	6.548205852508545
19	6.541418552398682
19	6.4301981925964355
19	6.779778003692627
19	6.526568412780762
19	6.49216365814209
19	6.701087474822998
19	6.548640727996826
19	6.269591331481934
19	6.642439842224121
19	6.298272132873535
19	6.440674304962158
19	6.610790729522705
19	6.377747058868408
19	6.313665390014648
19	6.5569915771484375
19	6.608526229858398
19	6.346742630004883
19	6.571944236755371
19	6.521634101867676
19	6.434695243835449
19	6.622050762176514
19	6.499198913574219
19	6.4933624267578125
19	6.557543754577637
19	6.485881328582764
19	6.503248691558838
19	6.299907207489014
19	6.742658615112305
19	6.35528564453125
19	6.2160234451293945
19	6.5491204261779785
19	6.5952606201171875
19	6.831618785858154
19	6.73340368270874
19	6.471941947937012
19	6.418483257293701
19	6.591874122619629
19	6.49696683883667
19	6.499724864959717
19	6.470856189727783
19	6.650802135467529
19	6.683228492736816
19	6.551382541656494
19	6.568846702575684
19	6.656723499298096
19	6.2400031089782715
19	6.6001105308532715
19	6.276879787445068
19	6.801816940307617
19	6.483959197998047
19	6.6372833251953125
19	6.498393535614014
19	6.582099437713623
19	6.546403408050537
19	6.4240312576293945
19	6.532830238342285
19	6.600158214569092
19	6.326357364654541
19	6.607856750488281
19	6.584223747253418
19	6.363260269165039
19	6.549336910247803
19	6.435161113739014
19	6.384743690490723
19	6.536520957946777
19	6.573795795440674
19	6.536619663238525
19	6.639554977416992
19	6.623780250549316
19	6.514998435974121
19	6.399449348449707
19	6.483791351318359
19	6.415278434753418
19	6.399395942687988
19	6.62631368637085
19	6.509426116943359
19	6.5213847160339355
19	6.731515884399414
19	6.7502241134643555
19	6.668559551239014
19	6.447118759155273
19	6.613492965698242
19	6.390894412994385
19	6.727921962738037
19	6.6947922706604
19	6.613075256347656
19	6.65353536605835
19	6.540500640869141
19	6.6522932052612305
19	6.524551868438721
19	6.51249885559082
19	6.642498016357422
19	6.5063910484313965
19	6.445159912109375
19	6.3148674964904785
19	6.684081554412842
19	6.584648132324219
19	6.471005439758301
19	6.417297840118408
19	6.5285563468933105
19	6.440421104431152
19	6.6195759773254395
19	6.354288578033447
19	6.647271633148193
19	6.673375129699707
19	6.504502773284912
19	6.57454252243042
19	6.391845226287842
19	6.383876323699951
19	6.588706970214844
19	6.697494983673096
19	6.570064544677734
19	6.466153621673584
19	6.55098819732666
19	6.545583248138428
19	6.496607303619385
19	6.496557712554932
19	6.561626434326172
19	6.508218765258789
19	6.684130668640137
19	6.606033802032471
19	6.412489891052246
19	6.379316806793213
19	6.589013576507568
19	6.776009559631348
19	6.756855487823486
19	6.5989274978637695
19	6.621891975402832
19	6.50506067276001
19	6.442394733428955
19	6.583600997924805
19	6.670077800750732
19	6.608213424682617
19	6.5490264892578125
19	6.77031135559082
19	6.520103931427002
19	6.504030227661133
19	6.327237129211426
19	6.498002529144287
19	6.666762828826904
19	6.5209760665893555
19	6.4332356452941895
19	6.430969715118408
19	6.6108479499816895
19	6.5745849609375
19	6.478087902069092
19	6.372152805328369
19	6.6546854972839355
19	6.462789535522461
19	6.507833480834961
19	6.722273826599121
19	6.340620994567871
19	6.630533695220947
19	6.611337661743164
19	6.46718692779541
19	6.47899866104126
19	6.640244483947754
19	6.503872871398926
19	6.553246974945068
19	6.5740814208984375
19	6.673484802246094
19	6.364380359649658
19	6.364543914794922
19	6.471461296081543
19	6.624336242675781
19	6.368187427520752
19	6.642465114593506
19	6.524824619293213
19	6.712924003601074
19	6.487036228179932
19	6.556252956390381
19	6.349664211273193
19	6.532225131988525
19	6.480672359466553
19	6.659895420074463
19	6.442718029022217
19	6.545029640197754
19	6.545339107513428
19	6.583105564117432
19	6.468303680419922
19	6.431939601898193
19	6.569626808166504
19	6.347447872161865
19	6.42999267578125
19	6.523090362548828
19	6.467942237854004
19	6.444626331329346
19	6.529937267303467
19	6.308333873748779
19	6.580746173858643
19	6.497848033905029
19	6.607982158660889
19	6.656530380249023
19	6.541965007781982
19	6.647787094116211
19	6.72377347946167
19	6.33803129196167
19	6.304346084594727
19	6.58070182800293
19	6.6709794998168945
19	6.476381301879883
19	6.527021408081055
19	6.37965726852417
19	6.561768054962158
19	6.629547595977783
19	6.45548677444458
19	6.342876434326172
19	6.624335765838623
19	6.592763423919678
19	6.661745071411133
19	6.408967971801758
19	6.620380401611328
19	6.472424030303955
19	6.6261749267578125
19	6.3046369552612305
19	6.701813697814941
19	6.478536128997803
19	6.655625820159912
19	6.403029918670654
19	6.501515865325928
19	6.4018330574035645
19	6.375308990478516
19	6.464290142059326
19	6.5934739112854
19	6.556803226470947
19	6.339242458343506
19	6.674757957458496
19	6.533203125
19	6.422199726104736
19	6.350635528564453
19	6.436794757843018
19	6.514153957366943
19	6.339902877807617
19	6.692674160003662
19	6.501075267791748
19	6.359960079193115
19	6.59345817565918
19	6.424769401550293
19	6.405557632446289
19	6.538914680480957
19	6.640007019042969
19	6.32695198059082
19	6.526134967803955
19	6.577991962432861
19	6.2012858390808105
19	6.5734477043151855
19	6.449387550354004
19	6.7637104988098145
19	6.5856804847717285
19	6.590615749359131
19	6.444454669952393
19	6.647875785827637
19	6.682016372680664
19	6.7601318359375
19	6.523053169250488
19	6.750524044036865
19	6.407918453216553
19	6.493785381317139
19	6.577030658721924
19	6.539287567138672
19	6.444262981414795
19	6.480173587799072
19	6.433104515075684
19	6.68235445022583
19	6.596981525421143
19	6.60385274887085
19	6.481429100036621
19	6.54151725769043
19	6.618620872497559
19	6.535984039306641
19	6.4476165771484375
19	6.587795734405518
20	6.529590129852295
20	6.524439334869385
20	6.6168389320373535
20	6.60823392868042
20	6.360550880432129
20	6.3745527267456055
20	6.596114635467529
20	6.407651424407959
20	6.358283042907715
20	6.452212810516357
20	6.572072982788086
20	6.499921798706055
20	6.287581443786621
20	6.479574203491211
20	6.531515121459961
20	6.355894088745117
20	6.324060916900635
20	6.454906463623047
20	6.550384998321533
20	6.538091659545898
20	6.6258721351623535
20	6.538276672363281
20	6.624751567840576
20	6.340256214141846
20	6.741322040557861
20	6.487251281738281
20	6.368757724761963
20	6.286141395568848
20	6.502063274383545
20	6.494584560394287
20	6.4508376121521
20	6.57028865814209
20	6.448070049285889
20	6.4918975830078125
20	6.499101638793945
20	6.482065677642822
20	6.4286088943481445
20	6.542981147766113
20	6.427358150482178
20	6.475283145904541
20	6.6974968910217285
20	6.440945148468018
20	6.594057083129883
20	6.513359069824219
20	6.447743892669678
20	6.664414405822754
20	6.486505031585693
20	6.512435436248779
20	6.328322410583496
20	6.692756652832031
20	6.563855171203613
20	6.326005458831787
20	6.42365026473999
20	6.471662998199463
20	6.66248083114624
20	6.452427864074707
20	6.468480587005615
20	6.553367614746094
20	6.336327075958252
20	6.505678653717041
20	6.336472988128662
20	6.434986114501953
20	6.6546549797058105
20	6.403339862823486
20	6.571997165679932
20	6.670198917388916
20	6.422836780548096
20	6.380041599273682
20	6.495700836181641
20	6.460933685302734
20	6.487625598907471
20	6.557632923126221
20	6.487560272216797
20	6.314240455627441
20	6.477546691894531
20	6.554234981536865
20	6.518272399902344
20	6.501679420471191
20	6.509427070617676
20	6.51226806640625
20	6.540339469909668
20	6.723654270172119
20	6.399711608886719
20	6.509685516357422
20	6.595953464508057
20	6.6955695152282715
20	6.5407233238220215
20	6.54549503326416
20	6.461077690124512
20	6.2934956550598145
20	6.55556583404541
20	6.4536895751953125
20	6.306482315063477
20	6.787241458892822
20	6.474684715270996
20	6.416522979736328
20	6.455476760864258
20	6.503457546234131
20	6.431160926818848
20	6.6867499351501465
20	6.446428298950195
20	6.441601276397705
20	6.545631408691406
20	6.668549060821533
20	6.490213394165039
20	6.600856781005859
20	6.71745491027832
20	6.297429084777832
20	6.45103645324707
20	6.356469631195068
20	6.67318868637085
20	6.539079666137695
20	6.458203315734863
20	6.33257532119751
20	6.644556999206543
20	6.6986260414123535
20	6.427733898162842
20	6.658989429473877
20	6.650652885437012
20	6.654417991638184
20	6.700500011444092
20	6.3682098388671875
20	6.4815239906311035
20	6.633835315704346
20	6.769201278686523
20	6.450325965881348
20	6.615119934082031
20	6.455577850341797
20	6.536449909210205
20	6.663215637207031
20	6.66773796081543
20	6.272657871246338
20	6.4646453857421875
20	6.299667835235596
20	6.595212459564209
20	6.495491981506348
20	6.543376922607422
20	6.645730972290039
20	6.56203031539917
20	6.422148704528809
20	6.499405384063721
20	6.4451069831848145
20	6.439413547515869
20	6.519460201263428
20	6.586552143096924
20	6.411163330078125
20	6.407119274139404
20	6.5185546875
20	6.454239845275879
20	6.496057510375977
20	6.592804908752441
20	6.484595775604248
20	6.384406566619873
20	6.585300922393799
20	6.647587299346924
20	6.597336769104004
20	6.503331184387207
20	6.3961052894592285
20	6.340083122253418
20	6.632443428039551
20	6.595415115356445
20	6.317389488220215
20	6.581808567047119
20	6.572391033172607
20	6.106602191925049
20	6.657814979553223
20	6.479425430297852
20	6.268989562988281
20	6.3119425773620605
20	6.6262898445129395
20	6.546486854553223
20	6.42160177230835
20	6.521080493927002
20	6.700209140777588
20	6.589366912841797
20	6.484146595001221
20	6.587827205657959
20	6.498741626739502
20	6.508922100067139
20	6.564098834991455
20	6.430636405944824
20	6.572752952575684
20	6.3166022300720215
20	6.4397993087768555
20	6.577300548553467
20	6.374241828918457
20	6.49265718460083
20	6.503632068634033
20	6.446228504180908
20	6.4827446937561035
20	6.549345016479492
20	6.610951900482178
20	6.519504070281982
20	6.193498611450195
20	6.54581356048584
20	6.643475532531738
20	6.540583610534668
20	6.452747344970703
20	6.575474739074707
20	6.397820472717285
20	6.585690498352051
20	6.3564324378967285
20	6.636931419372559
20	6.482606887817383
20	6.5293192863464355
20	6.476664066314697
20	6.60461950302124
20	6.37103271484375
20	6.418393611907959
20	6.761034965515137
20	6.407748222351074
20	6.496490955352783
20	6.524831295013428
20	6.709604740142822
20	6.503133296966553
20	6.4402594566345215
20	6.792567729949951
20	6.460812568664551
20	6.552848815917969
20	6.614439487457275
20	6.624058723449707
20	6.5110626220703125
20	6.671558380126953
20	6.549956798553467
20	6.650599002838135
20	6.66437292098999
20	6.465145111083984
20	6.5530548095703125
20	6.432326793670654
20	6.573469638824463
20	6.5653605461120605
20	6.498567581176758
20	6.513499736785889
20	6.458242893218994
20	6.722658634185791
20	6.59259033203125
20	6.44244909286499
20	6.710092067718506
20	6.4312286376953125
20	6.536494731903076
20	6.590105056762695
20	6.581170082092285
20	6.525996208190918
20	6.505828380584717
20	6.435693740844727
20	6.649301052093506
20	6.388035774230957
20	6.706147193908691
20	6.801348686218262
20	6.58379602432251
20	6.41804838180542
20	6.415724754333496
20	6.2391037940979
20	6.4784016609191895
20	6.529732704162598
20	6.665234088897705
20	6.424685001373291
20	6.518469333648682
20	6.504006862640381
20	6.5380072593688965
20	6.674824237823486
20	6.548398494720459
20	6.493026256561279
20	6.541087627410889
20	6.559474468231201
20	6.28351354598999
20	6.755895614624023
20	6.575554847717285
20	6.459065914154053
20	6.676936626434326
20	6.48455810546875
20	6.532262325286865
20	6.619320392608643
20	6.578583240509033
20	6.518735885620117
20	6.2556915283203125
20	6.407681941986084
20	6.5287909507751465
20	6.412975788116455
20	6.603338718414307
20	6.519740581512451
20	6.46137809753418
20	6.523716449737549
20	6.396219730377197
20	6.467694282531738
20	6.443094730377197
20	6.422605514526367
20	6.506499767303467
20	6.439598083496094
20	6.41664981842041
20	6.564733982086182
20	6.4792914390563965
20	6.463951587677002
20	6.328853607177734
20	6.5583577156066895
20	6.653133392333984
20	6.572277069091797
20	6.420888423919678
20	6.459444046020508
20	6.463598728179932
20	6.384089946746826
20	6.686481475830078
20	6.583860874176025
20	6.634981632232666
20	6.480539798736572
20	6.391493320465088
20	6.523139953613281
20	6.457638740539551
20	6.378958225250244
20	6.73391056060791
20	6.452388286590576
20	6.435963153839111
20	6.484042167663574
20	6.475638389587402
20	6.415863513946533
20	6.433644771575928
20	6.562809467315674
20	6.519591808319092
20	6.488545894622803
20	6.731610298156738
20	6.652739524841309
20	6.404219627380371
20	6.39832878112793
20	6.540616035461426
20	6.594773292541504
20	6.722978115081787
20	6.553289413452148
20	6.283653259277344
20	6.721316814422607
20	6.687230110168457
20	6.457327842712402
20	6.556565761566162
20	6.572080135345459
20	6.451792240142822
20	6.370080947875977
20	6.614102840423584
20	6.392405986785889
20	6.445993423461914
20	6.692745685577393
20	6.531008720397949
20	6.492526531219482
20	6.401666164398193
20	6.592652320861816
20	6.426218509674072
20	6.254497528076172
20	6.523441314697266
20	6.601085186004639
20	6.421990394592285
20	6.588377952575684
20	6.5488200187683105
20	6.396544933319092
20	6.770522117614746
20	6.53564977645874
20	6.572556495666504
20	6.616883754730225
20	6.567765235900879
20	6.618870258331299
20	6.6014404296875
20	6.544342041015625
20	6.700551509857178
20	6.680926322937012
20	6.481174468994141
20	6.6276469230651855
20	6.55521821975708
20	6.510017395019531
20	6.327428817749023
20	6.564424514770508
20	6.359324932098389
20	6.749458312988281
20	6.536938190460205
20	6.609828472137451
20	6.58961820602417
20	6.414599895477295
20	6.6183319091796875
20	6.371015548706055
20	6.544177532196045
20	6.431379795074463
20	6.305575847625732
20	6.4328179359436035
20	6.607090473175049
20	6.461256980895996
20	6.529568195343018
20	6.665737628936768
20	6.639980316162109
20	6.353979587554932
20	6.043447494506836
20	6.509286403656006
21	6.204116344451904
21	6.296390056610107
21	6.227437496185303
21	6.655405521392822
21	6.476186275482178
21	6.517274379730225
21	6.5001068115234375
21	6.528580665588379
21	6.600697040557861
21	6.513622283935547
21	6.481233596801758
21	6.351342678070068
21	6.3810319900512695
21	6.600705146789551
21	6.482421875
21	6.511978626251221
21	6.561540126800537
21	6.468715190887451
21	6.271876811981201
21	6.613475322723389
21	6.425053119659424
21	6.654336452484131
21	6.389890670776367
21	6.313521862030029
21	6.437563419342041
21	6.514951705932617
21	6.183163642883301
21	6.639819145202637
21	6.405829429626465
21	6.495794773101807
21	6.606940746307373
21	6.506830215454102
21	6.7087883949279785
21	6.288008689880371
21	6.555196285247803
21	6.228995323181152
21	6.360757350921631
21	6.505715847015381
21	6.396164417266846
21	6.652312278747559
21	6.428618907928467
21	6.474555015563965
21	6.537382125854492
21	6.418984413146973
21	6.353673934936523
21	6.590553283691406
21	6.416802406311035
21	6.3852691650390625
21	6.429944038391113
21	6.732255458831787
21	6.533890724182129
21	6.405045032501221
21	6.718751907348633
21	6.451547145843506
21	6.48787260055542
21	6.587042808532715
21	6.494331359863281
21	6.4676642417907715
21	6.582695960998535
21	6.479904651641846
21	6.6155686378479
21	6.501245498657227
21	6.462162971496582
21	6.491021156311035
21	6.58573579788208
21	6.496658802032471
21	6.555253982543945
21	6.424145698547363
21	6.444639205932617
21	6.442452907562256
21	6.558567047119141
21	6.744908809661865
21	6.530528545379639
21	6.514427661895752
21	6.589515686035156
21	6.626274585723877
21	6.709476947784424
21	6.5220794677734375
21	6.694672584533691
21	6.493525981903076
21	6.344799518585205
21	6.61974573135376
21	6.54181432723999
21	6.453383922576904
21	6.531378746032715
21	6.589980602264404
21	6.684406757354736
21	6.720911026000977
21	6.383913993835449
21	6.655377388000488
21	6.515971660614014
21	6.421626091003418
21	6.577010154724121
21	6.62993860244751
21	6.509352684020996
21	6.342702865600586
21	6.517261028289795
21	6.618474006652832
21	6.457540512084961
21	6.33643913269043
21	6.56968355178833
21	6.581188201904297
21	6.335630416870117
21	6.543217182159424
21	6.46249532699585
21	6.5168890953063965
21	6.417634963989258
21	6.553644180297852
21	6.51289701461792
21	6.4639787673950195
21	6.322460651397705
21	6.3306169509887695
21	6.47257137298584
21	6.526207447052002
21	6.489952564239502
21	6.416627407073975
21	6.660014629364014
21	6.637753009796143
21	6.587738513946533
21	6.504133701324463
21	6.444998741149902
21	6.596054553985596
21	6.587242603302002
21	6.543920516967773
21	6.532948017120361
21	6.401391506195068
21	6.4781999588012695
21	6.683781623840332
21	6.47891092300415
21	6.470981121063232
21	6.6484150886535645
21	6.432804107666016
21	6.557486534118652
21	6.637259006500244
21	6.566036224365234
21	6.6304450035095215
21	6.433834552764893
21	6.6586689949035645
21	6.54031229019165
21	6.564833641052246
21	6.5433735847473145
21	6.40355920791626
21	6.428700923919678
21	6.513392448425293
21	6.490492343902588
21	6.463919639587402
21	6.652471542358398
21	6.514650821685791
21	6.4029765129089355
21	6.487823963165283
21	6.691460609436035
21	6.532011032104492
21	6.534314155578613
21	6.553103446960449
21	6.492415904998779
21	6.471064567565918
21	6.430356979370117
21	6.521944999694824
21	6.364365577697754
21	6.6682047843933105
21	6.5188822746276855
21	6.410546779632568
21	6.754678726196289
21	6.532105922698975
21	6.457342624664307
21	6.7991485595703125
21	6.732255458831787
21	6.640347480773926
21	6.507875442504883
21	6.330093860626221
21	6.501057147979736
21	6.450148582458496
21	6.574279308319092
21	6.546087741851807
21	6.12545108795166
21	6.513891220092773
21	6.41383695602417
21	6.681843280792236
21	6.6482834815979
21	6.484282493591309
21	6.305213928222656
21	6.565215587615967
21	6.462522029876709
21	6.392794132232666
21	6.409419536590576
21	6.499590873718262
21	6.569176197052002
21	6.55975866317749
21	6.489461421966553
21	6.6761651039123535
21	6.605638027191162
21	6.530383586883545
21	6.505417823791504
21	6.561512470245361
21	6.403379440307617
21	6.249007225036621
21	6.3186564445495605
21	6.370938301086426
21	6.545540809631348
21	6.435151100158691
21	6.542656421661377
21	6.673991680145264
21	6.497541427612305
21	6.492733955383301
21	6.387971878051758
21	6.678278923034668
21	6.58366060256958
21	6.4482903480529785
21	6.612575054168701
21	6.472846508026123
21	6.475882053375244
21	6.587750434875488
21	6.5480194091796875
21	6.593385219573975
21	6.5329203605651855
21	6.48717737197876
21	6.658838272094727
21	6.4817399978637695
21	6.406132698059082
21	6.351155757904053
21	6.615484714508057
21	6.297285556793213
21	6.488320350646973
21	6.5719146728515625
21	6.434891223907471
21	6.55905818939209
21	6.745420932769775
21	6.527568340301514
21	6.371915340423584
21	6.257833957672119
21	6.614472389221191
21	6.503552436828613
21	6.5882344245910645
21	6.5379815101623535
21	6.654802322387695
21	6.38383674621582
21	6.464330673217773
21	6.619100570678711
21	6.637075901031494
21	6.450889587402344
21	6.4993696212768555
21	6.306725978851318
21	6.422538757324219
21	6.603963851928711
21	6.560451030731201
21	6.746227264404297
21	6.724638938903809
21	6.48310661315918
21	6.56463098526001
21	6.580172538757324
21	6.611447334289551
21	6.650659084320068
21	6.752438545227051
21	6.418788909912109
21	6.72145938873291
21	6.506272792816162
21	6.581915378570557
21	6.520997047424316
21	6.587518215179443
21	6.405272483825684
21	6.489253997802734
21	6.425055980682373
21	6.32932710647583
21	6.385861396789551
21	6.505231857299805
21	6.638917446136475
21	6.482052803039551
21	6.3805437088012695
21	6.649664878845215
21	6.498000621795654
21	6.497392654418945
21	6.527040004730225
21	6.441317558288574
21	6.380140781402588
21	6.413620948791504
21	6.44742488861084
21	6.472885608673096
21	6.362185955047607
21	6.532346725463867
21	6.571606636047363
21	6.476824760437012
21	6.5341410636901855
21	6.471933364868164
21	6.504677772521973
21	6.370594024658203
21	6.519530296325684
21	6.683715343475342
21	6.720149040222168
21	6.4011759757995605
21	6.609289646148682
21	6.5504231452941895
21	6.274050712585449
21	6.25033712387085
21	6.473779201507568
21	6.555415630340576
21	6.507404804229736
21	6.345859050750732
21	6.176057815551758
21	6.4506516456604
21	6.532285213470459
21	6.501995086669922
21	6.590321063995361
21	6.550753116607666
21	6.550795078277588
21	6.431418418884277
21	6.602078914642334
21	6.413650035858154
21	6.3481526374816895
21	6.468217849731445
21	6.5694684982299805
21	6.523015022277832
21	6.241090774536133
21	6.542952060699463
21	6.437812805175781
21	6.679851055145264
21	6.525234699249268
21	6.318697929382324
21	6.644611358642578
21	6.4479079246521
21	6.2893147468566895
21	6.51460599899292
21	6.369658470153809
21	6.4875688552856445
21	6.576733589172363
21	6.344705581665039
21	6.501505374908447
21	6.300529479980469
21	6.474270343780518
21	6.539740085601807
21	6.466135025024414
21	6.6012282371521
21	6.388291358947754
21	6.462015628814697
21	6.531801223754883
21	6.654738903045654
21	6.497225284576416
21	6.544714450836182
21	6.321712017059326
21	6.506732940673828
21	6.554901599884033
21	6.491912364959717
21	6.536734580993652
21	6.603124618530273
21	6.332343101501465
21	6.454351425170898
21	6.621522903442383
21	6.600113868713379
21	6.552461624145508
21	6.460215091705322
21	6.549464702606201
21	6.605496406555176
21	6.582975387573242
21	6.314858913421631
21	6.642219066619873
21	6.473452568054199
21	6.419368743896484
21	6.48426628112793
21	6.5218939781188965
21	6.6392741203308105
21	6.424083709716797
21	6.65731143951416
21	6.609592914581299
21	6.478544235229492
21	6.5337042808532715
21	6.521274089813232
21	6.325756072998047
21	6.3395915031433105
21	6.415441989898682
21	6.597876071929932
21	6.697574615478516
21	6.238873481750488
21	6.669428825378418
21	6.399427890777588
21	6.390598297119141
21	6.5865583419799805
21	6.451580047607422
21	6.48175048828125
21	6.521549224853516
21	6.733891487121582
21	6.486685752868652
21	6.579864501953125
21	6.383700370788574
21	6.540509223937988
21	6.644252300262451
21	6.469457626342773
21	6.626163959503174
21	6.689125061035156
22	6.420395851135254
22	6.566266059875488
22	6.445795059204102
22	6.515328407287598
22	6.5173020362854
22	6.481215000152588
22	6.496670722961426
22	6.503103733062744
22	6.529519557952881
22	6.397468090057373
22	6.355205535888672
22	6.834728240966797
22	6.351429462432861
22	6.419747829437256
22	6.616148471832275
22	6.403669357299805
22	6.645514488220215
22	6.323209762573242
22	6.4957051277160645
22	6.462230205535889
22	6.513367652893066
22	6.393937587738037
22	6.468830585479736
22	6.38507604598999
22	6.5051164627075195
22	6.583770275115967
22	6.534467697143555
22	6.473949432373047
22	6.526729583740234
22	6.3610429763793945
22	6.788841247558594
22	6.560412883758545
22	6.545475959777832
22	6.537740707397461
22	6.514960289001465
22	6.28784704208374
22	6.578469753265381
22	6.612334728240967
22	6.607686519622803
22	6.571320056915283
22	6.439145088195801
22	6.402429103851318
22	6.6187238693237305
22	6.531972408294678
22	6.342959880828857
22	6.351378917694092
22	6.534944534301758
22	6.512001037597656
22	6.347546100616455
22	6.515004634857178
22	6.426697254180908
22	6.468239784240723
22	6.408187389373779
22	6.205000400543213
22	6.657989025115967
22	6.448526859283447
22	6.614387035369873
22	6.393466949462891
22	6.454051494598389
22	6.709237575531006
22	6.506076335906982
22	6.463443756103516
22	6.511035442352295
22	6.719719886779785
22	6.7644782066345215
22	6.663438320159912
22	6.369117736816406
22	6.616396427154541
22	6.3737874031066895
22	6.492520809173584
22	6.460785865783691
22	6.401543140411377
22	6.447324752807617
22	6.421159744262695
22	6.512084007263184
22	6.516695499420166
22	6.595552921295166
22	6.480537414550781
22	6.563343048095703
22	6.280415058135986
22	6.674491882324219
22	6.6928277015686035
22	6.519284725189209
22	6.464227676391602
22	6.527613639831543
22	6.477997779846191
22	6.616332530975342
22	6.482473373413086
22	6.604736804962158
22	6.500982284545898
22	6.4490132331848145
22	6.431158065795898
22	6.51102876663208
22	6.692965030670166
22	6.702466011047363
22	6.470051288604736
22	6.410473823547363
22	6.610053062438965
22	6.334113597869873
22	6.6352739334106445
22	6.615741729736328
22	6.485262393951416
22	6.639012336730957
22	6.585057258605957
22	6.719444751739502
22	6.554654121398926
22	6.563697338104248
22	6.439131259918213
22	6.459924221038818
22	6.429373264312744
22	6.499912738800049
22	6.37990140914917
22	6.442227363586426
22	6.550806522369385
22	6.561957359313965
22	6.569501876831055
22	6.664046287536621
22	6.45343542098999
22	6.445584774017334
22	6.47536039352417
22	6.4224042892456055
22	6.357924938201904
22	6.634617328643799
22	6.6125593185424805
22	6.302923202514648
22	6.4223504066467285
22	6.43595027923584
22	6.563104629516602
22	6.537487030029297
22	6.3750691413879395
22	6.4669013023376465
22	6.535163402557373
22	6.379715442657471
22	6.321074962615967
22	6.4098992347717285
22	6.52761697769165
22	6.486753940582275
22	6.5687055587768555
22	6.538070201873779
22	6.607778549194336
22	6.5231099128723145
22	6.571216583251953
22	6.646723747253418
22	6.445688724517822
22	6.480622291564941
22	6.703207492828369
22	6.657917499542236
22	6.789735317230225
22	6.692102432250977
22	6.429570198059082
22	6.616111755371094
22	6.478488445281982
22	6.486254692077637
22	6.608691692352295
22	6.40452241897583
22	6.580494403839111
22	6.444139003753662
22	6.6307525634765625
22	6.384340286254883
22	6.413867950439453
22	6.237711429595947
22	6.568428039550781
22	6.270998001098633
22	6.461633682250977
22	6.58331823348999
22	6.6306986808776855
22	6.611652374267578
22	6.399080753326416
22	6.503760814666748
22	6.42864990234375
22	6.663914203643799
22	6.447673320770264
22	6.461935520172119
22	6.46254301071167
22	6.525889873504639
22	6.423173904418945
22	6.684481620788574
22	6.513036727905273
22	6.490849018096924
22	6.54723596572876
22	6.38934850692749
22	6.397837162017822
22	6.53895378112793
22	6.690174102783203
22	6.437464237213135
22	6.633263111114502
22	6.425673484802246
22	6.517773151397705
22	6.401485919952393
22	6.544822692871094
22	6.5240397453308105
22	6.67282247543335
22	6.756977558135986
22	6.441260814666748
22	6.456017971038818
22	6.55985689163208
22	6.49884557723999
22	6.418821334838867
22	6.346695423126221
22	6.469848155975342
22	6.3743743896484375
22	6.489625930786133
22	6.652914524078369
22	6.456905841827393
22	6.534465312957764
22	6.423206329345703
22	6.401048183441162
22	6.617319583892822
22	6.419760227203369
22	6.540953159332275
22	6.565069675445557
22	6.402182102203369
22	6.447036266326904
22	6.484917163848877
22	6.435064315795898
22	6.372191905975342
22	6.501380443572998
22	6.1975321769714355
22	6.488850116729736
22	6.669248580932617
22	6.516372203826904
22	6.790530204772949
22	6.697816371917725
22	6.404710292816162
22	6.594913482666016
22	6.601141929626465
22	6.504400730133057
22	6.556074619293213
22	6.346278667449951
22	6.469899654388428
22	6.60463285446167
22	6.3260111808776855
22	6.437170028686523
22	6.752528190612793
22	6.287535190582275
22	6.441188335418701
22	6.555840969085693
22	6.3649773597717285
22	6.694577693939209
22	6.4221367835998535
22	6.461851596832275
22	6.622628688812256
22	6.47037935256958
22	6.802768707275391
22	6.691283226013184
22	6.3772711753845215
22	6.595795154571533
22	6.525671005249023
22	6.631796360015869
22	6.446235179901123
22	6.377928733825684
22	6.481231689453125
22	6.594448566436768
22	6.514423370361328
22	6.578597545623779
22	6.48314905166626
22	6.494851589202881
22	6.414881706237793
22	6.599251747131348
22	6.476222515106201
22	6.483872890472412
22	6.595448970794678
22	6.782122611999512
22	6.582332611083984
22	6.656785488128662
22	6.482849597930908
22	6.176529407501221
22	6.462995529174805
22	6.4510722160339355
22	6.5930328369140625
22	6.451010704040527
22	6.52552604675293
22	6.514890670776367
22	6.371623516082764
22	6.470984935760498
22	6.550414085388184
22	6.368743419647217
22	6.512686252593994
22	6.5551438331604
22	6.51623010635376
22	6.60129451751709
22	6.542457580566406
22	6.5230302810668945
22	6.596547603607178
22	6.638528823852539
22	6.430383205413818
22	6.417234420776367
22	6.429425239562988
22	6.209202289581299
22	6.278485298156738
22	6.514251708984375
22	6.513708591461182
22	6.275862216949463
22	6.5069756507873535
22	6.64421272277832
22	6.677728652954102
22	6.348423004150391
22	6.618485450744629
22	6.516164779663086
22	6.557258129119873
22	6.5080156326293945
22	6.530743598937988
22	6.477540969848633
22	6.4091572761535645
22	6.535088062286377
22	6.542530059814453
22	6.593255043029785
22	6.666677474975586
22	6.583609104156494
22	6.42842960357666
22	6.492062568664551
22	6.503469944000244
22	6.420928478240967
22	6.364887714385986
22	6.626866340637207
22	6.637295722961426
22	6.570085525512695
22	6.572353839874268
22	6.508808612823486
22	6.470907688140869
22	6.536555767059326
22	6.576672554016113
22	6.488758563995361
22	6.497921466827393
22	6.622340679168701
22	6.603975772857666
22	6.467437744140625
22	6.45059061050415
22	6.646585941314697
22	6.396331310272217
22	6.661314010620117
22	6.401205062866211
22	6.445774078369141
22	6.410820007324219
22	6.568783283233643
22	6.438171863555908
22	6.353734016418457
22	6.649462699890137
22	6.550363540649414
22	6.469584941864014
22	6.486900806427002
22	6.628978252410889
22	6.436063289642334
22	6.491040229797363
22	6.352913856506348
22	6.449533462524414
22	6.433411598205566
22	6.5221405029296875
22	6.391524314880371
22	6.419897556304932
22	6.566004753112793
22	6.581591606140137
22	6.308445453643799
22	6.375381946563721
22	6.222692012786865
22	6.514235973358154
22	6.669145584106445
22	6.5958147048950195
22	6.444165229797363
22	6.305893898010254
22	6.396714687347412
22	6.563663959503174
22	6.505405902862549
22	6.293737888336182
22	6.370244979858398
22	6.421904563903809
22	6.42574405670166
22	6.503032684326172
22	6.414364337921143
22	6.560703277587891
22	6.430630683898926
22	6.581125259399414
22	6.662384510040283
22	6.497935771942139
22	6.4976935386657715
22	6.33817195892334
22	6.5852131843566895
22	6.6359052658081055
22	6.497152805328369
22	6.454419136047363
22	6.580620765686035
22	6.745151996612549
22	6.782784461975098
22	6.596905708312988
22	6.561738014221191
22	6.619063377380371
22	6.613213539123535
23	6.479658126831055
23	6.462218761444092
23	6.616950035095215
23	6.368886947631836
23	6.495602130889893
23	6.265085697174072
23	6.697936058044434
23	6.543830871582031
23	6.443466663360596
23	6.454583168029785
23	6.73204231262207
23	6.666253566741943
23	6.382296562194824
23	6.41439151763916
23	6.513872146606445
23	6.3380045890808105
23	6.563648223876953
23	6.562863349914551
23	6.568304538726807
23	6.412428855895996
23	6.549851417541504
23	6.462977886199951
23	6.465770721435547
23	6.527371883392334
23	6.630941390991211
23	6.427490711212158
23	6.362828254699707
23	6.75557804107666
23	6.5446953773498535
23	6.499390602111816
23	6.540520668029785
23	6.332240104675293
23	6.352449417114258
23	6.49983549118042
23	6.522975921630859
23	6.857659339904785
23	6.696381092071533
23	6.276311874389648
23	6.355348587036133
23	6.631320953369141
23	6.385740280151367
23	6.577165126800537
23	6.784793853759766
23	6.482776641845703
23	6.589081287384033
23	6.46693229675293
23	6.473247528076172
23	6.5066070556640625
23	6.432180404663086
23	6.433264255523682
23	6.388156414031982
23	6.375073432922363
23	6.403672218322754
23	6.550647258758545
23	6.223437786102295
23	6.508942604064941
23	6.421189785003662
23	6.544072151184082
23	6.413203716278076
23	6.365310192108154
23	6.371944904327393
23	6.933043003082275
23	6.663142204284668
23	6.527112007141113
23	6.460127830505371
23	6.38075065612793
23	6.452922821044922
23	6.348712921142578
23	6.572452545166016
23	6.5521016120910645
23	6.484843730926514
23	6.5724310874938965
23	6.507974624633789
23	6.574371814727783
23	6.524660110473633
23	6.539344787597656
23	6.437740802764893
23	6.554697513580322
23	6.441768646240234
23	6.580310821533203
23	6.435278415679932
23	6.355414390563965
23	6.462606906890869
23	6.726473808288574
23	6.698971748352051
23	6.389575958251953
23	6.7011260986328125
23	6.657911777496338
23	6.511701583862305
23	6.416243553161621
23	6.63889217376709
23	6.517538070678711
23	6.419039726257324
23	6.491335391998291
23	6.325760841369629
23	6.5673418045043945
23	6.6937761306762695
23	6.548154830932617
23	6.587522506713867
23	6.696299076080322
23	6.411243438720703
23	6.440939903259277
23	6.510954856872559
23	6.553079605102539
23	6.7081146240234375
23	6.42244815826416
23	6.682487487792969
23	6.681014060974121
23	6.520211219787598
23	6.61886739730835
23	6.2018561363220215
23	6.444262981414795
23	6.401477813720703
23	6.727280616760254
23	6.319533824920654
23	6.565431118011475
23	6.629120826721191
23	6.670053005218506
23	6.552672863006592
23	6.41519021987915
23	6.347674369812012
23	6.413122653961182
23	6.484455585479736
23	6.428282737731934
23	6.509026050567627
23	6.425563812255859
23	6.609774589538574
23	6.526259899139404
23	6.258693695068359
23	6.697167873382568
23	6.5670905113220215
23	6.343094825744629
23	6.313867092132568
23	6.576054096221924
23	6.5530524253845215
23	6.550480842590332
23	6.495949745178223
23	6.494019508361816
23	6.59078311920166
23	6.399752616882324
23	6.710921764373779
23	6.66507625579834
23	6.346256256103516
23	6.626960277557373
23	6.681329250335693
23	6.594751358032227
23	6.560534477233887
23	6.454666614532471
23	6.555271625518799
23	6.4604878425598145
23	6.3207621574401855
23	6.46685266494751
23	6.549384593963623
23	6.500802993774414
23	6.485433578491211
23	6.527493476867676
23	6.536656379699707
23	6.575945854187012
23	6.431365966796875
23	6.713739395141602
23	6.505878925323486
23	6.395223617553711
23	6.51487398147583
23	6.582449913024902
23	6.631985187530518
23	6.647294044494629
23	6.494750022888184
23	6.494962692260742
23	6.555135250091553
23	6.6822190284729
23	6.651810646057129
23	6.595615863800049
23	6.423224449157715
23	6.520830154418945
23	6.4726104736328125
23	6.600855350494385
23	6.4712934494018555
23	6.443365097045898
23	6.435231685638428
23	6.483173847198486
23	6.66274881362915
23	6.559952735900879
23	6.196732044219971
23	6.493865489959717
23	6.543239593505859
23	6.440388202667236
23	6.758190155029297
23	6.437230110168457
23	6.6057586669921875
23	6.452883243560791
23	6.468007564544678
23	6.5165486335754395
23	6.415670871734619
23	6.587735176086426
23	6.438859462738037
23	6.675888538360596
23	6.407479763031006
23	6.450577259063721
23	6.654344081878662
23	6.592021942138672
23	6.480578899383545
23	6.409794807434082
23	6.515122890472412
23	6.515158653259277
23	6.366468906402588
23	6.411771297454834
23	6.529933929443359
23	6.437112808227539
23	6.396343231201172
23	6.465970993041992
23	6.315873146057129
23	6.390475749969482
23	6.5567827224731445
23	6.31223201751709
23	6.643317699432373
23	6.312039375305176
23	6.494654178619385
23	6.549301624298096
23	6.498563766479492
23	6.483709335327148
23	6.489363193511963
23	6.548657417297363
23	6.391554832458496
23	6.498315811157227
23	6.572427272796631
23	6.723128795623779
23	6.507405757904053
23	6.477743148803711
23	6.353975296020508
23	6.431137561798096
23	6.478780746459961
23	6.207810401916504
23	6.5713396072387695
23	6.581097602844238
23	6.711231708526611
23	6.5904412269592285
23	6.461277484893799
23	6.517914295196533
23	6.527829170227051
23	6.576446533203125
23	6.579519271850586
23	6.543121337890625
23	6.503569602966309
23	6.594400882720947
23	6.570709705352783
23	6.426830768585205
23	6.415735721588135
23	6.342859268188477
23	6.52387809753418
23	6.3549723625183105
23	6.297249794006348
23	6.556400775909424
23	6.409553527832031
23	6.732992172241211
23	6.2612690925598145
23	6.42602014541626
23	6.565948486328125
23	6.647787094116211
23	6.637892723083496
23	6.487955093383789
23	6.635618686676025
23	6.48788595199585
23	6.6232171058654785
23	6.416006565093994
23	6.366856098175049
23	6.578352451324463
23	6.499260902404785
23	6.874527454376221
23	6.425617694854736
23	6.428067684173584
23	6.5659942626953125
23	6.253180980682373
23	6.822084426879883
23	6.63869571685791
23	6.4796881675720215
23	6.355125904083252
23	6.47178840637207
23	6.355215549468994
23	6.633253574371338
23	6.654289245605469
23	6.532622337341309
23	6.633692741394043
23	6.43336296081543
23	6.4500203132629395
23	6.450903415679932
23	6.719820022583008
23	6.483203411102295
23	6.6563873291015625
23	6.602789402008057
23	6.485040187835693
23	6.714075565338135
23	6.55330228805542
23	6.673146724700928
23	6.421213150024414
23	6.421885013580322
23	6.379429817199707
23	6.472334384918213
23	6.541901111602783
23	6.349761009216309
23	6.568088054656982
23	6.503083229064941
23	6.5336480140686035
23	6.4189372062683105
23	6.530642986297607
23	6.349707126617432
23	6.584846496582031
23	6.328293800354004
23	6.424412727355957
23	6.606543064117432
23	6.382834434509277
23	6.425026893615723
23	6.63627290725708
23	6.628880977630615
23	6.5164103507995605
23	6.520607948303223
23	6.374623775482178
23	6.46962833404541
23	6.4932169914245605
23	6.550124645233154
23	6.536653518676758
23	6.630583763122559
23	6.630434513092041
23	6.468038558959961
23	6.573860168457031
23	6.441562652587891
23	6.578497886657715
23	6.657175540924072
23	6.623980522155762
23	6.3464436531066895
23	6.4450788497924805
23	6.691576957702637
23	6.618244647979736
23	6.228909969329834
23	6.530921459197998
23	6.6760358810424805
23	6.587376117706299
23	6.4038004875183105
23	6.567072868347168
23	6.479925632476807
23	6.3212175369262695
23	6.356053352355957
23	6.498476028442383
23	6.605166435241699
23	6.566322326660156
23	6.118845462799072
23	6.3564453125
23	6.827086925506592
23	6.4961981773376465
23	6.508752346038818
23	6.4327392578125
23	6.46196985244751
23	6.615205764770508
23	6.694499492645264
23	6.490053653717041
23	6.311508655548096
23	6.272683143615723
23	6.526804447174072
23	6.407272815704346
23	6.5207648277282715
23	6.48909854888916
23	6.479624271392822
23	6.502140522003174
23	6.66302490234375
23	6.306295871734619
23	6.530329704284668
23	6.224830150604248
23	6.7050042152404785
23	6.5656352043151855
23	6.244441509246826
23	6.371906280517578
23	6.535308837890625
23	6.564702033996582
23	6.346096992492676
23	6.488743782043457
23	6.523350238800049
23	6.454659938812256
23	6.448410987854004
23	6.604609489440918
23	6.524363040924072
23	6.486959457397461
23	6.574721813201904
23	6.3174309730529785
23	6.410276889801025
23	6.300154685974121
23	6.502743721008301
23	6.452902793884277
23	6.458243370056152
24	6.333810329437256
24	6.739983081817627
24	6.561440944671631
24	6.032948017120361
24	6.659442901611328
24	6.603691577911377
24	6.611694812774658
24	6.563956260681152
24	6.517546653747559
24	6.501319408416748
24	6.419931411743164
24	6.340562343597412
24	6.43837308883667
24	6.640254497528076
24	6.683176040649414
24	6.498977184295654
24	6.440373420715332
24	6.598737716674805
24	6.196652889251709
24	6.602684497833252
24	6.534965515136719
24	6.481729984283447
24	6.568597793579102
24	6.645715236663818
24	6.6660075187683105
24	6.573633193969727
24	6.453922748565674
24	6.322187900543213
24	6.511097431182861
24	6.632867336273193
24	6.518657684326172
24	6.379514217376709
24	6.492911338806152
24	6.448763370513916
24	6.528091907501221
24	6.452449798583984
24	6.569986820220947
24	6.583995819091797
24	6.50431489944458
24	6.229128360748291
24	6.624058246612549
24	6.571946620941162
24	6.534621238708496
24	6.543581962585449
24	6.323791027069092
24	6.684248447418213
24	6.430994987487793
24	6.387813091278076
24	6.4114251136779785
24	6.344392776489258
24	6.618830680847168
24	6.476285934448242
24	6.514185905456543
24	6.607344627380371
24	6.490253925323486
24	6.422370433807373
24	6.555778980255127
24	6.561107158660889
24	6.566823959350586
24	6.545843601226807
24	6.741480350494385
24	6.773732662200928
24	6.342347621917725
24	6.63595724105835
24	6.657812118530273
24	6.620069980621338
24	6.478361129760742
24	6.656463623046875
24	6.600803852081299
24	6.465338230133057
24	6.466317653656006
24	6.623900413513184
24	6.492794990539551
24	6.547797203063965
24	6.38837194442749
24	6.549200057983398
24	6.473544597625732
24	6.485166072845459
24	6.483973503112793
24	6.295865058898926
24	6.38461971282959
24	6.258680820465088
24	6.810088157653809
24	6.4253249168396
24	6.6139984130859375
24	6.472054481506348
24	6.3650665283203125
24	6.517231464385986
24	6.620111465454102
24	6.55112361907959
24	6.312463760375977
24	6.411513805389404
24	6.581052780151367
24	6.492923259735107
24	6.743544101715088
24	6.55495023727417
24	6.462821960449219
24	6.435630798339844
24	6.560154438018799
24	6.3373637199401855
24	6.62789249420166
24	6.55211067199707
24	6.662975311279297
24	6.545084476470947
24	6.3212385177612305
24	6.44309139251709
24	6.582371711730957
24	6.449813365936279
24	6.511860370635986
24	6.643413066864014
24	6.70065975189209
24	6.713253498077393
24	6.781638145446777
24	6.4653520584106445
24	6.441001892089844
24	6.385946750640869
24	6.358077526092529
24	6.578165531158447
24	6.661111354827881
24	6.490956783294678
24	6.466837406158447
24	6.366408348083496
24	6.608493328094482
24	6.548717975616455
24	6.503577709197998
24	6.667878150939941
24	6.31685209274292
24	6.399293899536133
24	6.35585880279541
24	6.3649139404296875
24	6.407679557800293
24	6.707121849060059
24	6.52571439743042
24	6.405771732330322
24	6.337362289428711
24	6.5981268882751465
24	6.483705043792725
24	6.445742607116699
24	6.275699615478516
24	6.498241424560547
24	6.569522857666016
24	6.593531608581543
24	6.407618045806885
24	6.420655250549316
24	6.604030132293701
24	6.545347690582275
24	6.53187370300293
24	6.502861022949219
24	6.417966365814209
24	6.513114929199219
24	6.443676471710205
24	6.566284656524658
24	6.614782333374023
24	6.47589111328125
24	6.663773536682129
24	6.382905006408691
24	6.692930221557617
24	6.406412124633789
24	6.284363746643066
24	6.645134925842285
24	6.461734771728516
24	6.386303901672363
24	6.466142177581787
24	6.35093355178833
24	6.36407995223999
24	6.583323001861572
24	6.428859233856201
24	6.668312072753906
24	6.525604724884033
24	6.510255813598633
24	6.629081726074219
24	6.584422588348389
24	6.468676567077637
24	6.493198871612549
24	6.435011386871338
24	6.487626552581787
24	6.553009033203125
24	6.4206390380859375
24	6.514145374298096
24	6.381438255310059
24	6.311201095581055
24	6.620606422424316
24	6.783796310424805
24	6.560240268707275
24	6.589583873748779
24	6.618607521057129
24	6.473061561584473
24	6.379135608673096
24	6.3494062423706055
24	6.416701316833496
24	6.454502105712891
24	6.470569610595703
24	6.4033613204956055
24	6.524364471435547
24	6.377391815185547
24	6.41497802734375
24	6.364301681518555
24	6.503011703491211
24	6.546747207641602
24	6.397169589996338
24	6.516119956970215
24	6.493677139282227
24	6.4520721435546875
24	6.445587635040283
24	6.508208751678467
24	6.464921474456787
24	6.466819763183594
24	6.495694637298584
24	6.599822998046875
24	6.481130123138428
24	6.606626510620117
24	6.580458641052246
24	6.324232578277588
24	6.4030375480651855
24	6.552221775054932
24	6.622485160827637
24	6.436452865600586
24	6.38021183013916
24	6.4864959716796875
24	6.446872234344482
24	6.36686372756958
24	6.429418087005615
24	6.518068313598633
24	6.435765743255615
24	6.270602703094482
24	6.493290424346924
24	6.478450775146484
24	6.655210018157959
24	6.449146747589111
24	6.501927852630615
24	6.6629486083984375
24	6.762100696563721
24	6.4295806884765625
24	6.501252174377441
24	6.284189701080322
24	6.501854419708252
24	6.343279838562012
24	6.539484977722168
24	6.5334930419921875
24	6.522672653198242
24	6.696635723114014
24	6.407480239868164
24	6.680086612701416
24	6.397367477416992
24	6.34976863861084
24	6.524113655090332
24	6.598905086517334
24	6.358910083770752
24	6.532321929931641
24	6.355823040008545
24	6.6251912117004395
24	6.434197902679443
24	6.509179592132568
24	6.495065689086914
24	6.523542881011963
24	6.540459632873535
24	6.605566024780273
24	6.329032897949219
24	6.522176265716553
24	6.6410112380981445
24	6.4981560707092285
24	6.450721740722656
24	6.38554573059082
24	6.441413879394531
24	6.490880012512207
24	6.570840835571289
24	6.56840705871582
24	6.530355930328369
24	6.324624538421631
24	6.343748569488525
24	6.672771453857422
24	6.43554162979126
24	6.517887115478516
24	6.473736763000488
24	6.431059837341309
24	6.508001327514648
24	6.4844651222229
24	6.643547534942627
24	6.55392599105835
24	6.506297588348389
24	6.549560546875
24	6.591353893280029
24	6.642334938049316
24	6.444245338439941
24	6.506660461425781
24	6.379033088684082
24	6.355228900909424
24	6.303890228271484
24	6.466763496398926
24	6.485485076904297
24	6.550410747528076
24	6.776895999908447
24	6.570967197418213
24	6.587000846862793
24	6.3980631828308105
24	6.4086785316467285
24	6.730479717254639
24	6.488156318664551
24	6.558142185211182
24	6.7142415046691895
24	6.532689094543457
24	6.702767372131348
24	6.538815021514893
24	6.403934001922607
24	6.574082374572754
24	6.537145614624023
24	6.433474540710449
24	6.483524799346924
24	6.474355220794678
24	6.497055530548096
24	6.301802635192871
24	6.56028938293457
24	6.335681438446045
24	6.7649993896484375
24	6.415980815887451
24	6.34197473526001
24	6.455101013183594
24	6.416452407836914
24	6.456767559051514
24	6.452277183532715
24	6.532567024230957
24	6.549854278564453
24	6.619134426116943
24	6.620926856994629
24	6.522965431213379
24	6.411271572113037
24	6.532473087310791
24	6.333950042724609
24	6.661654472351074
24	6.393756866455078
24	6.425530433654785
24	6.362458229064941
24	6.426849842071533
24	6.684177875518799
24	6.321244239807129
24	6.460522651672363
24	6.563470363616943
24	6.620655536651611
24	6.453396320343018
24	6.452463626861572
24	6.371999740600586
24	6.4383015632629395
24	6.71274995803833
24	6.444802284240723
24	6.4085259437561035
24	6.624853610992432
24	6.434379577636719
24	6.424108028411865
24	6.757839202880859
24	6.587463855743408
24	6.5215911865234375
24	6.686245441436768
24	6.609989166259766
24	6.560024738311768
24	6.411012649536133
24	6.372354030609131
24	6.451329231262207
24	6.503942966461182
24	6.332792282104492
24	6.599983215332031
24	6.58828067779541
24	6.477812767028809
24	6.470002174377441
24	6.463909149169922
24	6.559988975524902
24	6.436371326446533
24	6.557541847229004
24	6.330085754394531
24	6.550893783569336
24	6.465508460998535
24	6.391359329223633
24	6.505745887756348
24	6.567890644073486
24	6.7209038734436035
24	6.514508247375488
24	6.430263996124268
24	6.602504253387451
24	6.57353401184082
24	6.381618022918701
24	6.587882995605469
24	6.552680492401123
24	6.661424160003662
24	6.650346755981445
24	6.568648815155029
24	6.400819778442383
24	6.421955585479736
24	6.48948335647583
25	6.6043548583984375
25	6.59373140335083
25	6.404306411743164
25	6.580824851989746
25	6.415343761444092
25	6.3222150802612305
25	6.5242109298706055
25	6.55558443069458
25	6.475896835327148
25	6.632439136505127
25	6.617630481719971
25	6.287726402282715
25	6.398568630218506
25	6.40329647064209
25	6.37215518951416
25	6.252091407775879
25	6.5374956130981445
25	6.554698467254639
25	6.256804943084717
25	6.359606742858887
25	6.454272747039795
25	6.45879602432251
25	6.616753578186035
25	6.642039775848389
25	6.5785722732543945
25	6.550326824188232
25	6.62564754486084
25	6.511163711547852
25	6.614353656768799
25	6.3409199714660645
25	6.380131721496582
25	6.335590839385986
25	6.599609375
25	6.717706680297852
25	6.496185779571533
25	6.551336288452148
25	6.671321868896484
25	6.661663055419922
25	6.507387638092041
25	6.386957168579102
25	6.462018966674805
25	6.469430923461914
25	6.498750686645508
25	6.594096660614014
25	6.659597873687744
25	6.610729694366455
25	6.333189964294434
25	6.336045742034912
25	6.554727554321289
25	6.385130405426025
25	6.287682056427002
25	6.478236675262451
25	6.5639967918396
25	6.432831287384033
25	6.55933141708374
25	6.4405388832092285
25	6.655369758605957
25	6.708098888397217
25	6.528315544128418
25	6.456641674041748
25	6.456272125244141
25	6.580737590789795
25	6.541641712188721
25	6.529317855834961
25	6.4852728843688965
25	6.476629257202148
25	6.569764614105225
25	6.3810906410217285
25	6.588143348693848
25	6.4085164070129395
25	6.621023178100586
25	6.444164752960205
25	6.460092544555664
25	6.211559295654297
25	6.521305084228516
25	6.477719306945801
25	6.413747787475586
25	6.508753299713135
25	6.455461025238037
25	6.543844223022461
25	6.366676330566406
25	6.757889270782471
25	6.573531150817871
25	6.484414100646973
25	6.6358256340026855
25	6.4528985023498535
25	6.5272088050842285
25	6.58010196685791
25	6.6478376388549805
25	6.392014026641846
25	6.637172698974609
25	6.565624713897705
25	6.599017143249512
25	6.5089240074157715
25	6.4679765701293945
25	6.556502342224121
25	6.576806545257568
25	6.455692768096924
25	6.324246406555176
25	6.649327278137207
25	6.641106605529785
25	6.4848551750183105
25	6.659396648406982
25	6.677382946014404
25	6.447043418884277
25	6.461245536804199
25	6.378852844238281
25	6.431475639343262
25	6.4364118576049805
25	6.358651638031006
25	6.54235315322876
25	6.557994842529297
25	6.64609956741333
25	6.496035575866699
25	6.434920310974121
25	6.651300430297852
25	6.662874698638916
25	6.815650939941406
25	6.3821210861206055
25	6.451785087585449
25	6.527170658111572
25	6.7738847732543945
25	6.566793918609619
25	6.329549789428711
25	6.289825439453125
25	6.550372123718262
25	6.470361709594727
25	6.422570705413818
25	6.284858703613281
25	6.495072841644287
25	6.652656078338623
25	6.55452299118042
25	6.381216526031494
25	6.454809665679932
25	6.428520679473877
25	6.392972946166992
25	6.30692195892334
25	6.334222793579102
25	6.40047550201416
25	6.479308605194092
25	6.421380043029785
25	6.5637125968933105
25	6.548404693603516
25	6.874792575836182
25	6.530721664428711
25	6.415594100952148
25	6.442582607269287
25	6.528653144836426
25	6.493287086486816
25	6.474668979644775
25	6.34990119934082
25	6.495973587036133
25	6.432171821594238
25	6.505804061889648
25	6.314057350158691
25	6.62631893157959
25	6.428532600402832
25	6.438774108886719
25	6.5030436515808105
25	6.463264465332031
25	6.434330463409424
25	6.520276069641113
25	6.489068031311035
25	6.548398971557617
25	6.61514139175415
25	6.331624984741211
25	6.564976215362549
25	6.3373260498046875
25	6.406734943389893
25	6.4267754554748535
25	6.498474597930908
25	6.537510395050049
25	6.290220737457275
25	6.527671813964844
25	6.538122177124023
25	6.630193710327148
25	6.220866680145264
25	6.442798137664795
25	6.450334072113037
25	6.635432720184326
25	6.300032138824463
25	6.460163593292236
25	6.461437225341797
25	6.680863380432129
25	6.335125923156738
25	6.541218280792236
25	6.5758209228515625
25	6.53278923034668
25	6.362620830535889
25	6.584855079650879
25	6.629699230194092
25	6.321059226989746
25	6.509216785430908
25	6.497381687164307
25	6.390292167663574
25	6.509495258331299
25	6.450421333312988
25	6.723906517028809
25	6.793046951293945
25	6.479714393615723
25	6.6286725997924805
25	6.5625529289245605
25	6.5201735496521
25	6.455018997192383
25	6.478504657745361
25	6.568725109100342
25	6.5613298416137695
25	6.294979572296143
25	6.666937828063965
25	6.302528381347656
25	6.416994094848633
25	6.461023807525635
25	6.4629292488098145
25	6.640064239501953
25	6.435288429260254
25	6.582102298736572
25	6.423242092132568
25	6.570059299468994
25	6.706095218658447
25	6.53388786315918
25	6.442404270172119
25	6.477087020874023
25	6.611279010772705
25	6.38336181640625
25	6.467893123626709
25	6.511538982391357
25	6.48711633682251
25	6.502676486968994
25	6.423807621002197
25	6.298906326293945
25	6.587566375732422
25	6.438384532928467
25	6.436652660369873
25	6.525863170623779
25	6.603447437286377
25	6.5792765617370605
25	6.570185661315918
25	6.518675327301025
25	6.293926239013672
25	6.563691139221191
25	6.648970127105713
25	6.500175952911377
25	6.522584915161133
25	6.637707710266113
25	6.472570419311523
25	6.522140979766846
25	6.365729331970215
25	6.43149995803833
25	6.35400390625
25	6.336496829986572
25	6.690464019775391
25	6.529561519622803
25	6.735146522521973
25	6.3614654541015625
25	6.536553859710693
25	6.375866889953613
25	6.395576000213623
25	6.698254585266113
25	6.377984523773193
25	6.491545677185059
25	6.528026103973389
25	6.463964462280273
25	6.3839521408081055
25	6.428014755249023
25	6.6078643798828125
25	6.535645484924316
25	6.710816860198975
25	6.485677242279053
25	6.513627052307129
25	6.47877836227417
25	6.489613056182861
25	6.575434684753418
25	6.4962639808654785
25	6.543629169464111
25	6.5015549659729
25	6.544435024261475
25	6.519991874694824
25	6.320731163024902
25	6.474382400512695
25	6.418475151062012
25	6.441926002502441
25	6.536713123321533
25	6.391103744506836
25	6.203458309173584
25	6.628770351409912
25	6.559323787689209
25	6.394364833831787
25	6.150462627410889
25	6.806692600250244
25	6.389103412628174
25	6.460898399353027
25	6.709832191467285
25	6.4910149574279785
25	6.495009422302246
25	6.611724376678467
25	6.446579456329346
25	6.548593997955322
25	6.697964191436768
25	6.408429145812988
25	6.479599952697754
25	6.613080978393555
25	6.44882345199585
25	6.345602989196777
25	6.4478278160095215
25	6.2358479499816895
25	6.583986282348633
25	6.622347354888916
25	6.401700019836426
25	6.584451675415039
25	6.509011745452881
25	6.489639759063721
25	6.5371413230896
25	6.421054363250732
25	6.36181116104126
25	6.541625499725342
25	6.409690856933594
25	6.5588788986206055
25	6.406654357910156
25	6.638937950134277
25	6.325091361999512
25	6.587527751922607
25	6.705073356628418
25	6.502109527587891
25	6.560659408569336
25	6.428055763244629
25	6.483630180358887
25	6.574137210845947
25	6.848376274108887
25	6.530006408691406
25	6.604053497314453
25	6.4048357009887695
25	6.561163425445557
25	6.504600524902344
25	6.596259117126465
25	6.578474044799805
25	6.296855926513672
25	6.580211639404297
25	6.555469036102295
25	6.4356513023376465
25	6.500541687011719
25	6.360831260681152
25	6.412446022033691
25	6.47954797744751
25	6.5406880378723145
25	6.545341491699219
25	6.498767852783203
25	6.360545635223389
25	6.526741981506348
25	6.522902011871338
25	6.617843151092529
25	6.378692150115967
25	6.523193359375
25	6.543178081512451
25	6.662725448608398
25	6.648934364318848
25	6.514675617218018
25	6.500087261199951
25	6.417761325836182
25	6.411787509918213
25	6.649523735046387
25	6.4862847328186035
25	6.537214756011963
25	6.475315093994141
25	6.6177215576171875
25	6.677608013153076
25	6.37902307510376
25	6.502566814422607
25	6.624769687652588
25	6.314184188842773
25	6.58212947845459
25	6.533103942871094
25	6.269754886627197
25	6.333596229553223
25	6.293760776519775
25	6.432491779327393
25	6.536007881164551
25	6.4255452156066895
25	6.486613750457764
25	6.596404552459717
25	6.5879998207092285
25	6.3973541259765625
25	6.580073833465576
25	6.499230861663818
25	6.519217014312744
25	6.389247417449951
25	6.401878833770752
25	6.595291614532471
26	6.313440799713135
26	6.381104946136475
26	6.55122184753418
26	6.432077407836914
26	6.399204254150391
26	6.649989604949951
26	6.530733108520508
26	6.502470970153809
26	6.566620349884033
26	6.318375110626221
26	6.504421234130859
26	6.4293646812438965
26	6.29302978515625
26	6.493369102478027
26	6.275774002075195
26	6.455924034118652
26	6.492081642150879
26	6.534731388092041
26	6.429666519165039
26	6.533528804779053
26	6.48146915435791
26	6.542690753936768
26	6.641634941101074
26	6.513521194458008
26	6.2043867111206055
26	6.214688301086426
26	6.594130992889404
26	6.382630825042725
26	6.502955436706543
26	6.418620586395264
26	6.463338851928711
26	6.5101213455200195
26	6.35191011428833
26	6.681839942932129
26	6.4381232261657715
26	6.650259494781494
26	6.365086078643799
26	6.317477703094482
26	6.424840450286865
26	6.3910112380981445
26	6.670544147491455
26	6.615528583526611
26	6.42935848236084
26	6.572088241577148
26	6.377528667449951
26	6.548846244812012
26	6.573294162750244
26	6.332925319671631
26	6.381601810455322
26	6.537028789520264
26	6.52782678604126
26	6.079338073730469
26	6.433358669281006
26	6.393197059631348
26	6.605413913726807
26	6.4997878074646
26	6.528229713439941
26	6.582118034362793
26	6.576540470123291
26	6.381555557250977
26	6.496922969818115
26	6.562806606292725
26	6.497209548950195
26	6.707550525665283
26	6.534341335296631
26	6.337447643280029
26	6.551572322845459
26	6.556381702423096
26	6.555370330810547
26	6.5362653732299805
26	6.365569114685059
26	6.6986284255981445
26	6.38934326171875
26	6.490643501281738
26	6.297523021697998
26	6.566610813140869
26	6.511963844299316
26	6.473809719085693
26	6.347994327545166
26	6.340883731842041
26	6.439453125
26	6.500630855560303
26	6.734877586364746
26	6.606554985046387
26	6.388166427612305
26	6.3015875816345215
26	6.5713396072387695
26	6.5485029220581055
26	6.656098365783691
26	6.223574161529541
26	6.453465461730957
26	6.4761552810668945
26	6.354435443878174
26	6.59728479385376
26	6.42539119720459
26	6.545486927032471
26	6.533726215362549
26	6.5242228507995605
26	6.494997978210449
26	6.726639270782471
26	6.684294700622559
26	6.374043941497803
26	6.417690753936768
26	6.480077743530273
26	6.387115478515625
26	6.494823932647705
26	6.581526279449463
26	6.365296840667725
26	6.442742347717285
26	6.617326736450195
26	6.486583232879639
26	6.275408744812012
26	6.449197292327881
26	6.4789042472839355
26	6.703568458557129
26	6.418059349060059
26	6.414371490478516
26	6.515731334686279
26	6.458582401275635
26	6.583106994628906
26	6.677426338195801
26	6.45291805267334
26	6.482630252838135
26	6.434954643249512
26	6.581986904144287
26	6.546002388000488
26	6.489077091217041
26	6.281898021697998
26	6.509909629821777
26	6.330000877380371
26	6.794853210449219
26	6.5656585693359375
26	6.4466047286987305
26	6.567758560180664
26	6.563389778137207
26	6.557952880859375
26	6.488565444946289
26	6.363565921783447
26	6.5158185958862305
26	6.475672721862793
26	6.407454967498779
26	6.479101181030273
26	6.156198024749756
26	6.480719566345215
26	6.504145622253418
26	6.534479141235352
26	6.581087112426758
26	6.367212772369385
26	6.381812572479248
26	6.534846782684326
26	6.607959747314453
26	6.382193565368652
26	6.454873561859131
26	6.570262432098389
26	6.304540157318115
26	6.503739833831787
26	6.479598522186279
26	6.53439998626709
26	6.674448013305664
26	6.491364002227783
26	6.534594535827637
26	6.463803768157959
26	6.282468795776367
26	6.651340484619141
26	6.445239067077637
26	6.48621129989624
26	6.612558841705322
26	6.718685626983643
26	6.467837333679199
26	6.499537467956543
26	6.490719318389893
26	6.492010593414307
26	6.304632186889648
26	6.482509136199951
26	6.566412448883057
26	6.520024299621582
26	6.277731418609619
26	6.3446221351623535
26	6.555874347686768
26	6.5862836837768555
26	6.746186256408691
26	6.476975917816162
26	6.535192489624023
26	6.556822776794434
26	6.639509201049805
26	6.679607391357422
26	6.563671588897705
26	6.475051403045654
26	6.26509952545166
26	6.668578624725342
26	6.6362128257751465
26	6.554585933685303
26	6.311590194702148
26	6.589427471160889
26	6.539807319641113
26	6.617936134338379
26	6.289937973022461
26	6.553103923797607
26	6.577930450439453
26	6.378475666046143
26	6.424864292144775
26	6.46409797668457
26	6.583010673522949
26	6.356459140777588
26	6.457709312438965
26	6.568841934204102
26	6.489565849304199
26	6.667045593261719
26	6.668880462646484
26	6.376322269439697
26	6.430737018585205
26	6.546902656555176
26	6.569018363952637
26	6.370009899139404
26	6.346541404724121
26	6.547377109527588
26	6.188092231750488
26	6.669600963592529
26	6.339501857757568
26	6.432534217834473
26	6.707920074462891
26	6.688758373260498
26	6.47731351852417
26	6.572727203369141
26	6.616946220397949
26	6.450371265411377
26	6.4106950759887695
26	6.683663368225098
26	6.293051242828369
26	6.532378673553467
26	6.2999467849731445
26	6.544775009155273
26	6.638458728790283
26	6.426920413970947
26	6.4498982429504395
26	6.4022135734558105
26	6.433778285980225
26	6.576439380645752
26	6.5532402992248535
26	6.713350296020508
26	6.251490116119385
26	6.544150352478027
26	6.652658939361572
26	6.657476902008057
26	6.593620300292969
26	6.265120983123779
26	6.156033039093018
26	6.5840864181518555
26	6.377446174621582
26	6.4829559326171875
26	6.4699387550354
26	6.439950942993164
26	6.493982315063477
26	6.337316513061523
26	6.4462151527404785
26	6.1914567947387695
26	6.524259567260742
26	6.615172863006592
26	6.509650707244873
26	6.3927507400512695
26	6.827119827270508
26	6.587145805358887
26	6.46033239364624
26	6.673043727874756
26	6.4718017578125
26	6.631296634674072
26	6.553807735443115
26	6.3929595947265625
26	6.534294605255127
26	6.451276779174805
26	6.344038486480713
26	6.597052097320557
26	6.569965362548828
26	6.461329460144043
26	6.3418145179748535
26	6.507711410522461
26	6.5282721519470215
26	6.5956196784973145
26	6.602777004241943
26	6.681038856506348
26	6.567379951477051
26	6.3154616355896
26	6.571704387664795
26	6.285669803619385
26	6.347408771514893
26	6.596892356872559
26	6.523525238037109
26	6.5881452560424805
26	6.592249393463135
26	6.4870924949646
26	6.479119300842285
26	6.374093055725098
26	6.535999774932861
26	6.701855182647705
26	6.539267063140869
26	6.478917121887207
26	6.77486515045166
26	6.335235118865967
26	6.493541717529297
26	6.452690124511719
26	6.267871856689453
26	6.489358901977539
26	6.682802200317383
26	6.542344093322754
26	6.348801612854004
26	6.371703147888184
26	6.46051549911499
26	6.490753173828125
26	6.633661270141602
26	6.583358287811279
26	6.338621616363525
26	6.682232856750488
26	6.240914821624756
26	6.371406555175781
26	6.5958380699157715
26	6.480238914489746
26	6.660040378570557
26	6.583029747009277
26	6.637505531311035
26	6.490910053253174
26	6.493192672729492
26	6.532663822174072
26	6.527658462524414
26	6.501151084899902
26	6.496950149536133
26	6.486755847930908
26	6.528893947601318
26	6.466513156890869
26	6.526715278625488
26	6.548123359680176
26	6.6271281242370605
26	6.605795860290527
26	6.568809986114502
26	6.425818920135498
26	6.310839653015137
26	6.478719234466553
26	6.374400615692139
26	6.474879264831543
26	6.206918239593506
26	6.398456573486328
26	6.534186840057373
26	6.621418476104736
26	6.473118782043457
26	6.41386604309082
26	6.583925724029541
26	6.438667297363281
26	6.330718517303467
26	6.512716293334961
26	6.517354965209961
26	6.6139817237854
26	6.533195972442627
26	6.5550947189331055
26	6.70441198348999
26	6.497313976287842
26	6.7752299308776855
26	6.726314067840576
26	6.546241760253906
26	6.372711658477783
26	6.363789081573486
26	6.362015247344971
26	6.2502899169921875
26	6.490540981292725
26	6.475285530090332
26	6.3602190017700195
26	6.551525592803955
26	6.392978668212891
26	6.258479595184326
26	6.4321818351745605
26	6.407952785491943
26	6.378268718719482
26	6.436408042907715
26	6.51335334777832
26	6.340857028961182
26	6.54917573928833
26	6.53304386138916
26	6.3708271980285645
26	6.5097551345825195
26	6.538064479827881
26	6.297528266906738
26	6.4391045570373535
26	6.349954605102539
26	6.453376293182373
26	6.540289402008057
26	6.469700813293457
26	6.439983367919922
26	6.56782341003418
26	6.483905792236328
27	6.7552080154418945
27	6.443711757659912
27	6.679435729980469
27	6.44187068939209
27	6.472879409790039
27	6.488027095794678
27	6.289190769195557
27	6.382774353027344
27	6.565136909484863
27	6.451345443725586
27	6.649165153503418
27	6.483813762664795
27	6.461787700653076
27	6.4342827796936035
27	6.422497272491455
27	6.77801513671875
27	6.618361949920654
27	6.544642925262451
27	6.43304967880249
27	6.42880916595459
27	6.464600563049316
27	6.4807305335998535
27	6.271997928619385
27	6.397617816925049
27	6.299224853515625
27	6.627697944641113
27	6.4620256423950195
27	6.494821548461914
27	6.453541278839111
27	6.353890419006348
27	6.455996990203857
27	6.493922710418701
27	6.301768779754639
27	6.457458019256592
27	6.486029624938965
27	6.541711807250977
27	6.465158939361572
27	6.270704746246338
27	6.648630619049072
27	6.340701580047607
27	6.657135009765625
27	6.375885486602783
27	6.2189130783081055
27	6.435642719268799
27	6.554666996002197
27	6.598175525665283
27	6.53171968460083
27	6.629592418670654
27	6.580874919891357
27	6.579274654388428
27	6.655500411987305
27	6.4674224853515625
27	6.285070419311523
27	6.673646450042725
27	6.604822158813477
27	6.446139335632324
27	6.566122531890869
27	6.393326282501221
27	6.495148181915283
27	6.488296031951904
27	6.383749008178711
27	6.567507743835449
27	6.3756303787231445
27	6.412773132324219
27	6.652853012084961
27	6.534627437591553
27	6.580541610717773
27	6.348292350769043
27	6.510046005249023
27	6.518902778625488
27	6.631114959716797
27	6.433049201965332
27	6.459933757781982
27	6.453107833862305
27	6.423248291015625
27	6.7345170974731445
27	6.713809490203857
27	6.466133117675781
27	6.624838829040527
27	6.41811466217041
27	6.702803611755371
27	6.618471622467041
27	6.37387228012085
27	6.5947136878967285
27	6.561079978942871
27	6.2619404792785645
27	6.562312126159668
27	6.351240634918213
27	6.688384532928467
27	6.456647872924805
27	6.44628381729126
27	6.300869941711426
27	6.4205851554870605
27	6.66299295425415
27	6.267264366149902
27	6.371910572052002
27	6.514554023742676
27	6.336296081542969
27	6.470922946929932
27	6.664194107055664
27	6.32850456237793
27	6.601128101348877
27	6.394381999969482
27	6.545694351196289
27	6.353421211242676
27	6.617077350616455
27	6.360526084899902
27	6.616459369659424
27	6.572385787963867
27	6.551987171173096
27	6.495452404022217
27	6.471088409423828
27	6.746420383453369
27	6.7075371742248535
27	6.2285871505737305
27	6.651750564575195
27	6.303081512451172
27	6.415308952331543
27	6.64259147644043
27	6.220174312591553
27	6.378083229064941
27	6.257284641265869
27	6.468725681304932
27	6.279875755310059
27	6.613706111907959
27	6.464339733123779
27	6.318933486938477
27	6.446024417877197
27	6.324953079223633
27	6.382307529449463
27	6.625990390777588
27	6.37326717376709
27	6.470928192138672
27	6.4235520362854
27	6.481029987335205
27	6.594048023223877
27	6.5271687507629395
27	6.444248676300049
27	6.429378509521484
27	6.452605247497559
27	6.472776412963867
27	6.508423328399658
27	6.3872480392456055
27	6.307713985443115
27	6.592748165130615
27	6.457490921020508
27	6.52100133895874
27	6.467726230621338
27	6.375329971313477
27	6.4161152839660645
27	6.492238521575928
27	6.441293716430664
27	6.263426303863525
27	6.574163436889648
27	6.010814666748047
27	6.445374965667725
27	6.584959030151367
27	6.355648994445801
27	6.4123854637146
27	6.458807468414307
27	6.4939775466918945
27	6.418984413146973
27	6.538019180297852
27	6.58774995803833
27	6.530146598815918
27	6.651117324829102
27	6.371017932891846
27	6.364475727081299
27	6.335135459899902
27	6.23402214050293
27	6.463624000549316
27	6.458889961242676
27	6.59604549407959
27	6.61152458190918
27	6.451107978820801
27	6.412942409515381
27	6.444363594055176
27	6.326202392578125
27	6.281669616699219
27	6.478927135467529
27	6.499996662139893
27	6.3303632736206055
27	6.43638801574707
27	6.605876445770264
27	6.3323974609375
27	6.48040771484375
27	6.508580684661865
27	6.565845489501953
27	6.611763954162598
27	6.418797492980957
27	6.330895900726318
27	6.467503547668457
27	6.512253761291504
27	6.509375095367432
27	6.390899181365967
27	6.6702117919921875
27	6.604956150054932
27	6.464053153991699
27	6.6530561447143555
27	6.509467124938965
27	6.47747278213501
27	6.570624351501465
27	6.46665620803833
27	6.537262916564941
27	6.180379390716553
27	6.453920364379883
27	6.492737770080566
27	6.367315292358398
27	6.63205099105835
27	6.3841118812561035
27	6.635558128356934
27	6.602993488311768
27	6.546987056732178
27	6.458205699920654
27	6.388669013977051
27	6.611786842346191
27	6.30931282043457
27	6.504485130310059
27	6.49457311630249
27	6.623831272125244
27	6.44830322265625
27	6.505227565765381
27	6.753798007965088
27	6.367996692657471
27	6.412446022033691
27	6.54741907119751
27	6.33027458190918
27	6.508281230926514
27	6.432476997375488
27	6.451852321624756
27	6.378986835479736
27	6.591184139251709
27	6.500183582305908
27	6.5668416023254395
27	6.418264389038086
27	6.627662181854248
27	6.344919204711914
27	6.695501327514648
27	6.455418586730957
27	6.275916576385498
27	6.360702991485596
27	6.46821403503418
27	6.3465094566345215
27	6.387834072113037
27	6.461555480957031
27	6.585189342498779
27	6.403079032897949
27	6.412084579467773
27	6.610343933105469
27	6.484961986541748
27	6.608645439147949
27	6.471882343292236
27	6.538444519042969
27	6.632471561431885
27	6.5927581787109375
27	6.487541675567627
27	6.5555419921875
27	6.4182634353637695
27	6.575338363647461
27	6.4899115562438965
27	6.533226490020752
27	6.714599132537842
27	6.446290016174316
27	6.351615905761719
27	6.4769463539123535
27	6.40642786026001
27	6.619327068328857
27	6.451920509338379
27	6.393770217895508
27	6.5028486251831055
27	6.2988200187683105
27	6.585041046142578
27	6.782101154327393
27	6.683842658996582
27	6.477068901062012
27	6.384933948516846
27	6.398900032043457
27	6.485935211181641
27	6.421454429626465
27	6.539906024932861
27	6.288724899291992
27	6.442564487457275
27	6.327780723571777
27	6.402292251586914
27	6.553966999053955
27	6.453451156616211
27	6.592602252960205
27	6.368166923522949
27	6.517673969268799
27	6.508804798126221
27	6.416157245635986
27	6.473693370819092
27	6.768250942230225
27	6.560585021972656
27	6.2747321128845215
27	6.737691879272461
27	6.654457092285156
27	6.2608256340026855
27	6.449256896972656
27	6.379433631896973
27	6.551674842834473
27	6.3407511711120605
27	6.391418933868408
27	6.487037658691406
27	6.608391284942627
27	6.522292137145996
27	6.610393524169922
27	6.502329349517822
27	6.672943592071533
27	6.503458023071289
27	6.625339508056641
27	6.479793071746826
27	6.455469131469727
27	6.547251224517822
27	6.700674057006836
27	6.408710479736328
27	6.600208759307861
27	6.605886459350586
27	6.526363849639893
27	6.4647135734558105
27	6.580865383148193
27	6.495741844177246
27	6.335926055908203
27	6.512495040893555
27	6.605094909667969
27	6.526780128479004
27	6.545106887817383
27	6.629522323608398
27	6.380509853363037
27	6.470299243927002
27	6.504621982574463
27	6.527332305908203
27	6.6604814529418945
27	6.625901222229004
27	6.605892181396484
27	6.410451412200928
27	6.503011703491211
27	6.469358921051025
27	6.521845817565918
27	6.455594062805176
27	6.295682430267334
27	6.3646674156188965
27	6.3348188400268555
27	6.565860271453857
27	6.572058200836182
27	6.642596244812012
27	6.518807888031006
27	6.341433048248291
27	6.536428928375244
27	6.500429153442383
27	6.538180351257324
27	6.581596374511719
27	6.388551712036133
27	6.387083053588867
27	6.565761089324951
27	6.36674690246582
27	6.586089134216309
27	6.448732376098633
27	6.703178405761719
27	6.650294780731201
27	6.55043888092041
27	6.532822608947754
27	6.527174949645996
27	6.611661911010742
27	6.475179672241211
27	6.377664089202881
27	6.274864196777344
27	6.192996978759766
27	6.571191310882568
27	6.327465057373047
27	6.519924640655518
27	6.3383307456970215
27	6.550645351409912
27	6.371487140655518
27	6.463733673095703
27	6.686896800994873
27	6.711690425872803
27	6.4742431640625
27	6.582944393157959
27	6.609309196472168
27	6.510071754455566
27	6.389959335327148
27	6.316286563873291
27	6.430031776428223
27	6.637014865875244
27	6.429859638214111
27	6.561197757720947
28	6.507673263549805
28	6.296130657196045
28	6.611246585845947
28	6.371934413909912
28	6.361183166503906
28	6.474595546722412
28	6.598520755767822
28	6.548477649688721
28	6.561278343200684
28	6.475224494934082
28	6.561351776123047
28	6.503872394561768
28	6.514254570007324
28	6.307575225830078
28	6.229382514953613
28	6.716311931610107
28	6.62965726852417
28	6.442577362060547
28	6.531849384307861
28	6.558307647705078
28	6.35548210144043
28	6.40699577331543
28	6.541048049926758
28	6.281006336212158
28	6.356727600097656
28	6.645321369171143
28	6.579292297363281
28	6.4588141441345215
28	6.2903547286987305
28	6.3736114501953125
28	6.522548198699951
28	6.432109832763672
28	6.465158462524414
28	6.431158542633057
28	6.373260974884033
28	6.586498737335205
28	6.473171234130859
28	6.478107452392578
28	6.363417148590088
28	6.383102893829346
28	6.368405342102051
28	6.597192764282227
28	6.488036155700684
28	6.389837265014648
28	6.509627819061279
28	6.471519470214844
28	6.393876075744629
28	6.7281622886657715
28	6.293567180633545
28	6.223928451538086
28	6.600575923919678
28	6.775062561035156
28	6.609683513641357
28	6.570556163787842
28	6.4688286781311035
28	6.563809394836426
28	6.3616814613342285
28	6.6465582847595215
28	6.566910743713379
28	6.594291687011719
28	6.60866641998291
28	6.441906452178955
28	6.473874092102051
28	6.526185512542725
28	6.61566686630249
28	6.5798020362854
28	6.4112548828125
28	6.559990406036377
28	6.586851119995117
28	6.357948303222656
28	6.415550231933594
28	6.347263336181641
28	6.531217098236084
28	6.440215110778809
28	6.654077529907227
28	6.1978349685668945
28	6.643685817718506
28	6.510412693023682
28	6.567026138305664
28	6.637755870819092
28	6.307141304016113
28	6.5749101638793945
28	6.567826747894287
28	6.596214294433594
28	6.694741249084473
28	6.470503807067871
28	6.6305742263793945
28	6.464684963226318
28	6.455784320831299
28	6.55996561050415
28	6.432606220245361
28	6.4620490074157715
28	6.483608722686768
28	6.454047679901123
28	6.408323287963867
28	6.391706466674805
28	6.6564435958862305
28	6.608905792236328
28	6.619474411010742
28	6.654210567474365
28	6.507948875427246
28	6.657870769500732
28	6.3536858558654785
28	6.493015289306641
28	6.275802135467529
28	6.48086404800415
28	6.582108974456787
28	6.316007137298584
28	6.608630657196045
28	6.285460472106934
28	6.483649730682373
28	6.582369804382324
28	6.55381441116333
28	6.565057754516602
28	6.528939247131348
28	6.463563919067383
28	6.518444538116455
28	6.556671619415283
28	6.570589065551758
28	6.623395919799805
28	6.60841703414917
28	6.456182956695557
28	6.424785614013672
28	6.408920764923096
28	6.451571941375732
28	6.629819393157959
28	6.528914451599121
28	6.406336307525635
28	6.69417667388916
28	6.613698482513428
28	6.61919641494751
28	6.313238620758057
28	6.49520206451416
28	6.447662830352783
28	6.370822906494141
28	6.525066375732422
28	6.596940040588379
28	6.449710369110107
28	6.355283737182617
28	6.339620113372803
28	6.447750568389893
28	6.349724292755127
28	6.3215250968933105
28	6.586307048797607
28	6.538445472717285
28	6.617522239685059
28	6.4553303718566895
28	6.512099266052246
28	6.459475517272949
28	6.71503210067749
28	6.555923938751221
28	6.602921009063721
28	6.539281368255615
28	6.5157341957092285
28	6.609910488128662
28	6.643057823181152
28	6.422967910766602
28	6.64268684387207
28	6.643082141876221
28	6.19431734085083
28	6.414884567260742
28	6.480925559997559
28	6.449398994445801
28	6.558937072753906
28	6.421067714691162
28	6.491921901702881
28	6.3344926834106445
28	6.5222601890563965
28	6.4761962890625
28	6.477606296539307
28	6.435978889465332
28	6.600269317626953
28	6.688652038574219
28	6.605652332305908
28	6.553169250488281
28	6.426703929901123
28	6.498203277587891
28	6.549640655517578
28	6.523675918579102
28	6.542514801025391
28	6.576860427856445
28	6.526684761047363
28	6.450382232666016
28	6.524010181427002
28	6.457807540893555
28	6.255582332611084
28	6.425580024719238
28	6.485064506530762
28	6.409253120422363
28	6.6404337882995605
28	6.534000396728516
28	6.642207145690918
28	6.414117336273193
28	6.500073432922363
28	6.375679016113281
28	6.56201171875
28	6.450633525848389
28	6.527704238891602
28	6.290213584899902
28	6.467578411102295
28	6.458073616027832
28	6.454505920410156
28	6.730289459228516
28	6.304503917694092
28	6.527638912200928
28	6.510617733001709
28	6.726256847381592
28	6.410942554473877
28	6.485386371612549
28	6.597560882568359
28	6.5930867195129395
28	6.7506103515625
28	6.551855087280273
28	6.27852201461792
28	6.721444606781006
28	6.496179580688477
28	6.548598766326904
28	6.41937255859375
28	6.590509414672852
28	6.440661430358887
28	6.508379936218262
28	6.5902180671691895
28	6.575385093688965
28	6.509082317352295
28	6.292713642120361
28	6.567816734313965
28	6.539085865020752
28	6.542733669281006
28	6.512764930725098
28	6.547115802764893
28	6.472502708435059
28	6.407050609588623
28	6.539970397949219
28	6.440292835235596
28	6.488232135772705
28	6.581046104431152
28	6.425255298614502
28	6.236766338348389
28	6.50661039352417
28	6.235682964324951
28	6.365542411804199
28	6.478051662445068
28	6.557136058807373
28	6.4249138832092285
28	6.404844284057617
28	6.297277450561523
28	6.636777877807617
28	6.5895233154296875
28	6.53986120223999
28	6.488482475280762
28	6.434598922729492
28	6.345677852630615
28	6.462856769561768
28	6.414179801940918
28	6.569157600402832
28	6.425321102142334
28	6.521816253662109
28	6.327612400054932
28	6.5799407958984375
28	6.328215599060059
28	6.499287128448486
28	6.407257080078125
28	6.465732097625732
28	6.356867790222168
28	6.380008697509766
28	6.565056800842285
28	6.376960754394531
28	6.48649263381958
28	6.692281723022461
28	6.586478233337402
28	6.497110843658447
28	6.365110397338867
28	6.4504265785217285
28	6.282693386077881
28	6.7539167404174805
28	6.502862453460693
28	6.246971130371094
28	6.534502983093262
28	6.683044910430908
28	6.469438552856445
28	6.531524181365967
28	6.597660064697266
28	6.6763014793396
28	6.5970330238342285
28	6.256962299346924
28	6.456727027893066
28	6.472780227661133
28	6.6151838302612305
28	6.456207275390625
28	6.467405319213867
28	6.291728496551514
28	6.373932361602783
28	6.582678318023682
28	6.429187297821045
28	6.570598125457764
28	6.277061462402344
28	6.369369983673096
28	6.492539882659912
28	6.301390647888184
28	6.36614465713501
28	6.624083042144775
28	6.495038032531738
28	6.3946123123168945
28	6.506293773651123
28	6.579449653625488
28	6.2897772789001465
28	6.6009674072265625
28	6.582510948181152
28	6.699071884155273
28	6.496209144592285
28	6.5226263999938965
28	6.336691856384277
28	6.647994041442871
28	6.459865570068359
28	6.442676067352295
28	6.242596626281738
28	6.477207183837891
28	6.599007606506348
28	6.44822883605957
28	6.417760372161865
28	6.575006484985352
28	6.603708744049072
28	6.389800548553467
28	6.621995449066162
28	6.549009323120117
28	6.663819313049316
28	6.425890922546387
28	6.484448432922363
28	6.2766923904418945
28	6.5267510414123535
28	6.454959869384766
28	6.5645647048950195
28	6.578682899475098
28	6.339711666107178
28	6.435439586639404
28	6.506038665771484
28	6.613483428955078
28	6.43350887298584
28	6.45560359954834
28	6.4064741134643555
28	6.3905253410339355
28	6.5870585441589355
28	6.476124286651611
28	6.353177547454834
28	6.5813679695129395
28	6.445181846618652
28	6.401002883911133
28	6.449869632720947
28	6.6273980140686035
28	6.32283353805542
28	6.174365520477295
28	6.616034984588623
28	6.146202564239502
28	6.476980209350586
28	6.5064697265625
28	6.418186664581299
28	6.577812671661377
28	6.483285427093506
28	6.476694583892822
28	6.330367088317871
28	6.478831768035889
28	6.405575275421143
28	6.595545768737793
28	6.468992710113525
28	6.698573589324951
28	6.712846755981445
28	6.4929609298706055
28	6.6350417137146
28	6.324653148651123
28	6.445760726928711
28	6.516528606414795
28	6.4150261878967285
28	6.292466640472412
28	6.394840240478516
28	6.5442585945129395
28	6.835134029388428
28	6.622020721435547
28	6.435208797454834
28	6.372865200042725
28	6.350996494293213
28	6.525293827056885
28	6.486674785614014
28	6.575821876525879
28	6.661499977111816
28	6.443987846374512
28	6.497713565826416
28	6.485301971435547
