source,native,name,p_value,significant,description,term_size,query_size,intersection_size,effective_domain_size,precision,recall,query,parents,intersections,evidences
GO:BP,GO:0090306,meiotic spindle assembly,0.39413442168327956,False,"""The aggregation, arrangement and bonding together of a set of components to form the spindle that contributes to the process of meiosis."" [GOC:tb, GOC:vw]",12,69,2,4247,0.028985507246376812,0.16666666666666666,query_1,"['GO:0000212', 'GO:0045132', 'GO:0051225']","['mgr', 'larp']","[['IMP'], ['IMP']]"
GO:BP,GO:0032530,regulation of microvillus organization,0.39413442168327956,False,"""Any process that modulates the frequency, rate or extent of a process involved in the formation, arrangement of constituent parts, or disassembly of a microvillus."" [GOC:mah]",1,69,1,4247,0.014492753623188406,1.0,query_1,"['GO:0032528', 'GO:0120035']",['Cad99C'],[['IMP']]
GO:BP,GO:0048675,axon extension,0.39413442168327956,False,"""Long distance growth of a single axon process involved in cellular development."" [GOC:BHF, GOC:dgh, GOC:dph, GOC:jid, GOC:lm, GOC:rl]",33,69,3,4247,0.043478260869565216,0.09090909090909091,query_1,"['GO:0007409', 'GO:1990138']","['CadN', 'rut', 'hep']","[['IMP'], ['IMP'], ['IMP']]"
GO:BP,GO:1903955,positive regulation of protein targeting to mitochondrion,0.39413442168327956,False,"""Any process that activates or increases the frequency, rate or extent of protein targeting to mitochondrion."" [GO_REF:0000058, GOC:pad, GOC:PARL, GOC:TermGenie, PMID:24270810]",1,69,1,4247,0.014492753623188406,1.0,query_1,"['GO:0006626', 'GO:1903214', 'GO:1903749']",['larp'],[['IMP']]
GO:BP,GO:0051764,actin crosslink formation,0.39413442168327956,False,"""The process in which two or more actin filaments are connected together by proteins that act as crosslinks between the filaments. The crosslinked filaments may be on the same or differing axes."" [GOC:ai]",1,69,1,4247,0.014492753623188406,1.0,query_1,['GO:0007015'],['pigs'],[['IBA']]
GO:BP,GO:0008340,determination of adult lifespan,0.39413442168327956,False,"""The pathways that regulate the duration of the adult phase of the life-cycle of an animal."" [PMID:25561524, PMID:273723695, PMID:3424805]",81,69,5,4247,0.07246376811594203,0.06172839506172839,query_1,['GO:0032501'],"['aop', 'AGBE', 'foxo', 'rut', 'hep']","[['IMP', 'IGI'], ['IMP'], ['IMP', 'IGI'], ['IMP'], ['IMP']]"
GO:BP,GO:0022408,negative regulation of cell-cell adhesion,0.39413442168327956,False,"""Any process that stops, prevents or reduces the rate or extent of cell adhesion to another cell."" [GOC:isa_complete]",4,69,2,4247,0.028985507246376812,0.5,query_1,"['GO:0007162', 'GO:0022407', 'GO:0098609']","['aop', 'pygo']","[['IMP'], ['IMP']]"
GO:BP,GO:0097466,ubiquitin-dependent glycoprotein ERAD pathway,0.39413442168327956,False,"""An ERAD pathway whereby endoplasmic reticulum (ER)-resident glycoproteins are targeted for degradation. Includes differential processing of the glycoprotein sugar chains, retrotranslocation to the cytosol and degradation by the ubiquitin-proteasome pathway. A glycoprotein is a compound in which a carbohydrate component is covalently bound to a protein component."" [GOC:al, GOC:bf, PMID:16079177]",1,69,1,4247,0.014492753623188406,1.0,query_1,"['GO:0006516', 'GO:0036503', 'GO:1904587']",['Edem2'],"[['IMP', 'IBA', 'IEA']]"
GO:BP,GO:1904587,response to glycoprotein,0.39413442168327956,False,"""Any process that results in a change in state or activity of a cell or an organism (in terms of movement, secretion, enzyme production, gene expression, etc.) as a result of a glycoprotein stimulus."" [GO_REF:0000071, GOC:TermGenie, PMID:14597422]",1,69,1,4247,0.014492753623188406,1.0,query_1,"['GO:1901698', 'GO:1901700']",['Edem2'],"[['IMP', 'IBA', 'IEA']]"
GO:BP,GO:1904382,mannose trimming involved in glycoprotein ERAD pathway,0.39413442168327956,False,"""The removal of one or more alpha 1,2-linked mannose residues from a mannosylated protein that occurs as part of glycoprotein ER-associated glycoprotein degradation (gpERAD)."" [GO_REF:0000060, GOC:bf, GOC:PARL, GOC:TermGenie, PMID:24519966]",1,69,1,4247,0.014492753623188406,1.0,query_1,"['GO:0035977', 'GO:0036508', 'GO:0097466']",['Edem2'],"[['IBA', 'IEA']]"
GO:BP,GO:0050996,positive regulation of lipid catabolic process,0.39413442168327956,False,"""Any process that activates or increases the frequency, rate or extent of the chemical reactions and pathways resulting in the breakdown of lipids."" [GOC:ai]",1,69,1,4247,0.014492753623188406,1.0,query_1,"['GO:0009896', 'GO:0016042', 'GO:0045834', 'GO:0050994']",['foxo'],[['IMP']]
GO:BP,GO:0030198,extracellular matrix organization,0.39413442168327956,False,"""A process that is carried out at the cellular level which results in the assembly, arrangement of constituent parts, or disassembly of an extracellular matrix."" [GOC:mah]",28,69,3,4247,0.043478260869565216,0.10714285714285714,query_1,"['GO:0043062', 'GO:0045229']","['Rab10', 'Cad99C', 'hep']","[['IMP'], ['IMP'], ['IMP']]"
GO:BP,GO:2000130,positive regulation of octopamine signaling pathway,0.39413442168327956,False,"""Any process that activates or increases the frequency, rate or extent of octopamine signaling pathway."" [GOC:mah]",1,69,1,4247,0.014492753623188406,1.0,query_1,"['GO:0071927', 'GO:2000127', 'GO:2000128']",['foxo'],[['IMP']]
GO:BP,GO:0023052,signaling,0.39413442168327956,False,"""The entirety of a process in which information is transmitted within a biological system. This process begins with an active signal and ends when a cellular response has been triggered."" [GOC:mtg_signal, GOC:mtg_signaling_feb11, GOC:signaling]",815,69,22,4247,0.3188405797101449,0.026993865030674847,query_1,['GO:0050789'],"['pigs', 'Upf2', 'mr', 'Cip4', 'Mvb12', 'Rab10', 'Reph', 'aop', 'Edem2', 'ohgt', 'Ssdp', 'pygo', 'ttv', 'Syx6', 'mms4', 'CG17528', 'Cad99C', 'foxo', 'Sur-8', 'CG9650', 'rut', 'hep']","[['IMP'], ['IDA'], ['IMP'], ['IEA'], ['IBA'], ['ISS'], ['IGI'], ['IDA', 'IMP', 'IGI'], ['IMP', 'IGI'], ['IMP'], ['IGI'], ['IDA', 'IPI', 'IMP', 'IGI', 'IEA'], ['IMP', 'IEA'], ['ISS'], ['IBA'], ['IBA', 'IEA'], ['IGI'], ['IMP', 'IGI'], ['HGI', 'IBA'], ['IMP'], ['IMP', 'IBA', 'IEA'], ['IDA', 'IMP', 'IGI', 'IEA']]"
GO:BP,GO:2000128,regulation of octopamine signaling pathway,0.39413442168327956,False,"""Any process that modulates the frequency, rate or extent of octopamine signaling pathway."" [GOC:mah]",1,69,1,4247,0.014492753623188406,1.0,query_1,"['GO:0071927', 'GO:2000125']",['foxo'],[['IMP']]
GO:BP,GO:2000127,positive regulation of octopamine or tyramine signaling pathway,0.39413442168327956,False,"""Any process that activates or increases the frequency, rate or extent of octopamine or tyramine signaling pathway."" [GOC:mah]",1,69,1,4247,0.014492753623188406,1.0,query_1,"['GO:0007211', 'GO:0045745', 'GO:2000125']",['foxo'],[['IMP']]
GO:BP,GO:2000125,regulation of octopamine or tyramine signaling pathway,0.39413442168327956,False,"""Any process that modulates the frequency, rate or extent of octopamine or tyramine signaling pathway."" [GOC:mah]",1,69,1,4247,0.014492753623188406,1.0,query_1,"['GO:0007211', 'GO:0008277']",['foxo'],[['IMP']]
GO:BP,GO:0022617,extracellular matrix disassembly,0.39413442168327956,False,"""A process that results in the breakdown of the extracellular matrix."" [GOC:jid]",1,69,1,4247,0.014492753623188406,1.0,query_1,"['GO:0022411', 'GO:0030198']",['hep'],[['IMP']]
GO:BP,GO:0016055,Wnt signaling pathway,0.39413442168327956,False,"""The series of molecular signals initiated by binding of a Wnt protein to a frizzled family receptor on the surface of a target cell and ending with a change in cell state."" [PMID:11532397]",91,69,5,4247,0.07246376811594203,0.054945054945054944,query_1,['GO:0007166'],"['aop', 'ohgt', 'Ssdp', 'pygo', 'ttv']","[['IMP'], ['IMP'], ['IGI'], ['IDA', 'IPI', 'IMP', 'IGI', 'IEA'], ['IEA']]"
GO:BP,GO:0032801,receptor catabolic process,0.39413442168327956,False,"""The chemical reactions and pathways resulting in the breakdown of a receptor molecule, a macromolecule that undergoes combination with a hormone, neurotransmitter, drug or intracellular messenger to initiate a change in cell function."" [GOC:mah]",1,69,1,4247,0.014492753623188406,1.0,query_1,"['GO:0009057', 'GO:0043112']",['Mvb12'],[['IBA']]
GO:BP,GO:0044331,cell-cell adhesion mediated by cadherin,0.39413442168327956,False,"""The attachment of one cell to another cell via a cadherin, transmembrane proteins having repeating extracellular calcium ion binding domains."" [GOC:ha, GOC:hjd, GOC:jl, PMID:10923970]",9,69,2,4247,0.028985507246376812,0.2222222222222222,query_1,['GO:0098609'],"['CadN', 'Cad99C']","[['IDA'], ['ISM']]"
GO:BP,GO:0032533,regulation of follicle cell microvillus length,0.39413442168327956,False,"""A process that modulates the length of a microvillus on a follicle cell."" [GOC:sart, PMID:16260500]",1,69,1,4247,0.014492753623188406,1.0,query_1,"['GO:0008361', 'GO:0032531', 'GO:0032532']",['Cad99C'],[['IMP']]
GO:BP,GO:1903747,regulation of establishment of protein localization to mitochondrion,0.39413442168327956,False,"""Any process that modulates the frequency, rate or extent of establishment of protein localization to mitochondrion."" [GO_REF:0000058, GOC:TermGenie, PMID:16857185]",1,69,1,4247,0.014492753623188406,1.0,query_1,"['GO:0070201', 'GO:0072655']",['larp'],[['IMP']]
GO:BP,GO:1903749,positive regulation of establishment of protein localization to mitochondrion,0.39413442168327956,False,"""Any process that activates or increases the frequency, rate or extent of establishment of protein localization to mitochondrion."" [GO_REF:0000058, GOC:TermGenie, PMID:16857185]",1,69,1,4247,0.014492753623188406,1.0,query_1,"['GO:0072655', 'GO:1903747', 'GO:1904951']",['larp'],[['IMP']]
GO:BP,GO:0061965,positive regulation of entry into reproductive diapause,0.39413442168327956,False,"""Any process that activates or increases the rate or extent of the dormancy process that results in entry into reproductive diapause. Reproductive diapause is a form of diapause where the organism itself will remain fully active, including feeding and other routine activities, but the reproductive organs experience a tissue-specific reduction in metabolism, with characteristic triggering and releasing stimuli."" [GOC:ha, PMID:27689881]",1,69,1,4247,0.014492753623188406,1.0,query_1,"['GO:0051094', 'GO:0055116', 'GO:0061963']",['foxo'],[['IMP']]
GO:BP,GO:1904380,endoplasmic reticulum mannose trimming,0.39413442168327956,False,"""Any protein alpha-1,2-demannosylation that takes place in the endoplasmic reticulum quality control compartment (ERQC)."" [GO_REF:0000062, GOC:bf, GOC:PARL, GOC:TermGenie, PMID:24519966]",1,69,1,4247,0.014492753623188406,1.0,query_1,['GO:0036508'],['Edem2'],"[['IBA', 'IEA']]"
GO:BP,GO:0036507,protein demannosylation,0.39413442168327956,False,"""The removal of one or more mannose residues from a mannosylated protein."" [GOC:bf, GOC:PARL, PMID:25092655]",1,69,1,4247,0.014492753623188406,1.0,query_1,['GO:0006517'],['Edem2'],"[['IBA', 'IEA']]"
GO:BP,GO:0006760,folic acid-containing compound metabolic process,0.39413442168327956,False,"""The chemical reactions and pathways involving a folic acid-containing compound, i.e. any of a group of heterocyclic compounds based on the pteroic acid skeleton conjugated with one or more L-glutamic acid or L-glutamate units."" [GOC:ai, GOC:mah]",1,69,1,4247,0.014492753623188406,1.0,query_1,"['GO:0006575', 'GO:0042558']",['l(3)72Dp'],[['IBA']]
GO:BP,GO:0016032,viral process,0.39413442168327956,False,"""A multi-organism process in which a virus is a participant. The other participant is the host. Includes infection of a host cell, replication of the viral genome, and assembly of progeny virus particles. In some cases the viral genetic material may integrate into the host genome and only subsequently, under particular circumstances, 'complete' its life cycle."" [GOC:bf, GOC:jl, GOC:mah]",26,69,3,4247,0.043478260869565216,0.11538461538461539,query_1,['GO:0008150'],"['Mvb12', 'Rab10', 'Oda']","[['IBA'], ['HMP'], ['IEA']]"
GO:BP,GO:0075523,viral translational frameshifting,0.39413442168327956,False,"""A process which occurs during viral translation, which involves a translational recoding mechanism called programmed ribosomal frameshifting. This causes the ribosome to alter its reading of the mRNA to an a different open reading frame to produce alternate viral proteins."" [GOC:bf, GOC:ch, GOC:jl, PMID:24825891, PMID:8852897, VZ:860]",1,69,1,4247,0.014492753623188406,1.0,query_1,"['GO:0016032', 'GO:0019081']",['Oda'],[['IEA']]
GO:BP,GO:0036508,"protein alpha-1,2-demannosylation",0.39413442168327956,False,"""The removal of one or more alpha 1,2-linked mannose residues from a mannosylated protein."" [GOC:bf, GOC:PARL, PMID:21062743, PMID:25092655]",1,69,1,4247,0.014492753623188406,1.0,query_1,['GO:0036507'],['Edem2'],"[['IBA', 'IEA']]"
GO:BP,GO:0071927,octopamine signaling pathway,0.39413442168327956,False,"""The series of molecular signals generated as a consequence of octopamine binding to a cell surface receptor."" [GOC:mah, PMID:15355245]",1,69,1,4247,0.014492753623188406,1.0,query_1,['GO:0007211'],['foxo'],[['IMP']]
GO:BP,GO:0033500,carbohydrate homeostasis,0.39413442168327956,False,"""A homeostatic process involved in the maintenance of an internal steady state of a carbohydrate within an organism or cell."" [GOC:mah]",25,69,3,4247,0.043478260869565216,0.12,query_1,['GO:0048878'],"['foxo', 'Gapdh2', 'hep']","[['IMP'], ['IMP'], ['IMP']]"
GO:BP,GO:0060560,developmental growth involved in morphogenesis,0.39413442168327956,False,"""The increase in size or mass of an anatomical structure that contributes to the structure attaining its shape."" [GOC:dph]",56,69,4,4247,0.057971014492753624,0.07142857142857142,query_1,"['GO:0009653', 'GO:0048589']","['CadN', 'pygo', 'rut', 'hep']","[['IMP'], ['IMP'], ['IMP'], ['IMP']]"
GO:BP,GO:0032531,regulation of follicle cell microvillus organization,0.39413442168327956,False,"""Any process that modulates the frequency, rate or extent of a process involved in the formation, arrangement of constituent parts, or disassembly of a microvillus on a follicle cell."" [GOC:mah]",1,69,1,4247,0.014492753623188406,1.0,query_1,"['GO:0032529', 'GO:0032530']",['Cad99C'],[['IMP']]
GO:BP,GO:0032532,regulation of microvillus length,0.39413442168327956,False,"""A process that modulates the length of a microvillus."" [GOC:mah]",1,69,1,4247,0.014492753623188406,1.0,query_1,"['GO:0032530', 'GO:0032536']",['Cad99C'],[['IMP']]
GO:BP,GO:0016339,calcium-dependent cell-cell adhesion via plasma membrane cell adhesion molecules,0.39413442168327956,False,"""The attachment of one cell to another cell via adhesion molecules that require the presence of calcium for the interaction."" [GOC:hb]",9,69,2,4247,0.028985507246376812,0.2222222222222222,query_1,['GO:0098742'],"['CadN', 'Cad99C']","[['IPI', 'ISS'], ['ISS', 'NAS']]"
GO:BP,GO:0010898,positive regulation of triglyceride catabolic process,0.39413442168327956,False,"""Any process that increases the frequency, rate, or extent of the chemical reactions and pathways resulting in the breakdown of triglyceride."" [GOC:rn, GOC:tb]",1,69,1,4247,0.014492753623188406,1.0,query_1,"['GO:0010896', 'GO:0019433', 'GO:0050996', 'GO:0090208']",['foxo'],[['IMP']]
GO:BP,GO:0098609,cell-cell adhesion,0.39413442168327956,False,"""The attachment of one cell to another cell via adhesion molecules."" [GOC:dos]",72,69,5,4247,0.07246376811594203,0.06944444444444445,query_1,['GO:0007155'],"['aop', 'beat-Ib', 'CadN', 'pygo', 'Cad99C']","[['IMP'], ['ISS'], ['IDA', 'IPI', 'ISS', 'IBA', 'IEA'], ['IMP'], ['ISS', 'ISM', 'IBA', 'NAS', 'IEA']]"
GO:BP,GO:0034769,basement membrane disassembly,0.39413442168327956,False,"""The controlled breakdown of the basement membrane in the context of a normal process such as imaginal disc eversion."" [GOC:sart, PMID:17301221]",1,69,1,4247,0.014492753623188406,1.0,query_1,"['GO:0022617', 'GO:0071711']",['hep'],[['IMP']]
GO:BP,GO:0035977,protein deglycosylation involved in glycoprotein catabolic process,0.39413442168327956,False,"""The removal of sugar residues from a glycosylated protein that contributes to the breakdown of a glycoprotein."" [GOC:bf, GOC:vw]",1,69,1,4247,0.014492753623188406,1.0,query_1,"['GO:0006516', 'GO:0006517']",['Edem2'],"[['IBA', 'IEA']]"
GO:BP,GO:0006904,vesicle docking involved in exocytosis,0.39413442168327956,False,"""The initial attachment of a vesicle membrane to a target membrane, mediated by proteins protruding from the membrane of the vesicle and the target membrane, that contributes to exocytosis."" [GOC:aruk, GOC:bc, GOC:jid, PMID:22438915]",11,69,2,4247,0.028985507246376812,0.18181818181818182,query_1,"['GO:0048278', 'GO:0140029']","['Rab10', 'Syx6']","[['IBA'], ['ISS']]"
GO:BP,GO:0046900,tetrahydrofolylpolyglutamate metabolic process,0.39413442168327956,False,"""The chemical reactions and pathways involving tetrahydrofolylpolyglutamate, a folate derivative comprising tetrahydrofolate attached to a chain of glutamate residues."" [GOC:ai]",1,69,1,4247,0.014492753623188406,1.0,query_1,['GO:0006760'],['l(3)72Dp'],[['IBA']]
GO:BP,GO:1903214,regulation of protein targeting to mitochondrion,0.39413442168327956,False,"""Any process that modulates the frequency, rate or extent of protein targeting to mitochondrion."" [GO_REF:0000058, GOC:bf, GOC:PARL, GOC:TermGenie]",1,69,1,4247,0.014492753623188406,1.0,query_1,"['GO:0006626', 'GO:1903533', 'GO:1903747']",['larp'],[['IMP']]
GO:BP,GO:0007154,cell communication,0.39413442168327956,False,"""Any process that mediates interactions between a cell and its surroundings. Encompasses interactions such as signaling or attachment between one cell and another cell, between a cell and an extracellular matrix, or between a cell and any other aspect of its environment."" [GOC:mah]",818,69,23,4247,0.3333333333333333,0.028117359413202935,query_1,['GO:0009987'],"['pigs', 'Upf2', 'mr', 'Cip4', 'Mvb12', 'Rab10', 'Reph', 'aop', 'Edem2', 'CadN', 'ohgt', 'Ssdp', 'pygo', 'ttv', 'Syx6', 'mms4', 'CG17528', 'Cad99C', 'foxo', 'Sur-8', 'CG9650', 'rut', 'hep']","[['IMP'], ['IDA'], ['IMP'], ['IEA'], ['IBA'], ['ISS'], ['IGI'], ['IDA', 'IMP', 'IGI'], ['IMP', 'IGI'], ['IMP'], ['IMP'], ['IGI'], ['IDA', 'IPI', 'IMP', 'IGI', 'IEA'], ['IMP', 'IEA'], ['ISS'], ['IBA'], ['IBA', 'IEA'], ['IGI'], ['IMP', 'IGI'], ['HGI', 'IBA'], ['IMP'], ['IMP', 'IBA', 'IEA'], ['IDA', 'IMP', 'IGI', 'IEA']]"
GO:BP,GO:0007162,negative regulation of cell adhesion,0.39413442168327956,False,"""Any process that stops, prevents, or reduces the frequency, rate or extent of cell adhesion."" [GOC:go_curators]",8,69,2,4247,0.028985507246376812,0.25,query_1,"['GO:0007155', 'GO:0030155', 'GO:0048523']","['aop', 'pygo']","[['IMP'], ['IMP']]"
GO:BP,GO:0060233,oenocyte delamination,0.39413442168327956,False,"""The negative regulation of cell adhesion process in which an oenocyte splits off of an existing epithelial sheet."" [GOC:dph]",1,69,1,4247,0.014492753623188406,1.0,query_1,['GO:0060232'],['aop'],[['IMP']]
GO:BP,GO:0060232,delamination,0.39413442168327956,False,"""The process of negative regulation of cell adhesion that results in a cell or sheet of cells splitting off from an existing epithelial sheet."" [GOC:dph, PMID:16962574, PMID:18343170]",3,69,2,4247,0.028985507246376812,0.6666666666666666,query_1,['GO:0022408'],"['aop', 'pygo']","[['IMP'], ['IMP']]"
GO:BP,GO:0007211,octopamine or tyramine signaling pathway,0.39413442168327956,False,"""A G protein-coupled receptor signaling pathway initiated by octopamine or tyramine binding to their receptor on the surface of a target cell, and ending with the regulation of a downstream cellular process, e.g. transcription, and ending with the regulation of a downstream cellular process. Octopamine and tyramine are decarboxylation products of tyrosine, and are the invertebrate counterparts of the vertebrate adrenergic transmitters."" [GOC:mah, PMID:15355245]",1,69,1,4247,0.014492753623188406,1.0,query_1,['GO:0007186'],['foxo'],[['IMP']]
GO:BP,GO:0019068,virion assembly,0.39413442168327956,False,"""A late phase of the viral life cycle during which all the components necessary for the formation of a mature virion collect at a particular site in the cell and the basic structure of the virus particle is formed."" [ISBN:0121585336]",1,69,1,4247,0.014492753623188406,1.0,query_1,"['GO:0016032', 'GO:0019058']",['Mvb12'],[['IBA']]
GO:BP,GO:0019075,virus maturation,0.39413442168327956,False,"""The refolding and structural rearrangements of virion parts to transition from the intermediate virion to the more mature virion. Maturation usually involves proteolysis events and changes in the folding of the virion proteins. Can occur inside the host cell or after release."" [ISBN:0781718325]",1,69,1,4247,0.014492753623188406,1.0,query_1,"['GO:0016032', 'GO:0019058']",['Mvb12'],[['IBA']]
GO:BP,GO:0070345,negative regulation of fat cell proliferation,0.39413442168327956,False,"""Any process that stops or decreases the rate or extent of fat cell proliferation."" [GOC:mah, GOC:sl]",1,69,1,4247,0.014492753623188406,1.0,query_1,"['GO:0008285', 'GO:0070341', 'GO:0070344']",['foxo'],[['IMP']]
GO:BP,GO:0046755,viral budding,0.39413442168327956,False,"""A viral process by which enveloped viruses acquire a host-derived membrane enriched in viral proteins to form their external envelope. The process starts when nucleocapsids, assembled or in the process of being built, induce formation of a membrane curvature in the host plasma or organelle membrane and wrap up in the forming bud. The process ends when the bud is eventually pinched off by membrane scission to release the enveloped particle into the lumenal or extracellular space."" [ISBN:0781718325, VZ:1947]",1,69,1,4247,0.014492753623188406,1.0,query_1,"['GO:0016032', 'GO:0019068']",['Mvb12'],[['IBA']]
GO:BP,GO:0061045,negative regulation of wound healing,0.39413442168327956,False,"""Any process that decreases the rate, frequency, or extent of the series of events that restore integrity to a damaged tissue, following an injury."" [GOC:dph]",1,69,1,4247,0.014492753623188406,1.0,query_1,"['GO:0032102', 'GO:0042060', 'GO:0061041', 'GO:1903035']",['foxo'],[['IMP']]
GO:BP,GO:0009408,response to heat,0.4046403881752892,False,"""Any process that results in a change in state or activity of a cell or an organism (in terms of movement, secretion, enzyme production, gene expression, etc.) as a result of a heat stimulus, a temperature stimulus above the optimal temperature for that organism."" [GOC:lr]",35,69,3,4247,0.043478260869565216,0.08571428571428572,query_1,"['GO:0006950', 'GO:0009266']","['CG5504', 'rut', 'hep']","[['IEA'], ['IMP'], ['IMP']]"
GO:BP,GO:0043062,extracellular structure organization,0.4046403881752892,False,"""A process that is carried out at the cellular level which results in the assembly, arrangement of constituent parts, or disassembly of structures in the space external to the outermost structure of a cell. For cells without external protective or external encapsulating structures this refers to space outside of the plasma membrane, and also covers the host cell environment outside an intracellular parasite."" [GOC:ai, GOC:dph, GOC:jl, GOC:mah]",35,69,3,4247,0.043478260869565216,0.08571428571428572,query_1,['GO:0016043'],"['Rab10', 'Cad99C', 'hep']","[['IMP'], ['IMP'], ['IMP']]"
GO:BP,GO:0048278,vesicle docking,0.4046403881752892,False,"""The initial attachment of a transport vesicle membrane to the target membrane, mediated by proteins protruding from the membrane of the vesicle and the target membrane. Docking requires only that the two membranes come close enough for these proteins to interact and adhere."" [GOC:ai, GOC:jid]",13,69,2,4247,0.028985507246376812,0.15384615384615385,query_1,"['GO:0016192', 'GO:0140056']","['Rab10', 'Syx6']","[['IBA'], ['ISS', 'IBA']]"
GO:BP,GO:0071711,basement membrane organization,0.4046403881752892,False,"""A process that is carried out at the cellular level which results in the assembly, arrangement of constituent parts, or disassembly of the basement membrane."" [GOC:mah]",13,69,2,4247,0.028985507246376812,0.15384615384615385,query_1,['GO:0030198'],"['Rab10', 'hep']","[['IMP'], ['IMP']]"
GO:BP,GO:0045466,R7 cell differentiation,0.4046403881752892,False,"""The process in which a relatively unspecialized cell acquires the specialized features of the R7 photoreceptor."" [PMID:11880339]",34,69,3,4247,0.043478260869565216,0.08823529411764706,query_1,['GO:0001751'],"['aop', 'CadN', 'Past1']","[['IDA', 'IMP', 'IGI'], ['IMP'], ['IMP']]"
GO:BP,GO:1990138,neuron projection extension,0.4046403881752892,False,"""Long distance growth of a single neuron projection involved in cellular development. A neuron projection is a prolongation or process extending from a nerve cell, e.g. an axon or dendrite."" [GOC:BHF, GOC:rl, PMID:22790009]",35,69,3,4247,0.043478260869565216,0.08571428571428572,query_1,"['GO:0048588', 'GO:0048812', 'GO:0060560']","['CadN', 'rut', 'hep']","[['IMP'], ['IMP'], ['IMP']]"
GO:BP,GO:0048013,ephrin receptor signaling pathway,0.4139771039087256,False,"""The series of molecular signals initiated by ephrin binding to its receptor, and ending with the regulation of a downstream cellular process, e.g. transcription."" [GOC:ceb]",2,69,1,4247,0.014492753623188406,0.5,query_1,['GO:0007169'],['Reph'],[['IGI']]
GO:BP,GO:0030703,eggshell formation,0.4139771039087256,False,"""Construction of the eggshell, a product of the somatic follicle cell epithelium and a structure that supports the egg in a hostile environment, minimizing water loss whilst allowing gas exchanges essential for embryonic respiration."" [GOC:mtg_sensu, ISBN:0879694238, PMID:10822261]",17,69,2,4247,0.028985507246376812,0.11764705882352941,query_1,"['GO:0003006', 'GO:0048477', 'GO:0048646']","['Cad99C', 'hep']","[['IMP'], ['IMP']]"
GO:BP,GO:0099537,trans-synaptic signaling,0.4139771039087256,False,"""Cell-cell signaling in either direction across the synaptic cleft."" [GOC:dos]",103,69,5,4247,0.07246376811594203,0.04854368932038835,query_1,['GO:0099536'],"['Upf2', 'mr', 'ohgt', 'Syx6', 'rut']","[['IDA'], ['IMP'], ['IMP'], ['ISS'], ['IMP']]"
GO:BP,GO:1901860,positive regulation of mitochondrial DNA metabolic process,0.4139771039087256,False,"""Any process that activates or increases the frequency, rate or extent of mitochondrial DNA metabolic process."" [GOC:TermGenie, GOC:yaf, PMID:23150719]",2,69,1,4247,0.014492753623188406,0.5,query_1,"['GO:0007005', 'GO:0010638', 'GO:0010821', 'GO:0032042', 'GO:0051054', 'GO:1901858']",['larp'],[['IMP']]
GO:BP,GO:0022406,membrane docking,0.4139771039087256,False,"""The initial attachment of a membrane or protein to a target membrane. Docking requires only that the proteins come close enough to interact and adhere."" [GOC:isa_complete, PMID:27875684]",15,69,2,4247,0.028985507246376812,0.13333333333333333,query_1,['GO:0009987'],"['Rab10', 'Syx6']","[['IBA'], ['ISS', 'IBA']]"
GO:BP,GO:0045745,positive regulation of G protein-coupled receptor signaling pathway,0.4139771039087256,False,"""Any process that activates or increases the frequency, rate or extent of G protein-coupled receptor signaling pathway activity."" [GOC:go_curators]",2,69,1,4247,0.014492753623188406,0.5,query_1,"['GO:0007186', 'GO:0008277', 'GO:0009967']",['foxo'],[['IMP']]
GO:BP,GO:0032510,endosome to lysosome transport via multivesicular body sorting pathway,0.4139771039087256,False,"""The directed movement of substances from endosomes to lysosomes by a pathway in which molecules are sorted into multivesicular bodies, which then fuse with the lysosome."" [GOC:mah, PMID:12461556, PMID:16689637]",2,69,1,4247,0.014492753623188406,0.5,query_1,"['GO:0008333', 'GO:0032509']",['Mvb12'],[['IBA']]
GO:BP,GO:1901858,regulation of mitochondrial DNA metabolic process,0.4139771039087256,False,"""Any process that modulates the frequency, rate or extent of mitochondrial DNA metabolic process."" [GOC:TermGenie, GOC:yaf, PMID:23150719]",2,69,1,4247,0.014492753623188406,0.5,query_1,"['GO:0032042', 'GO:0051052']",['larp'],[['IMP']]
GO:BP,GO:1902373,negative regulation of mRNA catabolic process,0.4139771039087256,False,"""Any process that stops, prevents or reduces the frequency, rate or extent of mRNA catabolic process."" [GOC:bf, GOC:TermGenie, PMID:22626865]",2,69,1,4247,0.014492753623188406,0.5,query_1,"['GO:0006402', 'GO:0010628', 'GO:0061013', 'GO:1902369', 'GO:1903312']",['larp'],[['IEA']]
GO:BP,GO:0035803,egg coat formation,0.4139771039087256,False,"""Construction of an egg coat, a specialized extracellular matrix that surrounds the ovum of animals. The egg coat provides structural support and can play an essential role in oogenesis, fertilization and early development."" [GOC:bf, GOC:sart, GOC:yaf, PMID:16944418, PMID:17163408]",2,69,1,4247,0.014492753623188406,0.5,query_1,"['GO:0022412', 'GO:0048477']",['Cad99C'],[['IMP']]
GO:BP,GO:0051017,actin filament bundle assembly,0.4139771039087256,False,"""The assembly of actin filament bundles; actin filaments are on the same axis but may be oriented with the same or opposite polarities and may be packed with different levels of tightness."" [GOC:ai]",17,69,2,4247,0.028985507246376812,0.11764705882352941,query_1,"['GO:0022607', 'GO:0061572']","['ctp', 'hep']","[['IMP'], ['IMP']]"
GO:BP,GO:0032529,follicle cell microvillus organization,0.4139771039087256,False,"""A process that is carried out at the cellular level which results in the assembly, arrangement of constituent parts, or disassembly of a microvillus on a follicle cell. A microvillus is a thin cylindrical membrane-covered projection on the surface of an animal cell containing a core bundle of actin filaments."" [GOC:sart, PMID:16507588]",2,69,1,4247,0.014492753623188406,0.5,query_1,['GO:0032528'],['Cad99C'],[['IMP']]
GO:BP,GO:0050774,negative regulation of dendrite morphogenesis,0.4139771039087256,False,"""Any process that stops, prevents, or reduces the frequency, rate or extent of dendrite morphogenesis."" [GOC:ai]",2,69,1,4247,0.014492753623188406,0.5,query_1,"['GO:0031345', 'GO:0048813', 'GO:0048814', 'GO:0050768']",['CadN'],[['IMP']]
GO:BP,GO:0070344,regulation of fat cell proliferation,0.4139771039087256,False,"""Any process that modulates the frequency, rate or extent of fat cell proliferation."" [GOC:mah, GOC:sl]",2,69,1,4247,0.014492753623188406,0.5,query_1,"['GO:0042127', 'GO:0070341']",['foxo'],[['IMP']]
GO:BP,GO:0090208,positive regulation of triglyceride metabolic process,0.4139771039087256,False,"""Any process that increases the frequency, rate or extent of the chemical reactions and pathways involving triglyceride, any triester of glycerol."" [GOC:dph, GOC:sl, GOC:tb]",2,69,1,4247,0.014492753623188406,0.5,query_1,"['GO:0006641', 'GO:0045834', 'GO:0090207']",['foxo'],[['IMP']]
GO:BP,GO:0070341,fat cell proliferation,0.4139771039087256,False,"""The multiplication or reproduction of fat cells by cell division, resulting in the expansion of their population. A fat cell is an animal connective tissue cell specialized for the synthesis and storage of fat."" [GOC:mah, GOC:sl]",2,69,1,4247,0.014492753623188406,0.5,query_1,['GO:0008283'],['foxo'],[['IMP']]
GO:BP,GO:0048589,developmental growth,0.4139771039087256,False,"""The increase in size or mass of an entire organism, a part of an organism or a cell, where the increase in size or mass has the specific outcome of the progression of the organism over time from one condition to another."" [GOC:go_curators]",210,69,8,4247,0.11594202898550725,0.0380952380952381,query_1,"['GO:0032502', 'GO:0040007']","['mr', 'Cip4', 'Rab10', 'CadN', 'pygo', 'foxo', 'rut', 'hep']","[['IMP'], ['IDA', 'IMP'], ['IMP'], ['IMP', 'IEA'], ['IMP'], ['IMP'], ['IMP'], ['IMP']]"
GO:BP,GO:0007267,cell-cell signaling,0.4139771039087256,False,"""Any process that mediates the transfer of information from one cell to another. This process includes signal transduction in the receiving cell and, where applicable, release of a ligand and any processes that actively facilitate its transport and presentation to the receiving cell. Examples include signaling via soluble ligands, via cell adhesion molecules and via gap junctions."" [GOC:dos, GOC:mah]",137,69,6,4247,0.08695652173913043,0.043795620437956206,query_1,"['GO:0007154', 'GO:0023052']","['Upf2', 'mr', 'ohgt', 'Syx6', 'CG9650', 'rut']","[['IDA'], ['IMP'], ['IMP'], ['ISS'], ['IMP'], ['IMP']]"
GO:BP,GO:0007268,chemical synaptic transmission,0.4139771039087256,False,"""The vesicular release of classical neurotransmitter molecules from a presynapse, across a chemical synapse, the subsequent activation of neurotransmitter receptors at the postsynapse of a target cell (neuron, muscle, or secretory cell) and the effects of this activation on the postsynaptic membrane potential and ionic composition of the postsynaptic cytosol. This process encompasses both spontaneous and evoked release of neurotransmitter and all parts of synaptic vesicle exocytosis. Evoked transmission starts with the arrival of an action potential at the presynapse."" [GOC:jl, MeSH:D009435]",102,69,5,4247,0.07246376811594203,0.049019607843137254,query_1,['GO:0098916'],"['Upf2', 'mr', 'ohgt', 'Syx6', 'rut']","[['IDA'], ['IMP'], ['IMP'], ['ISS'], ['IMP']]"
GO:BP,GO:0019081,viral translation,0.4139771039087256,False,"""A process by which viral mRNA is translated into viral protein, using the host cellular machinery."" [GOC:bf, GOC:jl, ISBN:0781702534]",2,69,1,4247,0.014492753623188406,0.5,query_1,"['GO:0016032', 'GO:0019080']",['Oda'],[['IEA']]
GO:BP,GO:0048052,R1/R6 cell differentiation,0.4139771039087256,False,"""The process in which relatively unspecialized cells acquire the specialized features of R1 and R6 photoreceptors. An example of this process is found in Drosophila melanogaster."" [GOC:jid]",2,69,1,4247,0.014492753623188406,0.5,query_1,['GO:0001751'],['Past1'],[['IMP']]
GO:BP,GO:0098742,cell-cell adhesion via plasma-membrane adhesion molecules,0.4139771039087256,False,"""The attachment of one cell to another cell via adhesion molecules that are at least partially embedded in the plasma membrane."" [GOC:dos]",37,69,3,4247,0.043478260869565216,0.08108108108108109,query_1,['GO:0098609'],"['beat-Ib', 'CadN', 'Cad99C']","[['ISS'], ['IDA', 'IPI', 'ISS', 'IEA'], ['ISS', 'NAS', 'IEA']]"
GO:BP,GO:0007290,spermatid nucleus elongation,0.4139771039087256,False,"""The change in shape of the spermatid nucleus from a spherical structure to an elongated organelle, during the latter part of spermatid differentiation."" [GOC:bf, GOC:dph, GOC:jl, GOC:mah, ISBN:0879694238]",2,69,1,4247,0.014492753623188406,0.5,query_1,"['GO:0006997', 'GO:0007289']",['ctp'],[['IMP']]
GO:BP,GO:0030704,vitelline membrane formation,0.4139771039087256,False,"""Construction of the vitelline membrane portion of the egg shell, a rigid structure required to maintain the shape of the egg."" [ISBN:0879694238]",2,69,1,4247,0.014492753623188406,0.5,query_1,"['GO:0003006', 'GO:0010927', 'GO:0035803', 'GO:0085029']",['Cad99C'],[['IMP']]
GO:BP,GO:0035155,"negative regulation of terminal cell fate specification, open tracheal system",0.4139771039087256,False,"""Any process that restricts, stops or prevents a cell from adopting a terminal cell fate in an open tracheal system. Once the terminal and fusion fates have been correctly induced, inhibitory feedback loops prevent the remaining branch cells from assuming similar fates."" [GOC:mtg_sensu, PMID:10684581]",2,69,1,4247,0.014492753623188406,0.5,query_1,"['GO:0009996', 'GO:0035154', 'GO:0051241']",['aop'],[['IMP']]
GO:BP,GO:0035157,negative regulation of fusion cell fate specification,0.4139771039087256,False,"""Any process that restricts, stops or prevents a cell from adopting a fusion cell fate. Once the terminal and fusion fates have been correctly induced, inhibitory feedback loops prevent the remaining branch cells from assuming similar fates."" [PMID:10684581]",2,69,1,4247,0.014492753623188406,0.5,query_1,"['GO:0009996', 'GO:0035156', 'GO:0051241']",['aop'],[['IMP']]
GO:BP,GO:0140056,organelle localization by membrane tethering,0.4139771039087256,False,"""The process by which an organelle membrane interacts with another membrane via molecular tethers that physically bridge the two membranes and attach them to each other."" [PMID:27875684]",15,69,2,4247,0.028985507246376812,0.13333333333333333,query_1,"['GO:0022406', 'GO:0051640']","['Rab10', 'Syx6']","[['IBA'], ['ISS', 'IBA']]"
GO:BP,GO:0007274,neuromuscular synaptic transmission,0.4139771039087256,False,"""The process of synaptic transmission from a neuron to a muscle, across a synapse."" [GOC:dos, GOC:jl, MeSH:D009435]",40,69,3,4247,0.043478260869565216,0.075,query_1,['GO:0007268'],"['Upf2', 'ohgt', 'rut']","[['IDA'], ['IMP'], ['IMP']]"
GO:BP,GO:0099536,synaptic signaling,0.4139771039087256,False,"""Cell-cell signaling to, from or within a synapse."" [GOC:dos]",104,69,5,4247,0.07246376811594203,0.04807692307692308,query_1,['GO:0007267'],"['Upf2', 'mr', 'ohgt', 'Syx6', 'rut']","[['IDA'], ['IMP'], ['IMP'], ['ISS'], ['IMP']]"
GO:BP,GO:0007305,vitelline membrane formation involved in chorion-containing eggshell formation,0.4139771039087256,False,"""Construction of the vitelline membrane portion of a chorion-containing eggshell. An example of this is found in Drosophila melanogaster."" [GOC:mah, GOC:mtg_sensu]",2,69,1,4247,0.014492753623188406,0.5,query_1,"['GO:0007304', 'GO:0030704']",['Cad99C'],[['IMP']]
GO:BP,GO:0007304,chorion-containing eggshell formation,0.4139771039087256,False,"""The construction of a chorion-containing eggshell. An example of this is found in Drosophila melanogaster."" [GOC:mah, GOC:mtg_sensu]",16,69,2,4247,0.028985507246376812,0.125,query_1,"['GO:0030703', 'GO:0030707']","['Cad99C', 'hep']","[['IMP'], ['IMP']]"
GO:BP,GO:0090296,regulation of mitochondrial DNA replication,0.4139771039087256,False,"""Any process that modulates the rate, frequency or extent of the process in which new strands of DNA are synthesized in the mitochondrion."" [GOC:tb]",2,69,1,4247,0.014492753623188406,0.5,query_1,"['GO:0006264', 'GO:0090329', 'GO:1901858']",['larp'],[['IMP']]
GO:BP,GO:0098916,anterograde trans-synaptic signaling,0.4139771039087256,False,"""Cell-cell signaling from pre to post-synapse, across the synaptic cleft."" [GOC:dos]",102,69,5,4247,0.07246376811594203,0.049019607843137254,query_1,['GO:0099537'],"['Upf2', 'mr', 'ohgt', 'Syx6', 'rut']","[['IDA'], ['IMP'], ['IMP'], ['ISS'], ['IMP']]"
GO:BP,GO:0032536,regulation of cell projection size,0.4139771039087256,False,"""A process that modulates the size of a cell projection."" [GOC:mah]",2,69,1,4247,0.014492753623188406,0.5,query_1,['GO:0032535'],['Cad99C'],[['IMP']]
GO:BP,GO:0006171,cAMP biosynthetic process,0.4139771039087256,False,"""The chemical reactions and pathways resulting in the formation of the nucleotide cAMP (cyclic AMP, adenosine 3',5'-cyclophosphate)."" [ISBN:0198506732]",2,69,1,4247,0.014492753623188406,0.5,query_1,"['GO:0009152', 'GO:0009190', 'GO:0046058']",['rut'],"[['IBA', 'IEA']]"
GO:BP,GO:0007631,feeding behavior,0.4139771039087256,False,"""Behavior associated with the intake of food."" [GOC:mah]",17,69,2,4247,0.028985507246376812,0.11764705882352941,query_1,['GO:0007610'],"['foxo', 'rut']","[['IMP', 'IGI'], ['IMP']]"
GO:BP,GO:0051241,negative regulation of multicellular organismal process,0.4139771039087256,False,"""Any process that stops, prevents, or reduces the frequency, rate or extent of an organismal process, the processes pertinent to the function of an organism above the cellular level; includes the integrated processes of tissues and organs."" [GOC:ai]",100,69,5,4247,0.07246376811594203,0.05,query_1,"['GO:0032501', 'GO:0048519', 'GO:0051239']","['mr', 'Cip4', 'aop', 'CadN', 'foxo']","[['IMP'], ['IMP'], ['IMP', 'IGI'], ['IMP'], ['IMP']]"
GO:BP,GO:1903533,regulation of protein targeting,0.4139771039087256,False,"""Any process that modulates the frequency, rate or extent of protein targeting."" [GO_REF:0000058, GOC:TermGenie]",2,69,1,4247,0.014492753623188406,0.5,query_1,"['GO:0006605', 'GO:0070201']",['larp'],[['IMP']]
GO:BP,GO:0048255,mRNA stabilization,0.4139771039087256,False,"""Prevention of degradation of mRNA molecules. In the absence of compensating changes in other processes, the slowing of mRNA degradation can result in an overall increase in the population of active mRNA molecules."" [GOC:jid]",2,69,1,4247,0.014492753623188406,0.5,query_1,"['GO:0043488', 'GO:0043489', 'GO:1902373']",['larp'],[['IEA']]
GO:BP,GO:1900075,positive regulation of neuromuscular synaptic transmission,0.4139771039087256,False,"""Any process that activates or increases the frequency, rate or extent of neuromuscular synaptic transmission."" [GOC:kmv, GOC:TermGenie]",2,69,1,4247,0.014492753623188406,0.5,query_1,"['GO:0007274', 'GO:0050806', 'GO:1900073']",['ohgt'],[['IMP']]
GO:BP,GO:0090297,positive regulation of mitochondrial DNA replication,0.4139771039087256,False,"""Any process that increases the rate, frequency or extent of the process in which new strands of DNA are synthesized in the mitochondrion."" [GOC:tb]",2,69,1,4247,0.014492753623188406,0.5,query_1,"['GO:0006264', 'GO:0090296', 'GO:1901860', 'GO:2000105']",['larp'],[['IMP']]
GO:BP,GO:0043489,RNA stabilization,0.4139771039087256,False,"""Prevention of degradation of RNA molecules."" [GOC:go_curators]",2,69,1,4247,0.014492753623188406,0.5,query_1,"['GO:0043487', 'GO:1902369']",['larp'],[['IEA']]
GO:BP,GO:0022407,regulation of cell-cell adhesion,0.4240052678182466,False,"""Any process that modulates the frequency, rate or extent of attachment of a cell to another cell."" [GOC:isa_complete]",18,69,2,4247,0.028985507246376812,0.1111111111111111,query_1,"['GO:0030155', 'GO:0098609']","['aop', 'pygo']","[['IMP'], ['IMP']]"
GO:BP,GO:0140029,exocytic process,0.4240052678182466,False,"""The cellular processes that contribute to exocytosis."" [Wikipedia:Exocytosis]",18,69,2,4247,0.028985507246376812,0.1111111111111111,query_1,"['GO:0006887', 'GO:0009987']","['Rab10', 'Syx6']","[['IBA'], ['ISS']]"
GO:BP,GO:0007155,cell adhesion,0.4436973754864109,False,"""The attachment of a cell, either to another cell or to an underlying substrate such as the extracellular matrix, via cell adhesion molecules."" [GOC:hb, GOC:pf]",113,69,5,4247,0.07246376811594203,0.04424778761061947,query_1,['GO:0009987'],"['aop', 'beat-Ib', 'CadN', 'pygo', 'Cad99C']","[['IMP'], ['ISS'], ['IDA', 'IPI', 'ISS', 'IBA', 'IEA'], ['IMP'], ['ISS', 'ISM', 'IBA', 'NAS', 'IEA']]"
GO:BP,GO:0007289,spermatid nucleus differentiation,0.4520330738052024,False,"""The specialization of the spermatid nucleus during the development of a spermatid into a mature male gamete competent for fertilization."" [GOC:bf, GOC:dph, GOC:jl, GOC:mah]",3,69,1,4247,0.014492753623188406,0.3333333333333333,query_1,"['GO:0006997', 'GO:0007286']",['ctp'],[['IMP']]
GO:BP,GO:0009190,cyclic nucleotide biosynthetic process,0.4520330738052024,False,"""The chemical reactions and pathways resulting in the formation of a cyclic nucleotide, a nucleotide in which the phosphate group is in diester linkage to two positions on the sugar residue."" [GOC:go_curators, ISBN:0198506732]",3,69,1,4247,0.014492753623188406,0.3333333333333333,query_1,"['GO:0009165', 'GO:0009187']",['rut'],"[['IDA', 'IBA', 'IEA']]"
GO:BP,GO:0010738,regulation of protein kinase A signaling,0.4520330738052024,False,"""Any process that modulates the rate, frequency, or extent of protein kinase A signaling. PKA signaling is the series of reactions, mediated by the intracellular serine/threonine kinase protein kinase A, which occurs as a result of a single trigger reaction or compound."" [GOC:BHF, GOC:dph, GOC:tb]",3,69,1,4247,0.014492753623188406,0.3333333333333333,query_1,"['GO:0010737', 'GO:1902531']",['rut'],[['IMP']]
GO:BP,GO:0061963,regulation of entry into reproductive diapause,0.4520330738052024,False,"""Any process that modulates the rate or extent of the dormancy process that results in entry into reproductive diapause. Reproductive diapause is a form of diapause where the organism itself will remain fully active, including feeding and other routine activities, but the reproductive organs experience a tissue-specific reduction in metabolism, with characteristic triggering and releasing stimuli."" [GOC:ha, PMID:27689881]",3,69,1,4247,0.014492753623188406,0.3333333333333333,query_1,"['GO:0050793', 'GO:0055116']",['foxo'],[['IMP']]
GO:BP,GO:0061572,actin filament bundle organization,0.4520330738052024,False,"""A process that results in the assembly, arrangement of constituent parts, or disassembly of an actin filament bundle."" [GOC:dph]",20,69,2,4247,0.028985507246376812,0.1,query_1,['GO:0007015'],"['ctp', 'hep']","[['IMP'], ['IMP']]"
GO:BP,GO:0048588,developmental cell growth,0.4520330738052024,False,"""The growth of a cell, where growth contributes to the progression of the cell over time from one condition to another."" [GOC:go_curators, GOC:isa_complete]",46,69,3,4247,0.043478260869565216,0.06521739130434782,query_1,"['GO:0016049', 'GO:0048468', 'GO:0048589']","['CadN', 'rut', 'hep']","[['IMP'], ['IMP'], ['IMP']]"
GO:BP,GO:0007399,nervous system development,0.4520330738052024,False,"""The process whose specific outcome is the progression of nervous tissue over time, from its formation to its mature state."" [GOC:dgh]",629,69,16,4247,0.2318840579710145,0.025437201907790145,query_1,['GO:0048731'],"['CG12236', 'mr', 'Cip4', 'Reph', 'aop', 'beat-Ib', 'CadN', 'mgr', 'Past1', 'ttv', 'foxo', 'dan', 'prel', 'rut', 'ctp', 'hep']","[['IEA'], ['IMP'], ['IDA', 'IMP'], ['IMP'], ['IDA', 'IMP', 'IGI'], ['IBA'], ['IMP', 'IGI', 'TAS'], ['IMP'], ['IMP'], ['IGI'], ['IMP'], ['IMP'], ['IMP'], ['IMP'], ['IMP'], ['IDA', 'IMP']]"
GO:BP,GO:0120036,plasma membrane bounded cell projection organization,0.4520330738052024,False,"""A process that is carried out at the cellular level which results in the assembly, arrangement of constituent parts, or disassembly of a plasma membrane bounded prolongation or process extending from a cell, e.g. a cilium or axon."" [GOC:krc]",332,69,10,4247,0.14492753623188406,0.030120481927710843,query_1,['GO:0030030'],"['Cip4', 'beat-Ib', 'CadN', 'Past1', 'ttv', 'Cad99C', 'foxo', 'prel', 'rut', 'hep']","[['IMP'], ['IBA'], ['IMP', 'IGI', 'TAS'], ['IBA'], ['IGI'], ['IMP'], ['IMP'], ['IMP'], ['IMP'], ['IDA', 'IMP']]"
GO:BP,GO:1904825,protein localization to microtubule plus-end,0.4520330738052024,False,"""A process in which a protein is transported to, or maintained in, a location at a microtubule plus-end."" [GO_REF:0000087, GOC:TermGenie, PMID:24039245]",3,69,1,4247,0.014492753623188406,0.3333333333333333,query_1,['GO:1905725'],['pigs'],[['IBA']]
GO:BP,GO:0001661,conditioned taste aversion,0.4520330738052024,False,"""A conditioned aversion to a specific chemical compound as a result of that compound being coupled with a noxious stimulus."" [GOC:dph, PMID:9920659]",3,69,1,4247,0.014492753623188406,0.3333333333333333,query_1,"['GO:0007631', 'GO:0008306']",['rut'],[['IMP']]
GO:BP,GO:1905725,protein localization to microtubule end,0.4520330738052024,False,"""A process in which a protein is transported to, or maintained in, a location at a microtubule end."" [GO_REF:0000087, GOC:TermGenie, PMID:12034771]",3,69,1,4247,0.014492753623188406,0.3333333333333333,query_1,['GO:0035372'],['pigs'],[['IBA']]
GO:BP,GO:0021556,central nervous system formation,0.4520330738052024,False,"""The process that gives rise to the central nervous system. This process pertains to the initial formation of a structure from unspecified parts. The central nervous system is the core nervous system that serves an integrating and coordinating function. In vertebrates it consists of the brain, spinal cord and spinal nerves. In those invertebrates with a central nervous system it typically consists of a brain, cerebral ganglia and a nerve cord."" [GO_REF:0000021, GOC:cls, GOC:dgh, GOC:dph, GOC:jid, ISBN:0582227089]",3,69,1,4247,0.014492753623188406,0.3333333333333333,query_1,"['GO:0021551', 'GO:0048646']",['dan'],[['IMP']]
GO:BP,GO:0030210,heparin proteoglycan biosynthetic process,0.4520330738052024,False,"""The chemical reactions and pathways resulting in the formation of heparin proteoglycans, which consist of a core protein linked to a heparin glycosaminoglycan. The heparin chain is composed of the repeating disaccharide unit beta-(1,4)-N-acetyl-D-glucosamine-alpha-(1,4)-hexuronic acid, the former being either sulfated or deacetylated on its amino group as well as sulfated on one of its hydroxyl groups, and the latter being a mixture of sulfated and nonsulfated D-glucuronic and L-iduronic acids. Heparin is similar to heparan sulfate but it contains more N-sulfate and O-sulfate groups. Heparin chains are covalently linked to serine/threonine residues (O-linked) of the core protein via a tetrasaccharide linker sequence (xylose-galactose-galactose-glucuronate)."" [PMID:22566225]",3,69,1,4247,0.014492753623188406,0.3333333333333333,query_1,"['GO:0030166', 'GO:0030202']",['ttv'],"[['IMP', 'IEA']]"
GO:BP,GO:0035154,"terminal cell fate specification, open tracheal system",0.4520330738052024,False,"""The process in which a cell in an open tracheal system becomes capable of differentiating autonomously into a terminal cell in an environment that is neutral with respect to the developmental pathway; upon specification, the cell fate can be reversed. Terminal cells send long and bifurcated hollow branches toward target tissues to allow oxygen exchange."" [GOC:mtg_sensu, PMID:10684581, PMID:11063940]",3,69,1,4247,0.014492753623188406,0.3333333333333333,query_1,['GO:0035153'],['aop'],[['IMP']]
GO:BP,GO:0000212,meiotic spindle organization,0.4520330738052024,False,"""A process that is carried out at the cellular level which results in the assembly, arrangement of constituent parts, or disassembly of the microtubule spindle during a meiotic cell cycle."" [GOC:go_curators, GOC:mah]",21,69,2,4247,0.028985507246376812,0.09523809523809523,query_1,"['GO:0007051', 'GO:1903046']","['mgr', 'larp']","[['IMP'], ['IMP']]"
GO:BP,GO:0110010,basolateral protein secretion,0.4520330738052024,False,"""The controlled release of proteins from a cell at the sides which interface adjacent cells and near the base."" [GOC:ha, PMID:27404358]",3,69,1,4247,0.014492753623188406,0.3333333333333333,query_1,['GO:0009306'],['Rab10'],[['IMP']]
GO:BP,GO:2000253,positive regulation of feeding behavior,0.4520330738052024,False,"""Any process that activates or increases the frequency, rate or extent of feeding behavior."" [GOC:obol]",3,69,1,4247,0.014492753623188406,0.3333333333333333,query_1,"['GO:0007631', 'GO:0048520', 'GO:0060259']",['foxo'],"[['IMP', 'IGI']]"
GO:BP,GO:0110011,regulation of basement membrane organization,0.4520330738052024,False,"""Any process that modulates the frequency, rate or extent of the assembly, disassembly or arrangement of constituent parts of the basement membrane."" [GOC:ha, PMID:27404358]",3,69,1,4247,0.014492753623188406,0.3333333333333333,query_1,"['GO:0071711', 'GO:1903053']",['Rab10'],[['IMP']]
GO:BP,GO:0030182,neuron differentiation,0.4520330738052024,False,"""The process in which a relatively unspecialized cell acquires specialized features of a neuron."" [GOC:mah]",438,69,12,4247,0.17391304347826086,0.0273972602739726,query_1,"['GO:0030154', 'GO:0048699']","['CG12236', 'Cip4', 'aop', 'beat-Ib', 'CadN', 'Past1', 'ttv', 'foxo', 'prel', 'rut', 'ctp', 'hep']","[['IEA'], ['IMP'], ['IDA', 'IMP', 'IGI'], ['IBA'], ['IMP', 'IGI', 'TAS'], ['IMP'], ['IGI'], ['IMP'], ['IMP'], ['IMP'], ['IMP'], ['IDA', 'IMP']]"
GO:BP,GO:2000766,negative regulation of cytoplasmic translation,0.4520330738052024,False,"""Any process that stops, prevents or reduces the frequency, rate or extent of cytoplasmic translation."" [GOC:obol]",3,69,1,4247,0.014492753623188406,0.3333333333333333,query_1,"['GO:0002181', 'GO:0017148', 'GO:2000765']",['larp'],[['IMP']]
GO:BP,GO:1902369,negative regulation of RNA catabolic process,0.4520330738052024,False,"""Any process that stops, prevents or reduces the frequency, rate or extent of RNA catabolic process."" [GOC:bf, GOC:TermGenie, PMID:16640457]",3,69,1,4247,0.014492753623188406,0.3333333333333333,query_1,"['GO:0006401', 'GO:0009895', 'GO:0051253']",['larp'],[['IEA']]
GO:BP,GO:0019080,viral gene expression,0.4520330738052024,False,"""A process by which a viral gene is converted into a mature gene product or products (proteins or RNA). This includes viral transcription, processing to produce a mature RNA product, and viral translation."" [GOC:bf, GOC:jl, ISBN:0121585336]",3,69,1,4247,0.014492753623188406,0.3333333333333333,query_1,['GO:0016032'],['Oda'],[['IEA']]
GO:BP,GO:0010896,regulation of triglyceride catabolic process,0.4520330738052024,False,"""Any process that modulates the frequency, rate, or extent of the chemical reactions and pathways resulting in the breakdown of triglyceride."" [GOC:rn, GOC:tb]",3,69,1,4247,0.014492753623188406,0.3333333333333333,query_1,"['GO:0019433', 'GO:0050994', 'GO:0090207']",['foxo'],[['IMP']]
GO:BP,GO:0030030,cell projection organization,0.4520330738052024,False,"""A process that is carried out at the cellular level which results in the assembly, arrangement of constituent parts, or disassembly of a prolongation or process extending from a cell, e.g. a flagellum or axon."" [GOC:jl, GOC:mah, PMID:16318917]",338,69,10,4247,0.14492753623188406,0.029585798816568046,query_1,['GO:0016043'],"['Cip4', 'beat-Ib', 'CadN', 'Past1', 'ttv', 'Cad99C', 'foxo', 'prel', 'rut', 'hep']","[['IMP'], ['IBA'], ['IMP', 'IGI', 'TAS'], ['IBA'], ['IGI'], ['IMP'], ['IMP'], ['IMP'], ['IMP'], ['IDA', 'IMP']]"
GO:BP,GO:0000001,mitochondrion inheritance,0.4520330738052024,False,"""The distribution of mitochondria, including the mitochondrial genome, into daughter cells after mitosis or meiosis, mediated by interactions between mitochondria and the cytoskeleton."" [GOC:mcc, PMID:10873824, PMID:11389764]",3,69,1,4247,0.014492753623188406,0.3333333333333333,query_1,"['GO:0048308', 'GO:0048311']",['larp'],[['IMP']]
GO:BP,GO:0006895,Golgi to endosome transport,0.4520330738052024,False,"""The directed movement of substances from the Golgi to early sorting endosomes. Clathrin vesicles transport substances from the trans-Golgi to endosomes."" [GOC:jl, ISBN:0716731363, PMID:10873832]",3,69,1,4247,0.014492753623188406,0.3333333333333333,query_1,"['GO:0006892', 'GO:0016482']",['CG15099'],[['IEA']]
GO:BP,GO:0055116,entry into reproductive diapause,0.4520330738052024,False,"""The dormancy process that results in entry into reproductive diapause. Reproductive diapause is a form of diapause where the organism itself will remain fully active, including feeding and other routine activities, but the reproductive organs experience a tissue-specific reduction in metabolism, with characteristic triggering and releasing stimuli."" [GOC:ds, GOC:jid, GOC:mah]",3,69,1,4247,0.014492753623188406,0.3333333333333333,query_1,['GO:0055115'],['foxo'],[['IMP']]
GO:BP,GO:0040007,growth,0.4520330738052024,False,"""The increase in size or mass of an entire organism, a part of an organism or a cell."" [GOC:bf, GOC:ma]",241,69,8,4247,0.11594202898550725,0.03319502074688797,query_1,['GO:0008150'],"['mr', 'Cip4', 'Rab10', 'CadN', 'pygo', 'foxo', 'rut', 'hep']","[['IMP'], ['IDA', 'IMP'], ['IMP'], ['IMP', 'IEA'], ['IMP'], ['IMP', 'IGI'], ['IMP'], ['IMP']]"
GO:BP,GO:0042593,glucose homeostasis,0.4520330738052024,False,"""Any process involved in the maintenance of an internal steady state of glucose within an organism or cell."" [GOC:go_curators]",20,69,2,4247,0.028985507246376812,0.1,query_1,['GO:0033500'],"['foxo', 'Gapdh2']","[['IMP'], ['IMP']]"
GO:BP,GO:0048699,generation of neurons,0.4520330738052024,False,"""The process in which nerve cells are generated. This includes the production of neuroblasts and their differentiation into neurons."" [GOC:nln]",480,69,13,4247,0.18840579710144928,0.027083333333333334,query_1,['GO:0022008'],"['CG12236', 'Cip4', 'aop', 'beat-Ib', 'CadN', 'mgr', 'Past1', 'ttv', 'foxo', 'prel', 'rut', 'ctp', 'hep']","[['IEA'], ['IMP'], ['IDA', 'IMP', 'IGI'], ['IBA'], ['IMP', 'IGI', 'TAS'], ['IMP'], ['IMP'], ['IGI'], ['IMP'], ['IMP'], ['IMP'], ['IMP'], ['IDA', 'IMP']]"
GO:BP,GO:0048308,organelle inheritance,0.4520330738052024,False,"""The partitioning of organelles between daughter cells at cell division."" [GOC:jid]",3,69,1,4247,0.014492753623188406,0.3333333333333333,query_1,['GO:0006996'],['larp'],[['IMP']]
GO:BP,GO:0007165,signal transduction,0.4520330738052024,False,"""The cellular process in which a signal is conveyed to trigger a change in the activity or state of a cell. Signal transduction begins with reception of a signal (e.g. a ligand binding to a receptor or receptor activation by a stimulus such as light), or for signal transduction in the absence of ligand, signal-withdrawal or the activity of a constitutively active receptor. Signal transduction ends with regulation of a downstream cellular process, e.g. regulation of transcription or regulation of a metabolic process. Signal transduction covers signaling from receptors located on the surface of the cell and signaling via molecules located within the cell. For signaling between cells, signal transduction is restricted to events at and within the receiving cell."" [GOC:go_curators, GOC:mtg_signaling_feb11]",743,69,18,4247,0.2608695652173913,0.024226110363391656,query_1,"['GO:0007154', 'GO:0009987', 'GO:0023052', 'GO:0050794', 'GO:0051716']","['pigs', 'Cip4', 'Mvb12', 'Rab10', 'Reph', 'aop', 'Edem2', 'ohgt', 'Ssdp', 'pygo', 'ttv', 'mms4', 'CG17528', 'Cad99C', 'foxo', 'Sur-8', 'rut', 'hep']","[['IMP'], ['IEA'], ['IBA'], ['ISS'], ['IGI'], ['IDA', 'IMP', 'IGI'], ['IMP', 'IGI'], ['IMP'], ['IGI'], ['IDA', 'IPI', 'IMP', 'IGI', 'IEA'], ['IMP', 'IEA'], ['IBA'], ['IBA', 'IEA'], ['IGI'], ['IMP', 'IGI'], ['HGI', 'IBA'], ['IMP', 'IBA', 'IEA'], ['IDA', 'IMP', 'IGI', 'IEA']]"
GO:BP,GO:0009266,response to temperature stimulus,0.4520330738052024,False,"""Any process that results in a change in state or activity of a cell or an organism (in terms of movement, secretion, enzyme production, gene expression, etc.) as a result of a temperature stimulus."" [GOC:hb]",47,69,3,4247,0.043478260869565216,0.06382978723404255,query_1,['GO:0009628'],"['CG5504', 'rut', 'hep']","[['IEA'], ['IMP'], ['IMP']]"
GO:BP,GO:0035214,eye-antennal disc development,0.4520330738052024,False,"""Progression of the eye-antennal imaginal disc over time, from its initial formation through to its metamorphosis to form adult structures including the eye, antenna, head capsule and maxillary palps."" [GOC:bf, ISBN:0879694238]",20,69,2,4247,0.028985507246376812,0.1,query_1,['GO:0007444'],"['pygo', 'dan']","[['IMP'], ['IMP']]"
GO:BP,GO:0006626,protein targeting to mitochondrion,0.45301579264815733,False,"""The process of directing proteins towards and into the mitochondrion, usually mediated by mitochondrial proteins that recognize signals contained within the imported protein."" [GOC:mcc, ISBN:0716731363]",22,69,2,4247,0.028985507246376812,0.09090909090909091,query_1,"['GO:0006605', 'GO:0072655']","['Tim23', 'larp']","[['IBA'], ['IMP']]"
GO:BP,GO:0019058,viral life cycle,0.45301579264815733,False,"""A set of processes which all viruses follow to ensure survival; includes attachment and entry of the virus particle, decoding of genome information, translation of viral mRNA by host ribosomes, genome replication, and assembly and release of viral particles containing the genome."" [ISBN:1555811272]",22,69,2,4247,0.028985507246376812,0.09090909090909091,query_1,['GO:0016032'],"['Mvb12', 'Rab10']","[['IBA'], ['HMP']]"
GO:BP,GO:0046844,chorion micropyle formation,0.45731478764648664,False,"""Establishment of the micropyle, a single cone-shaped specialization of the chorion that allows sperm entry into the egg prior to fertilization."" [ISBN:0879694238]",4,69,1,4247,0.014492753623188406,0.25,query_1,"['GO:0003006', 'GO:0007306', 'GO:0048646']",['hep'],[['IMP']]
GO:BP,GO:0048526,imaginal disc-derived wing expansion,0.45731478764648664,False,"""The process of expanding or inflating the folded imaginal disc-derived pupal wing, and the adhering of the dorsal and ventral surfaces, to form the mature adult wing."" [GOC:mtg_sensu, GOC:rc]",4,69,1,4247,0.014492753623188406,0.25,query_1,"['GO:0007476', 'GO:0060560']",['pygo'],[['IMP']]
GO:BP,GO:0042558,pteridine-containing compound metabolic process,0.45731478764648664,False,"""The chemical reactions and pathways involving any compound containing pteridine (pyrazino(2,3-dipyrimidine)), e.g. pteroic acid, xanthopterin and folic acid."" [GOC:jl, ISBN:0198506732]",4,69,1,4247,0.014492753623188406,0.25,query_1,['GO:0008152'],['l(3)72Dp'],[['IBA']]
GO:BP,GO:0034244,negative regulation of transcription elongation by RNA polymerase II,0.45731478764648664,False,"""Any process that stops, prevents, or reduces the frequency, rate or extent of transcription elongation, the extension of an RNA molecule after transcription initiation and promoter clearance by the addition of ribonucleotides, catalyzed by RNA polymerase II."" [GOC:mah, GOC:txnOH]",4,69,1,4247,0.014492753623188406,0.25,query_1,"['GO:0006368', 'GO:0032785', 'GO:0034243']",['Nelf-A'],"[['IDA', 'IBA']]"
GO:BP,GO:0032528,microvillus organization,0.45731478764648664,False,"""A process that is carried out at the cellular level which results in the assembly, arrangement of constituent parts, or disassembly of a microvillus, a thin cylindrical membrane-covered projection on the surface of a cell."" [GOC:mah]",4,69,1,4247,0.014492753623188406,0.25,query_1,['GO:0120036'],['Cad99C'],[['IMP']]
GO:BP,GO:0006921,cellular component disassembly involved in execution phase of apoptosis,0.45731478764648664,False,"""The breakdown of structures such as organelles, proteins, or other macromolecular structures during apoptosis."" [GOC:dph, GOC:mah, GOC:mtg_apoptosis, GOC:tb]",4,69,1,4247,0.014492753623188406,0.25,query_1,"['GO:0022411', 'GO:0097194']",['Drep4'],"[['IDA', 'IBA', 'TAS', 'IEA']]"
GO:BP,GO:0090328,regulation of olfactory learning,0.45731478764648664,False,"""Any process that modulates the rate, frequency, or extent of olfactory learning. Olfactory learning is any process in an organism in which a relatively long-lasting adaptive behavioral change occurs in response to (repeated) exposure to an olfactory cue."" [GOC:dph, GOC:tb]",4,69,1,4247,0.014492753623188406,0.25,query_1,"['GO:0008355', 'GO:0031644', 'GO:0048583', 'GO:0050795']",['rut'],[['IMP']]
GO:BP,GO:0035372,protein localization to microtubule,0.45731478764648664,False,"""A process in which a protein is transported to, or maintained at, a microtubule."" [GOC:bf, GOC:lb]",4,69,1,4247,0.014492753623188406,0.25,query_1,['GO:0072698'],['pigs'],[['IBA']]
GO:BP,GO:0006897,endocytosis,0.45731478764648664,False,"""A vesicle-mediated transport process in which cells take up external materials or membrane constituents by the invagination of a part of the plasma membrane to form a new membrane-bounded vesicle."" [GOC:mah, ISBN:0198506732, ISBN:0716731363, Wikipedia:Endocytosis]",130,69,5,4247,0.07246376811594203,0.038461538461538464,query_1,"['GO:0016192', 'GO:0098657']","['Cip4', 'aop', 'Past1', 'Cad99C', 'hep']","[['IEA'], ['IMP'], ['IMP', 'IBA', 'IEA'], ['IMP'], ['IMP']]"
GO:BP,GO:0006309,apoptotic DNA fragmentation,0.45731478764648664,False,"""The cleavage of DNA during apoptosis, which usually occurs in two stages: cleavage into fragments of about 50 kbp followed by cleavage between nucleosomes to yield 200 bp fragments."" [GOC:dph, GOC:mah, GOC:mtg_apoptosis, GOC:tb, ISBN:0721639976, PMID:15723341, PMID:23379520]",4,69,1,4247,0.014492753623188406,0.25,query_1,"['GO:0006308', 'GO:0030262']",['Drep4'],"[['IDA', 'IBA', 'TAS', 'IEA']]"
GO:BP,GO:0006044,N-acetylglucosamine metabolic process,0.45731478764648664,False,"""The chemical reactions and pathways involving N-acetylglucosamine. The D isomer is a common structural unit of glycoproteins in plants, bacteria and animals; it is often the terminal sugar of an oligosaccharide group of a glycoprotein."" [ISBN:0198506732]",4,69,1,4247,0.014492753623188406,0.25,query_1,['GO:1901071'],['ttv'],[['ISS']]
GO:BP,GO:0016482,cytosolic transport,0.45731478764648664,False,"""The directed movement of substances or organelles within the cytosol."" [GOC:ai]",24,69,2,4247,0.028985507246376812,0.08333333333333333,query_1,['GO:0046907'],"['CG15099', 'Syx6']","[['IEA'], ['IBA']]"
GO:BP,GO:0034454,microtubule anchoring at centrosome,0.45731478764648664,False,"""Any process in which a microtubule is maintained in a specific location in a cell by attachment to a centrosome."" [GOC:BHF, GOC:mah]",4,69,1,4247,0.014492753623188406,0.25,query_1,['GO:0072393'],['ctp'],[['IMP']]
GO:BP,GO:0016049,cell growth,0.45731478764648664,False,"""The process in which a cell irreversibly increases in size over time by accretion and biosynthetic production of matter similar to that already present."" [GOC:ai]",89,69,4,4247,0.057971014492753624,0.0449438202247191,query_1,"['GO:0009987', 'GO:0040007']","['CadN', 'foxo', 'rut', 'hep']","[['IMP'], ['IMP'], ['IMP'], ['IMP']]"
GO:BP,GO:0010737,protein kinase A signaling,0.45731478764648664,False,"""An intracellular signaling cassette that starts with the activation of protein kinase A (PKA), and ends with the regulation of a downstream cellular process, e.g. transcription. The PKA catalytic subunit (PKA-C) is normally present in a complex with its regulatory subunit, PKA-R. The inhibitory action of PKA-R is released upon cAMP binding, which results in the activation of PKA-C."" [PMID:35252178, PMID:36431013]",4,69,1,4247,0.014492753623188406,0.25,query_1,['GO:0035556'],['rut'],[['IMP']]
GO:BP,GO:0019216,regulation of lipid metabolic process,0.45731478764648664,False,"""Any process that modulates the frequency, rate or extent of the chemical reactions and pathways involving lipids."" [GOC:go_curators]",23,69,2,4247,0.028985507246376812,0.08695652173913043,query_1,"['GO:0006629', 'GO:0080090']","['CG13601', 'foxo']","[['IBA'], ['IMP']]"
GO:BP,GO:1903688,positive regulation of border follicle cell migration,0.45731478764648664,False,"""Any process that activates or increases the frequency, rate or extent of border follicle cell migration."" [GO_REF:0000058, GOC:als, GOC:TermGenie, PMID:18394891]",24,69,2,4247,0.028985507246376812,0.08333333333333333,query_1,"['GO:0007298', 'GO:0010634', 'GO:1903684']","['aop', 'hep']","[['IMP'], ['IGI']]"
GO:BP,GO:0016192,vesicle-mediated transport,0.45731478764648664,False,"""A cellular transport process in which transported substances are moved in membrane-bounded vesicles; transported substances are enclosed in the vesicle lumen or located in the vesicle membrane. The process begins with a step that directs a substance to the forming vesicle, and includes vesicle budding and coating. Vesicles are then targeted to, and fuse with, an acceptor membrane."" [GOC:ai, GOC:mah, ISBN:08789310662000]",312,69,9,4247,0.13043478260869565,0.028846153846153848,query_1,"['GO:0006810', 'GO:0009987']","['Cip4', 'Mvb12', 'Rab10', 'aop', 'Past1', 'CG15099', 'Syx6', 'Cad99C', 'hep']","[['IEA'], ['IBA'], ['IMP', 'ISS', 'IBA'], ['IMP'], ['IMP', 'IBA', 'IEA'], ['IEA'], ['ISS', 'IBA', 'IEA'], ['IMP'], ['IMP']]"
GO:BP,GO:0090278,negative regulation of peptide hormone secretion,0.45731478764648664,False,"""Any process that decreases the rate, frequency, or extent of the regulated release of a peptide hormone from secretory granules."" [GOC:tb]",4,69,1,4247,0.014492753623188406,0.25,query_1,"['GO:0002792', 'GO:0030072', 'GO:0046888', 'GO:0090276']",['CG9650'],[['IMP']]
GO:BP,GO:2000767,positive regulation of cytoplasmic translation,0.45731478764648664,False,"""Any process that activates or increases the frequency, rate or extent of cytoplasmic translation."" [GOC:obol]",4,69,1,4247,0.014492753623188406,0.25,query_1,"['GO:0002181', 'GO:0045727', 'GO:2000765']",['larp'],[['IMP']]
GO:BP,GO:0007169,cell surface receptor protein tyrosine kinase signaling pathway,0.45731478764648664,False,"""The series of molecular signals initiated by an extracellular ligand binding to a receptor on the surface of the target cell where the receptor possesses tyrosine kinase activity, and ending with the regulation of a downstream cellular process, e.g. transcription."" [GOC:ceb, GOC:signaling]",130,69,5,4247,0.07246376811594203,0.038461538461538464,query_1,['GO:0007167'],"['Mvb12', 'Reph', 'aop', 'foxo', 'hep']","[['IBA'], ['IGI'], ['IDA', 'IMP', 'IGI'], ['IMP', 'IGI'], ['IGI']]"
GO:BP,GO:0010634,positive regulation of epithelial cell migration,0.45731478764648664,False,"""Any process that activates or increases the frequency, rate or extent of epithelial cell migration."" [GOC:BHF, GOC:dph, GOC:tb]",25,69,2,4247,0.028985507246376812,0.08,query_1,"['GO:0010631', 'GO:0010632', 'GO:0030335']","['aop', 'hep']","[['IMP'], ['IGI']]"
GO:BP,GO:0051961,negative regulation of nervous system development,0.45731478764648664,False,"""Any process that stops, prevents, or reduces the frequency, rate or extent of nervous system development, the origin and formation of nervous tissue."" [GOC:ai]",52,69,3,4247,0.043478260869565216,0.057692307692307696,query_1,"['GO:0007399', 'GO:0051093', 'GO:0051241', 'GO:0051960']","['mr', 'Cip4', 'CadN']","[['IMP'], ['IMP'], ['IMP']]"
GO:BP,GO:0055115,entry into diapause,0.45731478764648664,False,"""The dormancy process that results in entry into diapause. Diapause is a neurohormonally mediated, dynamic state of low metabolic activity. Associated characteristics of this form of dormancy include reduced morphogenesis, increased resistance to environmental extremes, and altered or reduced behavioral activity. Full expression develops in a species-specific manner, usually in response to a number of environmental stimuli that precede unfavorable conditions. Once diapause has begun, metabolic activity is suppressed even if conditions favorable for development prevail. Once initiated, only certain stimuli are capable of releasing the organism from this state, and this characteristic is essential in distinguishing diapause from hibernation."" [GOC:ds, GOC:jid, GOC:mah]",4,69,1,4247,0.014492753623188406,0.25,query_1,['GO:0022611'],['foxo'],[['IMP']]
GO:BP,GO:1990255,subsynaptic reticulum organization,0.45731478764648664,False,"""A process that is carried out at the cellular level which results in the assembly, arrangement of constituent parts, or disassembly of a subsynaptic reticulum. A subsynaptic reticulum is an elaborate tubulolamellar membrane system that underlies the postsynaptic cell membrane."" [PMID:21041451]",4,69,1,4247,0.014492753623188406,0.25,query_1,['GO:0006996'],['Past1'],[['IMP']]
GO:BP,GO:0032233,positive regulation of actin filament bundle assembly,0.45731478764648664,False,"""Any process that activates or increases the frequency, rate or extent of the assembly of actin filament bundles."" [GOC:mah]",4,69,1,4247,0.014492753623188406,0.25,query_1,"['GO:0032231', 'GO:0044089', 'GO:0051017', 'GO:0051495', 'GO:1902905']",['hep'],[['IMP']]
GO:BP,GO:0046058,cAMP metabolic process,0.45731478764648664,False,"""The chemical reactions and pathways involving the nucleotide cAMP (cyclic AMP, adenosine 3',5'-cyclophosphate)."" [GOC:go_curators]",4,69,1,4247,0.014492753623188406,0.25,query_1,"['GO:0009150', 'GO:0052652']",['rut'],"[['IBA', 'IEA']]"
GO:BP,GO:0046888,negative regulation of hormone secretion,0.45731478764648664,False,"""Any process that stops, prevents, or reduces the frequency, rate or extent of the regulated release of a hormone from a cell."" [GOC:ai]",4,69,1,4247,0.014492753623188406,0.25,query_1,"['GO:0010648', 'GO:0023057', 'GO:0046879', 'GO:0046883', 'GO:1903531']",['CG9650'],[['IMP']]
GO:BP,GO:1903684,regulation of border follicle cell migration,0.45731478764648664,False,"""Any process that modulates the frequency, rate or extent of border follicle cell migration."" [GO_REF:0000058, GOC:als, GOC:TermGenie, PMID:18394891]",25,69,2,4247,0.028985507246376812,0.08,query_1,"['GO:0007298', 'GO:0010632']","['aop', 'hep']","[['IMP'], ['IGI']]"
GO:BP,GO:0035156,fusion cell fate specification,0.45731478764648664,False,"""The process in which a cell becomes capable of differentiating autonomously into a fusion cell in an environment that is neutral with respect to the developmental pathway; upon specification, the cell fate can be reversed. Fusion cells allow the interconnection of adjacent tracheal metameres during tracheal tube fusion."" [PMID:11063940]",4,69,1,4247,0.014492753623188406,0.25,query_1,['GO:0035153'],['aop'],[['IMP']]
GO:BP,GO:0022611,dormancy process,0.45731478764648664,False,"""A developmental process in which dormancy (sometimes called a dormant state) is induced, maintained or broken. Dormancy is a suspension of most physiological activity and growth that can be reactivated."" [GOC:isa_complete, GOC:PO_curators, PO_REF:00009]",4,69,1,4247,0.014492753623188406,0.25,query_1,['GO:0032502'],['foxo'],[['IMP']]
GO:BP,GO:0030202,heparin proteoglycan metabolic process,0.45731478764648664,False,"""The chemical reactions and pathways involving heparin proteoglycans, which consist of a core protein linked to a heparin glycosaminoglycan. The heparin chain is composed of the repeating disaccharide unit beta-(1,4)-N-acetyl-D-glucosamine-alpha-(1,4)-hexuronic acid, the former being either sulfated or deacetylated on its amino group as well as sulfated on one of its hydroxyl groups, and the latter being e a mixture of sulfated and nonsulfated D-glucuronic and L-iduronic acids. Heparin is similar to heparan sulfate but it contains more N-sulfate and O-sulfate groups. Heparin proteoglycans are stored selectively in the secretory granules of mammalian mast cells."" [PMID:22566225]",4,69,1,4247,0.014492753623188406,0.25,query_1,['GO:0006029'],['ttv'],"[['IMP', 'IEA']]"
GO:BP,GO:0048841,regulation of axon extension involved in axon guidance,0.45731478764648664,False,"""Any process that modulates the frequency, rate or extent of axon extension involved in axon guidance."" [GOC:devbiol]",4,69,1,4247,0.014492753623188406,0.25,query_1,"['GO:0030516', 'GO:0048846']",['CadN'],[['IMP']]
GO:BP,GO:0007561,imaginal disc eversion,0.45731478764648664,False,"""The eversion (turning inside out) of imaginal discs from their peripodial sacs, resulting in movement of the epithelium to the outside of the larval epidermis."" [PMID:11494317]",4,69,1,4247,0.014492753623188406,0.25,query_1,"['GO:0007560', 'GO:0009886']",['hep'],[['IMP']]
GO:BP,GO:0007053,spindle assembly involved in male meiosis,0.45731478764648664,False,"""The aggregation, arrangement and bonding together of a set of components to form the spindle during a meiotic cell cycle in males. An example of this is found in Drosophila melanogaster."" [GOC:mah]",4,69,1,4247,0.014492753623188406,0.25,query_1,"['GO:0007140', 'GO:0090306']",['larp'],[['IMP']]
GO:BP,GO:0007412,axon target recognition,0.45731478764648664,False,"""The process in which an axon recognizes and binds to a set of cells with which it may form stable connections."" [ISBN:0878932437]",4,69,1,4247,0.014492753623188406,0.25,query_1,"['GO:0007154', 'GO:0007409']",['CadN'],[['IMP']]
GO:BP,GO:0051093,negative regulation of developmental process,0.45731478764648664,False,"""Any process that stops, prevents or reduces the rate or extent of development, the biological process whose specific outcome is the progression of an organism over time from an initial condition (e.g. a zygote, or a young adult) to a later condition (e.g. a multicellular animal or an aged adult)."" [GOC:ai]",124,69,5,4247,0.07246376811594203,0.04032258064516129,query_1,"['GO:0032502', 'GO:0048519', 'GO:0050793']","['mr', 'Cip4', 'aop', 'CadN', 'foxo']","[['IMP'], ['IMP'], ['IMP', 'IGI', 'IEA'], ['IMP'], ['IMP']]"
GO:BP,GO:0030262,apoptotic nuclear changes,0.45731478764648664,False,"""Alterations undergone by nuclei at the molecular and morphological level as part of the execution phase of apoptosis."" [GOC:mah, GOC:mtg_apoptosis]",4,69,1,4247,0.014492753623188406,0.25,query_1,['GO:0006921'],['Drep4'],"[['IDA', 'IBA', 'TAS', 'IEA']]"
GO:BP,GO:2000370,positive regulation of clathrin-dependent endocytosis,0.45731478764648664,False,"""Any process that activates or increases the frequency, rate or extent of clathrin-mediated endocytosis."" [GOC:BHF, GOC:mah]",4,69,1,4247,0.014492753623188406,0.25,query_1,"['GO:0048260', 'GO:0072583', 'GO:2000369']",['Cad99C'],[['IMP']]
GO:BP,GO:0051126,negative regulation of actin nucleation,0.45731478764648664,False,"""Any process that stops, prevents, or reduces the frequency, rate or extent of actin nucleation, the initial step in the formation of an actin filament in which actin monomers combine to form a new filament."" [GOC:ai]",4,69,1,4247,0.014492753623188406,0.25,query_1,"['GO:0045010', 'GO:0051125', 'GO:0051494', 'GO:1902904']",['Cip4'],[['IDA']]
GO:BP,GO:0002792,negative regulation of peptide secretion,0.45731478764648664,False,"""Any process that stops, prevents, or reduces the frequency, rate, or extent of peptide secretion."" [GOC:add]",4,69,1,4247,0.014492753623188406,0.25,query_1,"['GO:0002790', 'GO:0002791', 'GO:0051048']",['CG9650'],[['IMP']]
GO:BP,GO:0045886,negative regulation of synaptic assembly at neuromuscular junction,0.4661545550818781,False,"""Any process that stops, prevents, or reduces the frequency, rate or extent of synaptic assembly at neuromuscular junction."" [GOC:go_curators]",26,69,2,4247,0.028985507246376812,0.07692307692307693,query_1,"['GO:0008582', 'GO:0048640', 'GO:0051124', 'GO:0051964', 'GO:1904397']","['mr', 'Cip4']","[['IMP'], ['IMP']]"
GO:BP,GO:0070585,protein localization to mitochondrion,0.4661545550818781,False,"""A process in which a protein is transported to, or maintained in, a location within the mitochondrion."" [GOC:ecd]",26,69,2,4247,0.028985507246376812,0.07692307692307693,query_1,['GO:0033365'],"['Tim23', 'larp']","[['IBA'], ['IMP']]"
GO:BP,GO:0072655,establishment of protein localization to mitochondrion,0.4661545550818781,False,"""The directed movement of a protein to the mitochondrion or a part of the mitochondrion."" [GOC:mah]",26,69,2,4247,0.028985507246376812,0.07692307692307693,query_1,"['GO:0070585', 'GO:0072594']","['Tim23', 'larp']","[['IBA'], ['IMP']]"
GO:BP,GO:0022008,neurogenesis,0.46832852760905525,False,"""Generation of cells within the nervous system."" [GO_REF:0000021, GOC:cls, GOC:curators, GOC:dgh, GOC:dph, GOC:jid]",513,69,13,4247,0.18840579710144928,0.025341130604288498,query_1,"['GO:0007399', 'GO:0030154']","['CG12236', 'Cip4', 'aop', 'beat-Ib', 'CadN', 'mgr', 'Past1', 'ttv', 'foxo', 'prel', 'rut', 'ctp', 'hep']","[['IEA'], ['IMP'], ['IDA', 'IMP', 'IGI'], ['IBA'], ['IMP', 'IGI', 'TAS'], ['IMP'], ['IMP'], ['IGI'], ['IMP'], ['IMP'], ['IMP'], ['IMP'], ['IDA', 'IMP']]"
GO:BP,GO:0007015,actin filament organization,0.4838551415316538,False,"""A process that is carried out at the cellular level which results in the assembly, arrangement of constituent parts, or disassembly of cytoskeletal structures comprising actin filaments. Includes processes that control the spatial distribution of actin filaments, such as organizing filaments into meshworks, bundles, or other structures, as by cross-linking."" [GOC:mah]",97,69,4,4247,0.057971014492753624,0.041237113402061855,query_1,"['GO:0030036', 'GO:0097435']","['pigs', 'Cip4', 'ctp', 'hep']","[['IBA'], ['IDA'], ['IMP'], ['IMP']]"
GO:BP,GO:0071243,cellular response to arsenic-containing substance,0.4838551415316538,False,"""Any process that results in a change in state or activity of a cell (in terms of movement, secretion, enzyme production, gene expression, etc.) as a result of an arsenic stimulus from compounds containing arsenic, including arsenates, arsenites, and arsenides."" [GOC:mah]",5,69,1,4247,0.014492753623188406,0.2,query_1,"['GO:0046685', 'GO:0070887']",['hep'],[['IMP']]
GO:BP,GO:0072393,microtubule anchoring at microtubule organizing center,0.4838551415316538,False,"""Any process in which a microtubule is maintained in a specific location in a cell by attachment to a microtubule organizing center."" [GOC:BHF, PMID:19825938]",5,69,1,4247,0.014492753623188406,0.2,query_1,['GO:0034453'],['ctp'],[['IMP']]
GO:BP,GO:0048010,vascular endothelial growth factor receptor signaling pathway,0.4838551415316538,False,"""The series of molecular signals initiated by a ligand binding to a vascular endothelial growth factor receptor (VEGFR) on the surface of the target cell, and ending with the regulation of a downstream cellular process, e.g. transcription."" [GOC:ceb, GOC:signaling]",28,69,2,4247,0.028985507246376812,0.07142857142857142,query_1,['GO:0007169'],"['aop', 'hep']","[['IDA'], ['IGI']]"
GO:BP,GO:0019433,triglyceride catabolic process,0.4838551415316538,False,"""The chemical reactions and pathways resulting in the breakdown of a triglyceride, any triester of glycerol."" [ISBN:0198506732]",5,69,1,4247,0.014492753623188406,0.2,query_1,"['GO:0006641', 'GO:0046464']",['foxo'],[['IMP']]
GO:BP,GO:0031573,mitotic intra-S DNA damage checkpoint signaling,0.4838551415316538,False,"""A mitotic cell cycle checkpoint that slows DNA synthesis in response to DNA damage by the prevention of new origin firing and the stabilization of slow replication fork progression."" [GOC:vw]",5,69,1,4247,0.014492753623188406,0.2,query_1,['GO:0044773'],['mms4'],[['IBA']]
GO:BP,GO:0051253,negative regulation of RNA metabolic process,0.4838551415316538,False,"""Any process that stops, prevents, or reduces the frequency, rate or extent of the chemical reactions and pathways involving RNA."" [GOC:ai]",181,69,6,4247,0.08695652173913043,0.03314917127071823,query_1,"['GO:0010605', 'GO:0016070', 'GO:0045934', 'GO:0051252']","['CG12236', 'aop', 'Nelf-A', 'larp', 'foxo', 'ctp']","[['ISS'], ['IDA', 'IMP', 'IEA'], ['IDA', 'ISS', 'IBA'], ['IEA'], ['IMP'], ['IEA']]"
GO:BP,GO:0006516,glycoprotein catabolic process,0.4838551415316538,False,"""The chemical reactions and pathways resulting in the breakdown of a glycoprotein, a protein that contains covalently bound glycose (i.e. monosaccharide) residues; the glycose occurs most commonly as oligosaccharide or fairly small polysaccharide but occasionally as monosaccharide."" [GOC:go_curators, ISBN:0198506732]",5,69,1,4247,0.014492753623188406,0.2,query_1,"['GO:0009100', 'GO:0030163', 'GO:1901136']",['Edem2'],"[['IMP', 'IBA', 'IEA']]"
GO:BP,GO:0007349,cellularization,0.4838551415316538,False,"""The separation of a multi-nucleate cell or syncytium into individual cells. An example of this is found in Drosophila melanogaster embryo development."" [GOC:go_curators, GOC:mtg_sensu, ISBN:0716731363]",60,69,3,4247,0.043478260869565216,0.05,query_1,"['GO:0007275', 'GO:0048646']","['Cip4', 'Past1', 'ctp']","[['IMP'], ['IMP'], ['IMP']]"
GO:BP,GO:0061864,basement membrane constituent secretion,0.4838551415316538,False,"""The controlled release of molecules that form the basement membrane, including carbohydrates and glycoproteins by a cell."" [PMID:26610918, PMID:28228250]",5,69,1,4247,0.014492753623188406,0.2,query_1,['GO:0070278'],['Rab10'],[['IMP']]
GO:BP,GO:0007615,anesthesia-resistant memory,0.4838551415316538,False,"""The memory process that results in the formation of consolidated memory resistant to disruption of the patterned activity of the brain, without requiring protein synthesis."" [PMID:15143285, PMID:17088531]",5,69,1,4247,0.014492753623188406,0.2,query_1,['GO:0007613'],['rut'],[['IMP']]
GO:BP,GO:0085029,extracellular matrix assembly,0.4838551415316538,False,"""The aggregation, arrangement and bonding together of the extracellular matrix."" [GOC:jl]",5,69,1,4247,0.014492753623188406,0.2,query_1,"['GO:0022607', 'GO:0030198']",['Cad99C'],[['IMP']]
GO:BP,GO:0051964,negative regulation of synapse assembly,0.4838551415316538,False,"""Any process that stops, prevents, or reduces the frequency, rate or extent of synapse assembly, the aggregation, arrangement and bonding together of a set of components to form a synapse."" [GOC:ai, GOC:pr]",27,69,2,4247,0.028985507246376812,0.07407407407407407,query_1,"['GO:0007416', 'GO:0051961', 'GO:0051963', 'GO:1901889', 'GO:1905809']","['mr', 'Cip4']","[['IMP'], ['IMP']]"
GO:BP,GO:0000712,resolution of meiotic recombination intermediates,0.4838551415316538,False,"""The cleavage and rejoining of intermediates, such as Holliday junctions, formed during meiotic recombination to produce two intact molecules in which genetic material has been exchanged."" [GOC:elh, PMID:11733053]",5,69,1,4247,0.014492753623188406,0.2,query_1,"['GO:0007131', 'GO:0061982']",['mms4'],[['IBA']]
GO:BP,GO:0048640,negative regulation of developmental growth,0.4838551415316538,False,"""Any process that stops, prevents, or reduces the frequency, rate or extent of developmental growth."" [GOC:go_curators]",59,69,3,4247,0.043478260869565216,0.05084745762711865,query_1,"['GO:0045926', 'GO:0048589', 'GO:0048638', 'GO:0051093']","['mr', 'Cip4', 'foxo']","[['IMP'], ['IMP'], ['IMP']]"
GO:BP,GO:1903312,negative regulation of mRNA metabolic process,0.4838551415316538,False,"""Any process that stops, prevents or reduces the frequency, rate or extent of mRNA metabolic process."" [GO_REF:0000058, GOC:TermGenie, GOC:vw]",5,69,1,4247,0.014492753623188406,0.2,query_1,"['GO:0016071', 'GO:0051253', 'GO:1903311']",['larp'],[['IEA']]
GO:BP,GO:0022414,reproductive process,0.4838551415316538,False,"""A biological process that directly contributes to the process of producing new individuals by one or two organisms. The new individuals inherit some proportion of their genetic material from the parent or parents."" [GOC:dph, GOC:isa_complete]",627,69,15,4247,0.21739130434782608,0.023923444976076555,query_1,['GO:0008150'],"['CG12236', 'pigs', 'Cip4', 'Rab10', 'aop', 'mgr', 'Past1', 'ttv', 'mms4', 'elg1', 'larp', 'Cad99C', 'rut', 'ctp', 'hep']","[['IEA'], ['IMP'], ['IMP'], ['IMP'], ['IMP'], ['IMP'], ['IMP'], ['IMP'], ['IBA'], ['IMP'], ['IMP', 'IEA'], ['IMP'], ['TAS'], ['IMP'], ['IMP', 'IGI']]"
GO:BP,GO:1903035,negative regulation of response to wounding,0.4838551415316538,False,"""Any process that stops, prevents or reduces the frequency, rate or extent of response to wounding."" [GO_REF:0000058, GOC:kmv, GOC:TermGenie, PMID:19164535]",5,69,1,4247,0.014492753623188406,0.2,query_1,"['GO:0009611', 'GO:0048585', 'GO:1903034']",['foxo'],[['IMP']]
GO:BP,GO:1901889,negative regulation of cell junction assembly,0.4838551415316538,False,"""Any process that stops, prevents or reduces the frequency, rate or extent of cell junction assembly."" [GOC:TermGenie]",28,69,2,4247,0.028985507246376812,0.07142857142857142,query_1,"['GO:0034329', 'GO:0051129', 'GO:1901888']","['mr', 'Cip4']","[['IMP'], ['IMP']]"
GO:BP,GO:0007291,sperm individualization,0.4838551415316538,False,"""The resolution of the male germline syncytium or cyst into individual gametes by packaging each spermatid into its own plasma membrane."" [GOC:bf, PMID:9550716]",28,69,2,4247,0.028985507246376812,0.07142857142857142,query_1,"['GO:0003006', 'GO:0007286', 'GO:0007349']","['Past1', 'ctp']","[['IMP'], ['IMP']]"
GO:BP,GO:0006264,mitochondrial DNA replication,0.4838551415316538,False,"""The process in which new strands of DNA are synthesized in the mitochondrion."" [GOC:ai]",5,69,1,4247,0.014492753623188406,0.2,query_1,"['GO:0006261', 'GO:0032042']",['larp'],[['IMP']]
GO:BP,GO:0045467,R7 cell development,0.4838551415316538,False,"""The process whose specific outcome is the progression of the R7 photoreceptor over time, from its formation to the mature structure. The R7 photoreceptor is the last photoreceptor to develop in the ommatidium."" [PMID:11880339]",5,69,1,4247,0.014492753623188406,0.2,query_1,"['GO:0042051', 'GO:0045466']",['CadN'],[['IMP']]
GO:BP,GO:1905809,negative regulation of synapse organization,0.4838551415316538,False,"""Any process that stops, prevents or reduces the frequency, rate or extent of synapse organization."" [GO_REF:0000058, GOC:TermGenie, PMID:27779093]",28,69,2,4247,0.028985507246376812,0.07142857142857142,query_1,"['GO:0050807', 'GO:0050808', 'GO:0051129']","['mr', 'Cip4']","[['IMP'], ['IMP']]"
GO:BP,GO:0052652,cyclic purine nucleotide metabolic process,0.4838551415316538,False,"""The chemical reactions and pathways involving a cyclic nucleotide, a nucleotide in which the phosphate group is in diester linkage to two positions on the sugar residue and the base is a purine."" [PMID:23911318]",5,69,1,4247,0.014492753623188406,0.2,query_1,"['GO:0006163', 'GO:0009187']",['rut'],"[['IBA', 'IEA']]"
GO:BP,GO:0009187,cyclic nucleotide metabolic process,0.4838551415316538,False,"""The chemical reactions and pathways involving a cyclic nucleotide, a nucleotide in which the phosphate group is in diester linkage to two positions on the sugar residue."" [GOC:go_curators, ISBN:0198506732]",5,69,1,4247,0.014492753623188406,0.2,query_1,['GO:0009117'],['rut'],"[['IDA', 'IBA', 'IEA']]"
GO:BP,GO:1903053,regulation of extracellular matrix organization,0.4838551415316538,False,"""Any process that modulates the frequency, rate or extent of extracellular matrix organization."" [GO_REF:0000058, GOC:BHF, GOC:rl, GOC:TermGenie, PMID:22357537]",5,69,1,4247,0.014492753623188406,0.2,query_1,"['GO:0030198', 'GO:0051128']",['Rab10'],[['IMP']]
GO:BP,GO:1904397,negative regulation of neuromuscular junction development,0.4838551415316538,False,"""Any process that stops, prevents or reduces the frequency, rate or extent of neuromuscular junction development."" [GO_REF:0000058, GOC:TermGenie, PMID:7722643]",27,69,2,4247,0.028985507246376812,0.07407407407407407,query_1,"['GO:0007528', 'GO:1904396', 'GO:1905809']","['mr', 'Cip4']","[['IMP'], ['IMP']]"
GO:BP,GO:0030155,regulation of cell adhesion,0.4881620038282656,False,"""Any process that modulates the frequency, rate or extent of attachment of a cell to another cell or to the extracellular matrix."" [GOC:mah]",29,69,2,4247,0.028985507246376812,0.06896551724137931,query_1,"['GO:0007155', 'GO:0050794']","['aop', 'pygo']","[['IMP'], ['IMP']]"
GO:BP,GO:0045926,negative regulation of growth,0.49487880362847436,False,"""Any process that stops, prevents or reduces the rate or extent of growth, the increase in size or mass of all or part of an organism."" [GOC:go_curators]",68,69,3,4247,0.043478260869565216,0.04411764705882353,query_1,"['GO:0040007', 'GO:0040008', 'GO:0048519']","['mr', 'Cip4', 'foxo']","[['IMP'], ['IMP'], ['IMP']]"
GO:BP,GO:0019953,sexual reproduction,0.49487880362847436,False,"""A type of reproduction that combines the genetic material of two gametes (such as a sperm or egg cell or fungal spores). The gametes have an haploid genome (with a single set of chromosomes, the product of a meiotic division) and combines with one another to produce a zygote (diploid)."" [Wikipedia:Sexual_reproduction]",555,69,13,4247,0.18840579710144928,0.023423423423423424,query_1,['GO:0022414'],"['pigs', 'Cip4', 'Rab10', 'aop', 'mgr', 'Past1', 'ttv', 'mms4', 'elg1', 'larp', 'Cad99C', 'ctp', 'hep']","[['IMP'], ['IMP'], ['IMP'], ['IMP'], ['IMP'], ['IMP'], ['IMP'], ['IBA'], ['IMP'], ['IMP', 'IEA'], ['IMP'], ['IMP'], ['IMP', 'IGI']]"
GO:BP,GO:0051048,negative regulation of secretion,0.49487880362847436,False,"""Any process that stops, prevents, or reduces the frequency, rate or extent of the controlled release of a substance from a cell or a tissue."" [GOC:ai]",7,69,1,4247,0.014492753623188406,0.14285714285714285,query_1,"['GO:0046903', 'GO:0051046', 'GO:0051051']",['CG9650'],[['IMP']]
GO:BP,GO:0030708,germarium-derived female germ-line cyst encapsulation,0.49487880362847436,False,"""Formation of a single follicular epithelium around the germ-line derived cells of a cyst formed in the germarium. An example of this process is found in Drosophila melanogaster."" [GOC:mtg_sensu, PMID:11591336]",7,69,1,4247,0.014492753623188406,0.14285714285714285,query_1,"['GO:0007293', 'GO:0030707', 'GO:0048139']",['Cip4'],[['IMP']]
GO:BP,GO:0048139,female germ-line cyst encapsulation,0.49487880362847436,False,"""Formation of a single follicular epithelium around the germ-line derived cells of a cyst formed in the female gonad."" [GOC:jid]",7,69,1,4247,0.014492753623188406,0.14285714285714285,query_1,"['GO:0007292', 'GO:0048138']",['Cip4'],[['IMP']]
GO:BP,GO:0015780,nucleotide-sugar transmembrane transport,0.49487880362847436,False,"""The directed movement of nucleotide-sugars into, out of or within a cell, or between cells, by means of some agent such as a transporter or pore. Nucleotide-sugars are any nucleotide in which the distal phosphoric residue of a nucleoside 5'-diphosphate is in glycosidic linkage with a monosaccharide or monosaccharide derivative."" [ISBN:0198506732]",6,69,1,4247,0.014492753623188406,0.16666666666666666,query_1,"['GO:0015748', 'GO:0015931', 'GO:0055085', 'GO:1901264']",['CG8195'],[['ISS']]
GO:BP,GO:0060259,regulation of feeding behavior,0.49487880362847436,False,"""Any process that modulates the rate, frequency or extent of the behavior associated with the intake of food."" [GOC:BHF, GOC:dph, GOC:tb]",6,69,1,4247,0.014492753623188406,0.16666666666666666,query_1,"['GO:0007631', 'GO:0050795']",['foxo'],"[['IMP', 'IGI']]"
GO:BP,GO:0046685,response to arsenic-containing substance,0.49487880362847436,False,"""Any process that results in a change in state or activity of a cell or an organism (in terms of movement, secretion, enzyme production, gene expression, etc.) as a result of an arsenic stimulus from compounds containing arsenic, including arsenates, arsenites, and arsenides."" [GOC:hjd, ISBN:0721662544]",7,69,1,4247,0.014492753623188406,0.14285714285714285,query_1,['GO:0042221'],['hep'],[['IMP']]
GO:BP,GO:0002790,peptide secretion,0.49487880362847436,False,"""The controlled release of a peptide from a cell or a tissue."" [GOC:add]",7,69,1,4247,0.014492753623188406,0.14285714285714285,query_1,"['GO:0015833', 'GO:0046903']",['CG9650'],[['IMP']]
GO:BP,GO:0034453,microtubule anchoring,0.49487880362847436,False,"""Any process in which a microtubule is maintained in a specific location in a cell."" [GOC:mah]",6,69,1,4247,0.014492753623188406,0.16666666666666666,query_1,['GO:0000226'],['ctp'],[['IMP']]
GO:BP,GO:0002791,regulation of peptide secretion,0.49487880362847436,False,"""Any process that modulates the frequency, rate, or extent of peptide secretion."" [GOC:add]",7,69,1,4247,0.014492753623188406,0.14285714285714285,query_1,"['GO:0002790', 'GO:0051046', 'GO:0090087']",['CG9650'],[['IMP']]
GO:BP,GO:1902284,neuron projection extension involved in neuron projection guidance,0.49487880362847436,False,"""Any neuron projection extension that is involved in neuron projection guidance."" [GOC:BHF, GOC:rl, GOC:TermGenie, PMID:22790009]",7,69,1,4247,0.014492753623188406,0.14285714285714285,query_1,"['GO:0097485', 'GO:1990138']",['CadN'],[['IMP']]
GO:BP,GO:0006023,aminoglycan biosynthetic process,0.49487880362847436,False,"""The chemical reactions and pathways resulting in the formation of aminoglycans, any polymer containing amino groups that consists of more than about 10 monosaccharide residues joined to each other by glycosidic linkages."" [GOC:ai, ISBN:0198506732]",7,69,1,4247,0.014492753623188406,0.14285714285714285,query_1,"['GO:0006022', 'GO:0009059', 'GO:1901137']",['ttv'],[['IMP']]
GO:BP,GO:0048311,mitochondrion distribution,0.49487880362847436,False,"""Any process that establishes the spatial arrangement of mitochondria between and within cells."" [GOC:jid]",6,69,1,4247,0.014492753623188406,0.16666666666666666,query_1,['GO:0051646'],['larp'],[['IMP']]
GO:BP,GO:0048477,oogenesis,0.49487880362847436,False,"""The complete process of formation and maturation of an ovum or female gamete from a primordial female germ cell. Examples of this process are found in Mus musculus and Drosophila melanogaster."" [GOC:kmv, GOC:mtg_sensu, GOC:pr]",349,69,9,4247,0.13043478260869565,0.025787965616045846,query_1,"['GO:0007281', 'GO:0007292']","['pigs', 'Cip4', 'Rab10', 'aop', 'Past1', 'elg1', 'Cad99C', 'ctp', 'hep']","[['IMP'], ['IMP'], ['IMP'], ['IMP'], ['IMP'], ['IMP'], ['IMP'], ['IMP'], ['IMP', 'IGI']]"
GO:BP,GO:0008361,regulation of cell size,0.49487880362847436,False,"""Any process that modulates the size of a cell."" [GOC:go_curators]",66,69,3,4247,0.043478260869565216,0.045454545454545456,query_1,['GO:0032535'],"['CadN', 'Cad99C', 'foxo']","[['IMP'], ['IMP'], ['IMP']]"
GO:BP,GO:1903391,regulation of adherens junction organization,0.49487880362847436,False,"""Any process that modulates the frequency, rate or extent of adherens junction organization."" [GO_REF:0000058, GOC:als, GOC:TermGenie, PMID:21724833]",6,69,1,4247,0.014492753623188406,0.16666666666666666,query_1,"['GO:0034332', 'GO:0051128']",['Cip4'],[['IMP']]
GO:BP,GO:0006879,intracellular iron ion homeostasis,0.49487880362847436,False,"""A homeostatic process involved in the maintenance of a steady state level of iron ions within a cell."" [GOC:ai, GOC:mah]",7,69,1,4247,0.014492753623188406,0.14285714285714285,query_1,"['GO:0030003', 'GO:0098771']",['AGBE'],[['IMP']]
GO:BP,GO:0007156,homophilic cell adhesion via plasma membrane adhesion molecules,0.49487880362847436,False,"""The attachment of a plasma membrane adhesion molecule in one cell to an identical molecule in an adjacent cell."" [ISBN:0198506732]",30,69,2,4247,0.028985507246376812,0.06666666666666667,query_1,['GO:0098742'],"['CadN', 'Cad99C']","[['IDA', 'IEA'], ['IEA']]"
GO:BP,GO:1905953,negative regulation of lipid localization,0.49487880362847436,False,"""Any process that stops, prevents or reduces the frequency, rate or extent of lipid localization."" [GO_REF:0000058, GOC:TermGenie, PMID:17564681]",6,69,1,4247,0.014492753623188406,0.16666666666666666,query_1,"['GO:0010876', 'GO:0048519', 'GO:1905952']",['foxo'],[['IDA']]
GO:BP,GO:0000002,mitochondrial genome maintenance,0.49487880362847436,False,"""The maintenance of the structure and integrity of the mitochondrial genome; includes replication and segregation of the mitochondrial chromosome."" [GOC:ai, GOC:vw]",7,69,1,4247,0.014492753623188406,0.14285714285714285,query_1,['GO:0007005'],['larp'],[['IMP']]
GO:BP,GO:0006024,glycosaminoglycan biosynthetic process,0.49487880362847436,False,"""The chemical reactions and pathways resulting in the formation of glycosaminoglycans, any one of a group of linear polysaccharides composed of repeating disaccharide units."" [PMID:38500384]",7,69,1,4247,0.014492753623188406,0.14285714285714285,query_1,"['GO:0006023', 'GO:0030203']",['ttv'],[['IMP']]
GO:BP,GO:0006730,one-carbon metabolic process,0.49487880362847436,False,"""The chemical reactions and pathways involving the transfer of one-carbon units in various oxidation states."" [GOC:hjd, GOC:mah, GOC:pde]",6,69,1,4247,0.014492753623188406,0.16666666666666666,query_1,['GO:0044281'],['CAH2'],"[['IDA', 'IBA']]"
GO:BP,GO:0090087,regulation of peptide transport,0.49487880362847436,False,"""Any process that modulates the frequency, rate or extent of the directed movement of peptides, compounds of two or more amino acids where the alpha carboxyl group of one is bound to the alpha amino group of another, into, out of or within a cell, or between cells, by means of some agent such as a transporter or pore."" [GOC:dph, GOC:tb]",7,69,1,4247,0.014492753623188406,0.14285714285714285,query_1,"['GO:0015833', 'GO:0051049']",['CG9650'],[['IMP']]
GO:BP,GO:0007295,growth of a germarium-derived egg chamber,0.49487880362847436,False,"""Growth of the egg chamber between the time it leaves the germarium and the onset of vitellogenesis. During this time both nurse cells and the oocyte undergo developmental changes including nuclear organization and cytoplasmic growth. An example of this is found in Drosophila melanogaster."" [GOC:mtg_sensu, ISBN:0879694238]",7,69,1,4247,0.014492753623188406,0.14285714285714285,query_1,"['GO:0003006', 'GO:0048477', 'GO:0048589']",['Rab10'],[['IMP']]
GO:BP,GO:0090207,regulation of triglyceride metabolic process,0.49487880362847436,False,"""Any process that modulates the frequency, rate or extent of the chemical reactions and pathways involving triglyceride, any triester of glycerol."" [GOC:dph, GOC:sl, GOC:tb]",7,69,1,4247,0.014492753623188406,0.14285714285714285,query_1,"['GO:0006641', 'GO:0019216']",['foxo'],[['IMP']]
GO:BP,GO:0090276,regulation of peptide hormone secretion,0.49487880362847436,False,"""Any process that modulates the rate, frequency, or extent of the regulated release of a peptide hormone from secretory granules."" [GOC:tb]",7,69,1,4247,0.014492753623188406,0.14285714285714285,query_1,"['GO:0002791', 'GO:0030072', 'GO:0046883']",['CG9650'],[['IMP']]
GO:BP,GO:0120039,plasma membrane bounded cell projection morphogenesis,0.49487880362847436,False,"""The process in which the anatomical structures of a plasma membrane bounded cell projection are generated and organized."" [GOC:krc]",249,69,7,4247,0.10144927536231885,0.028112449799196786,query_1,['GO:0048858'],"['beat-Ib', 'CadN', 'ttv', 'foxo', 'prel', 'rut', 'hep']","[['IBA'], ['IMP', 'IGI'], ['IGI'], ['IMP'], ['IMP'], ['IMP'], ['IDA', 'IMP']]"
GO:BP,GO:0006308,DNA catabolic process,0.49487880362847436,False,"""The cellular DNA metabolic process resulting in the breakdown of DNA, deoxyribonucleic acid, one of the two main types of nucleic acid, consisting of a long unbranched macromolecule formed from one or two strands of linked deoxyribonucleotides, the 3'-phosphate group of each constituent deoxyribonucleotide being joined in 3',5'-phosphodiester linkage to the 5'-hydroxyl group of the deoxyribose moiety of the next one."" [GOC:go_curators, ISBN:0198506732]",7,69,1,4247,0.014492753623188406,0.14285714285714285,query_1,"['GO:0006259', 'GO:0141188']",['Drep4'],"[['IDA', 'IBA', 'TAS', 'IEA']]"
GO:BP,GO:0016051,carbohydrate biosynthetic process,0.49487880362847436,False,"""The chemical reactions and pathways resulting in the formation of carbohydrates, any of a group of organic compounds based of the general formula Cx(H2O)y."" [ISBN:0198506732]",34,69,2,4247,0.028985507246376812,0.058823529411764705,query_1,"['GO:0005975', 'GO:0009058']","['AGBE', 'Gapdh2']","[['IBA', 'NAS', 'IEA'], ['ISS']]"
GO:BP,GO:0030381,chorion-containing eggshell pattern formation,0.49487880362847436,False,"""The regionalization process that gives rise to the structural pattern of a chorion-containing eggshell such as those found in insects."" [GOC:bf, GOC:mtg_sensu]",7,69,1,4247,0.014492753623188406,0.14285714285714285,query_1,"['GO:0003002', 'GO:0003006', 'GO:0007304']",['hep'],[['IMP']]
GO:BP,GO:0032535,regulation of cellular component size,0.49487880362847436,False,"""A process that modulates the size of a cellular component."" [GOC:mah]",104,69,4,4247,0.057971014492753624,0.038461538461538464,query_1,"['GO:0016043', 'GO:0090066']","['Cip4', 'CadN', 'Cad99C', 'foxo']","[['IDA'], ['IMP'], ['IMP'], ['IMP']]"
GO:BP,GO:0032042,mitochondrial DNA metabolic process,0.49487880362847436,False,"""The chemical reactions and pathways involving mitochondrial DNA."" [GOC:mah]",6,69,1,4247,0.014492753623188406,0.16666666666666666,query_1,"['GO:0000002', 'GO:0006259']",['larp'],[['IMP']]
GO:BP,GO:0046464,acylglycerol catabolic process,0.49487880362847436,False,"""The chemical reactions and pathways resulting in the breakdown of acylglycerol, any mono-, di- or triester of glycerol with (one or more) fatty acids."" [GOC:ai]",7,69,1,4247,0.014492753623188406,0.14285714285714285,query_1,"['GO:0006639', 'GO:0046461', 'GO:0046503']",['foxo'],[['IMP']]
GO:BP,GO:0042303,molting cycle,0.49487880362847436,False,"""The periodic casting off and regeneration of an outer covering of cuticle, feathers, hair, horns, skin, etc."" [GOC:jl, ISBN:0198506732]",35,69,2,4247,0.028985507246376812,0.05714285714285714,query_1,['GO:0032501'],"['pygo', 'rut']","[['IMP'], ['IGI']]"
GO:BP,GO:0060070,canonical Wnt signaling pathway,0.49487880362847436,False,"""A type of Wnt signaling pathway in which Wnt binding to its receptor on the surface of a target cell results in the by propagation of the molecular signals via beta-catenin, and end with a change in transcription of target genes. In this pathway, the activated receptor signals via downstream effectors that result in the inhibition of beta-catenin phosphorylation, thereby preventing degradation of beta-catenin. Stabilized beta-catenin can then accumulate and travel to the nucleus to trigger changes in transcription of target genes."" [PMID:11532397, PMID:19619488]",70,69,3,4247,0.043478260869565216,0.04285714285714286,query_1,['GO:0016055'],"['aop', 'Ssdp', 'pygo']","[['IMP'], ['IGI'], ['IDA', 'IPI', 'IMP', 'IGI']]"
GO:BP,GO:0007591,"molting cycle, chitin-based cuticle",0.49487880362847436,False,"""The periodic shedding of part or all of a chitin-based cuticle, which is then replaced by a new cuticle. An example of this is found in Drosophila melanogaster."" [GOC:jl, GOC:mtg_sensu]",35,69,2,4247,0.028985507246376812,0.05714285714285714,query_1,['GO:0042303'],"['pygo', 'rut']","[['IMP'], ['IGI']]"
GO:BP,GO:0015012,heparan sulfate proteoglycan biosynthetic process,0.49487880362847436,False,"""The chemical reactions and pathways resulting in the formation of heparan sulfate proteoglycans, which consist of a core protein linked to a heparan sulfate glycosaminoglycan. The heparan sulfate chain is composed of the repeating disaccharide unit beta-(1,4)-N-acetyl-D-glucosamine-alpha-(1,4)-hexuronic acid, the former being either sulfated or deacetylated on its amino group as well as sulfated on one of its hydroxyl groups, and the latter being e a mixture of sulfated and nonsulfated D-glucuronic and L-iduronic acids. Heparan sulfate chains are covalently linked to serine/threonine residues (O-linked) of the core protein via a tetrasaccharide linker sequence (xylose-galactose-galactose-glucuronate)."" [PMID:27241222]",7,69,1,4247,0.014492753623188406,0.14285714285714285,query_1,"['GO:0030166', 'GO:0030201', 'GO:0044272']",['ttv'],"[['IMP', 'IEA']]"
GO:BP,GO:0045677,negative regulation of R7 cell differentiation,0.49487880362847436,False,"""Any process that stops, prevents, or reduces the frequency, rate or extent of R7cell differentiation."" [GOC:dph, GOC:go_curators, GOC:tb]",6,69,1,4247,0.014492753623188406,0.16666666666666666,query_1,"['GO:0045466', 'GO:0045676', 'GO:0110118']",['aop'],"[['IMP', 'IGI']]"
GO:BP,GO:0045934,negative regulation of nucleobase-containing compound metabolic process,0.49487880362847436,False,"""Any cellular process that stops, prevents, or reduces the frequency, rate or extent of the chemical reactions and pathways involving nucleobases, nucleosides, nucleotides and nucleic acids."" [GOC:go_curators]",196,69,6,4247,0.08695652173913043,0.030612244897959183,query_1,"['GO:0006139', 'GO:0009892', 'GO:0019219']","['CG12236', 'aop', 'Nelf-A', 'larp', 'foxo', 'ctp']","[['ISS'], ['IDA', 'IMP', 'IEA'], ['IDA', 'ISS', 'IBA'], ['IEA'], ['IMP'], ['IEA']]"
GO:BP,GO:0010632,regulation of epithelial cell migration,0.49487880362847436,False,"""Any process that modulates the frequency, rate or extent of epithelial cell migration."" [GOC:BHF, GOC:dph, GOC:tb]",30,69,2,4247,0.028985507246376812,0.06666666666666667,query_1,"['GO:0010631', 'GO:0030334', 'GO:0051239']","['aop', 'hep']","[['IMP'], ['IGI']]"
GO:BP,GO:0030707,follicle cell of egg chamber development,0.49487880362847436,False,"""The process that occurs during oogenesis involving the ovarian follicle cells, somatic cells which surround the germ cells of an ovary. An example of this is found in Drosophila melanogaster."" [GOC:mtg_sensu, PMID:10822261]",145,69,5,4247,0.07246376811594203,0.034482758620689655,query_1,"['GO:0002064', 'GO:0003006', 'GO:0048477']","['pigs', 'Cip4', 'aop', 'Cad99C', 'hep']","[['IMP'], ['IMP'], ['IMP'], ['IMP'], ['IMP', 'IGI']]"
GO:BP,GO:0021551,central nervous system morphogenesis,0.49487880362847436,False,"""The process in which the anatomical structure of the central nervous system is generated and organized. The central nervous system is the core nervous system that serves an integrating and coordinating function. In vertebrates it consists of the brain and spinal cord. In those invertebrates with a central nervous system it typically consists of a brain, cerebral ganglia and a nerve cord."" [GO_REF:0000021, GOC:cls, GOC:dgh, GOC:dph, GOC:jid, ISBN:0582227089]",7,69,1,4247,0.014492753623188406,0.14285714285714285,query_1,"['GO:0007417', 'GO:0009653']",['dan'],[['IMP']]
GO:BP,GO:0046461,neutral lipid catabolic process,0.49487880362847436,False,"""The chemical reactions and pathways resulting in the breakdown of neutral lipids, lipids only soluble in solvents of very low polarity."" [GOC:ai]",7,69,1,4247,0.014492753623188406,0.14285714285714285,query_1,['GO:0006638'],['foxo'],[['IMP']]
GO:BP,GO:0031644,regulation of nervous system process,0.49487880362847436,False,"""Any process that modulates the frequency, rate or extent of a neurophysiological process, an organ system process carried out by any of the organs or tissues of the nervous system."" [GOC:dph, GOC:mah, GOC:tb]",7,69,1,4247,0.014492753623188406,0.14285714285714285,query_1,"['GO:0044057', 'GO:0050877']",['rut'],[['IMP']]
GO:BP,GO:0031290,retinal ganglion cell axon guidance,0.49487880362847436,False,"""The process in which the migration of an axon growth cone of a retinal ganglion cell (RGC) is directed to its target in the brain in response to a combination of attractive and repulsive cues."" [GOC:ejs]",7,69,1,4247,0.014492753623188406,0.14285714285714285,query_1,['GO:0007411'],['CadN'],[['IMP']]
GO:BP,GO:0019682,glyceraldehyde-3-phosphate metabolic process,0.49487880362847436,False,"""The chemical reactions and pathways involving glyceraldehyde-3-phosphate, an important intermediate in glycolysis."" [GOC:ai, ISBN:0198506732]",6,69,1,4247,0.014492753623188406,0.16666666666666666,query_1,"['GO:0006081', 'GO:0006796', 'GO:0019637', 'GO:1901135']",['Gapdh2'],[['IGI']]
GO:BP,GO:0098657,import into cell,0.49487880362847436,False,"""The directed movement of some substance from outside of a cell into a cell. This may occur via transport across the plasma membrane or via endocytosis."" [GOC:dos]",145,69,5,4247,0.07246376811594203,0.034482758620689655,query_1,['GO:0006810'],"['Cip4', 'aop', 'Past1', 'Cad99C', 'hep']","[['IEA'], ['IMP'], ['IMP', 'IBA', 'IEA'], ['IMP'], ['IMP']]"
GO:BP,GO:0007395,"dorsal closure, spreading of leading edge cells",0.49487880362847436,False,"""Dorsally-directed movement of a cell at the leading edge of the epithelium over the amnioserosa."" [GOC:bf, PMID:12147138]",6,69,1,4247,0.014492753623188406,0.16666666666666666,query_1,"['GO:0007391', 'GO:0016477']",['hep'],[['IMP']]
GO:BP,GO:1903531,negative regulation of secretion by cell,0.49487880362847436,False,"""Any process that stops, prevents or reduces the frequency, rate or extent of secretion by cell."" [GO_REF:0000058, GOC:pm, GOC:TermGenie, PMID:12130530]",7,69,1,4247,0.014492753623188406,0.14285714285714285,query_1,"['GO:0032940', 'GO:0048523', 'GO:0051048', 'GO:1903530']",['CG9650'],[['IMP']]
GO:BP,GO:0048846,axon extension involved in axon guidance,0.49487880362847436,False,"""The long distance growth of a single cell process, that is involved in the migration of an axon growth cone, where the migration is directed to a specific target site by a combination of attractive and repulsive cues."" [GOC:ef, GOC:jid]",7,69,1,4247,0.014492753623188406,0.14285714285714285,query_1,"['GO:0007411', 'GO:0048675', 'GO:1902284']",['CadN'],[['IMP']]
GO:BP,GO:0048858,cell projection morphogenesis,0.49487880362847436,False,"""The process in which the anatomical structures of a cell projection are generated and organized."" [GO_REF:0000021]",250,69,7,4247,0.10144927536231885,0.028,query_1,"['GO:0000902', 'GO:0009653', 'GO:0030030']","['beat-Ib', 'CadN', 'ttv', 'foxo', 'prel', 'rut', 'hep']","[['IBA'], ['IMP', 'IGI'], ['IGI'], ['IMP'], ['IMP'], ['IMP'], ['IDA', 'IMP']]"
GO:BP,GO:0015748,organophosphate ester transport,0.49487880362847436,False,"""The directed movement of organophosphate esters into, out of or within a cell, or between cells, by means of some agent such as a transporter or pore. Organophosphate esters are small organic molecules containing phosphate ester bonds."" [GOC:mcc]",33,69,2,4247,0.028985507246376812,0.06060606060606061,query_1,['GO:0006810'],"['CG8195', 'prel']","[['ISS'], ['IBA']]"
GO:BP,GO:0046686,response to cadmium ion,0.49487880362847436,False,"""Any process that results in a change in state or activity of a cell or an organism (in terms of movement, secretion, enzyme production, gene expression, etc.) as a result of a cadmium (Cd) ion stimulus."" [GOC:ai]",6,69,1,4247,0.014492753623188406,0.16666666666666666,query_1,['GO:0010038'],['hep'],[['IMP']]
GO:BP,GO:0048667,cell morphogenesis involved in neuron differentiation,0.49487880362847436,False,"""The process in which the structures of a neuron are generated and organized. This process occurs while the initially relatively unspecialized cell is acquiring the specialized features of a neuron."" [GOC:dph, GOC:tb]",245,69,7,4247,0.10144927536231885,0.02857142857142857,query_1,"['GO:0000902', 'GO:0048666']","['beat-Ib', 'CadN', 'ttv', 'foxo', 'prel', 'rut', 'hep']","[['IBA'], ['IMP', 'IGI'], ['IGI'], ['IMP'], ['IMP'], ['IMP'], ['IDA', 'IMP']]"
GO:BP,GO:0048812,neuron projection morphogenesis,0.49487880362847436,False,"""The process in which the anatomical structures of a neuron projection are generated and organized. A neuron projection is any process extending from a neural cell, such as axons or dendrites."" [GOC:mah]",249,69,7,4247,0.10144927536231885,0.028112449799196786,query_1,"['GO:0031175', 'GO:0120039']","['beat-Ib', 'CadN', 'ttv', 'foxo', 'prel', 'rut', 'hep']","[['IBA'], ['IMP', 'IGI'], ['IGI'], ['IMP'], ['IMP'], ['IMP'], ['IDA', 'IMP']]"
GO:BP,GO:0030177,positive regulation of Wnt signaling pathway,0.49487880362847436,False,"""Any process that activates or increases the frequency, rate or extent of Wnt signal transduction."" [GOC:dph, GOC:go_curators, GOC:tb]",35,69,2,4247,0.028985507246376812,0.05714285714285714,query_1,"['GO:0009967', 'GO:0016055', 'GO:0030111']","['ohgt', 'Ssdp']","[['IMP'], ['IGI']]"
GO:BP,GO:0008104,protein localization,0.49487880362847436,False,"""Any process in which a protein is transported to, or maintained in, a specific location."" [GOC:ai]",439,69,11,4247,0.15942028985507245,0.025056947608200455,query_1,['GO:0070727'],"['pigs', 'Cip4', 'Mvb12', 'Nup205', 'Rab10', 'Past1', 'CG15099', 'Syx6', 'Tim23', 'larp', 'Cad99C']","[['IBA'], ['IMP'], ['IEA'], ['IMP', 'IEA'], ['IMP', 'IBA'], ['IBA'], ['IEA'], ['IBA'], ['IBA'], ['IMP'], ['IMP']]"
GO:BP,GO:0032785,"negative regulation of DNA-templated transcription, elongation",0.49487880362847436,False,"""Any process that stops, prevents, or reduces the frequency, rate or extent of transcription elongation, the extension of an RNA molecule after transcription initiation and promoter clearance by the addition of ribonucleotides catalyzed by a DNA-dependent RNA polymerase."" [GOC:mah, GOC:txnOH]",6,69,1,4247,0.014492753623188406,0.16666666666666666,query_1,"['GO:0006354', 'GO:0032784', 'GO:0045892']",['Nelf-A'],"[['IDA', 'IBA']]"
GO:BP,GO:0033036,macromolecule localization,0.49487880362847436,False,"""Any process in which a macromolecule is transported to, or maintained in, a specific location."" [GOC:mah]",551,69,13,4247,0.18840579710144928,0.023593466424682397,query_1,['GO:0051179'],"['pigs', 'Cip4', 'Mvb12', 'Nup205', 'Rab10', 'Past1', 'CG15099', 'Syx6', 'Tim23', 'larp', 'Cad99C', 'foxo', 'prel']","[['IBA'], ['IMP'], ['IEA'], ['IMP', 'IEA'], ['IMP', 'IBA'], ['IBA'], ['IEA'], ['IBA'], ['IBA'], ['IMP'], ['IMP'], ['IDA'], ['IBA', 'IEA']]"
GO:BP,GO:0007469,antennal development,0.49487880362847436,False,"""The process whose specific outcome is the progression of the antenna over time, from its formation to the mature structure. The antenna are the sensory structures on the head that are capable of detecting various environmental stimuli."" [http://fly.ebi.ac.uk/.bin/cvreport2?id=FBcv0004526]",7,69,1,4247,0.014492753623188406,0.14285714285714285,query_1,"['GO:0035114', 'GO:0035214']",['dan'],[['IMP']]
GO:BP,GO:0030111,regulation of Wnt signaling pathway,0.49487880362847436,False,"""Any process that modulates the frequency, rate or extent of the activity of the Wnt signal transduction pathway."" [GOC:dph, GOC:mah, GOC:tb]",67,69,3,4247,0.043478260869565216,0.04477611940298507,query_1,"['GO:0009966', 'GO:0016055']","['aop', 'ohgt', 'Ssdp']","[['IMP'], ['IMP'], ['IGI']]"
GO:BP,GO:0050994,regulation of lipid catabolic process,0.49487880362847436,False,"""Any process that modulates the frequency, rate, or extent of the chemical reactions and pathways resulting in the breakdown of lipids."" [GOC:ai]",6,69,1,4247,0.014492753623188406,0.16666666666666666,query_1,"['GO:0009894', 'GO:0016042', 'GO:0019216']",['foxo'],[['IMP']]
GO:BP,GO:0010888,negative regulation of lipid storage,0.49487880362847436,False,"""Any process that decreases the rate, frequency or extent of lipid storage. Lipid storage is the accumulation and maintenance in cells or tissues of lipids, compounds soluble in organic solvents but insoluble or sparingly soluble in aqueous solvents. Lipid reserves can be accumulated during early developmental stages for mobilization and utilization at later stages of development."" [GOC:BHF, GOC:dph, GOC:tb]",6,69,1,4247,0.014492753623188406,0.16666666666666666,query_1,"['GO:0010883', 'GO:0019915', 'GO:0048523', 'GO:1905953']",['foxo'],[['IDA']]
GO:BP,GO:0071248,cellular response to metal ion,0.49487880362847436,False,"""Any process that results in a change in state or activity of a cell (in terms of movement, secretion, enzyme production, gene expression, etc.) as a result of a metal ion stimulus."" [GOC:mah]",7,69,1,4247,0.014492753623188406,0.14285714285714285,query_1,"['GO:0010038', 'GO:0070887']",['hep'],[['IMP']]
GO:BP,GO:2000105,positive regulation of DNA-templated DNA replication,0.49487880362847436,False,"""Any process that activates or increases the frequency, rate or extent of DNA-templated DNA replication."" [GOC:mah]",7,69,1,4247,0.014492753623188406,0.14285714285714285,query_1,"['GO:0006261', 'GO:0045740', 'GO:0090329']",['larp'],[['IMP']]
GO:BP,GO:0007021,tubulin complex assembly,0.49487880362847436,False,"""The aggregation and bonding together of alpha- and beta-tubulin to form a tubulin heterodimer."" [GOC:mah]",6,69,1,4247,0.014492753623188406,0.16666666666666666,query_1,['GO:0065003'],['mgr'],[['IBA']]
GO:BP,GO:0061057,peptidoglycan recognition protein signaling pathway,0.49487880362847436,False,"""The series of molecular signals initiated by binding of peptidoglycan to a receptor and ending with regulation of a downstream cellular process. The main outcome of the Imd signaling is the production of antimicrobial peptides."" [GOC:dph, PMID:18688280, PMID:24706930]",35,69,2,4247,0.028985507246376812,0.05714285714285714,query_1,"['GO:0002221', 'GO:0042742']","['foxo', 'hep']","[['IMP'], ['IMP', 'IGI']]"
GO:BP,GO:0071276,cellular response to cadmium ion,0.49487880362847436,False,"""Any process that results in a change in state or activity of a cell (in terms of movement, secretion, enzyme production, gene expression, etc.) as a result of a cadmium (Cd) ion stimulus."" [GOC:mah]",6,69,1,4247,0.014492753623188406,0.16666666666666666,query_1,"['GO:0046686', 'GO:0071248']",['hep'],[['IMP']]
GO:BP,GO:0006517,protein deglycosylation,0.49487880362847436,False,"""The removal of sugar residues from a glycosylated protein."" [GOC:mah]",7,69,1,4247,0.014492753623188406,0.14285714285714285,query_1,"['GO:0009100', 'GO:0036211']",['Edem2'],"[['IBA', 'IEA']]"
GO:BP,GO:0097320,plasma membrane tubulation,0.49487880362847436,False,"""A membrane tubulation process occurring in a plasma membrane."" [GOC:BHF, GOC:pr, PMID:15252009, PMID:20730103]",6,69,1,4247,0.014492753623188406,0.16666666666666666,query_1,['GO:0007009'],['Cip4'],"[['IDA', 'IMP']]"
GO:BP,GO:0007189,adenylate cyclase-activating G protein-coupled receptor signaling pathway,0.49487880362847436,False,"""A G protein-coupled receptor signaling pathway in which the signal is transmitted via the activation of adenylyl cyclase activity which results in an increase in the intracellular concentration of cyclic AMP (cAMP). This pathway is negatively regulated by phosphodiesterase, which cleaves cAMP and terminates the signaling."" [GOC:dph, GOC:mah, GOC:signaling, GOC:tb, ISBN:0815316194]",6,69,1,4247,0.014492753623188406,0.16666666666666666,query_1,['GO:0007188'],['rut'],"[['IMP', 'IBA']]"
GO:BP,GO:0070979,protein K11-linked ubiquitination,0.49487880362847436,False,"""A protein ubiquitination process in which ubiquitin monomers are attached to a protein, and then ubiquitin polymers are formed by linkages between lysine residues at position 11 of the ubiquitin monomers. K11-linked polyubiquitination targets the substrate protein for degradation. The anaphase-promoting complex promotes the degradation of mitotic regulators by assembling K11-linked polyubiquitin chains."" [GOC:jsg, GOC:pr, GOC:sp, PMID:18485873, PMID:20655260, PMID:21113135]",6,69,1,4247,0.014492753623188406,0.16666666666666666,query_1,['GO:0000209'],['mr'],[['IBA']]
GO:BP,GO:0000122,negative regulation of transcription by RNA polymerase II,0.49487880362847436,False,"""Any process that stops, prevents, or reduces the frequency, rate or extent of transcription mediated by RNA polymerase II."" [GOC:go_curators, GOC:txnOH]",109,69,4,4247,0.057971014492753624,0.03669724770642202,query_1,"['GO:0006357', 'GO:0006366', 'GO:0045892']","['CG12236', 'aop', 'Nelf-A', 'foxo']","[['ISS'], ['IDA', 'IMP', 'IEA'], ['ISS'], ['IMP']]"
GO:BP,GO:2000369,regulation of clathrin-dependent endocytosis,0.49487880362847436,False,"""Any process that modulates the frequency, rate or extent of clathrin-mediated endocytosis."" [GOC:mah]",7,69,1,4247,0.014492753623188406,0.14285714285714285,query_1,"['GO:0048259', 'GO:0072583']",['Cad99C'],[['IMP']]
GO:BP,GO:0110118,negative regulation of compound eye photoreceptor cell differentiation,0.49487880362847436,False,"""Any process that stops, prevents, or reduces the frequency, rate or extent of compound eye photoreceptor cell differentiation."" [GOC:ha, PMID:16377567]",7,69,1,4247,0.014492753623188406,0.14285714285714285,query_1,"['GO:0001751', 'GO:0046533', 'GO:0110116']",['aop'],"[['IMP', 'IGI']]"
GO:BP,GO:0030072,peptide hormone secretion,0.49487880362847436,False,"""The regulated release of a peptide hormone from a cell."" [GOC:mah]",7,69,1,4247,0.014492753623188406,0.14285714285714285,query_1,"['GO:0002790', 'GO:0046879']",['CG9650'],[['IMP']]
GO:BP,GO:0048666,neuron development,0.5049814577418495,False,"""The process whose specific outcome is the progression of a neuron over time, from initial commitment of the cell to a specific fate, to the fully functional differentiated cell."" [GOC:dph]",351,69,9,4247,0.13043478260869565,0.02564102564102564,query_1,"['GO:0030182', 'GO:0048468']","['CG12236', 'beat-Ib', 'CadN', 'ttv', 'foxo', 'prel', 'rut', 'ctp', 'hep']","[['IEA'], ['IBA'], ['IMP', 'IGI', 'TAS'], ['IGI'], ['IMP'], ['IMP'], ['IMP'], ['IMP'], ['IDA', 'IMP']]"
GO:BP,GO:0045463,R8 cell development,0.5063448742902376,False,"""The process whose specific outcome is the progression of the R8 photoreceptor over time, from its formation to the mature structure. The R8 photoreceptor is the founding receptor of each ommatidium."" [PMID:11880339]",8,69,1,4247,0.014492753623188406,0.125,query_1,"['GO:0042051', 'GO:0045465']",['CadN'],[['IMP']]
GO:BP,GO:0007166,cell surface receptor signaling pathway,0.5063448742902376,False,"""The series of molecular signals initiated by an extracellular ligand binding to a receptor located on the cell surface. The pathway ends with regulation of a downstream cellular process, e.g. transcription."" [GOC:signaling]",404,69,10,4247,0.14492753623188406,0.024752475247524754,query_1,['GO:0007165'],"['pigs', 'Mvb12', 'Reph', 'aop', 'ohgt', 'Ssdp', 'pygo', 'ttv', 'foxo', 'hep']","[['IMP'], ['IBA'], ['IGI'], ['IDA', 'IMP', 'IGI'], ['IMP'], ['IGI'], ['IDA', 'IPI', 'IMP', 'IGI', 'IEA'], ['IMP', 'IEA'], ['IMP', 'IGI'], ['IMP', 'IGI']]"
GO:BP,GO:0010592,positive regulation of lamellipodium assembly,0.5063448742902376,False,"""Any process that increases the rate, frequency or extent of the formation of a lamellipodium, a thin sheetlike extension of the surface of a migrating cell."" [GOC:dph, GOC:tb]",8,69,1,4247,0.014492753623188406,0.125,query_1,"['GO:0010591', 'GO:0030032', 'GO:0120034', 'GO:1902745']",['hep'],[['IMP']]
GO:BP,GO:0030713,follicle cell of egg chamber stalk formation,0.5063448742902376,False,"""Development of ovarian follicle cells to create the interfollicular stalks that connect the egg chambers of progressive developmental stages. An example of this process is found in Drosophila melanogaster."" [GOC:mtg_sensu, PMID:10822261]",8,69,1,4247,0.014492753623188406,0.125,query_1,"['GO:0000902', 'GO:0003006', 'GO:0030707']",['pigs'],[['IMP']]
GO:BP,GO:0035153,"epithelial cell type specification, open tracheal system",0.5063448742902376,False,"""Allocation of epithelial cells within each migrating branch in an open tracheal system to distinct tracheal cell fates. During the migration phase each branch forms a well-defined number of cell types (including fusion cells, terminal cells and branch cells) at precise positions."" [GOC:mtg_sensu, PMID:10684581, PMID:11063940]",8,69,1,4247,0.014492753623188406,0.125,query_1,"['GO:0001708', 'GO:0007424']",['aop'],[['IMP']]
GO:BP,GO:0031145,anaphase-promoting complex-dependent catabolic process,0.5063448742902376,False,"""The chemical reactions and pathways resulting in the breakdown of a protein or peptide by hydrolysis of its peptide bonds, initiated by the covalent attachment of ubiquitin, with ubiquitin-protein ligation catalyzed by the anaphase-promoting complex, and mediated by the proteasome."" [GOC:mah, PMID:15380083, PMID:15840442]",8,69,1,4247,0.014492753623188406,0.125,query_1,['GO:0043161'],['mr'],[['ISS']]
GO:BP,GO:0002221,pattern recognition receptor signaling pathway,0.5063448742902376,False,"""The series of molecular signals initiated by a ligand binding to a pattern recognition receptor (PRR), and ending with the regulation of a downstream cellular process, e.g. transcription. PRRs bind pathogen-associated molecular pattern (PAMPs), structures conserved among microbial species, or damage-associated molecular pattern (DAMPs), endogenous molecules released from damaged cells."" [GOC:add, GOC:ar, ISBN:0781735149, PMID:15199967]",37,69,2,4247,0.028985507246376812,0.05405405405405406,query_1,['GO:0002758'],"['foxo', 'hep']","[['IMP'], ['IMP', 'IGI']]"
GO:BP,GO:0002218,activation of innate immune response,0.5063448742902376,False,"""Any process that initiates an innate immune response. Innate immune responses are defense responses mediated by germline encoded components that directly recognize components of potential pathogens. Examples of this process include activation of the hypersensitive response of Arabidopsis thaliana and activation of any NOD or TLR signaling pathway in vertebrate species."" [GO_REF:0000022, GOC:add, GOC:mtg_sensu, ISBN:0781735149, PMID:15199967, PMID:16177805]",37,69,2,4247,0.028985507246376812,0.05405405405405406,query_1,"['GO:0002253', 'GO:0045089']","['foxo', 'hep']","[['IMP'], ['IMP', 'IGI']]"
GO:BP,GO:0072659,protein localization to plasma membrane,0.5063448742902376,False,"""A process in which a protein is transported to, or maintained in, a specific location in the plasma membrane."" [GOC:mah]",37,69,2,4247,0.028985507246376812,0.05405405405405406,query_1,"['GO:0072657', 'GO:1990778']","['Rab10', 'Past1']","[['IBA'], ['IBA']]"
GO:BP,GO:0042067,establishment of ommatidial planar polarity,0.5063448742902376,False,"""The specification of polarized ommatidia. Ommatidia occur in two chiral forms. The trapezoidal arrangement of photoreceptors in the dorsal part of the eye is the mirror image of that in the ventral part."" [GOC:ascb_2009, GOC:dph, GOC:tb, PMID:3076112, PMID:3937883]",37,69,2,4247,0.028985507246376812,0.05405405405405406,query_1,"['GO:0001736', 'GO:0001745', 'GO:0007163']","['aop', 'CadN']","[['IMP'], ['IMP']]"
GO:BP,GO:0009914,hormone transport,0.5063448742902376,False,"""The directed movement of hormones into, out of or within a cell, or between cells, by means of some agent such as a transporter or pore."" [GOC:tb]",8,69,1,4247,0.014492753623188406,0.125,query_1,"['GO:0006810', 'GO:0010817']",['CG9650'],[['IMP']]
GO:BP,GO:0120009,intermembrane lipid transfer,0.5063448742902376,False,"""The transport of lipids between membranes in which a lipid molecule is transported through an aqueous phase from the outer leaflet of a donor membrane to the outer leaflet of an acceptor membrane. This process does not require metabolic energy and can be either spontaneous or mediated by lipid transfer proteins (LTPs)."" [GOC:krc, PMID:20823909, PMID:24220498, PMID:25797198]",8,69,1,4247,0.014492753623188406,0.125,query_1,"['GO:0006869', 'GO:0061024']",['prel'],[['IEA']]
GO:BP,GO:0050795,regulation of behavior,0.5063448742902376,False,"""Any process that modulates the frequency, rate or extent of behavior, the internally coordinated responses (actions or inactions) of whole living organisms (individuals or groups) to internal or external stimuli."" [GOC:go_curators, GOC:pr]",36,69,2,4247,0.028985507246376812,0.05555555555555555,query_1,"['GO:0007610', 'GO:0051239']","['foxo', 'rut']","[['IMP', 'IGI'], ['IMP']]"
GO:BP,GO:0070278,extracellular matrix constituent secretion,0.5063448742902376,False,"""The controlled release of molecules that form the extracellular matrix, including carbohydrates and glycoproteins by a cell."" [GOC:mah]",8,69,1,4247,0.014492753623188406,0.125,query_1,"['GO:0030198', 'GO:0032940']",['Rab10'],[['IMP']]
GO:BP,GO:0002757,immune response-activating signaling pathway,0.5063448742902376,False,"""The series of molecular signals generated by a ligand binding to its receptor that lead to the activation or perpetuation of an immune response."" [GOC:add]",37,69,2,4247,0.028985507246376812,0.05405405405405406,query_1,"['GO:0002253', 'GO:0002764']","['foxo', 'hep']","[['IMP'], ['IMP', 'IGI']]"
GO:BP,GO:0031297,replication fork processing,0.5063448742902376,False,"""The process in which a DNA replication fork that has stalled is restored to a functional state and replication is restarted. The stalling may be due to DNA damage, DNA secondary structure, bound proteins, dNTP shortage, or other causes."" [GOC:vw, PMID:11459955, PMID:15367656, PMID:17660542]",8,69,1,4247,0.014492753623188406,0.125,query_1,['GO:0045005'],['mms4'],[['IBA']]
GO:BP,GO:0002758,innate immune response-activating signaling pathway,0.5063448742902376,False,"""The series of molecular signals generated by a ligand binding to its receptor that lead to the activation or perpetuation of an innate immune response."" [GOC:jy, GOC:mah, PMID:11418339, PMID:28105028]",37,69,2,4247,0.028985507246376812,0.05405405405405406,query_1,"['GO:0002218', 'GO:0002757']","['foxo', 'hep']","[['IMP'], ['IMP', 'IGI']]"
GO:BP,GO:0045792,negative regulation of cell size,0.5063448742902376,False,"""Any process that reduces cell size."" [GOC:go_curators]",8,69,1,4247,0.014492753623188406,0.125,query_1,['GO:0008361'],['foxo'],[['IMP']]
GO:BP,GO:0045229,external encapsulating structure organization,0.5063448742902376,False,"""A process that is carried out at the cellular level which results in the assembly, arrangement of constituent parts, or disassembly of external structures that lie outside the plasma membrane and surround the entire cell."" [GOC:ai, GOC:dph, GOC:jl, GOC:mah]",74,69,3,4247,0.043478260869565216,0.04054054054054054,query_1,['GO:0016043'],"['Rab10', 'Cad99C', 'hep']","[['IMP'], ['IMP'], ['IMP']]"
GO:BP,GO:0006999,nuclear pore organization,0.5063448742902376,False,"""A process that is carried out at the cellular level which results in the assembly, arrangement of constituent parts, or disassembly of the nuclear pore."" [GOC:dph, GOC:jid, GOC:jl, GOC:mah]",8,69,1,4247,0.014492753623188406,0.125,query_1,"['GO:0006997', 'GO:0043933']",['Nup205'],"[['ISS', 'IBA']]"
GO:BP,GO:0046879,hormone secretion,0.5063448742902376,False,"""The regulated release of hormones, substances with a specific regulatory effect on a particular organ or group of cells."" [ISBN:0198506732]",8,69,1,4247,0.014492753623188406,0.125,query_1,"['GO:0009914', 'GO:0023061']",['CG9650'],[['IMP']]
GO:BP,GO:0046883,regulation of hormone secretion,0.5063448742902376,False,"""Any process that modulates the frequency, rate or extent of the regulated release of a hormone from a cell."" [GOC:ai]",8,69,1,4247,0.014492753623188406,0.125,query_1,"['GO:0010646', 'GO:0010817', 'GO:0023051', 'GO:0046879', 'GO:1903530']",['CG9650'],[['IMP']]
GO:BP,GO:0032231,regulation of actin filament bundle assembly,0.5063448742902376,False,"""Any process that modulates the frequency, rate or extent of the assembly of actin filament bundles."" [GOC:mah]",8,69,1,4247,0.014492753623188406,0.125,query_1,"['GO:0044087', 'GO:0051017', 'GO:0110053']",['hep'],[['IMP']]
GO:BP,GO:0002064,epithelial cell development,0.5063448742902376,False,"""The process whose specific outcome is the progression of an epithelial cell over time, from its formation to the mature structure. An epithelial cell is a cell usually found in a two-dimensional sheet with a free surface."" [GOC:dph]",162,69,5,4247,0.07246376811594203,0.030864197530864196,query_1,"['GO:0030855', 'GO:0048468']","['pigs', 'Cip4', 'aop', 'Cad99C', 'hep']","[['IMP'], ['IMP'], ['IMP'], ['IMP'], ['IMP', 'IGI']]"
GO:BP,GO:0016081,synaptic vesicle docking,0.5063448742902376,False,"""The initial (indirect) attachment of a synaptic vesicle membrane to the presynaptic active zone membrane, mediated by proteins protruding from the membrane and proteins of the presynaptic active zone cytoplasmic component. Synaptic vesicle tethering is the first step in this process."" [PMID:15217342]",8,69,1,4247,0.014492753623188406,0.125,query_1,"['GO:0006904', 'GO:0016079']",['Syx6'],[['ISS']]
GO:BP,GO:0072698,protein localization to microtubule cytoskeleton,0.5063448742902376,False,"""A cellular protein localization process in which a protein is transported to, or maintained at, a location within the microtubule cytoskeleton."" [GOC:mah]",8,69,1,4247,0.014492753623188406,0.125,query_1,['GO:0044380'],['pigs'],[['IBA']]
GO:BP,GO:0030335,positive regulation of cell migration,0.5076840183241395,False,"""Any process that activates or increases the frequency, rate or extent of cell migration."" [GOC:go_curators]",38,69,2,4247,0.028985507246376812,0.05263157894736842,query_1,"['GO:0016477', 'GO:0030334', 'GO:2000147']","['aop', 'hep']","[['IMP'], ['IGI']]"
GO:BP,GO:0030201,heparan sulfate proteoglycan metabolic process,0.5076840183241395,False,"""The chemical reactions and pathways involving heparan sulfate proteoglycans, which consist of a core protein linked to a heparan sulfate glycosaminoglycan. The heparan sulfate chain is composed of the repeating disaccharide unit beta-(1,4)-N-acetyl-D-glucosamine-alpha-(1,4)-hexuronic acid, the former being either sulfated or deacetylated on its amino group as well as sulfated on one of its hydroxyl groups, and the latter being a mixture of sulfated and nonsulfated D-glucuronic and L-iduronic acids."" [PMID:27241222]",9,69,1,4247,0.014492753623188406,0.1111111111111111,query_1,"['GO:0006029', 'GO:0006790']",['ttv'],"[['IMP', 'IEA']]"
GO:BP,GO:0044380,protein localization to cytoskeleton,0.5076840183241395,False,"""A process in which a protein is transported to, or maintained in, a location within the cytoskeleton."" [GOC:jl]",9,69,1,4247,0.014492753623188406,0.1111111111111111,query_1,['GO:0033365'],['pigs'],[['IBA']]
GO:BP,GO:2000147,positive regulation of cell motility,0.5076840183241395,False,"""Any process that activates or increases the frequency, rate or extent of cell motility."" [GOC:mah]",40,69,2,4247,0.028985507246376812,0.05,query_1,"['GO:0040017', 'GO:0048522', 'GO:0048870', 'GO:2000145']","['aop', 'hep']","[['IMP'], ['IGI']]"
GO:BP,GO:0030166,proteoglycan biosynthetic process,0.5076840183241395,False,"""The chemical reactions and pathways resulting in the formation of proteoglycans, any glycoprotein in which the carbohydrate units are glycosaminoglycans."" [PMID:35536939]",9,69,1,4247,0.014492753623188406,0.1111111111111111,query_1,"['GO:0006029', 'GO:0009101']",['ttv'],"[['IMP', 'IEA']]"
GO:BP,GO:0007464,R3/R4 cell fate commitment,0.5076840183241395,False,"""The process in which the R3/R4 photoreceptors commit to their cell fate. R3 and R4 are paired photoreceptors which contribute the outer rhabdomeres."" [PMID:3076112, PMID:3937883]",9,69,1,4247,0.014492753623188406,0.1111111111111111,query_1,"['GO:0001752', 'GO:0042067', 'GO:0048056']",['aop'],[['IMP']]
GO:BP,GO:0007292,female gamete generation,0.5076840183241395,False,"""Generation of the female gamete; specialised haploid cells produced by meiosis and along with a male gamete takes part in sexual reproduction."" [GOC:dph, ISBN:0198506732]",366,69,9,4247,0.13043478260869565,0.02459016393442623,query_1,['GO:0007276'],"['pigs', 'Cip4', 'Rab10', 'aop', 'Past1', 'elg1', 'Cad99C', 'ctp', 'hep']","[['IMP'], ['IMP'], ['IMP'], ['IMP'], ['IMP'], ['IMP'], ['IMP'], ['IMP'], ['IMP', 'IGI']]"
GO:BP,GO:0048608,reproductive structure development,0.5076840183241395,False,"""The reproductive developmental process whose specific outcome is the progression of somatic structures that will be used in the process of creating new individuals from one or more parents, from their formation to the mature structures."" [GOC:dph, GOC:isa_complete, GOC:jid]",40,69,2,4247,0.028985507246376812,0.05,query_1,"['GO:0003006', 'GO:0048856', 'GO:0061458']","['aop', 'hep']","[['IMP'], ['IMP']]"
GO:BP,GO:0002764,immune response-regulating signaling pathway,0.5076840183241395,False,"""The cascade of processes by which a signal interacts with a receptor, causing a change in the level or activity of a second messenger or other downstream target, and ultimately leading to the activation, perpetuation, or inhibition of an immune response."" [GOC:add, ISBN:0781735149, PMID:15771571]",40,69,2,4247,0.028985507246376812,0.05,query_1,"['GO:0007165', 'GO:0050776']","['foxo', 'hep']","[['IMP'], ['IMP', 'IGI']]"
GO:BP,GO:0006007,glucose catabolic process,0.5076840183241395,False,"""The chemical reactions and pathways resulting in the breakdown of glucose, the aldohexose gluco-hexose."" [GOC:ai]",9,69,1,4247,0.014492753623188406,0.1111111111111111,query_1,"['GO:0006006', 'GO:0019320']",['Gapdh2'],[['ISS']]
GO:BP,GO:0046503,glycerolipid catabolic process,0.5076840183241395,False,"""The chemical reactions and pathways resulting in the breakdown of glycerolipids, any lipid with a glycerol backbone."" [GOC:ai]",9,69,1,4247,0.014492753623188406,0.1111111111111111,query_1,"['GO:0016042', 'GO:0046486']",['foxo'],[['IMP']]
GO:BP,GO:0006997,nucleus organization,0.5076840183241395,False,"""A process that is carried out at the cellular level which results in the assembly, arrangement of constituent parts, or disassembly of the nucleus."" [GOC:dph, GOC:ems, GOC:jl, GOC:mah]",39,69,2,4247,0.028985507246376812,0.05128205128205128,query_1,['GO:0006996'],"['Nup205', 'ctp']","[['ISS', 'IBA'], ['IMP']]"
GO:BP,GO:1901071,glucosamine-containing compound metabolic process,0.5076840183241395,False,"""The chemical reactions and pathways involving glucosamine-containing compounds (glucosamines)."" [GOC:TermGenie]",9,69,1,4247,0.014492753623188406,0.1111111111111111,query_1,['GO:0006040'],['ttv'],[['ISS']]
GO:BP,GO:0007186,G protein-coupled receptor signaling pathway,0.5076840183241395,False,"""The series of molecular signals initiated by a ligand binding to its receptor, in which the activated receptor promotes the exchange of GDP for GTP on the alpha-subunit of an associated heterotrimeric G-protein complex. The GTP-bound activated alpha-G-protein then dissociates from the beta- and gamma-subunits to further transmit the signal within the cell. The pathway begins with receptor-ligand interaction, and ends with regulation of a downstream cellular process. The pathway can start from the plasma membrane, Golgi or nuclear membrane."" [GOC:bf, GOC:mah, PMID:16902576, PMID:24568158, Wikipedia:G_protein-coupled_receptor]",38,69,2,4247,0.028985507246376812,0.05263157894736842,query_1,['GO:0007165'],"['foxo', 'rut']","[['IMP'], ['IMP', 'IBA']]"
GO:BP,GO:0030837,negative regulation of actin filament polymerization,0.5076840183241395,False,"""Any process that stops, prevents, or reduces the frequency, rate or extent of actin polymerization."" [GOC:mah]",9,69,1,4247,0.014492753623188406,0.1111111111111111,query_1,"['GO:0030041', 'GO:0030833', 'GO:0032272', 'GO:0051494', 'GO:1902904']",['Cip4'],[['IDA']]
GO:BP,GO:0061621,canonical glycolysis,0.5076840183241395,False,"""The glycolytic process that begins with the conversion of glucose to glucose-6-phosphate by glucokinase activity. Glycolytic processes are the chemical reactions and pathways resulting in the breakdown of a carbohydrate into pyruvate, with the concomitant production of a small amount of ATP."" [GOC:dph, ISBN:0201090910, ISBN:0879010479]",9,69,1,4247,0.014492753623188406,0.1111111111111111,query_1,"['GO:0006734', 'GO:0061620', 'GO:0061718']",['Gapdh2'],[['ISS']]
GO:BP,GO:0045175,basal protein localization,0.5076840183241395,False,"""Any process in which a protein is transported to, or maintained in, basal regions of the cell."" [GOC:bf]",9,69,1,4247,0.014492753623188406,0.1111111111111111,query_1,['GO:0008104'],['Rab10'],[['IMP']]
GO:BP,GO:0045132,meiotic chromosome segregation,0.5076840183241395,False,"""The process in which genetic material, in the form of chromosomes, is organized into specific structures and then physically separated and apportioned to two or more sets during M phase of the meiotic cell cycle."" [GOC:ai, GOC:mah]",38,69,2,4247,0.028985507246376812,0.05263157894736842,query_1,"['GO:0098813', 'GO:0140013', 'GO:1903046']","['mgr', 'larp']","[['IMP'], ['IMP']]"
GO:BP,GO:0009996,negative regulation of cell fate specification,0.5076840183241395,False,"""Any process that restricts, stops or prevents a cell from adopting a specific cell fate."" [GOC:go_curators]",9,69,1,4247,0.014492753623188406,0.1111111111111111,query_1,"['GO:0001708', 'GO:0010454', 'GO:0042659']",['aop'],[['IMP']]
GO:BP,GO:0006457,protein folding,0.5076840183241395,False,"""The process of assisting in the covalent and noncovalent assembly of single chain polypeptides or multisubunit complexes into the correct tertiary structure."" [GOC:go_curators, GOC:rb]",77,69,3,4247,0.043478260869565216,0.03896103896103896,query_1,"['GO:0009987', 'GO:0051604']","['mgr', 'mrj', 'CG5504']","[['IEA'], ['ISS', 'IBA'], ['IEA']]"
GO:BP,GO:0034655,nucleobase-containing compound catabolic process,0.5076840183241395,False,"""The chemical reactions and pathways resulting in the breakdown of nucleobases, nucleosides, nucleotides and nucleic acids."" [GOC:mah]",120,69,4,4247,0.057971014492753624,0.03333333333333333,query_1,"['GO:0006139', 'GO:0009056']","['Upf2', 'Drep4', 'larp', 'Gapdh2']","[['IDA', 'IMP', 'IBA', 'IEA'], ['IDA', 'IBA', 'TAS', 'IEA'], ['IEA'], ['IEP', 'ISS', 'IBA', 'IEA']]"
GO:BP,GO:0010508,positive regulation of autophagy,0.5076840183241395,False,"""Any process that activates, maintains or increases the rate of autophagy. Autophagy is the process in which cells digest parts of their own cytoplasm."" [GOC:dph, GOC:tb]",39,69,2,4247,0.028985507246376812,0.05128205128205128,query_1,"['GO:0006914', 'GO:0009896', 'GO:0010506']","['foxo', 'hep']","[['IMP'], ['IMP']]"
GO:BP,GO:0002253,activation of immune response,0.5076840183241395,False,"""Any process that initiates an immune response."" [GO_REF:0000022, GOC:add, ISBN:0781735149]",38,69,2,4247,0.028985507246376812,0.05263157894736842,query_1,"['GO:0002376', 'GO:0050778']","['foxo', 'hep']","[['IMP'], ['IMP', 'IGI']]"
GO:BP,GO:0043112,receptor metabolic process,0.5076840183241395,False,"""The chemical reactions and pathways involving a receptor molecule, a macromolecule that undergoes combination with a hormone, neurotransmitter, drug or intracellular messenger to initiate a change in cell function."" [GOC:jl]",9,69,1,4247,0.014492753623188406,0.1111111111111111,query_1,['GO:0043170'],['Mvb12'],[['IBA']]
GO:BP,GO:1903530,regulation of secretion by cell,0.5076840183241395,False,"""Any process that modulates the frequency, rate or extent of secretion by cell."" [GO_REF:0000058, GOC:pm, GOC:TermGenie, PMID:12130530]",38,69,2,4247,0.028985507246376812,0.05263157894736842,query_1,"['GO:0032940', 'GO:0050794', 'GO:0051046']","['Rab10', 'CG9650']","[['IBA'], ['IMP']]"
GO:BP,GO:0040015,negative regulation of multicellular organism growth,0.5076840183241395,False,"""Any process that stops, prevents, or reduces the frequency, rate or extent of growth of an organism to reach its usual body size."" [GOC:dph, GOC:ems, GOC:tb]",9,69,1,4247,0.014492753623188406,0.1111111111111111,query_1,"['GO:0035264', 'GO:0040014', 'GO:0048640', 'GO:0051241']",['foxo'],[['IMP']]
GO:BP,GO:2000765,regulation of cytoplasmic translation,0.5076840183241395,False,"""Any process that modulates the frequency, rate or extent of cytoplasmic translation."" [GOC:obol]",9,69,1,4247,0.014492753623188406,0.1111111111111111,query_1,"['GO:0002181', 'GO:0006417']",['larp'],[['IMP']]
GO:BP,GO:0141006,transposable element silencing by piRNA-mediated heterochromatin formation,0.5076840183241395,False,"""A transposable element silencing mechanism in which a Piwi-associated RNA (piRNA) triggers heterochromatin assembly. Heterochromatin is a chromatin conformation that is refractory to transcription."" [PMID:32381626, PMID:32674113]",9,69,1,4247,0.014492753623188406,0.1111111111111111,query_1,"['GO:0140966', 'GO:0141005']",['ctp'],[['IMP']]
GO:BP,GO:0051046,regulation of secretion,0.5076840183241395,False,"""Any process that modulates the frequency, rate or extent of the controlled release of a substance from a cell or a tissue."" [GOC:ai]",39,69,2,4247,0.028985507246376812,0.05128205128205128,query_1,"['GO:0046903', 'GO:0051049']","['Rab10', 'CG9650']","[['IBA'], ['IMP']]"
GO:BP,GO:0061458,reproductive system development,0.5076840183241395,False,"""The progression of the reproductive system over time from its formation to the mature structure. The reproductive system consists of the organs that function in reproduction."" [GOC:dph]",40,69,2,4247,0.028985507246376812,0.05,query_1,['GO:0048731'],"['aop', 'hep']","[['IMP'], ['IMP']]"
GO:BP,GO:0061718,glucose catabolic process to pyruvate,0.5076840183241395,False,"""The chemical reactions and pathways resulting in the breakdown of glucose, with the production of pyruvate."" [GOC:dph]",9,69,1,4247,0.014492753623188406,0.1111111111111111,query_1,"['GO:0006007', 'GO:0006090']",['Gapdh2'],[['ISS']]
GO:BP,GO:0043652,engulfment of apoptotic cell,0.5076840183241395,False,"""The removal of the apoptotic cell by phagocytosis, by a neighboring cell or by a phagocyte."" [GOC:rk, PMID:15536015]",9,69,1,4247,0.014492753623188406,0.1111111111111111,query_1,"['GO:0006911', 'GO:0043277']",['hep'],[['IMP']]
GO:BP,GO:0015833,peptide transport,0.5076840183241395,False,"""The directed movement of peptides, compounds of two or more amino acids where the alpha carboxyl group of one is bound to the alpha amino group of another, into, out of or within a cell, or between cells, by means of some agent such as a transporter or pore."" [GOC:ai]",9,69,1,4247,0.014492753623188406,0.1111111111111111,query_1,['GO:0042886'],['CG9650'],[['IMP']]
GO:BP,GO:0140966,piRNA-mediated heterochromatin formation,0.5076840183241395,False,"""The formation of heterochromatin into a heterochromatin domain, enriched in histone H3 methylated on lysine 9 (H3K9me), by a process mediated by a Piwi-associated RNA (piRNA)."" [PMID:23329111]",9,69,1,4247,0.014492753623188406,0.1111111111111111,query_1,['GO:0031048'],['ctp'],[['IMP']]
GO:BP,GO:0034198,cellular response to amino acid starvation,0.5076840183241395,False,"""Any process that results in a change in state or activity of a cell (in terms of movement, secretion, enzyme production, gene expression, etc.) as a result of deprivation of amino acids."" [GOC:ecd]",9,69,1,4247,0.014492753623188406,0.1111111111111111,query_1,"['GO:0009267', 'GO:1990928']",['foxo'],[['IDA']]
GO:BP,GO:0070727,cellular macromolecule localization,0.5076840183241395,False,"""Any process in which a macromolecule is transported to, and/or maintained in, a specific location at the level of a cell. Localization at the cellular level encompasses movement within the cell, from within the cell to the cell surface, or from one location to another at the surface of a cell."" [GOC:mah]",467,69,11,4247,0.15942028985507245,0.023554603854389723,query_1,"['GO:0033036', 'GO:0051641']","['pigs', 'Cip4', 'Mvb12', 'Nup205', 'Rab10', 'Past1', 'CG15099', 'Syx6', 'Tim23', 'larp', 'Cad99C']","[['IBA'], ['IMP'], ['IEA'], ['IMP', 'IEA'], ['IMP', 'IBA'], ['IBA'], ['IEA'], ['IBA'], ['IBA'], ['IMP'], ['IMP']]"
GO:BP,GO:0016197,endosomal transport,0.5162854963599482,False,"""The directed movement of substances mediated by an endosome, a membrane-bounded organelle that carries materials enclosed in the lumen or located in the endosomal membrane."" [ISBN:0198506732]",80,69,3,4247,0.043478260869565216,0.0375,query_1,"['GO:0016192', 'GO:0046907']","['Mvb12', 'Past1', 'Syx6']","[['IBA'], ['IBA', 'IEA'], ['IBA']]"
GO:BP,GO:0007163,establishment or maintenance of cell polarity,0.5200027486802483,False,"""Any cellular process that results in the specification, formation or maintenance of anisotropic intracellular organization or cell growth patterns."" [GOC:mah]",124,69,4,4247,0.057971014492753624,0.03225806451612903,query_1,['GO:0009987'],"['aop', 'CadN', 'mgr', 'ctp']","[['IMP'], ['IMP', 'IEA'], ['IMP'], ['IMP']]"
GO:BP,GO:0050804,modulation of chemical synaptic transmission,0.5217233093316305,False,"""Any process that modulates the frequency or amplitude of synaptic transmission, the process of communication from a neuron to a target (neuron, muscle, or secretory cell) across a synapse. Amplitude, in this case, refers to the change in postsynaptic membrane potential due to a single instance of synaptic transmission."" [GOC:ai]",41,69,2,4247,0.028985507246376812,0.04878048780487805,query_1,"['GO:0007268', 'GO:0099177']","['mr', 'ohgt']","[['IMP'], ['IMP']]"
GO:BP,GO:0099177,regulation of trans-synaptic signaling,0.5217233093316305,False,"""Any process that modulates the frequency, rate or extent of trans-synaptic signaling."" [GOC:dos]",41,69,2,4247,0.028985507246376812,0.04878048780487805,query_1,"['GO:0010646', 'GO:0023051', 'GO:0099537']","['mr', 'ohgt']","[['IMP'], ['IMP']]"
GO:BP,GO:0000902,cell morphogenesis,0.5229749590325137,False,"""The developmental process in which the size or shape of a cell is generated and organized."" [GOC:clt, GOC:dph, GOC:go_curators, GOC:tb]",319,69,8,4247,0.11594202898550725,0.025078369905956112,query_1,['GO:0009653'],"['pigs', 'beat-Ib', 'CadN', 'ttv', 'foxo', 'prel', 'rut', 'hep']","[['IMP'], ['IBA'], ['IMP', 'IGI'], ['IGI'], ['IMP'], ['IMP'], ['IMP'], ['IDA', 'IMP']]"
GO:BP,GO:0031175,neuron projection development,0.5253418733243456,False,"""The process whose specific outcome is the progression of a neuron projection over time, from its formation to the mature structure. A neuron projection is any process extending from a neural cell, such as axons or dendrites (collectively called neurites)."" [GOC:mah]",269,69,7,4247,0.10144927536231885,0.026022304832713755,query_1,"['GO:0048666', 'GO:0120036']","['beat-Ib', 'CadN', 'ttv', 'foxo', 'prel', 'rut', 'hep']","[['IBA'], ['IMP', 'IGI', 'TAS'], ['IGI'], ['IMP'], ['IMP'], ['IMP'], ['IDA', 'IMP']]"
GO:BP,GO:1900073,regulation of neuromuscular synaptic transmission,0.5257624299963176,False,"""Any process that modulates the frequency, rate or extent of neuromuscular synaptic transmission."" [GOC:kmv, GOC:TermGenie]",10,69,1,4247,0.014492753623188406,0.1,query_1,"['GO:0007274', 'GO:0050804']",['ohgt'],[['IMP']]
GO:BP,GO:0007423,sensory organ development,0.5257624299963176,False,"""The process whose specific outcome is the progression of sensory organs over time, from its formation to the mature structure."" [GOC:go_curators]",277,69,7,4247,0.10144927536231885,0.02527075812274368,query_1,['GO:0048513'],"['aop', 'CadN', 'Past1', 'NAT1', 'foxo', 'dan', 'ctp']","[['IDA', 'IMP', 'IGI'], ['IMP'], ['IMP'], ['IMP'], ['IMP'], ['IMP'], ['IMP']]"
GO:BP,GO:0045740,positive regulation of DNA replication,0.5257624299963176,False,"""Any process that activates or increases the frequency, rate or extent of DNA replication."" [GOC:go_curators]",10,69,1,4247,0.014492753623188406,0.1,query_1,"['GO:0006260', 'GO:0006275', 'GO:0051054']",['larp'],[['IMP']]
GO:BP,GO:0006911,"phagocytosis, engulfment",0.5257624299963176,False,"""The internalization of bacteria, immune complexes and other particulate matter or of an apoptotic cell by phagocytosis, including the membrane and cytoskeletal processes required, which involves one of three mechanisms: zippering of pseudopods around a target via repeated receptor-ligand interactions, sinking of the target directly into plasma membrane of the phagocytosing cell, or induced uptake via an enhanced membrane ruffling of the phagocytosing cell similar to macropinocytosis."" [GOC:curators, ISBN:0781735149]",11,69,1,4247,0.014492753623188406,0.09090909090909091,query_1,"['GO:0006909', 'GO:0099024']",['hep'],[['IMP']]
GO:BP,GO:0009629,response to gravity,0.5257624299963176,False,"""Any process that results in a change in state or activity of a cell or an organism (in terms of movement, secretion, enzyme production, gene expression, etc.) as a result of a gravitational stimulus."" [GOC:hb]",11,69,1,4247,0.014492753623188406,0.09090909090909091,query_1,['GO:0009628'],['Nup205'],[['IMP']]
GO:BP,GO:0110053,regulation of actin filament organization,0.5257624299963176,False,"""Any process that modulates the frequency, rate or extent of actin filament organization."" [GOC:kmv]",43,69,2,4247,0.028985507246376812,0.046511627906976744,query_1,"['GO:0007015', 'GO:0032956', 'GO:1902903']","['Cip4', 'hep']","[['IDA'], ['IMP']]"
GO:BP,GO:0014042,positive regulation of neuron maturation,0.5257624299963176,False,"""Any process that activates or increases the frequency, rate or extent of neuron maturation."" [GOC:ef]",11,69,1,4247,0.014492753623188406,0.09090909090909091,query_1,"['GO:0014041', 'GO:0042551', 'GO:1903431']",['ctp'],[['IMP']]
GO:BP,GO:0040017,positive regulation of locomotion,0.5257624299963176,False,"""Any process that activates or increases the frequency, rate or extent of locomotion of a cell or organism."" [GOC:go_curators]",42,69,2,4247,0.028985507246376812,0.047619047619047616,query_1,"['GO:0040011', 'GO:0040012', 'GO:0048518']","['aop', 'hep']","[['IMP'], ['IGI']]"
GO:BP,GO:0006413,translational initiation,0.5257624299963176,False,"""The process preceding formation of the peptide bond between the first two amino acids of a protein. This includes the formation of a complex of the ribosome, mRNA or circRNA, and an initiation complex that contains the first aminoacyl-tRNA."" [ISBN:019879276X]",42,69,2,4247,0.028985507246376812,0.047619047619047616,query_1,"['GO:0006412', 'GO:0008152']","['eIF2Bdelta', 'NAT1']","[['ISS', 'IEA'], ['ISS', 'IBA', 'IEA']]"
GO:BP,GO:0030968,endoplasmic reticulum unfolded protein response,0.5257624299963176,False,"""The series of molecular signals generated as a consequence of the presence of unfolded proteins in the endoplasmic reticulum (ER) or other ER-related stress; results in changes in the regulation of transcription and translation."" [GOC:mah, PMID:12042763]",11,69,1,4247,0.014492753623188406,0.09090909090909091,query_1,"['GO:0034620', 'GO:0034976', 'GO:0035556']",['Edem2'],"[['IMP', 'IGI']]"
GO:BP,GO:1902745,positive regulation of lamellipodium organization,0.5257624299963176,False,"""Any process that activates or increases the frequency, rate or extent of lamellipodium organization."" [GO_REF:0000058, GOC:als, GOC:TermGenie, PMID:16054028]",10,69,1,4247,0.014492753623188406,0.1,query_1,"['GO:0031346', 'GO:0097581', 'GO:1902743']",['hep'],[['IMP']]
GO:BP,GO:0042332,gravitaxis,0.5257624299963176,False,"""The directed movement of a motile cell or organism in response to gravity."" [GOC:jid, GOC:jl]",11,69,1,4247,0.014492753623188406,0.09090909090909091,query_1,"['GO:0009629', 'GO:0042330']",['Nup205'],[['IMP']]
GO:BP,GO:0048260,positive regulation of receptor-mediated endocytosis,0.5257624299963176,False,"""Any process that activates or increases the frequency, rate or extent of receptor mediated endocytosis, the uptake of external materials by cells, utilizing receptors to ensure specificity of transport."" [GOC:go_curators, GOC:tb]",11,69,1,4247,0.014492753623188406,0.09090909090909091,query_1,"['GO:0006898', 'GO:0045807', 'GO:0048259']",['Cad99C'],[['IMP']]
GO:BP,GO:1901136,carbohydrate derivative catabolic process,0.5257624299963176,False,"""The chemical reactions and pathways resulting in the breakdown of carbohydrate derivative."" [GOC:TermGenie]",43,69,2,4247,0.028985507246376812,0.046511627906976744,query_1,"['GO:0009056', 'GO:1901135']","['Edem2', 'Gapdh2']","[['IMP', 'IBA', 'IEA'], ['IEP', 'ISS', 'IBA', 'IEA']]"
GO:BP,GO:0042659,regulation of cell fate specification,0.5257624299963176,False,"""Any process that mediates the adoption of a specific fate by a cell."" [GOC:go_curators]",11,69,1,4247,0.014492753623188406,0.09090909090909091,query_1,"['GO:0001708', 'GO:0010453']",['aop'],[['IMP']]
GO:BP,GO:0032272,negative regulation of protein polymerization,0.5257624299963176,False,"""Any process that stops, prevents, or reduces the frequency, rate or extent of the process of creating protein polymers."" [GOC:mah]",11,69,1,4247,0.014492753623188406,0.09090909090909091,query_1,"['GO:0031333', 'GO:0032271', 'GO:0051258']",['Cip4'],[['IDA']]
GO:BP,GO:0005978,glycogen biosynthetic process,0.5257624299963176,False,"""The chemical reactions and pathways resulting in the formation of glycogen, a polydisperse, highly branched glucan composed of chains of D-glucose residues."" [ISBN:0198506732]",11,69,1,4247,0.014492753623188406,0.09090909090909091,query_1,"['GO:0005977', 'GO:0009250']",['AGBE'],"[['IBA', 'NAS', 'IEA']]"
GO:BP,GO:0140990,primary piRNA processing,0.5257624299963176,False,"""The process involved in converting precursor piRNAs into non-overlapping, contiguous primary piRNAs (approximately 24-30-nt piRNAs with a preference for a 5' uridine (U) via the endonucleolytic activity of cytosolic PIWI. This may include pre-piRNA maturation of 3' ends by trimming and 2'-O-methylation."" [PMID:22907665, PMID:26166577, PMID:34469728]",10,69,1,4247,0.014492753623188406,0.1,query_1,['GO:0034587'],['Gasz'],[['IMP']]
GO:BP,GO:0048520,positive regulation of behavior,0.5257624299963176,False,"""Any process that activates or increases the frequency, rate or extent of behavior, the internally coordinated responses (actions or inactions) of whole living organisms (individuals or groups) to internal or external stimuli."" [GOC:jid, GOC:pr]",11,69,1,4247,0.014492753623188406,0.09090909090909091,query_1,"['GO:0007610', 'GO:0050795', 'GO:0051240']",['foxo'],"[['IMP', 'IGI']]"
GO:BP,GO:1902679,negative regulation of RNA biosynthetic process,0.5257624299963176,False,"""Any process that stops, prevents or reduces the frequency, rate or extent of RNA biosynthetic process."" [GO:jl, GO_REF:0000058, GOC:TermGenie]",175,69,5,4247,0.07246376811594203,0.02857142857142857,query_1,"['GO:0010558', 'GO:0032774', 'GO:0051253', 'GO:2001141']","['CG12236', 'aop', 'Nelf-A', 'foxo', 'ctp']","[['ISS'], ['IDA', 'IMP', 'IEA'], ['IDA', 'ISS', 'IBA'], ['IMP'], ['IEA']]"
GO:BP,GO:0048609,multicellular organismal reproductive process,0.5257624299963176,False,"""The process, occurring above the cellular level, that is pertinent to the reproductive function of a multicellular organism. This includes the integrated processes at the level of tissues and organs."" [GOC:dph, GOC:jid, GOC:tb]",531,69,12,4247,0.17391304347826086,0.022598870056497175,query_1,['GO:0022414'],"['pigs', 'Cip4', 'Rab10', 'aop', 'Past1', 'ttv', 'elg1', 'larp', 'Cad99C', 'rut', 'ctp', 'hep']","[['IMP'], ['IMP'], ['IMP'], ['IMP'], ['IMP'], ['IMP'], ['IMP'], ['IMP'], ['IMP'], ['TAS'], ['IMP'], ['IMP', 'IGI']]"
GO:BP,GO:0007560,imaginal disc morphogenesis,0.5257624299963176,False,"""The process in which the anatomical structures derived from an imaginal disc are generated and organized. The imaginal discs are epithelial infoldings in the larvae of holometabolous insects that develop into adult appendages (legs, antennae, wings, etc.) during metamorphosis from larval to adult form."" [GOC:jid]",224,69,6,4247,0.08695652173913043,0.026785714285714284,query_1,"['GO:0007444', 'GO:0007552', 'GO:0009887', 'GO:0048707']","['Cip4', 'Past1', 'pygo', 'wge', 'ctp', 'hep']","[['IMP'], ['IGI'], ['IMP'], ['IMP'], ['IMP'], ['IMP', 'IGI']]"
GO:BP,GO:0007157,heterophilic cell-cell adhesion via plasma membrane cell adhesion molecules,0.5257624299963176,False,"""The attachment of an adhesion molecule in one cell to a nonidentical adhesion molecule in an adjacent cell."" [ISBN:0198506732]",11,69,1,4247,0.014492753623188406,0.09090909090909091,query_1,['GO:0098742'],['beat-Ib'],[['ISS']]
GO:BP,GO:0048138,germ-line cyst encapsulation,0.5257624299963176,False,"""Formation of a single follicular epithelium around the germ-line derived cells of a cyst."" [GOC:jid]",11,69,1,4247,0.014492753623188406,0.09090909090909091,query_1,"['GO:0003006', 'GO:0007276', 'GO:0016333', 'GO:0048856']",['Cip4'],[['IMP']]
GO:BP,GO:0009250,glucan biosynthetic process,0.5257624299963176,False,"""The chemical reactions and pathways resulting in the formation of glucans, polysaccharides consisting only of glucose residues."" [GOC:go_curators]",11,69,1,4247,0.014492753623188406,0.09090909090909091,query_1,"['GO:0000271', 'GO:0044042']",['AGBE'],"[['IBA', 'NAS', 'IEA']]"
GO:BP,GO:0048878,chemical homeostasis,0.5257624299963176,False,"""Any biological process involved in the maintenance of an internal steady state of a chemical."" [GOC:isa_complete]",129,69,4,4247,0.057971014492753624,0.031007751937984496,query_1,['GO:0042592'],"['AGBE', 'foxo', 'Gapdh2', 'hep']","[['IMP'], ['IMP'], ['IMP'], ['IMP']]"
GO:BP,GO:0002385,mucosal immune response,0.5257624299963176,False,"""An immune response taking place in mucosal tissues, including those of the intestinal tract, nasal and upper respiratory tract, and genital tract."" [GO_REF:0000022, GOC:jal, ISBN:0781735149]",10,69,1,4247,0.014492753623188406,0.1,query_1,['GO:0002251'],['Cad99C'],"[['IMP', 'IGI']]"
GO:BP,GO:0045196,establishment or maintenance of neuroblast polarity,0.5257624299963176,False,"""Any cellular process that results in the specification, formation or maintenance of the apicobasal polarity of a neuroblast cell, a progenitor of the central nervous system."" [GOC:bf, GOC:mah, GOC:mtg_sensu, PMID:19375318, PMID:20066083]",11,69,1,4247,0.014492753623188406,0.09090909090909091,query_1,"['GO:0007163', 'GO:0055059']",['mgr'],[['IMP']]
GO:BP,GO:0017157,regulation of exocytosis,0.5257624299963176,False,"""Any process that modulates the frequency, rate or extent of exocytosis."" [GOC:go_curators]",11,69,1,4247,0.014492753623188406,0.09090909090909091,query_1,"['GO:0006887', 'GO:0060627', 'GO:1903530']",['Rab10'],[['IBA']]
GO:BP,GO:1990778,protein localization to cell periphery,0.5257624299963176,False,"""A process in which a protein is transported to, or maintained in, the cell periphery."" [PMID:18216290]",45,69,2,4247,0.028985507246376812,0.044444444444444446,query_1,['GO:0008104'],"['Rab10', 'Past1']","[['IBA'], ['IBA']]"
GO:BP,GO:1990928,response to amino acid starvation,0.5257624299963176,False,"""Any process that results in a change in state or activity of a cell or an organism (in terms of movement, secretion, enzyme production, gene expression, etc.) as a result of deprivation of amino acids."" [PMID:7765311]",10,69,1,4247,0.014492753623188406,0.1,query_1,['GO:0042594'],['foxo'],[['IDA']]
GO:BP,GO:0030203,glycosaminoglycan metabolic process,0.5257624299963176,False,"""The chemical reactions and pathways involving glycosaminoglycans, any of a group of linear polysaccharides composed of repeating disaccharide units."" [PMID:38500384]",11,69,1,4247,0.014492753623188406,0.09090909090909091,query_1,['GO:0006022'],['ttv'],[['IMP']]
GO:BP,GO:0000271,polysaccharide biosynthetic process,0.5257624299963176,False,"""The chemical reactions and pathways resulting in the formation of a polysaccharide, a polymer of many (typically more than 10) monosaccharide residues linked glycosidically."" [GOC:go_curators]",11,69,1,4247,0.014492753623188406,0.09090909090909091,query_1,"['GO:0005976', 'GO:0009059', 'GO:0016051']",['AGBE'],"[['IBA', 'NAS', 'IEA']]"
GO:BP,GO:0046533,negative regulation of photoreceptor cell differentiation,0.5257624299963176,False,"""Any process that stops, prevents, or reduces the frequency, rate or extent of photoreceptor cell differentiation. An example of this process is found in Drosophila melanogaster."" [GOC:go_curators]",11,69,1,4247,0.014492753623188406,0.09090909090909091,query_1,"['GO:0045665', 'GO:0046530', 'GO:0046532', 'GO:0051241']",['aop'],"[['IMP', 'IGI']]"
GO:BP,GO:0045834,positive regulation of lipid metabolic process,0.5257624299963176,False,"""Any process that activates or increases the frequency, rate or extent of the chemical reactions and pathways involving lipids."" [GOC:go_curators]",10,69,1,4247,0.014492753623188406,0.1,query_1,"['GO:0006629', 'GO:0009893', 'GO:0019216']",['foxo'],[['IMP']]
GO:BP,GO:0007188,adenylate cyclase-modulating G protein-coupled receptor signaling pathway,0.5257624299963176,False,"""A G protein-coupled receptor signaling pathway in which the signal is transmitted via the activation or inhibition of adenylyl cyclase activity and a subsequent change in the intracellular concentration of cyclic AMP (cAMP)."" [GOC:mah, GOC:signaling, ISBN:0815316194]",10,69,1,4247,0.014492753623188406,0.1,query_1,['GO:0007186'],['rut'],"[['IMP', 'IBA']]"
GO:BP,GO:1903431,positive regulation of cell maturation,0.5257624299963176,False,"""Any process that activates or increases the frequency, rate or extent of cell maturation."" [GO_REF:0000058, GOC:TermGenie, PMID:17459944]",11,69,1,4247,0.014492753623188406,0.09090909090909091,query_1,"['GO:0010720', 'GO:0048469', 'GO:1903429']",['ctp'],[['IMP']]
GO:BP,GO:0006541,glutamine metabolic process,0.5257624299963176,False,"""The chemical reactions and pathways involving glutamine, 2-amino-4-carbamoylbutanoic acid."" [GOC:ai]",11,69,1,4247,0.014492753623188406,0.09090909090909091,query_1,['GO:0009064'],['l(3)72Dp'],[['IEA']]
GO:BP,GO:0045665,negative regulation of neuron differentiation,0.5257624299963176,False,"""Any process that stops, prevents, or reduces the frequency, rate or extent of neuron differentiation."" [GOC:go_curators]",11,69,1,4247,0.014492753623188406,0.09090909090909091,query_1,"['GO:0030182', 'GO:0045596', 'GO:0045664']",['aop'],"[['IMP', 'IGI']]"
GO:BP,GO:0048856,anatomical structure development,0.5257624299963176,False,"""The biological process whose specific outcome is the progression of an anatomical structure from an initial condition to its mature state. This process begins with the formation of the structure and ends with the mature structure, whatever form that may be including its natural destruction. An anatomical structure is any biological entity that occupies space and is distinguished from its surroundings. Anatomical structures can be macroscopic such as a carpel, or microscopic such as an acrosome."" [GO_REF:0000021]",1279,69,25,4247,0.36231884057971014,0.019546520719311962,query_1,['GO:0032502'],"['CG12236', 'pigs', 'mr', 'Cip4', 'Rab10', 'Reph', 'aop', 'beat-Ib', 'CadN', 'mgr', 'Past1', 'Ssdp', 'pygo', 'ttv', 'NAT1', 'elg1', 'wge', 'larp', 'Cad99C', 'foxo', 'dan', 'prel', 'rut', 'ctp', 'hep']","[['IEA'], ['IMP'], ['IMP'], ['IDA', 'IMP', 'IEP'], ['IMP'], ['IMP'], ['IDA', 'IMP', 'IGI', 'TAS'], ['IBA'], ['IMP', 'IGI', 'TAS', 'IEA'], ['IMP'], ['IMP', 'IGI'], ['IMP'], ['IMP', 'IEA'], ['IGI'], ['IMP'], ['IMP'], ['IMP'], ['IMP'], ['IMP'], ['IMP'], ['IMP'], ['IMP'], ['IMP'], ['IMP'], ['IDA', 'IMP', 'IGI']]"
GO:BP,GO:0008333,endosome to lysosome transport,0.5257624299963176,False,"""The directed movement of substances from endosomes to lysosomes."" [GOC:ai, ISBN:0716731363]",11,69,1,4247,0.014492753623188406,0.09090909090909091,query_1,"['GO:0007041', 'GO:0016192']",['Mvb12'],[['IBA']]
GO:BP,GO:0002251,organ or tissue specific immune response,0.5257624299963176,False,"""An immune response taking place in an organ or tissues such as the liver, brain, mucosa, or nervous system tissues."" [GO_REF:0000022, GOC:jal]",10,69,1,4247,0.014492753623188406,0.1,query_1,['GO:0006955'],['Cad99C'],"[['IMP', 'IGI']]"
GO:BP,GO:0007167,enzyme-linked receptor protein signaling pathway,0.5257624299963176,False,"""The series of molecular signals initiated by an extracellular ligand binding to a receptor on the surface of the target cell, where the receptor possesses catalytic activity or is closely associated with an enzyme such as a protein kinase, and ending with the regulation of a downstream cellular process, e.g. transcription."" [GOC:mah, GOC:signaling, ISBN:0815316194]",178,69,5,4247,0.07246376811594203,0.028089887640449437,query_1,['GO:0007166'],"['Mvb12', 'Reph', 'aop', 'foxo', 'hep']","[['IBA'], ['IGI'], ['IDA', 'IMP', 'IGI'], ['IMP', 'IGI'], ['IGI']]"
GO:BP,GO:0051125,regulation of actin nucleation,0.5257624299963176,False,"""Any process that modulates the frequency, rate or extent of actin nucleation, the initial step in the formation of an actin filament in which actin monomers combine to form a new filament."" [GOC:ai]",11,69,1,4247,0.014492753623188406,0.09090909090909091,query_1,"['GO:0045010', 'GO:0110053']",['Cip4'],[['IDA']]
GO:BP,GO:0072375,medium-term memory,0.5257624299963176,False,"""The memory process that deals with the storage, retrieval and modification of information received at a time ago that is intermediate between that of short and long term memory (30min - 7hrs in Drosophila melanogaster)."" [GOC:sart, PMID:14659098, PMID:7923375]",10,69,1,4247,0.014492753623188406,0.1,query_1,['GO:0007613'],['rut'],[['IMP']]
GO:BP,GO:0006887,exocytosis,0.5257624299963176,False,"""A process of secretion by a cell that results in the release of intracellular molecules (e.g. hormones, matrix proteins) contained within a membrane-bounded vesicle. Exocytosis can occur either by full fusion, when the vesicle collapses into the plasma membrane, or by a kiss-and-run mechanism that involves the formation of a transient contact, a pore, between a granule (for example of chromaffin cells) and the plasma membrane. The latter process most of the time leads to only partial secretion of the granule content. Exocytosis begins with steps that prepare vesicles for fusion with the membrane (tethering and docking) and ends when molecules are secreted from the cell."" [GOC:mah, ISBN:0716731363, PMID:22323285]",44,69,2,4247,0.028985507246376812,0.045454545454545456,query_1,"['GO:0016192', 'GO:0032940']","['Rab10', 'Syx6']","[['IBA'], ['ISS']]"
GO:BP,GO:0097194,execution phase of apoptosis,0.5257624299963176,False,"""A stage of the apoptotic process that starts with the controlled breakdown of the cell through the action of effector caspases or other effector molecules (e.g. cathepsins, calpains etc.). Key steps of the execution phase are rounding-up of the cell, retraction of pseudopodes, reduction of cellular volume (pyknosis), chromatin condensation, nuclear fragmentation (karyorrhexis), plasma membrane blebbing and fragmentation of the cell into apoptotic bodies. When the execution phase is completed, the cell has died."" [GOC:mtg_apoptosis, PMID:21760595]",10,69,1,4247,0.014492753623188406,0.1,query_1,"['GO:0006915', 'GO:0009987']",['Drep4'],"[['IDA', 'IBA', 'TAS', 'IEA']]"
GO:BP,GO:0061615,glycolytic process through fructose-6-phosphate,0.5257624299963176,False,"""The chemical reactions and pathways resulting in the breakdown of a monosaccharide into pyruvate, occurring through a fructose-6-phosphate intermediate, with the concomitant production of ATP and NADH."" [GOC:dph, ISBN:0201090910, ISBN:0879010479]",11,69,1,4247,0.014492753623188406,0.09090909090909091,query_1,['GO:0006096'],['Gapdh2'],[['ISS']]
GO:BP,GO:0045892,negative regulation of DNA-templated transcription,0.5257624299963176,False,"""Any process that stops, prevents, or reduces the frequency, rate or extent of cellular DNA-templated transcription."" [GOC:go_curators, GOC:txnOH]",175,69,5,4247,0.07246376811594203,0.02857142857142857,query_1,"['GO:0006351', 'GO:0006355', 'GO:1902679']","['CG12236', 'aop', 'Nelf-A', 'foxo', 'ctp']","[['ISS'], ['IDA', 'IMP', 'IEA'], ['IDA', 'ISS', 'IBA'], ['IMP'], ['IEA']]"
GO:BP,GO:0030150,protein import into mitochondrial matrix,0.5257624299963176,False,"""The import of proteins across the outer and inner mitochondrial membranes into the matrix. Unfolded proteins enter the mitochondrial matrix with a chaperone protein; the information required to target the precursor protein from the cytosol to the mitochondrial matrix is contained within its N-terminal matrix-targeting sequence. Translocation of precursors to the matrix occurs at the rare sites where the outer and inner membranes are close together."" [ISBN:0716731363]",11,69,1,4247,0.014492753623188406,0.09090909090909091,query_1,"['GO:0006626', 'GO:0044743', 'GO:0072655', 'GO:0170036']",['Tim23'],[['IBA']]
GO:BP,GO:1904801,positive regulation of neuron remodeling,0.5257624299963176,False,"""Any process that activates or increases the frequency, rate or extent of neuron remodeling."" [GO_REF:0000058, GOC:TermGenie, PMID:21609829]",11,69,1,4247,0.014492753623188406,0.09090909090909091,query_1,"['GO:0014042', 'GO:0016322', 'GO:1904799']",['ctp'],[['IMP']]
GO:BP,GO:0061620,glycolytic process through glucose-6-phosphate,0.5257624299963176,False,"""The chemical reactions and pathways resulting in the breakdown of a carbohydrate into pyruvate, occurring through a glucose-6-phosphate intermediate, with the concomitant production of a small amount of ATP."" [GOC:dph, ISBN:0201090910, ISBN:0879010479]",10,69,1,4247,0.014492753623188406,0.1,query_1,['GO:0061615'],['Gapdh2'],[['ISS']]
GO:BP,GO:0023051,regulation of signaling,0.5260724559100528,False,"""Any process that modulates the frequency, rate or extent of a signaling process."" [GOC:mtg_signal]",490,69,11,4247,0.15942028985507245,0.022448979591836733,query_1,"['GO:0023052', 'GO:0050789']","['pigs', 'mr', 'Mvb12', 'aop', 'ohgt', 'Ssdp', 'ttv', 'foxo', 'Sur-8', 'CG9650', 'rut']","[['IMP'], ['IMP'], ['IBA'], ['IMP'], ['IMP'], ['IGI'], ['IMP'], ['IMP'], ['HGI'], ['IMP'], ['IMP']]"
GO:BP,GO:0010646,regulation of cell communication,0.5299298157207262,False,"""Any process that modulates the frequency, rate or extent of cell communication. Cell communication is the process that mediates interactions between a cell and its surroundings. Encompasses interactions such as signaling or attachment between one cell and another cell, between a cell and an extracellular matrix, or between a cell and any other aspect of its environment."" [GOC:dph, GOC:tb]",491,69,11,4247,0.15942028985507245,0.02240325865580448,query_1,"['GO:0007154', 'GO:0050794']","['pigs', 'mr', 'Mvb12', 'aop', 'ohgt', 'Ssdp', 'ttv', 'foxo', 'Sur-8', 'CG9650', 'rut']","[['IMP'], ['IMP'], ['IBA'], ['IMP'], ['IMP'], ['IGI'], ['IMP'], ['IMP'], ['HGI'], ['IMP'], ['IMP']]"
GO:BP,GO:0046579,positive regulation of Ras protein signal transduction,0.5380366573394045,False,"""Any process that activates or increases the frequency, rate or extent of Ras protein signal transduction."" [GOC:bf]",12,69,1,4247,0.014492753623188406,0.08333333333333333,query_1,"['GO:0007265', 'GO:0046578', 'GO:0051057']",['Sur-8'],[['HGI']]
GO:BP,GO:0007276,gamete generation,0.5380366573394045,False,"""The generation and maintenance of gametes in a multicellular organism. A gamete is a haploid reproductive cell."" [GOC:ems, GOC:mtg_sensu]",495,69,11,4247,0.15942028985507245,0.022222222222222223,query_1,"['GO:0019953', 'GO:0048609']","['pigs', 'Cip4', 'Rab10', 'aop', 'Past1', 'ttv', 'elg1', 'larp', 'Cad99C', 'ctp', 'hep']","[['IMP'], ['IMP'], ['IMP'], ['IMP'], ['IMP'], ['IMP'], ['IMP'], ['IMP'], ['IMP'], ['IMP'], ['IMP', 'IGI']]"
GO:BP,GO:0090598,male anatomical structure morphogenesis,0.5380366573394045,False,"""The processes by which anatomical structures that are only present in the male organism are generated and organized."" [GOC:kmv, GOC:tb]",12,69,1,4247,0.014492753623188406,0.08333333333333333,query_1,"['GO:0009653', 'GO:0046661']",['hep'],[['IMP']]
GO:BP,GO:0051234,establishment of localization,0.5380366573394045,False,"""Any process that localizes a substance or cellular component. This may occur via movement, tethering or selective degradation."" [GOC:ai, GOC:dos]",828,69,17,4247,0.2463768115942029,0.020531400966183576,query_1,['GO:0051179'],"['Cip4', 'Mvb12', 'Nup205', 'Rab10', 'hoe1', 'aop', 'Past1', 'CG15099', 'CG8195', 'Syx6', 'Tim23', 'larp', 'Cad99C', 'prel', 'CG9650', 'ctp', 'hep']","[['IEA'], ['IBA', 'IEA'], ['IMP', 'IEA'], ['IMP', 'ISS', 'IBA'], ['IEA'], ['IMP'], ['IMP', 'IBA', 'IEA'], ['IEA'], ['ISS'], ['ISS', 'IBA', 'IEA'], ['IBA'], ['IMP'], ['IMP'], ['IBA', 'IEA'], ['IMP'], ['IMP'], ['IMP']]"
GO:BP,GO:0006734,NADH metabolic process,0.5380366573394045,False,"""The chemical reactions and pathways involving reduced nicotinamide adenine dinucleotide (NADH), a coenzyme present in most living cells and derived from the B vitamin nicotinic acid."" [GOC:jl, ISBN:0618254153]",12,69,1,4247,0.014492753623188406,0.08333333333333333,query_1,"['GO:0006163', 'GO:0046496']",['Gapdh2'],[['ISS']]
GO:BP,GO:0048056,R3/R4 cell differentiation,0.5380366573394045,False,"""The process in which relatively unspecialized cells acquire the specialized features of R3 and R4 photoreceptors. An example of this process is found in Drosophila melanogaster."" [GOC:jid]",12,69,1,4247,0.014492753623188406,0.08333333333333333,query_1,['GO:0001751'],['aop'],[['IMP']]
GO:BP,GO:0048803,imaginal disc-derived male genitalia morphogenesis,0.5380366573394045,False,"""The process in which the anatomical structures of male genitalia are generated and organized from the genital imaginal disc."" [GOC:ai, GOC:sensu]",12,69,1,4247,0.014492753623188406,0.08333333333333333,query_1,"['GO:0007485', 'GO:0048805', 'GO:0048808']",['hep'],[['IMP']]
GO:BP,GO:0051252,regulation of RNA metabolic process,0.5380366573394045,False,"""Any process that modulates the frequency, rate or extent of the chemical reactions and pathways involving RNA."" [GOC:ai]",658,69,14,4247,0.2028985507246377,0.02127659574468085,query_1,"['GO:0016070', 'GO:0019219', 'GO:0060255']","['CG12236', 'aop', 'MED27', 'Ssdp', 'Nelf-A', 'pygo', 'CG18011', 'larp', 'foxo', 'CG11360', 'dan', 'CG9650', 'ctp', 'hep']","[['ISS', 'IBA'], ['IDA', 'IMP', 'IBA', 'IEA'], ['IDA', 'IBA', 'IC', 'IEA'], ['IMP', 'IGI', 'IBA'], ['IDA', 'ISS', 'IBA'], ['IDA', 'IPI', 'IMP', 'IGI'], ['ISS', 'IBA', 'IEA'], ['IEA'], ['IDA', 'IMP', 'IBA', 'IEA'], ['HMP'], ['IMP'], ['IBA'], ['IEA'], ['IMP']]"
GO:BP,GO:0050806,positive regulation of synaptic transmission,0.5380366573394045,False,"""Any process that activates or increases the frequency, rate or extent of synaptic transmission, the process of communication from a neuron to a target (neuron, muscle, or secretory cell) across a synapse."" [GOC:ai]",12,69,1,4247,0.014492753623188406,0.08333333333333333,query_1,"['GO:0007268', 'GO:0010647', 'GO:0023056', 'GO:0050804']",['ohgt'],[['IMP']]
GO:BP,GO:0007413,axonal fasciculation,0.5380366573394045,False,"""The collection of axons into a bundle of rods, known as a fascicle."" [GOC:dgh]",12,69,1,4247,0.014492753623188406,0.08333333333333333,query_1,"['GO:0008038', 'GO:0061564', 'GO:0106030']",['CadN'],[['TAS']]
GO:BP,GO:0048808,male genitalia morphogenesis,0.5380366573394045,False,"""The process in which the anatomical structures of male genitalia are generated and organized."" [GOC:ems, ISBN:0140512888]",12,69,1,4247,0.014492753623188406,0.08333333333333333,query_1,"['GO:0030539', 'GO:0035112', 'GO:0090598']",['hep'],[['IMP']]
GO:BP,GO:0061041,regulation of wound healing,0.5380366573394045,False,"""Any process that modulates the rate, frequency, or extent of the series of events that restore integrity to a damaged tissue, following an injury."" [GOC:BHF, GOC:dph]",12,69,1,4247,0.014492753623188406,0.08333333333333333,query_1,"['GO:0042060', 'GO:1903034']",['foxo'],[['IMP']]
GO:BP,GO:0042886,amide transport,0.5380366573394045,False,"""The directed movement of an amide, any compound containing one, two, or three acyl groups attached to a nitrogen atom, into, out of or within a cell, or between cells, by means of some agent such as a transporter or pore."" [GOC:jl, ISBN:0198506732]",12,69,1,4247,0.014492753623188406,0.08333333333333333,query_1,['GO:0071705'],['CG9650'],[['IMP']]
GO:BP,GO:0006029,proteoglycan metabolic process,0.5380366573394045,False,"""The chemical reactions and pathways involving proteoglycans, any glycoprotein in which the carbohydrate units are glycosaminoglycans."" [PMID:35536939]",12,69,1,4247,0.014492753623188406,0.08333333333333333,query_1,['GO:0009100'],['ttv'],"[['IMP', 'IEA']]"
GO:BP,GO:0051225,spindle assembly,0.5380366573394045,False,"""The aggregation, arrangement and bonding together of a set of components to form the spindle, the array of microtubules and associated molecules that serves to move duplicated chromosomes apart."" [GOC:ai, GOC:expert_rg, GOC:mtg_sensu, GOC:tb]",46,69,2,4247,0.028985507246376812,0.043478260869565216,query_1,"['GO:0007051', 'GO:0007059', 'GO:0140694']","['mgr', 'larp']","[['IMP'], ['IMP']]"
GO:BP,GO:0006040,amino sugar metabolic process,0.5380366573394045,False,"""The chemical reactions and pathways involving any amino sugar, sugars containing an amino group in place of a hydroxyl group."" [GOC:jl, ISBN:0192801023]",12,69,1,4247,0.014492753623188406,0.08333333333333333,query_1,['GO:1901135'],['ttv'],[['ISS']]
GO:BP,GO:0051960,regulation of nervous system development,0.5380366573394045,False,"""Any process that modulates the frequency, rate or extent of nervous system development, the origin and formation of nervous tissue."" [GOC:ai]",135,69,4,4247,0.057971014492753624,0.02962962962962963,query_1,"['GO:0007399', 'GO:2000026']","['mr', 'Cip4', 'aop', 'CadN']","[['IMP'], ['IMP'], ['IMP'], ['IMP']]"
GO:BP,GO:0090066,regulation of anatomical structure size,0.5380366573394045,False,"""Any process that modulates the size of an anatomical structure."" [GOC:dph, GOC:tb]",135,69,4,4247,0.057971014492753624,0.02962962962962963,query_1,['GO:0065008'],"['Cip4', 'CadN', 'Cad99C', 'foxo']","[['IDA'], ['IMP'], ['IMP'], ['IMP']]"
GO:BP,GO:0048468,cell development,0.5380366573394045,False,"""The cellular developmental process in which a specific cell progresses from an immature to a mature state. Cell development start once cell commitment has taken place."" [GOC:go_curators]",771,69,16,4247,0.2318840579710145,0.020752269779507133,query_1,"['GO:0030154', 'GO:0048856', 'GO:0048869']","['CG12236', 'pigs', 'Cip4', 'Rab10', 'aop', 'beat-Ib', 'CadN', 'Past1', 'ttv', 'elg1', 'Cad99C', 'foxo', 'prel', 'rut', 'ctp', 'hep']","[['IEA'], ['IMP'], ['IMP'], ['IMP'], ['IMP'], ['IBA'], ['IMP', 'IGI', 'TAS'], ['IMP'], ['IGI'], ['IMP'], ['IMP'], ['IMP'], ['IMP'], ['IMP'], ['IMP'], ['IDA', 'IMP', 'IGI']]"
GO:BP,GO:0007409,axonogenesis,0.5380366573394045,False,"""De novo generation of a long process of a neuron, including the terminal branched region. Refers to the morphogenesis or creation of shape or form of the developing axon, which carries efferent (outgoing) action potentials from the cell body towards target cells."" [GOC:dph, GOC:jid, GOC:pg, GOC:pr, ISBN:0198506732]",184,69,5,4247,0.07246376811594203,0.02717391304347826,query_1,"['GO:0048667', 'GO:0048812', 'GO:0061564']","['beat-Ib', 'CadN', 'ttv', 'rut', 'hep']","[['IBA'], ['IMP', 'IGI'], ['IGI'], ['IMP'], ['IDA', 'IMP']]"
GO:BP,GO:0006094,gluconeogenesis,0.5380366573394045,False,"""The formation of glucose from noncarbohydrate precursors, such as pyruvate, amino acids and glycerol."" [MetaCyc:GLUCONEO-PWY]",12,69,1,4247,0.014492753623188406,0.08333333333333333,query_1,"['GO:0006006', 'GO:0019319']",['Gapdh2'],[['ISS']]
GO:BP,GO:0140013,meiotic nuclear division,0.538213984835639,False,"""One of the two nuclear divisions that occur as part of the meiotic cell cycle."" [PMID:9334324]",90,69,3,4247,0.043478260869565216,0.03333333333333333,query_1,"['GO:0000280', 'GO:1903046']","['mgr', 'mms4', 'larp']","[['IMP'], ['IBA'], ['IMP']]"
GO:BP,GO:0046032,ADP catabolic process,0.5387267325893165,False,"""The chemical reactions and pathways resulting in the breakdown of ADP, adenosine 5'-diphosphate."" [GOC:go_curators]",15,69,1,4247,0.014492753623188406,0.06666666666666667,query_1,"['GO:0009154', 'GO:0009181', 'GO:0046031']",['Gapdh2'],"[['IEP', 'ISS', 'IBA', 'IEA']]"
GO:BP,GO:0071375,cellular response to peptide hormone stimulus,0.5387267325893165,False,"""Any process that results in a change in state or activity of a cell (in terms of movement, secretion, enzyme production, gene expression, etc.) as a result of a peptide hormone stimulus. A peptide hormone is any of a class of peptides that are secreted into the blood stream and have endocrine functions in living animals."" [GOC:mah]",53,69,2,4247,0.028985507246376812,0.03773584905660377,query_1,"['GO:0032870', 'GO:0043434', 'GO:1901699', 'GO:1901701']","['Rab10', 'foxo']","[['IBA'], ['IMP', 'IGI']]"
GO:BP,GO:0071356,cellular response to tumor necrosis factor,0.5387267325893165,False,"""Any process that results in a change in state or activity of a cell (in terms of movement, secretion, enzyme production, gene expression, etc.) as a result of a tumor necrosis factor stimulus."" [GOC:mah]",16,69,1,4247,0.014492753623188406,0.0625,query_1,"['GO:0034612', 'GO:0071345']",['hep'],"[['IMP', 'IGI']]"
GO:BP,GO:0045596,negative regulation of cell differentiation,0.5387267325893165,False,"""Any process that stops, prevents, or reduces the frequency, rate or extent of cell differentiation."" [GOC:go_curators]",55,69,2,4247,0.028985507246376812,0.03636363636363636,query_1,"['GO:0030154', 'GO:0045595', 'GO:0048523', 'GO:0051093']","['aop', 'CadN']","[['IMP', 'IGI', 'IEA'], ['IMP']]"
GO:BP,GO:0045664,regulation of neuron differentiation,0.5387267325893165,False,"""Any process that modulates the frequency, rate or extent of neuron differentiation."" [GOC:go_curators]",54,69,2,4247,0.028985507246376812,0.037037037037037035,query_1,"['GO:0030182', 'GO:0045595']","['aop', 'ctp']","[['IMP', 'IGI'], ['IMP']]"
GO:BP,GO:0045676,regulation of R7 cell differentiation,0.5387267325893165,False,"""Any process that modulates the frequency, rate or extent of R7 differentiation."" [GOC:go_curators]",14,69,1,4247,0.014492753623188406,0.07142857142857142,query_1,"['GO:0045466', 'GO:0110116']",['aop'],"[['IMP', 'IGI']]"
GO:BP,GO:0046365,monosaccharide catabolic process,0.5387267325893165,False,"""The chemical reactions and pathways resulting in the breakdown of monosaccharides, polyhydric alcohols containing either an aldehyde or a keto group and between three to ten or more carbon atoms."" [ISBN:0198506732]",15,69,1,4247,0.014492753623188406,0.06666666666666667,query_1,"['GO:0005996', 'GO:0016052', 'GO:0044282']",['Gapdh2'],[['ISS']]
GO:BP,GO:0033043,regulation of organelle organization,0.5387267325893165,False,"""Any process that modulates the frequency, rate or extent of a process involved in the formation, arrangement of constituent parts, or disassembly of an organelle."" [GOC:mah]",191,69,5,4247,0.07246376811594203,0.02617801047120419,query_1,"['GO:0006996', 'GO:0051128']","['pigs', 'mr', 'Cip4', 'larp', 'hep']","[['IBA'], ['IBA'], ['IDA'], ['IMP'], ['IMP']]"
GO:BP,GO:0046364,monosaccharide biosynthetic process,0.5387267325893165,False,"""The chemical reactions and pathways resulting in the formation of monosaccharides, polyhydric alcohols containing either an aldehyde or a keto group and between three to ten or more carbon atoms."" [ISBN:0198506732]",16,69,1,4247,0.014492753623188406,0.0625,query_1,"['GO:0005996', 'GO:0016051', 'GO:0044283']",['Gapdh2'],[['ISS']]
GO:BP,GO:0070328,triglyceride homeostasis,0.5387267325893165,False,"""Any process involved in the maintenance of an internal steady state of triglyceride within an organism or cell."" [GOC:BHF, GOC:mah]",17,69,1,4247,0.014492753623188406,0.058823529411764705,query_1,['GO:0055090'],['hep'],[['IMP']]
GO:BP,GO:0045184,establishment of protein localization,0.5387267325893165,False,"""The directed movement of a protein to a specific location."" [GOC:bf]",307,69,7,4247,0.10144927536231885,0.02280130293159609,query_1,"['GO:0008104', 'GO:0051234']","['Mvb12', 'Nup205', 'Rab10', 'CG15099', 'Syx6', 'Tim23', 'larp']","[['IEA'], ['IMP', 'IEA'], ['IMP', 'IBA'], ['IEA'], ['IBA'], ['IBA'], ['IMP']]"
GO:BP,GO:0036099,female germ-line stem cell population maintenance,0.5387267325893165,False,"""The process by which an organism or tissue maintains a population of female germ-line stem cells."" [GOC:sart]",17,69,1,4247,0.014492753623188406,0.058823529411764705,query_1,['GO:0030718'],['foxo'],[['IMP']]
GO:BP,GO:0090175,regulation of establishment of planar polarity,0.5387267325893165,False,"""Any process that modulates the rate, frequency or extent of the establishment of planar polarity, the coordinated organization of groups of cells in a tissue, such that they all orient to similar coordinates."" [GOC:ascb_2009, GOC:dph, GOC:tb]",14,69,1,4247,0.014492753623188406,0.07142857142857142,query_1,"['GO:0001736', 'GO:2000027']",['aop'],[['IGI']]
GO:BP,GO:0035293,chitin-based larval cuticle pattern formation,0.5387267325893165,False,"""The process that gives rise to the patterns of cell differentiation in the chitin-based larval cuticle. An example of this is found in Drosophila melanogaster."" [GOC:bf, GOC:mtg_sensu]",16,69,1,4247,0.014492753623188406,0.0625,query_1,"['GO:0008363', 'GO:0035017']",['pygo'],[['IMP']]
GO:BP,GO:0035186,syncytial blastoderm mitotic cell cycle,0.5387267325893165,False,"""Mitotic division cycles 10 to 13 of the insect embryo. This is the second phase of the syncytial period where nuclei divide in a common cytoplasm without cytokinesis. The majority of migrating nuclei reach the embryo surface during cycle 10, after which they divide less synchronously than before, and the syncytial blastoderm cycles lengthen progressively."" [ISBN:0879694238]",15,69,1,4247,0.014492753623188406,0.06666666666666667,query_1,"['GO:0033301', 'GO:0045448']",['larp'],[['IMP']]
GO:BP,GO:0048638,regulation of developmental growth,0.5387267325893165,False,"""Any process that modulates the frequency, rate or extent of developmental growth."" [GOC:go_curators]",149,69,4,4247,0.057971014492753624,0.026845637583892617,query_1,"['GO:0040008', 'GO:0048589', 'GO:0050793']","['mr', 'Cip4', 'CadN', 'foxo']","[['IMP'], ['IDA', 'IMP'], ['IMP'], ['IMP']]"
GO:BP,GO:0170036,import into the mitochondrion,0.5387267325893165,False,"""The directed movement of substances from the cytosol into the mitochondrion."" [GOC:ew]",17,69,1,4247,0.014492753623188406,0.058823529411764705,query_1,['GO:1990542'],['Tim23'],[['IBA']]
GO:BP,GO:0141188,nucleic acid catabolic process,0.5387267325893165,False,"""The cellular DNA metabolic process resulting in the breakdown of a nucleic acid."" [GOC:curators]",91,69,3,4247,0.043478260869565216,0.03296703296703297,query_1,"['GO:0009057', 'GO:0034655', 'GO:0090304']","['Upf2', 'Drep4', 'larp']","[['IDA', 'IMP', 'IBA', 'IEA'], ['IDA', 'IBA', 'TAS', 'IEA'], ['IEA']]"
GO:BP,GO:0048707,instar larval or pupal morphogenesis,0.5387267325893165,False,"""The process, occurring during instar larval or pupal development, by which anatomical structures are generated and organized."" [GOC:mtg_sensu, GOC:rc]",248,69,6,4247,0.08695652173913043,0.024193548387096774,query_1,"['GO:0002165', 'GO:0009886']","['Cip4', 'Past1', 'pygo', 'wge', 'ctp', 'hep']","[['IMP'], ['IGI'], ['IMP'], ['IMP'], ['IMP'], ['IMP', 'IGI']]"
GO:BP,GO:0032868,response to insulin,0.5387267325893165,False,"""Any process that results in a change in state or activity of a cell or an organism (in terms of movement, secretion, enzyme production, gene expression, etc.) as a result of an insulin stimulus. Insulin is a polypeptide hormone produced by the islets of Langerhans of the pancreas in mammals, and by the homologous organs of other organisms."" [GOC:mah, ISBN:0198506732]",54,69,2,4247,0.028985507246376812,0.037037037037037035,query_1,['GO:0043434'],"['Rab10', 'foxo']","[['IBA'], ['IMP', 'IGI']]"
GO:BP,GO:0010876,lipid localization,0.5387267325893165,False,"""Any process in which a lipid is transported to, or maintained in, a specific location."" [GOC:BHF, GOC:dph, GOC:tb]",53,69,2,4247,0.028985507246376812,0.03773584905660377,query_1,['GO:0033036'],"['foxo', 'prel']","[['IDA'], ['IBA', 'IEA']]"
GO:BP,GO:0023061,signal release,0.5387267325893165,False,"""The process in which a signal is secreted or discharged into the extracellular medium from a cellular source."" [GOC:mtg_signal]",55,69,2,4247,0.028985507246376812,0.03636363636363636,query_1,"['GO:0007267', 'GO:0032940']","['Syx6', 'CG9650']","[['ISS'], ['IMP']]"
GO:BP,GO:0009135,purine nucleoside diphosphate metabolic process,0.5387267325893165,False,"""The chemical reactions and pathways involving purine nucleoside diphosphate, a compound consisting of a purine base linked to a ribose or deoxyribose sugar esterified with diphosphate on the sugar."" [GOC:go_curators, ISBN:0198506732]",17,69,1,4247,0.014492753623188406,0.058823529411764705,query_1,['GO:0009132'],['Gapdh2'],"[['IEP', 'ISS', 'IBA', 'IEA']]"
GO:BP,GO:0009137,purine nucleoside diphosphate catabolic process,0.5387267325893165,False,"""The chemical reactions and pathways resulting in the breakdown of purine nucleoside diphosphate, a compound consisting of a purine base linked to a ribose or deoxyribose sugar esterified with diphosphate on the sugar."" [GOC:go_curators, ISBN:0198506732]",15,69,1,4247,0.014492753623188406,0.06666666666666667,query_1,"['GO:0009134', 'GO:0009135']",['Gapdh2'],"[['IEP', 'ISS', 'IBA', 'IEA']]"
GO:BP,GO:0009150,purine ribonucleotide metabolic process,0.5387267325893165,False,"""The chemical reactions and pathways involving a purine ribonucleotide, a compound consisting of ribonucleoside (a purine base linked to a ribose sugar) esterified with a phosphate group at either the 3' or 5'-hydroxyl group of the sugar."" [GOC:go_curators, ISBN:0198506732]",48,69,2,4247,0.028985507246376812,0.041666666666666664,query_1,"['GO:0006163', 'GO:0009259']","['Gapdh2', 'rut']","[['IEP', 'ISS', 'IBA', 'IEA'], ['IBA', 'IEA']]"
GO:BP,GO:0001558,regulation of cell growth,0.5387267325893165,False,"""Any process that modulates the frequency, rate, extent or direction of cell growth."" [GOC:go_curators]",50,69,2,4247,0.028985507246376812,0.04,query_1,"['GO:0016049', 'GO:0040008', 'GO:0051128']","['CadN', 'foxo']","[['IMP'], ['IMP']]"
GO:BP,GO:0001578,microtubule bundle formation,0.5387267325893165,False,"""A process that results in a parallel arrangement of microtubules."" [GOC:dph]",17,69,1,4247,0.014492753623188406,0.058823529411764705,query_1,['GO:0000226'],['pigs'],[['IBA']]
GO:BP,GO:0022416,chaeta development,0.5387267325893165,False,"""The process whose specific outcome is the progression of a chaeta over time, from its formation to the mature structure. A chaeta is a sensory multicellular cuticular outgrowth of a specifically differentiated cell."" [FBbt:00005177, GOC:bf, GOC:cjm, GOC:dos, GOC:isa_complete]",50,69,2,4247,0.028985507246376812,0.04,query_1,['GO:0007423'],"['NAT1', 'ctp']","[['IMP'], ['IMP']]"
GO:BP,GO:0009154,purine ribonucleotide catabolic process,0.5387267325893165,False,"""The chemical reactions and pathways resulting in the breakdown of a purine ribonucleotide, a compound consisting of ribonucleoside (a purine base linked to a ribose sugar) esterified with a phosphate group at either the 3' or 5'-hydroxyl group of the sugar."" [GOC:go_curators, ISBN:0198506732]",17,69,1,4247,0.014492753623188406,0.058823529411764705,query_1,"['GO:0006195', 'GO:0009150', 'GO:0009261']",['Gapdh2'],"[['IEP', 'ISS', 'IBA', 'IEA']]"
GO:BP,GO:0009179,purine ribonucleoside diphosphate metabolic process,0.5387267325893165,False,"""The chemical reactions and pathways involving purine ribonucleoside diphosphate, a compound consisting of a purine base linked to a ribose sugar esterified with diphosphate on the sugar."" [GOC:go_curators, ISBN:0198506732]",17,69,1,4247,0.014492753623188406,0.058823529411764705,query_1,"['GO:0009135', 'GO:0009185']",['Gapdh2'],"[['IEP', 'ISS', 'IBA', 'IEA']]"
GO:BP,GO:0032869,cellular response to insulin stimulus,0.5387267325893165,False,"""Any process that results in a change in state or activity of a cell (in terms of movement, secretion, enzyme production, gene expression, etc.) as a result of an insulin stimulus. Insulin is a polypeptide hormone produced by the islets of Langerhans of the pancreas in mammals, and by the homologous organs of other organisms."" [GOC:mah, ISBN:0198506732]",52,69,2,4247,0.028985507246376812,0.038461538461538464,query_1,"['GO:0032868', 'GO:0071375']","['Rab10', 'foxo']","[['IBA'], ['IMP', 'IGI']]"
GO:BP,GO:0008363,larval chitin-based cuticle development,0.5387267325893165,False,"""Synthesis and deposition of a chitin-based larval cuticle. The insect larval cuticle is a secretion from epidermal cells that is shed at each molt. An example of this is found in Drosophila melanogaster."" [GOC:bf, GOC:mtg_sensu, ISBN:0879694238]",16,69,1,4247,0.014492753623188406,0.0625,query_1,"['GO:0002168', 'GO:0042337']",['pygo'],[['IMP']]
GO:BP,GO:0007041,lysosomal transport,0.5387267325893165,False,"""The directed movement of substances into, out of or within a lysosome."" [GOC:ai]",17,69,1,4247,0.014492753623188406,0.058823529411764705,query_1,['GO:0007034'],['Mvb12'],[['IBA']]
GO:BP,GO:0010468,regulation of gene expression,0.5387267325893165,False,"""Any process that modulates the frequency, rate or extent of gene expression. Gene expression is the process in which a gene's coding sequence is converted into a mature gene product (protein or RNA)."" [GOC:txnOH-2018]",875,69,17,4247,0.2463768115942029,0.019428571428571427,query_1,"['GO:0010467', 'GO:0010556']","['CG12236', 'Upf2', 'aop', 'MED27', 'Ssdp', 'Nelf-A', 'pygo', 'fus', 'CG18011', 'Gasz', 'larp', 'foxo', 'CG11360', 'dan', 'CG9650', 'ctp', 'hep']","[['ISS', 'IBA'], ['IDA', 'IMP', 'IBA', 'IEA'], ['IDA', 'IMP', 'IGI', 'IBA', 'IEA'], ['IDA', 'IBA', 'IC', 'IEA'], ['IMP', 'IGI', 'IBA'], ['IDA', 'ISS', 'IBA'], ['IDA', 'IPI', 'IMP', 'IGI'], ['IDA', 'IBA'], ['ISS', 'IBA', 'IEA'], ['IMP'], ['IMP', 'IBA', 'IEA'], ['IDA', 'IMP', 'IBA', 'IEA'], ['HMP', 'IEA'], ['IMP'], ['IBA'], ['IMP', 'IEA'], ['IMP']]"
GO:BP,GO:0009887,animal organ morphogenesis,0.5387267325893165,False,"""Morphogenesis of an animal organ. An organ is defined as a tissue or set of tissues that work together to perform a specific function or functions. Morphogenesis is the process in which anatomical structures are generated and organized. Organs are commonly observed as visibly distinct structures, but may also exist as loosely associated clusters of cells that work together to perform a specific function or functions."" [GOC:dgh, GOC:go_curators, ISBN:0471245208, ISBN:0721662544]",413,69,9,4247,0.13043478260869565,0.021791767554479417,query_1,"['GO:0009653', 'GO:0048513']","['Cip4', 'aop', 'CadN', 'Past1', 'pygo', 'wge', 'foxo', 'ctp', 'hep']","[['IMP'], ['IDA', 'IMP', 'IGI'], ['IMP', 'IEA'], ['IMP', 'IGI'], ['IMP'], ['IMP'], ['IMP'], ['IMP'], ['IMP', 'IGI']]"
GO:BP,GO:0001736,establishment of planar polarity,0.5387267325893165,False,"""Coordinated organization of groups of cells in the plane of an epithelium, such that they all orient to similar coordinates."" [GOC:dph]",58,69,2,4247,0.028985507246376812,0.034482758620689655,query_1,"['GO:0001738', 'GO:0007164']","['aop', 'CadN']","[['IMP', 'IGI'], ['IMP', 'IEA']]"
GO:BP,GO:1903429,regulation of cell maturation,0.5387267325893165,False,"""Any process that modulates the frequency, rate or extent of cell maturation."" [GO_REF:0000058, GOC:TermGenie, PMID:17459944]",13,69,1,4247,0.014492753623188406,0.07692307692307693,query_1,"['GO:0048469', 'GO:0060284']",['ctp'],[['IMP']]
GO:BP,GO:0031048,regulatory ncRNA-mediated heterochromatin formation,0.5387267325893165,False,"""A heterochromatin formation-based gene silencing process mediated by a regulatory non-coding RNA molecule that occur before the beginning of trancription."" [PMID:19239886, PMID:21420348]",17,69,1,4247,0.014492753623188406,0.058823529411764705,query_1,"['GO:0031047', 'GO:0031507']",['ctp'],[['IMP']]
GO:BP,GO:0048731,system development,0.5387267325893165,False,"""The process whose specific outcome is the progression of an organismal system over time, from its formation to the mature structure. A system is a regularly interacting or interdependent group of organs or tissues that work together to carry out a given biological process."" [GOC:dph, GOC:jid]",792,69,16,4247,0.2318840579710145,0.020202020202020204,query_1,"['GO:0007275', 'GO:0048856']","['CG12236', 'mr', 'Cip4', 'Reph', 'aop', 'beat-Ib', 'CadN', 'mgr', 'Past1', 'ttv', 'foxo', 'dan', 'prel', 'rut', 'ctp', 'hep']","[['IEA'], ['IMP'], ['IDA', 'IMP'], ['IMP'], ['IDA', 'IMP', 'IGI'], ['IBA'], ['IMP', 'IGI', 'TAS', 'IEA'], ['IMP'], ['IMP'], ['IGI'], ['IMP'], ['IMP'], ['IMP'], ['IMP'], ['IMP'], ['IDA', 'IMP']]"
GO:BP,GO:0050789,regulation of biological process,0.5387267325893165,False,"""Any process that modulates the frequency, rate or extent of a biological process. Biological processes are regulated by many means; examples include the control of gene expression, protein modification or interaction with a protein or substrate molecule."" [GOC:ai, GOC:go_curators]",1948,69,35,4247,0.5072463768115942,0.017967145790554414,query_1,"['GO:0008150', 'GO:0065007']","['CG12236', 'pigs', 'Upf2', 'mr', 'Cip4', 'Mvb12', 'Rab10', 'Reph', 'aop', 'MED27', 'Edem2', 'CadN', 'ohgt', 'Ssdp', 'Nelf-A', 'CG13601', 'pygo', 'fus', 'ttv', 'Oda', 'Syx6', 'mms4', 'CG18011', 'Gasz', 'CG17528', 'larp', 'Cad99C', 'foxo', 'CG11360', 'dan', 'Sur-8', 'CG9650', 'rut', 'ctp', 'hep']","[['ISS', 'IBA'], ['IMP', 'IBA'], ['IDA', 'IMP', 'IBA', 'IEA'], ['IMP', 'IBA', 'TAS'], ['IDA', 'IMP', 'IEA'], ['IBA'], ['IMP', 'ISS', 'IBA'], ['IGI'], ['IDA', 'IMP', 'IGI', 'IBA', 'IEA'], ['IDA', 'IBA', 'IC', 'IEA'], ['IMP', 'IGI'], ['IMP'], ['IMP'], ['IMP', 'IGI', 'IBA'], ['IDA', 'ISS', 'IBA'], ['IBA'], ['IDA', 'IPI', 'IMP', 'IGI', 'IEA'], ['IDA', 'IBA'], ['IMP', 'IEA'], ['IBA'], ['ISS'], ['IBA'], ['ISS', 'IBA', 'IEA'], ['IMP'], ['IBA', 'IEA'], ['IMP', 'IBA', 'IEA'], ['IMP', 'IGI'], ['IDA', 'IMP', 'IGI', 'IBA', 'IEA'], ['HMP', 'IEA'], ['IMP'], ['HGI', 'IBA'], ['IMP', 'IBA'], ['IMP', 'IBA', 'IEA'], ['IMP', 'IEA'], ['IDA', 'IMP', 'IGI', 'IEA']]"
GO:BP,GO:0048805,imaginal disc-derived genitalia morphogenesis,0.5387267325893165,False,"""The process in which the anatomical structures of genitalia are generated and organized from the genital imaginal disc."" [GOC:ai, GOC:sensu]",13,69,1,4247,0.014492753623188406,0.07692307692307693,query_1,"['GO:0007483', 'GO:0007484', 'GO:0035126']",['hep'],[['IMP']]
GO:BP,GO:0030334,regulation of cell migration,0.5387267325893165,False,"""Any process that modulates the frequency, rate or extent of cell migration."" [GOC:go_curators]",53,69,2,4247,0.028985507246376812,0.03773584905660377,query_1,"['GO:0016477', 'GO:2000145']","['aop', 'hep']","[['IMP'], ['IGI']]"
GO:BP,GO:0120035,regulation of plasma membrane bounded cell projection organization,0.5387267325893165,False,"""Any process that modulates the frequency, rate or extent of a process involved in the formation, arrangement of constituent parts, or disassembly of plasma membrane bounded cell projections."" [GOC:krc]",97,69,3,4247,0.043478260869565216,0.030927835051546393,query_1,"['GO:0031344', 'GO:0120036']","['CadN', 'Cad99C', 'hep']","[['IMP'], ['IMP'], ['IMP']]"
GO:BP,GO:1901264,carbohydrate derivative transport,0.5387267325893165,False,"""The directed movement of a carbohydrate derivative into, out of or within a cell, or between cells, by means of some agent such as a transporter or pore."" [GOC:bf, GOC:jl, GOC:TermGenie]",16,69,1,4247,0.014492753623188406,0.0625,query_1,['GO:0006810'],['CG8195'],[['ISS']]
GO:BP,GO:0048259,regulation of receptor-mediated endocytosis,0.5387267325893165,False,"""Any process that modulates the frequency, rate or extent of receptor mediated endocytosis, the uptake of external materials by cells, utilizing receptors to ensure specificity of transport."" [GOC:go_curators, GOC:tb]",17,69,1,4247,0.014492753623188406,0.058823529411764705,query_1,"['GO:0006898', 'GO:0030100']",['Cad99C'],[['IMP']]
GO:BP,GO:0045176,apical protein localization,0.5387267325893165,False,"""Any process in which a protein is transported to, or maintained in, apical regions of the cell."" [GOC:bf]",15,69,1,4247,0.014492753623188406,0.06666666666666667,query_1,['GO:0008104'],['Cad99C'],[['IMP']]
GO:BP,GO:0051054,positive regulation of DNA metabolic process,0.5387267325893165,False,"""Any process that activates or increases the frequency, rate or extent of the chemical reactions and pathways involving DNA."" [GOC:ai]",17,69,1,4247,0.014492753623188406,0.058823529411764705,query_1,"['GO:0006259', 'GO:0010604', 'GO:0045935', 'GO:0051052']",['larp'],[['IMP']]
GO:BP,GO:0030154,cell differentiation,0.5387267325893165,False,"""The cellular developmental process in which a relatively unspecialized cell, e.g. embryonic or regenerative cell, acquires specialized structural and/or functional features that characterize a specific cell. Differentiation includes the processes involved in commitment of a cell to a specific fate and its subsequent development to the mature state."" [ISBN:0198506732]",901,69,18,4247,0.2608695652173913,0.01997780244173141,query_1,['GO:0048869'],"['CG12236', 'pigs', 'Cip4', 'Rab10', 'aop', 'beat-Ib', 'CadN', 'mgr', 'Past1', 'ttv', 'elg1', 'wge', 'Cad99C', 'foxo', 'prel', 'rut', 'ctp', 'hep']","[['IEA'], ['IMP'], ['IMP'], ['IMP'], ['IDA', 'IMP', 'IGI', 'IBA', 'IEA'], ['IBA'], ['IMP', 'IGI', 'TAS', 'IEA'], ['IMP'], ['IMP'], ['IGI'], ['IMP'], ['IEA'], ['IMP'], ['IMP', 'IEA'], ['IMP'], ['IMP'], ['IMP'], ['IDA', 'IMP', 'IGI']]"
GO:BP,GO:0051084,'de novo' post-translational protein folding,0.5387267325893165,False,"""The process of assisting in the correct noncovalent folding of newly formed polypeptides or folding intermediates of polypeptides that have exited the ribosome and/or have been stabilized and transferred by other chaperone proteins. This process could involve several cycles of ATP hydrolysis."" [GOC:rb]",15,69,1,4247,0.014492753623188406,0.06666666666666667,query_1,['GO:0006458'],['mrj'],[['ISS']]
GO:BP,GO:0051239,regulation of multicellular organismal process,0.5387267325893165,False,"""Any process that modulates the frequency, rate or extent of a multicellular organismal process, the processes pertinent to the function of a multicellular organism above the cellular level; includes the integrated processes of tissues and organs."" [GOC:ai, GOC:dph, GOC:tb]",297,69,7,4247,0.10144927536231885,0.02356902356902357,query_1,"['GO:0032501', 'GO:0050789']","['mr', 'Cip4', 'aop', 'CadN', 'foxo', 'rut', 'hep']","[['IMP'], ['IMP'], ['IMP', 'IGI'], ['IMP'], ['IMP', 'IGI'], ['IMP'], ['IGI']]"
GO:BP,GO:2000027,regulation of animal organ morphogenesis,0.5387267325893165,False,"""Any process that modulates the frequency, rate or extent of animal organ morphogenesis."" [GOC:obol]",17,69,1,4247,0.014492753623188406,0.058823529411764705,query_1,"['GO:0009887', 'GO:0022603']",['aop'],[['IGI']]
GO:BP,GO:1904799,regulation of neuron remodeling,0.5387267325893165,False,"""Any process that modulates the frequency, rate or extent of neuron remodeling."" [GO_REF:0000058, GOC:TermGenie, PMID:21609829]",13,69,1,4247,0.014492753623188406,0.07692307692307693,query_1,"['GO:0014041', 'GO:0016322']",['ctp'],[['IMP']]
GO:BP,GO:0048806,genitalia development,0.5387267325893165,False,"""The process whose specific outcome is the progression of the genitalia over time, from its formation to the mature structure."" [GOC:jid]",17,69,1,4247,0.014492753623188406,0.058823529411764705,query_1,"['GO:0007548', 'GO:0048513', 'GO:0048608']",['hep'],[['IMP']]
GO:BP,GO:0051179,localization,0.5387267325893165,False,"""Any process in which a cell, a substance, or a cellular entity, such as a protein complex or organelle, is transported, tethered to or otherwise maintained in a specific location. In the case of substances, localization may also be achieved via selective degradation."" [GOC:ai, GOC:dos]",971,69,19,4247,0.2753623188405797,0.01956745623069001,query_1,['GO:0008150'],"['pigs', 'Cip4', 'Mvb12', 'Nup205', 'Rab10', 'hoe1', 'aop', 'Past1', 'CG15099', 'CG8195', 'Syx6', 'Tim23', 'larp', 'Cad99C', 'foxo', 'prel', 'CG9650', 'ctp', 'hep']","[['IBA'], ['IMP', 'IEA'], ['IBA', 'IEA'], ['IMP', 'IEA'], ['IMP', 'ISS', 'IBA', 'IEA'], ['IEA'], ['IMP'], ['IMP', 'IBA', 'IEA'], ['IEA'], ['ISS'], ['ISS', 'IBA', 'IEA'], ['IBA'], ['IMP'], ['IMP'], ['IDA'], ['IBA', 'IEA'], ['IMP'], ['IMP'], ['IMP']]"
GO:BP,GO:0071705,nitrogen compound transport,0.5387267325893165,False,"""The directed movement of nitrogen-containing compounds into, out of or within a cell, or between cells, by means of some agent such as a transporter or pore."" [GOC:mah]",349,69,8,4247,0.11594202898550725,0.022922636103151862,query_1,['GO:0006810'],"['Mvb12', 'Nup205', 'Rab10', 'CG15099', 'CG8195', 'Syx6', 'Tim23', 'CG9650']","[['IEA'], ['IMP', 'IEA'], ['IMP', 'IBA'], ['IEA'], ['ISS'], ['IBA'], ['IBA'], ['IMP']]"
GO:BP,GO:0044403,biological process involved in symbiotic interaction,0.5387267325893165,False,"""A process carried out by gene products in an organism that enable the organism to engage in a symbiotic relationship, a more or less intimate association, with another organism. The various forms of symbiosis include parasitism, in which the association is disadvantageous or destructive to one of the organisms; mutualism, in which the association is advantageous, or often necessary to one or both and not harmful to either; and commensalism, in which one member of the association benefits while the other is not affected. However, mutualism, parasitism, and commensalism are often not discrete categories of interactions and should rather be perceived as a continuum of interaction ranging from parasitism to mutualism. In fact, the direction of a symbiotic interaction can change during the lifetime of the symbionts due to developmental changes as well as changes in the biotic/abiotic environment in which the interaction occurs. Microscopic symbionts are often referred to as endosymbionts."" [GOC:cc, PMID:31257129]",15,69,1,4247,0.014492753623188406,0.06666666666666667,query_1,['GO:0044419'],['Rab10'],[['HMP']]
GO:BP,GO:0044409,symbiont entry into host,0.5387267325893165,False,"""Entry of a symbiont into the body, tissues, or cells of a host organism as part of the symbiont life cycle. The host is defined as the larger of the organisms involved in a symbiotic interaction."" [GOC:vw]",15,69,1,4247,0.014492753623188406,0.06666666666666667,query_1,['GO:0051701'],['Rab10'],[['HMP']]
GO:BP,GO:0044773,mitotic DNA damage checkpoint signaling,0.5387267325893165,False,"""A signal transduction process involved in mitotic DNA damage checkpoint."" [GOC:mtg_cell_cycle, GOC:TermGenie]",16,69,1,4247,0.014492753623188406,0.0625,query_1,"['GO:0000077', 'GO:0044774']",['mms4'],[['IBA']]
GO:BP,GO:0045005,DNA-templated DNA replication maintenance of fidelity,0.5387267325893165,False,"""A DNA metabolic process that prevents or corrects errors to ensure that DNA is replicated accurately. Errors can be corrected either by intrinsic DNA polymerase proofreading activity or via mismatch repair."" [GOC:mah, GOC:vw]",14,69,1,4247,0.014492753623188406,0.07142857142857142,query_1,"['GO:0006259', 'GO:0006261']",['mms4'],[['IBA']]
GO:BP,GO:0051128,regulation of cellular component organization,0.5387267325893165,False,"""Any process that modulates the frequency, rate or extent of a process involved in the formation, arrangement of constituent parts, or disassembly of cell structures, including the plasma membrane and any external encapsulating structures such as the cell wall and cell envelope."" [GOC:ai]",411,69,9,4247,0.13043478260869565,0.021897810218978103,query_1,"['GO:0016043', 'GO:0050794']","['pigs', 'mr', 'Cip4', 'Rab10', 'CadN', 'larp', 'Cad99C', 'foxo', 'hep']","[['IBA'], ['IMP', 'IBA'], ['IDA', 'IMP'], ['IMP'], ['IMP'], ['IMP'], ['IMP'], ['IMP'], ['IMP']]"
GO:BP,GO:0141005,transposable element silencing by heterochromatin formation,0.5387267325893165,False,"""A transposable element silencing mechanism involving heterochromatin assembly. Heterochromatin is a chromatin conformation that is refractory to transcription."" [PMID:25247314, PMID:28951459, PMID:32823517]",13,69,1,4247,0.014492753623188406,0.07692307692307693,query_1,"['GO:0010526', 'GO:0140719']",['ctp'],[['IMP']]
GO:BP,GO:0051493,regulation of cytoskeleton organization,0.5387267325893165,False,"""Any process that modulates the frequency, rate or extent of the formation, arrangement of constituent parts, or disassembly of cytoskeletal structures."" [GOC:ai]",96,69,3,4247,0.043478260869565216,0.03125,query_1,"['GO:0007010', 'GO:0033043']","['pigs', 'Cip4', 'hep']","[['IBA'], ['IDA'], ['IMP']]"
GO:BP,GO:0048813,dendrite morphogenesis,0.5387267325893165,False,"""The process in which the anatomical structures of a dendrite are generated and organized."" [GOC:aruk, GOC:bc, GOC:jl, ISBN:0198506732, PMID:22683681]",95,69,3,4247,0.043478260869565216,0.031578947368421054,query_1,"['GO:0016358', 'GO:0048667', 'GO:0048812']","['CadN', 'foxo', 'prel']","[['IMP'], ['IMP'], ['IMP']]"
GO:BP,GO:0033209,tumor necrosis factor-mediated signaling pathway,0.5387267325893165,False,"""The series of molecular signals initiated by tumor necrosis factor binding to its receptor on the surface of a cell, and ending with the regulation of a downstream cellular process, e.g. transcription."" [GOC:mah, GOC:signaling]",15,69,1,4247,0.014492753623188406,0.06666666666666667,query_1,"['GO:0019221', 'GO:0071356']",['hep'],"[['IMP', 'IGI']]"
GO:BP,GO:0033301,cell cycle comprising mitosis without cytokinesis,0.5387267325893165,False,"""A mitotic cell cycle in which mitosis is completed but cytokinesis does not occur, resulting in a cell containing multiple nuclei each with a chromosomal complement of the original ploidy (usually 2N)."" [GOC:expert_vm, GOC:mah]",16,69,1,4247,0.014492753623188406,0.0625,query_1,['GO:0000278'],['larp'],[['IMP']]
GO:BP,GO:0033365,protein localization to organelle,0.5387267325893165,False,"""A process in which a protein is transported to, or maintained in, a location within an organelle."" [GOC:mah]",149,69,4,4247,0.057971014492753624,0.026845637583892617,query_1,['GO:0008104'],"['pigs', 'Nup205', 'Tim23', 'larp']","[['IBA'], ['IMP'], ['IBA'], ['IMP']]"
GO:BP,GO:0051640,organelle localization,0.5387267325893165,False,"""Any process in which an organelle is transported to, and/or maintained in, a specific location."" [GOC:ai]",139,69,4,4247,0.057971014492753624,0.02877697841726619,query_1,['GO:0051179'],"['Rab10', 'Syx6', 'larp', 'ctp']","[['IBA'], ['ISS', 'IBA'], ['IMP'], ['IMP']]"
GO:BP,GO:0140527,reciprocal homologous recombination,0.5387267325893165,False,"""A DNA recombination process that results in the bidirectional exchange of genetic material between highly homologous DNA molecules."" [PMID:17846636]",17,69,1,4247,0.014492753623188406,0.058823529411764705,query_1,['GO:0035825'],['mms4'],[['IBA']]
GO:BP,GO:0038127,ERBB signaling pathway,0.5387267325893165,False,"""The series of molecular signals initiated by binding of a ligand to a member of the ERBB family of receptor tyrosine kinases on the surface of a cell, and ending with the regulation of a downstream cellular process, e.g. transcription."" [GOC:jc, PMID:16460914, Wikipedia:ErbB]",49,69,2,4247,0.028985507246376812,0.04081632653061224,query_1,['GO:0007169'],"['Mvb12', 'aop']","[['IBA'], ['IMP']]"
GO:BP,GO:0000184,"nuclear-transcribed mRNA catabolic process, nonsense-mediated decay",0.5387267325893165,False,"""The nonsense-mediated decay pathway for nuclear-transcribed mRNAs degrades mRNAs in which an amino-acid codon has changed to a nonsense codon; this prevents the translation of such mRNAs into truncated, and potentially harmful, proteins."" [GOC:krc, GOC:ma, PMID:10025395]",13,69,1,4247,0.014492753623188406,0.07692307692307693,query_1,['GO:0000956'],['Upf2'],"[['IDA', 'IMP', 'IBA', 'IEA']]"
GO:BP,GO:0048814,regulation of dendrite morphogenesis,0.5387267325893165,False,"""Any process that modulates the frequency, rate or extent of dendrite morphogenesis."" [GOC:ai]",16,69,1,4247,0.014492753623188406,0.0625,query_1,"['GO:0022603', 'GO:0048813', 'GO:0050773']",['CadN'],[['IMP']]
GO:BP,GO:0030855,epithelial cell differentiation,0.5387267325893165,False,"""The process in which a relatively unspecialized cell acquires specialized features of an epithelial cell, any of the cells making up an epithelium."" [GOC:ecd, PMID:11839751]",187,69,5,4247,0.07246376811594203,0.026737967914438502,query_1,"['GO:0030154', 'GO:0060429']","['pigs', 'Cip4', 'aop', 'Cad99C', 'hep']","[['IMP'], ['IMP'], ['IMP'], ['IMP'], ['IMP', 'IGI']]"
GO:BP,GO:0051129,negative regulation of cellular component organization,0.5387267325893165,False,"""Any process that stops, prevents, or reduces the frequency, rate or extent of a process involved in the formation, arrangement of constituent parts, or disassembly of cell structures, including the plasma membrane and any external encapsulating structures such as the cell wall and cell envelope."" [GOC:ai]",95,69,3,4247,0.043478260869565216,0.031578947368421054,query_1,"['GO:0016043', 'GO:0048523', 'GO:0051128']","['mr', 'Cip4', 'CadN']","[['IMP'], ['IDA', 'IMP'], ['IMP']]"
GO:BP,GO:0031333,negative regulation of protein-containing complex assembly,0.5387267325893165,False,"""Any process that stops, prevents, or reduces the frequency, rate or extent of protein complex assembly."" [GOC:mah]",13,69,1,4247,0.014492753623188406,0.07692307692307693,query_1,"['GO:0043254', 'GO:0051129', 'GO:0065003']",['Cip4'],[['IDA']]
GO:BP,GO:0031344,regulation of cell projection organization,0.5387267325893165,False,"""Any process that modulates the frequency, rate or extent of a process involved in the formation, arrangement of constituent parts, or disassembly of cell projections."" [GOC:mah]",99,69,3,4247,0.043478260869565216,0.030303030303030304,query_1,"['GO:0030030', 'GO:0051128']","['CadN', 'Cad99C', 'hep']","[['IMP'], ['IMP'], ['IMP']]"
GO:BP,GO:0031345,negative regulation of cell projection organization,0.5387267325893165,False,"""Any process that stops, prevents, or reduces the frequency, rate or extent of a process involved in the formation, arrangement of constituent parts, or disassembly of cell projections."" [GOC:mah]",15,69,1,4247,0.014492753623188406,0.06666666666666667,query_1,"['GO:0030030', 'GO:0031344', 'GO:0051129']",['CadN'],[['IMP']]
GO:BP,GO:0043434,response to peptide hormone,0.5387267325893165,False,"""Any process that results in a change in state or activity of a cell or an organism (in terms of movement, secretion, enzyme production, gene expression, etc.) as a result of a peptide hormone stimulus. A peptide hormone is any of a class of peptides that are secreted into the blood stream and have endocrine functions in living animals."" [PMID:11027914, PMID:15134857, Wikipedia:Peptide_hormone]",55,69,2,4247,0.028985507246376812,0.03636363636363636,query_1,"['GO:0009725', 'GO:1901698', 'GO:1901700']","['Rab10', 'foxo']","[['IBA'], ['IMP', 'IGI']]"
GO:BP,GO:0051085,chaperone cofactor-dependent protein refolding,0.5387267325893165,False,"""The process of assisting in the correct posttranslational noncovalent assembly of proteins, which is dependent on additional protein cofactors. This process occurs over one or several cycles of nucleotide hydrolysis-dependent binding and release."" [GOC:rb]",15,69,1,4247,0.014492753623188406,0.06666666666666667,query_1,"['GO:0051084', 'GO:0061077']",['mrj'],[['ISS']]
GO:BP,GO:0097485,neuron projection guidance,0.5387267325893165,False,"""The process in which the migration of a neuron projection is directed to a specific target site in response to a combination of attractive and repulsive cues."" [GOC:BHF, GOC:rl, PMID:22790009]",155,69,4,4247,0.057971014492753624,0.025806451612903226,query_1,"['GO:0031175', 'GO:0048812']","['beat-Ib', 'CadN', 'ttv', 'hep']","[['IBA'], ['IMP', 'IGI'], ['IGI'], ['IDA']]"
GO:BP,GO:0046031,ADP metabolic process,0.5387267325893165,False,"""The chemical reactions and pathways involving ADP, adenosine 5'-diphosphate."" [GOC:go_curators]",16,69,1,4247,0.014492753623188406,0.0625,query_1,"['GO:0009150', 'GO:0009179']",['Gapdh2'],"[['IEP', 'ISS', 'IBA', 'IEA']]"
GO:BP,GO:0034599,cellular response to oxidative stress,0.5387267325893165,False,"""Any process that results in a change in state or activity of a cell (in terms of movement, secretion, enzyme production, gene expression, etc.) as a result of oxidative stress, a state often resulting from exposure to high levels of reactive oxygen species, e.g. superoxide anions, hydrogen peroxide (H2O2), and hydroxyl radicals."" [GOC:mah]",17,69,1,4247,0.014492753623188406,0.058823529411764705,query_1,"['GO:0006979', 'GO:0062197']",['foxo'],[['IMP']]
GO:BP,GO:0051701,biological process involved in interaction with host,0.5387267325893165,False,"""An interaction between two organisms living together in more or less intimate association. The term host is used for the larger (macro) of the two members of a symbiosis; the various forms of symbiosis include parasitism, commensalism and mutualism."" [GOC:cc]",15,69,1,4247,0.014492753623188406,0.06666666666666667,query_1,['GO:0044403'],['Rab10'],[['HMP']]
GO:BP,GO:0110116,regulation of compound eye photoreceptor cell differentiation,0.5387267325893165,False,"""Any process that modulates the frequency, rate or extent of compound eye photoreceptor cell differentiation."" [GOC:ha, PMID:16377567]",15,69,1,4247,0.014492753623188406,0.06666666666666667,query_1,"['GO:0001751', 'GO:0046532']",['aop'],"[['IMP', 'IGI']]"
GO:BP,GO:0034612,response to tumor necrosis factor,0.5387267325893165,False,"""Any process that results in a change in state or activity of a cell or an organism (in terms of movement, secretion, enzyme production, gene expression, etc.) as a result of a tumor necrosis factor stimulus."" [GOC:mah]",16,69,1,4247,0.014492753623188406,0.0625,query_1,['GO:0034097'],['hep'],"[['IMP', 'IGI']]"
GO:BP,GO:0106030,neuron projection fasciculation,0.5387267325893165,False,"""The collection of neuronal projections into a bundle of rods, known as a fascicle."" [GOC:aruk, GOC:bc., PMID:12761826]",13,69,1,4247,0.014492753623188406,0.07692307692307693,query_1,['GO:0031175'],['CadN'],[['TAS']]
GO:BP,GO:0035107,appendage morphogenesis,0.5387267325893165,False,"""The process in which the anatomical structures of appendages are generated and organized. An appendage is an organ or part that is attached to the trunk of an organism, such as a limb or a branch."" [ISBN:0582227089]",187,69,5,4247,0.07246376811594203,0.026737967914438502,query_1,"['GO:0009653', 'GO:0048736']","['Cip4', 'Past1', 'pygo', 'dan', 'ctp']","[['IMP'], ['IGI'], ['IMP'], ['IMP'], ['IMP']]"
GO:BP,GO:0015914,phospholipid transport,0.5387267325893165,False,"""The directed movement of phospholipids into, out of or within a cell, or between cells, by means of some agent such as a transporter or pore. Phospholipids are any lipids containing phosphoric acid as a mono- or diester."" [GOC:ai]",16,69,1,4247,0.014492753623188406,0.0625,query_1,"['GO:0006869', 'GO:0015748']",['prel'],[['IBA']]
GO:BP,GO:0097581,lamellipodium organization,0.5387267325893165,False,"""A process that is carried out at the cellular level which results in the assembly, arrangement of constituent parts, or disassembly of a lamellipodium. A lamellipodium is a thin sheetlike process extended by the leading edge of a crawling fibroblast; contains a dense meshwork of actin filaments."" [GOC:als, PMID:16054028]",17,69,1,4247,0.014492753623188406,0.058823529411764705,query_1,['GO:0120036'],['hep'],[['IMP']]
GO:BP,GO:2001141,regulation of RNA biosynthetic process,0.5387267325893165,False,"""Any process that modulates the frequency, rate or extent of RNA biosynthetic process."" [GOC:dph]",559,69,12,4247,0.17391304347826086,0.02146690518783542,query_1,"['GO:0010556', 'GO:0032774', 'GO:0051252']","['CG12236', 'aop', 'MED27', 'Ssdp', 'Nelf-A', 'pygo', 'CG18011', 'foxo', 'dan', 'CG9650', 'ctp', 'hep']","[['ISS', 'IBA'], ['IDA', 'IMP', 'IBA', 'IEA'], ['IDA', 'IBA', 'IC', 'IEA'], ['IMP', 'IGI', 'IBA'], ['IDA', 'ISS', 'IBA'], ['IDA', 'IPI', 'IMP', 'IGI'], ['ISS', 'IBA', 'IEA'], ['IDA', 'IMP', 'IBA', 'IEA'], ['IMP'], ['IBA'], ['IEA'], ['IMP']]"
GO:BP,GO:0035114,imaginal disc-derived appendage morphogenesis,0.5387267325893165,False,"""The process in which the anatomical structures of appendages are generated and organized. An appendage is an organ or part that is attached to the trunk of an organism."" [GOC:mtg_sensu, ISBN:0582227089]",185,69,5,4247,0.07246376811594203,0.02702702702702703,query_1,"['GO:0035107', 'GO:0048737']","['Cip4', 'Past1', 'pygo', 'dan', 'ctp']","[['IMP'], ['IGI'], ['IMP'], ['IMP'], ['IMP']]"
GO:BP,GO:0035126,post-embryonic genitalia morphogenesis,0.5387267325893165,False,"""The process, occurring after embryonic development, by which the anatomical structures of the genitalia are generated and organized."" [GOC:bf]",13,69,1,4247,0.014492753623188406,0.07692307692307693,query_1,['GO:0035112'],['hep'],[['IMP']]
GO:BP,GO:0048515,spermatid differentiation,0.5387267325893165,False,"""The process whose specific outcome is the progression of a spermatid over time, from initial commitment of the cell to a specific fate, to the fully functional differentiated cell."" [GOC:dph, GOC:jid]",51,69,2,4247,0.028985507246376812,0.0392156862745098,query_1,"['GO:0003006', 'GO:0007283', 'GO:0022412', 'GO:0030154']","['Past1', 'ctp']","[['IMP'], ['IMP']]"
GO:BP,GO:0034243,regulation of transcription elongation by RNA polymerase II,0.5387267325893165,False,"""Any process that modulates the frequency, rate or extent of transcription elongation, the extension of an RNA molecule after transcription initiation and promoter clearance by the addition of ribonucleotides, catalyzed by RNA polymerase II."" [GOC:mah, GOC:txnOH]",17,69,1,4247,0.014492753623188406,0.058823529411764705,query_1,"['GO:0006368', 'GO:0032784']",['Nelf-A'],"[['IDA', 'IBA']]"
GO:BP,GO:0042060,wound healing,0.5387267325893165,False,"""The series of events that restore integrity to a damaged tissue, following an injury."" [GOC:bf, PMID:15269788]",48,69,2,4247,0.028985507246376812,0.041666666666666664,query_1,['GO:0009611'],"['foxo', 'hep']","[['IMP'], ['IMP']]"
GO:BP,GO:0007281,germ cell development,0.5387267325893165,False,"""The process whose specific outcome is the progression of an immature germ cell over time, from its formation to the mature structure (gamete). A germ cell is any reproductive cell in a multicellular organism."" [GOC:go_curators]",408,69,9,4247,0.13043478260869565,0.022058823529411766,query_1,"['GO:0003006', 'GO:0007276', 'GO:0022412', 'GO:0048468']","['pigs', 'Cip4', 'Rab10', 'aop', 'Past1', 'elg1', 'Cad99C', 'ctp', 'hep']","[['IMP'], ['IMP'], ['IMP'], ['IMP'], ['IMP'], ['IMP'], ['IMP'], ['IMP'], ['IMP', 'IGI']]"
GO:BP,GO:0007483,genital disc morphogenesis,0.5387267325893165,False,"""The process in which the anatomical structures derived from the genital disc are generated and organized. This includes the transformation of a genital imaginal disc from a monolayered epithelium in the larvae of holometabolous insects into the recognizable adult genital structures, the anal plates and the hind gut."" [GOC:bf, ISBN:0879694238]",13,69,1,4247,0.014492753623188406,0.07692307692307693,query_1,"['GO:0007560', 'GO:0035215']",['hep'],[['IMP']]
GO:BP,GO:0010453,regulation of cell fate commitment,0.5387267325893165,False,"""Any process that modulates the frequency, rate or extent of cell fate commitment. Cell fate commitment is the commitment of cells to specific cell fates and their capacity to differentiate into particular kinds of cells. Positional information is established through protein signals that emanate from a localized source within a cell (the initial one-cell zygote) or within a developmental field."" [GOC:dph, GOC:tb]",16,69,1,4247,0.014492753623188406,0.0625,query_1,"['GO:0045165', 'GO:0050793', 'GO:0050794']",['aop'],[['IMP']]
GO:BP,GO:0007131,reciprocal meiotic recombination,0.5387267325893165,False,"""The cell cycle process in which double strand breaks are formed and repaired through a single or double Holliday junction intermediate. This results in the equal exchange of genetic material between non-sister chromatids in a pair of homologous chromosomes. These reciprocal recombinant products ensure the proper segregation of homologous chromosomes during meiosis I and create genetic diversity."" [PMID:2087779]",17,69,1,4247,0.014492753623188406,0.058823529411764705,query_1,"['GO:0007127', 'GO:0140527', 'GO:1903046']",['mms4'],[['IBA']]
GO:BP,GO:1902743,regulation of lamellipodium organization,0.5387267325893165,False,"""Any process that modulates the frequency, rate or extent of lamellipodium organization."" [GO_REF:0000058, GOC:als, GOC:TermGenie, PMID:16054028]",16,69,1,4247,0.014492753623188406,0.0625,query_1,"['GO:0097581', 'GO:0120035']",['hep'],[['IMP']]
GO:BP,GO:0060284,regulation of cell development,0.5387267325893165,False,"""Any process that modulates the rate, frequency or extent of the progression of the cell over time, from its formation to the mature structure. Cell development does not include the steps involved in committing a cell to a specific fate."" [GOC:dph, GOC:tb]",103,69,3,4247,0.043478260869565216,0.02912621359223301,query_1,"['GO:0045595', 'GO:0048468']","['aop', 'CadN', 'ctp']","[['IMP'], ['IMP'], ['IMP']]"
GO:BP,GO:0072594,establishment of protein localization to organelle,0.5387267325893165,False,"""The directed movement of a protein to a specific location on or in an organelle. Encompasses establishment of localization in the membrane or lumen of a membrane-bounded organelle."" [GOC:mah]",101,69,3,4247,0.043478260869565216,0.0297029702970297,query_1,"['GO:0033365', 'GO:0045184']","['Nup205', 'Tim23', 'larp']","[['IMP'], ['IBA'], ['IMP']]"
GO:BP,GO:0042337,cuticle development involved in chitin-based cuticle molting cycle,0.5387267325893165,False,"""The synthesis and deposition of a chitin-based non-cellular, hardened, or membranous secretion from an epithelial sheet, occurring as part of the molting cycle. An example of this is found in Drosophila melanogaster."" [GOC:dph, GOC:jl, GOC:mtg_sensu, GOC:tb]",16,69,1,4247,0.014492753623188406,0.0625,query_1,"['GO:0007591', 'GO:0040003']",['pygo'],[['IMP']]
GO:BP,GO:0072526,pyridine-containing compound catabolic process,0.5387267325893165,False,"""The chemical reactions and pathways resulting in the breakdown of a pyridine-containing compound, i.e. any compound that contains pyridine or a formal derivative thereof."" [GOC:mah]",16,69,1,4247,0.014492753623188406,0.0625,query_1,"['GO:0009056', 'GO:0072524']",['Gapdh2'],"[['IEP', 'ISS', 'IBA', 'IEA']]"
GO:BP,GO:0061564,axon development,0.5387267325893165,False,"""The progression of an axon over time. Covers axonogenesis (de novo generation of an axon) and axon regeneration (regrowth), as well as processes pertaining to the progression of the axon over time (fasciculation and defasciculation)."" [GOC:dph, GOC:pg, GOC:pr]",191,69,5,4247,0.07246376811594203,0.02617801047120419,query_1,['GO:0031175'],"['beat-Ib', 'CadN', 'ttv', 'rut', 'hep']","[['IBA'], ['IMP', 'IGI', 'TAS'], ['IGI'], ['IMP'], ['IDA', 'IMP']]"
GO:BP,GO:0043277,apoptotic cell clearance,0.5387267325893165,False,"""The recognition and removal of an apoptotic cell by a neighboring cell or by a phagocyte."" [GOC:rk, PMID:14685684]",14,69,1,4247,0.014492753623188406,0.07142857142857142,query_1,['GO:0006909'],['hep'],[['IMP']]
GO:BP,GO:0046718,symbiont entry into host cell,0.5387267325893165,False,"""The process by which a symbiont breaches the plasma membrane or cell envelope and enters the host cell. The process ends when the symbiont or its genome is released into the host cell."" [GOC:jl]",15,69,1,4247,0.014492753623188406,0.06666666666666667,query_1,"['GO:0019058', 'GO:0044409']",['Rab10'],[['HMP']]
GO:BP,GO:0030539,male genitalia development,0.5387267325893165,False,"""The process whose specific outcome is the progression of the male genitalia over time, from its formation to the mature structure."" [GOC:ems, ISBN:0140512888]",13,69,1,4247,0.014492753623188406,0.07692307692307693,query_1,"['GO:0046661', 'GO:0048806', 'GO:0061458']",['hep'],[['IMP']]
GO:BP,GO:0030308,negative regulation of cell growth,0.5387267325893165,False,"""Any process that stops, prevents, or reduces the frequency, rate, extent or direction of cell growth."" [GOC:go_curators]",15,69,1,4247,0.014492753623188406,0.06666666666666667,query_1,"['GO:0001558', 'GO:0016049', 'GO:0045926', 'GO:0048523']",['foxo'],[['IMP']]
GO:BP,GO:0008277,regulation of G protein-coupled receptor signaling pathway,0.5387267325893165,False,"""Any process that modulates the frequency, rate or extent of G protein-coupled receptor signaling pathway."" [GOC:go_curators]",13,69,1,4247,0.014492753623188406,0.07692307692307693,query_1,"['GO:0007186', 'GO:0009966']",['foxo'],[['IMP']]
GO:BP,GO:1901698,response to nitrogen compound,0.5387267325893165,False,"""Any process that results in a change in state or activity of a cell or an organism (in terms of movement, secretion, enzyme production, gene expression, etc.) as a result of a nitrogen compound stimulus."" [GOC:pr, GOC:TermGenie]",102,69,3,4247,0.043478260869565216,0.029411764705882353,query_1,['GO:0042221'],"['Rab10', 'Edem2', 'foxo']","[['IBA'], ['IMP', 'IGI', 'IBA', 'IEA'], ['IMP', 'IGI']]"
GO:BP,GO:0032502,developmental process,0.5387267325893165,False,"""A biological process whose specific outcome is the progression of an integrated living unit: an anatomical structure (which may be a subcellular structure, cell, tissue, or organ), or organism over time from an initial condition to a later condition."" [GOC:isa_complete]",1340,69,25,4247,0.36231884057971014,0.018656716417910446,query_1,['GO:0008150'],"['CG12236', 'pigs', 'mr', 'Cip4', 'Rab10', 'Reph', 'aop', 'beat-Ib', 'CadN', 'mgr', 'Past1', 'Ssdp', 'pygo', 'ttv', 'NAT1', 'elg1', 'wge', 'larp', 'Cad99C', 'foxo', 'dan', 'prel', 'rut', 'ctp', 'hep']","[['IEA'], ['IMP'], ['IMP'], ['IDA', 'IMP', 'IEP'], ['IMP'], ['IMP'], ['IDA', 'IMP', 'IGI', 'IBA', 'TAS', 'IEA'], ['IBA'], ['IMP', 'IGI', 'TAS', 'IEA'], ['IMP'], ['IMP', 'IGI'], ['IMP'], ['IMP', 'IEA'], ['IGI'], ['IMP'], ['IMP'], ['IMP', 'IEA'], ['IMP'], ['IMP'], ['IMP', 'IEA'], ['IMP'], ['IMP'], ['IMP'], ['IMP'], ['IDA', 'IMP', 'IGI']]"
GO:BP,GO:0050808,synapse organization,0.5387267325893165,False,"""A process that is carried out at the cellular level which results in the assembly, arrangement of constituent parts, or disassembly of a synapse, the junction between a neuron and a target (neuron, muscle, or secretory cell)."" [GOC:ai, GOC:pr]",153,69,4,4247,0.057971014492753624,0.026143790849673203,query_1,['GO:0034330'],"['Upf2', 'mr', 'Cip4', 'rut']","[['IDA'], ['IMP'], ['IDA', 'IMP'], ['IMP']]"
GO:BP,GO:0048869,cellular developmental process,0.5387267325893165,False,"""A biological process whose specific outcome is the progression of a cell over time from an initial condition to a later condition."" [GOC:isa_complete]",901,69,18,4247,0.2608695652173913,0.01997780244173141,query_1,"['GO:0009987', 'GO:0032502']","['CG12236', 'pigs', 'Cip4', 'Rab10', 'aop', 'beat-Ib', 'CadN', 'mgr', 'Past1', 'ttv', 'elg1', 'wge', 'Cad99C', 'foxo', 'prel', 'rut', 'ctp', 'hep']","[['IEA'], ['IMP'], ['IMP'], ['IMP'], ['IDA', 'IMP', 'IGI', 'IBA', 'IEA'], ['IBA'], ['IMP', 'IGI', 'TAS', 'IEA'], ['IMP'], ['IMP'], ['IGI'], ['IMP'], ['IEA'], ['IMP'], ['IMP', 'IEA'], ['IMP'], ['IMP'], ['IMP'], ['IDA', 'IMP', 'IGI']]"
GO:BP,GO:0048737,imaginal disc-derived appendage development,0.5387267325893165,False,"""The process whose specific outcome is the progression of an appendage over time, from its formation in the imaginal disc to the mature structure. An appendage is an organ or part that is attached to the trunk of an organism."" [GOC:jid, GOC:mtg_sensu, GOC:rc]",190,69,5,4247,0.07246376811594203,0.02631578947368421,query_1,['GO:0048736'],"['Cip4', 'Past1', 'pygo', 'dan', 'ctp']","[['IMP'], ['IGI'], ['IMP'], ['IMP'], ['IMP']]"
GO:BP,GO:0050794,regulation of cellular process,0.5387267325893165,False,"""Any process that modulates the frequency, rate or extent of a cellular process, any of those that are carried out at the cellular level, but are not necessarily restricted to a single cell. For example, cell communication occurs among more than one cell, but occurs at the cellular level."" [GOC:go_curators]",1870,69,34,4247,0.4927536231884058,0.01818181818181818,query_1,"['GO:0009987', 'GO:0050789']","['CG12236', 'pigs', 'Upf2', 'mr', 'Cip4', 'Mvb12', 'Rab10', 'Reph', 'aop', 'MED27', 'Edem2', 'CadN', 'ohgt', 'Ssdp', 'Nelf-A', 'CG13601', 'pygo', 'fus', 'ttv', 'Oda', 'mms4', 'CG18011', 'Gasz', 'CG17528', 'larp', 'Cad99C', 'foxo', 'CG11360', 'dan', 'Sur-8', 'CG9650', 'rut', 'ctp', 'hep']","[['ISS', 'IBA'], ['IMP', 'IBA'], ['IDA', 'IMP', 'IBA', 'IEA'], ['IMP', 'IBA', 'TAS'], ['IDA', 'IMP', 'IEA'], ['IBA'], ['IMP', 'ISS', 'IBA'], ['IGI'], ['IDA', 'IMP', 'IGI', 'IBA', 'IEA'], ['IDA', 'IBA', 'IC', 'IEA'], ['IMP', 'IGI'], ['IMP'], ['IMP'], ['IMP', 'IGI', 'IBA'], ['IDA', 'ISS', 'IBA'], ['IBA'], ['IDA', 'IPI', 'IMP', 'IGI', 'IEA'], ['IDA', 'IBA'], ['IMP', 'IEA'], ['IBA'], ['IBA'], ['ISS', 'IBA', 'IEA'], ['IMP'], ['IBA', 'IEA'], ['IMP', 'IBA', 'IEA'], ['IMP', 'IGI'], ['IDA', 'IMP', 'IGI', 'IBA', 'IEA'], ['HMP', 'IEA'], ['IMP'], ['HGI', 'IBA'], ['IMP', 'IBA'], ['IMP', 'IBA', 'IEA'], ['IMP', 'IEA'], ['IDA', 'IMP', 'IGI', 'IEA']]"
GO:BP,GO:2000145,regulation of cell motility,0.5387267325893165,False,"""Any process that modulates the frequency, rate or extent of cell motility."" [GOC:mah]",55,69,2,4247,0.028985507246376812,0.03636363636363636,query_1,"['GO:0040012', 'GO:0048870', 'GO:0050794']","['aop', 'hep']","[['IMP'], ['IGI']]"
GO:BP,GO:0048736,appendage development,0.5387267325893165,False,"""The process whose specific outcome is the progression of an appendage over time, from its formation to the mature structure. An appendage is an organ or part that is attached to the trunk of an organism, such as a limb or a branch."" [GOC:jid, GOC:rc]",192,69,5,4247,0.07246376811594203,0.026041666666666668,query_1,"['GO:0007275', 'GO:0048856']","['Cip4', 'Past1', 'pygo', 'dan', 'ctp']","[['IMP'], ['IGI'], ['IMP'], ['IMP'], ['IMP']]"
GO:BP,GO:0051646,mitochondrion localization,0.5387267325893165,False,"""Any process in which a mitochondrion or mitochondria are transported to, and/or maintained in, a specific location within the cell."" [GOC:ai]",13,69,1,4247,0.014492753623188406,0.07692307692307693,query_1,['GO:0051640'],['larp'],[['IMP']]
GO:BP,GO:0009886,post-embryonic animal morphogenesis,0.5387267325893165,False,"""The process, occurring after animal embryonic development, by which anatomical structures are generated and organized."" [GOC:go_curators]",257,69,6,4247,0.08695652173913043,0.023346303501945526,query_1,"['GO:0009653', 'GO:0009791']","['Cip4', 'Past1', 'pygo', 'wge', 'ctp', 'hep']","[['IMP'], ['IGI'], ['IMP'], ['IMP'], ['IMP'], ['IMP', 'IGI']]"
GO:BP,GO:0000132,establishment of mitotic spindle orientation,0.5387267325893165,False,"""A cell cycle process that sets the alignment of mitotic spindle relative to other cellular structures."" [GOC:ems]",16,69,1,4247,0.014492753623188406,0.0625,query_1,"['GO:0040001', 'GO:0051294']",['ctp'],[['IMP']]
GO:BP,GO:0019722,calcium-mediated signaling,0.5387267325893165,False,"""Any intracellular signal transduction in which the signal is passed on within the cell via calcium ions."" [GOC:signaling]",15,69,1,4247,0.014492753623188406,0.06666666666666667,query_1,['GO:0141124'],['Cad99C'],[['IGI']]
GO:BP,GO:0007485,imaginal disc-derived male genitalia development,0.5387267325893165,False,"""The process whose specific outcome is the progression of the male genitalia over time, from formation as part of the genital disc to the mature structure. An example of this is found in Drosophila melanogaster."" [GOC:ai, GOC:sensu]",14,69,1,4247,0.014492753623188406,0.07142857142857142,query_1,['GO:0007484'],['hep'],[['IMP']]
GO:BP,GO:0007528,neuromuscular junction development,0.5387267325893165,False,"""A process that is carried out at the cellular level which results in the assembly, arrangement of constituent parts, or disassembly of a neuromuscular junction."" [GOC:mtg_OBO2OWL_2013]",105,69,3,4247,0.043478260869565216,0.02857142857142857,query_1,['GO:0050808'],"['mr', 'Cip4', 'rut']","[['IMP'], ['IDA', 'IMP'], ['IMP']]"
GO:BP,GO:0006081,aldehyde metabolic process,0.5387267325893165,False,"""The chemical reactions and pathways involving aldehydes, any organic compound with the formula R-CH=O, as carried out by individual cells."" [GOC:go_curators, ISBN:0198506732]",14,69,1,4247,0.014492753623188406,0.07142857142857142,query_1,['GO:0008152'],['Gapdh2'],[['IGI']]
GO:BP,GO:0007548,sex differentiation,0.5387267325893165,False,"""The establishment of the sex of an organism by physical differentiation."" [GOC:ai]",53,69,2,4247,0.028985507246376812,0.03773584905660377,query_1,['GO:0003006'],"['aop', 'hep']","[['IMP'], ['IMP']]"
GO:BP,GO:0007552,metamorphosis,0.5387267325893165,False,"""A biological process in which an animal physically develops after birth or hatching, involving a conspicuous and relatively abrupt change in the animal's form or structure. Examples include the change from tadpole to frog, and the change from larva to adult. An example of this is found in Drosophila melanogaster."" [GOC:sensu, ISBN:0198506732, ISBN:0721662544]",255,69,6,4247,0.08695652173913043,0.023529411764705882,query_1,['GO:0007275'],"['Cip4', 'Past1', 'pygo', 'wge', 'ctp', 'hep']","[['IMP'], ['IGI'], ['IMP'], ['IMP'], ['IMP'], ['IMP', 'IGI']]"
GO:BP,GO:0019219,regulation of nucleobase-containing compound metabolic process,0.5387267325893165,False,"""Any cellular process that modulates the frequency, rate or extent of the chemical reactions and pathways involving nucleobases, nucleosides, nucleotides and nucleic acids."" [GOC:go_curators]",700,69,14,4247,0.2028985507246377,0.02,query_1,"['GO:0006139', 'GO:0080090']","['CG12236', 'aop', 'MED27', 'Ssdp', 'Nelf-A', 'pygo', 'CG18011', 'larp', 'foxo', 'CG11360', 'dan', 'CG9650', 'ctp', 'hep']","[['ISS', 'IBA'], ['IDA', 'IMP', 'IBA', 'IEA'], ['IDA', 'IBA', 'IC', 'IEA'], ['IMP', 'IGI', 'IBA'], ['IDA', 'ISS', 'IBA'], ['IDA', 'IPI', 'IMP', 'IGI'], ['ISS', 'IBA', 'IEA'], ['IMP', 'IEA'], ['IDA', 'IMP', 'IBA', 'IEA'], ['HMP'], ['IMP'], ['IBA'], ['IEA'], ['IMP']]"
GO:BP,GO:0010454,negative regulation of cell fate commitment,0.5387267325893165,False,"""Any process that stops, prevents or reduces the frequency or rate of cell fate commitment. Cell fate commitment is the commitment of cells to specific cell fates and their capacity to differentiate into particular kinds of cells. Positional information is established through protein signals that emanate from a localized source within a cell (the initial one-cell zygote) or within a developmental field."" [GOC:dph, GOC:tb]",14,69,1,4247,0.014492753623188406,0.07142857142857142,query_1,"['GO:0010453', 'GO:0045165', 'GO:0045596']",['aop'],[['IMP']]
GO:BP,GO:0006355,regulation of DNA-templated transcription,0.5387267325893165,False,"""Any process that modulates the frequency, rate or extent of cellular DNA-templated transcription."" [GOC:go_curators, GOC:txnOH]",559,69,12,4247,0.17391304347826086,0.02146690518783542,query_1,"['GO:0006351', 'GO:0010468', 'GO:2001141']","['CG12236', 'aop', 'MED27', 'Ssdp', 'Nelf-A', 'pygo', 'CG18011', 'foxo', 'dan', 'CG9650', 'ctp', 'hep']","[['ISS', 'IBA'], ['IDA', 'IMP', 'IBA', 'IEA'], ['IDA', 'IBA', 'IC', 'IEA'], ['IMP', 'IGI', 'IBA'], ['IDA', 'ISS', 'IBA'], ['IDA', 'IPI', 'IMP', 'IGI'], ['ISS', 'IBA', 'IEA'], ['IDA', 'IMP', 'IBA', 'IEA'], ['IMP'], ['IBA'], ['IEA'], ['IMP']]"
GO:BP,GO:0009191,ribonucleoside diphosphate catabolic process,0.5387267325893165,False,"""The chemical reactions and pathways resulting in the breakdown of a ribonucleoside diphosphate, a compound consisting of a nucleobase linked to a ribose sugar esterified with diphosphate on the sugar."" [GOC:go_curators, ISBN:0198506732]",15,69,1,4247,0.014492753623188406,0.06666666666666667,query_1,"['GO:0009134', 'GO:0009185']",['Gapdh2'],"[['IEP', 'ISS', 'IBA', 'IEA']]"
GO:BP,GO:0014041,regulation of neuron maturation,0.5387267325893165,False,"""Any process that modulates the frequency, rate or extent of neuron maturation, the process leading to the attainment of the full functional capacity of a neuron. This process is independent of morphogenetic change."" [GOC:ef]",13,69,1,4247,0.014492753623188406,0.07692307692307693,query_1,"['GO:0042551', 'GO:0045664', 'GO:1903429']",['ctp'],[['IMP']]
GO:BP,GO:0009181,purine ribonucleoside diphosphate catabolic process,0.5387267325893165,False,"""The chemical reactions and pathways resulting in the breakdown of purine ribonucleoside diphosphate, a compound consisting of a purine base linked to a ribose sugar esterified with diphosphate on the sugar."" [GOC:go_curators, ISBN:0198506732]",15,69,1,4247,0.014492753623188406,0.06666666666666667,query_1,"['GO:0009137', 'GO:0009179', 'GO:0009191']",['Gapdh2'],"[['IEP', 'ISS', 'IBA', 'IEA']]"
GO:BP,GO:0009064,glutamine family amino acid metabolic process,0.5387267325893165,False,"""The chemical reactions and pathways involving amino acids of the glutamine family, comprising arginine, glutamate, glutamine and proline."" [GOC:ai]",16,69,1,4247,0.014492753623188406,0.0625,query_1,"['GO:0170033', 'GO:0170039']",['l(3)72Dp'],[['IEA']]
GO:BP,GO:0030032,lamellipodium assembly,0.5387267325893165,False,"""Formation of a lamellipodium, a thin sheetlike extension of the surface of a migrating cell."" [GOC:mah, ISBN:0815316194]",15,69,1,4247,0.014492753623188406,0.06666666666666667,query_1,"['GO:0097581', 'GO:0120031']",['hep'],[['IMP']]
GO:BP,GO:0010591,regulation of lamellipodium assembly,0.5387267325893165,False,"""Any process that modulates the rate, frequency or extent of the formation of a lamellipodium, a thin sheetlike extension of the surface of a migrating cell."" [GOC:dph, GOC:tb]",14,69,1,4247,0.014492753623188406,0.07142857142857142,query_1,"['GO:0030032', 'GO:0120032', 'GO:1902743']",['hep'],[['IMP']]
GO:BP,GO:0035112,genitalia morphogenesis,0.5387267325893165,False,"""The process in which the anatomical structures of genitalia are generated and organized. The genitalia are the organs of reproduction or generation, external and internal."" [GOC:bf]",13,69,1,4247,0.014492753623188406,0.07692307692307693,query_1,"['GO:0003006', 'GO:0009887', 'GO:0048806']",['hep'],[['IMP']]
GO:BP,GO:0009134,nucleoside diphosphate catabolic process,0.5387267325893165,False,"""The chemical reactions and pathways resulting in the breakdown of a nucleoside diphosphate, a compound consisting of a nucleobase linked to a deoxyribose or ribose sugar esterified with diphosphate on the sugar."" [GOC:go_curators, ISBN:0198506732]",16,69,1,4247,0.014492753623188406,0.0625,query_1,"['GO:0009132', 'GO:1901292']",['Gapdh2'],"[['IEP', 'ISS', 'IBA', 'IEA']]"
GO:BP,GO:0007173,epidermal growth factor receptor signaling pathway,0.5387267325893165,False,"""The series of molecular signals initiated by binding of a ligand to the tyrosine kinase receptor EGFR (ERBB1) on the surface of a cell. The pathway ends with regulation of a downstream cellular process, e.g. transcription."" [GOC:ceb]",48,69,2,4247,0.028985507246376812,0.041666666666666664,query_1,['GO:0038127'],"['Mvb12', 'aop']","[['IBA'], ['IMP']]"
GO:BP,GO:0019364,pyridine nucleotide catabolic process,0.5387267325893165,False,"""The chemical reactions and pathways resulting in the breakdown of a pyridine nucleotide, a nucleotide characterized by a pyridine derivative as a nitrogen base."" [GOC:jl, GOC:pde, GOC:vw]",16,69,1,4247,0.014492753623188406,0.0625,query_1,"['GO:0009166', 'GO:0019362', 'GO:0072526']",['Gapdh2'],"[['IEP', 'ISS', 'IBA', 'IEA']]"
GO:BP,GO:0019320,hexose catabolic process,0.5387267325893165,False,"""The chemical reactions and pathways resulting in the breakdown of hexose, any monosaccharide with a chain of six carbon atoms in the molecule."" [ISBN:0198506732]",13,69,1,4247,0.014492753623188406,0.07692307692307693,query_1,"['GO:0019318', 'GO:0046365']",['Gapdh2'],[['ISS']]
GO:BP,GO:0019319,hexose biosynthetic process,0.5387267325893165,False,"""The chemical reactions and pathways resulting in the formation of hexose, any monosaccharide with a chain of six carbon atoms in the molecule."" [ISBN:0198506732]",15,69,1,4247,0.014492753623188406,0.06666666666666667,query_1,"['GO:0019318', 'GO:0046364']",['Gapdh2'],[['ISS']]
GO:BP,GO:0045824,negative regulation of innate immune response,0.5387267325893165,False,"""Any process that stops, prevents, or reduces the frequency, rate or extent of the innate immune response."" [GOC:go_curators]",13,69,1,4247,0.014492753623188406,0.07692307692307693,query_1,"['GO:0002832', 'GO:0031348', 'GO:0032102', 'GO:0045087', 'GO:0045088', 'GO:0050777']",['foxo'],[['IMP']]
GO:BP,GO:0009261,ribonucleotide catabolic process,0.5387267325893165,False,"""The chemical reactions and pathways resulting in the breakdown of a ribonucleotide, a compound consisting of ribonucleoside (a base linked to a ribose sugar) esterified with a phosphate group at either the 3' or 5'-hydroxyl group of the sugar."" [GOC:go_curators, ISBN:0198506732]",17,69,1,4247,0.014492753623188406,0.058823529411764705,query_1,"['GO:0009166', 'GO:0009259', 'GO:1901136']",['Gapdh2'],"[['IEP', 'ISS', 'IBA', 'IEA']]"
GO:BP,GO:0007164,establishment of tissue polarity,0.5387267325893165,False,"""Coordinated organization of groups of cells in a tissue, such that they all orient to similar coordinates."" [GOC:jid]",58,69,2,4247,0.028985507246376812,0.034482758620689655,query_1,['GO:0009653'],"['aop', 'CadN']","[['IMP', 'IGI'], ['IMP', 'IEA']]"
GO:BP,GO:0006458,'de novo' protein folding,0.5387267325893165,False,"""The process of assisting in the folding of a nascent peptide chain into its correct tertiary structure."" [GOC:mb]",16,69,1,4247,0.014492753623188406,0.0625,query_1,['GO:0006457'],['mrj'],[['ISS']]
GO:BP,GO:0005975,carbohydrate metabolic process,0.5387267325893165,False,"""The chemical reactions and pathways involving carbohydrates, any of a group of organic compounds based of the general formula Cx(H2O)y."" [GOC:mah, ISBN:0198506732]",105,69,3,4247,0.043478260869565216,0.02857142857142857,query_1,['GO:0044238'],"['Edem2', 'AGBE', 'Gapdh2']","[['IEA'], ['IBA', 'NAS', 'IEA'], ['IEP', 'ISS', 'IBA', 'IEA']]"
GO:BP,GO:0007619,courtship behavior,0.5387267325893165,False,"""The behavior of an organism for the purpose of attracting sexual partners."" [GOC:ai, GOC:dph]",17,69,1,4247,0.014492753623188406,0.058823529411764705,query_1,['GO:0007617'],['rut'],[['TAS']]
GO:BP,GO:0046661,male sex differentiation,0.5387267325893165,False,"""The establishment of the sex of a male organism by physical differentiation."" [GOC:bf]",16,69,1,4247,0.014492753623188406,0.0625,query_1,"['GO:0007275', 'GO:0007548']",['hep'],[['IMP']]
GO:BP,GO:0007275,multicellular organism development,0.5387267325893165,False,"""The biological process whose specific outcome is the progression of a multicellular organism over time from an initial condition (e.g. a zygote or a young adult) to a later condition (e.g. a multicellular animal or an aged adult)."" [GOC:dph, GOC:ems, GOC:isa_complete, GOC:tb]",1078,69,21,4247,0.30434782608695654,0.01948051948051948,query_1,"['GO:0032501', 'GO:0048856']","['CG12236', 'mr', 'Cip4', 'Reph', 'aop', 'beat-Ib', 'CadN', 'mgr', 'Past1', 'Ssdp', 'pygo', 'ttv', 'wge', 'larp', 'Cad99C', 'foxo', 'dan', 'prel', 'rut', 'ctp', 'hep']","[['IEA'], ['IMP'], ['IDA', 'IMP'], ['IMP'], ['IDA', 'IMP', 'IGI', 'TAS'], ['IBA'], ['IMP', 'IGI', 'TAS', 'IEA'], ['IMP'], ['IMP', 'IGI'], ['IMP'], ['IMP', 'IEA'], ['IGI'], ['IMP'], ['IMP'], ['IMP'], ['IMP'], ['IMP'], ['IMP'], ['IMP'], ['IMP'], ['IDA', 'IMP', 'IGI']]"
GO:BP,GO:0007286,spermatid development,0.5387267325893165,False,"""The process whose specific outcome is the progression of a spermatid over time, from its formation to the mature structure."" [GOC:dph, GOC:go_curators]",48,69,2,4247,0.028985507246376812,0.041666666666666664,query_1,"['GO:0007281', 'GO:0048515']","['Past1', 'ctp']","[['IMP'], ['IMP']]"
GO:BP,GO:0006022,aminoglycan metabolic process,0.5387267325893165,False,"""The chemical reactions and pathways involving aminoglycans, any polymer containing amino groups that consists of more than about 10 monosaccharide residues joined to each other by glycosidic linkages."" [GOC:ai, ISBN:0198506732]",15,69,1,4247,0.014492753623188406,0.06666666666666667,query_1,"['GO:0043170', 'GO:1901135']",['ttv'],[['IMP']]
GO:BP,GO:0009653,anatomical structure morphogenesis,0.5387267325893165,False,"""The process in which anatomical structures are generated and organized. Morphogenesis pertains to the creation of form."" [GOC:go_curators, ISBN:0521436125]",806,69,16,4247,0.2318840579710145,0.019851116625310174,query_1,"['GO:0032502', 'GO:0048856']","['pigs', 'Cip4', 'aop', 'beat-Ib', 'CadN', 'Past1', 'pygo', 'ttv', 'wge', 'Cad99C', 'foxo', 'dan', 'prel', 'rut', 'ctp', 'hep']","[['IMP'], ['IMP'], ['IDA', 'IMP', 'IGI', 'TAS'], ['IBA'], ['IMP', 'IGI', 'IEA'], ['IMP', 'IGI'], ['IMP'], ['IGI'], ['IMP'], ['IMP'], ['IMP'], ['IMP'], ['IMP'], ['IMP'], ['IMP'], ['IDA', 'IMP', 'IGI']]"
GO:BP,GO:0007411,axon guidance,0.5387267325893165,False,"""The chemotaxis process that directs the migration of an axon growth cone to a specific target site in response to a combination of attractive and repulsive cues."" [ISBN:0878932437]",151,69,4,4247,0.057971014492753624,0.026490066225165563,query_1,"['GO:0007409', 'GO:0097485']","['beat-Ib', 'CadN', 'ttv', 'hep']","[['IBA'], ['IMP', 'IGI'], ['IGI'], ['IDA']]"
GO:BP,GO:0016358,dendrite development,0.5387267325893165,False,"""The process whose specific outcome is the progression of the dendrite over time, from its formation to the mature structure."" [GOC:aruk, GOC:bc, GOC:jl, ISBN:0198506732, PMID:22683681]",103,69,3,4247,0.043478260869565216,0.02912621359223301,query_1,"['GO:0031175', 'GO:0048856']","['CadN', 'foxo', 'prel']","[['IMP'], ['IMP'], ['IMP']]"
GO:BP,GO:0006096,glycolytic process,0.5387267325893165,False,"""The chemical reactions and pathways resulting in the breakdown of a carbohydrate into pyruvate, with the concomitant production of a small amount of ATP and the reduction of NAD(P) to NAD(P)H. Glycolysis begins with the metabolism of a carbohydrate to generate products that can enter the pathway and ends with the production of pyruvate. Pyruvate may be converted to acetyl-coenzyme A, ethanol, lactate, or other small molecules."" [GOC:bf, GOC:dph, ISBN:0201090910, ISBN:0716720094, ISBN:0879010479, Wikipedia:Glycolysis]",15,69,1,4247,0.014492753623188406,0.06666666666666667,query_1,"['GO:0006090', 'GO:0006091', 'GO:0016052', 'GO:0019364', 'GO:0046032', 'GO:0046034', 'GO:0046496']",['Gapdh2'],"[['IEP', 'ISS', 'IBA', 'IEA']]"
GO:BP,GO:0007484,imaginal disc-derived genitalia development,0.5387267325893165,False,"""The process whose specific outcome is the progression of the genitalia over time, from formation as part of the genital disc to the mature structure. An example of this is found in Drosophila melanogaster."" [GOC:ai, GOC:sensu]",15,69,1,4247,0.014492753623188406,0.06666666666666667,query_1,"['GO:0035215', 'GO:0048806']",['hep'],[['IMP']]
GO:BP,GO:0010557,positive regulation of macromolecule biosynthetic process,0.5417448918182017,False,"""Any process that increases the rate, frequency or extent of the chemical reactions and pathways resulting in the formation of a macromolecule, any molecule of high relative molecular mass, the structure of which essentially comprises the multiple repetition of units derived, actually or conceptually, from molecules of low relative molecular mass."" [GOC:dph, GOC:tb]",368,69,8,4247,0.11594202898550725,0.021739130434782608,query_1,"['GO:0009059', 'GO:0009891', 'GO:0010556', 'GO:0010604']","['aop', 'MED27', 'Ssdp', 'pygo', 'CG18011', 'larp', 'foxo', 'hep']","[['IMP'], ['IEA'], ['IBA'], ['IDA', 'IMP', 'IGI'], ['IEA'], ['IMP', 'IBA', 'IEA'], ['IDA', 'IMP'], ['IMP']]"
GO:BP,GO:0035825,homologous recombination,0.5464045331220361,False,"""A DNA recombination process that results in the exchange of an equal amount of genetic material between highly homologous DNA molecules."" [GOC:mah, PMID:11139492, PMID:17304215]",18,69,1,4247,0.014492753623188406,0.05555555555555555,query_1,['GO:0006310'],['mms4'],[['IBA']]
GO:BP,GO:0006414,translational elongation,0.5464045331220361,False,"""The successive addition of amino acid residues to a nascent polypeptide chain during protein biosynthesis."" [GOC:ems]",19,69,1,4247,0.014492753623188406,0.05263157894736842,query_1,"['GO:0006412', 'GO:0009059']",['Nelf-A'],[['IEA']]
GO:BP,GO:0097435,supramolecular fiber organization,0.5464045331220361,False,"""A process that is carried out at the cellular level which results in the assembly, arrangement of constituent parts, or disassembly of a supramolecular fiber, a polymer consisting of an indefinite number of protein or protein complex subunits that have polymerised to form a fiber-shaped structure."" [GOC:pr]",161,69,4,4247,0.057971014492753624,0.024844720496894408,query_1,['GO:0016043'],"['pigs', 'Cip4', 'ctp', 'hep']","[['IBA'], ['IDA'], ['IMP'], ['IMP']]"
GO:BP,GO:0061387,regulation of extent of cell growth,0.5464045331220361,False,"""Any process that modulates the extent of cell growth."" [GOC:mah, GOC:vw]",18,69,1,4247,0.014492753623188406,0.05555555555555555,query_1,"['GO:0001558', 'GO:0008361']",['CadN'],[['IMP']]
GO:BP,GO:0032956,regulation of actin cytoskeleton organization,0.5464045331220361,False,"""Any process that modulates the frequency, rate or extent of the formation, arrangement of constituent parts, or disassembly of cytoskeletal structures comprising actin filaments and their associated proteins."" [GOC:mah]",61,69,2,4247,0.028985507246376812,0.03278688524590164,query_1,"['GO:0030036', 'GO:0032970', 'GO:0051493']","['Cip4', 'hep']","[['IDA'], ['IMP']]"
GO:BP,GO:0032970,regulation of actin filament-based process,0.5464045331220361,False,"""Any process that modulates the frequency, rate or extent of any cellular process that depends upon or alters the actin cytoskeleton."" [GOC:mah]",62,69,2,4247,0.028985507246376812,0.03225806451612903,query_1,"['GO:0030029', 'GO:0050794']","['Cip4', 'hep']","[['IDA'], ['IMP']]"
GO:BP,GO:0006986,response to unfolded protein,0.5464045331220361,False,"""Any process that results in a change in state or activity of a cell or an organism (in terms of movement, secretion, enzyme production, gene expression, etc.) as a result of an unfolded protein stimulus."" [GOC:jl]",19,69,1,4247,0.014492753623188406,0.05263157894736842,query_1,['GO:0035966'],['Edem2'],"[['IMP', 'IGI']]"
GO:BP,GO:0034620,cellular response to unfolded protein,0.5464045331220361,False,"""Any process that results in a change in state or activity of a cell (in terms of movement, secretion, enzyme production, gene expression, etc.) as a result of an unfolded protein stimulus."" [GOC:mah]",19,69,1,4247,0.014492753623188406,0.05263157894736842,query_1,"['GO:0006986', 'GO:0035967']",['Edem2'],"[['IMP', 'IGI']]"
GO:BP,GO:0090329,regulation of DNA-templated DNA replication,0.5464045331220361,False,"""Any process that modulates the rate, frequency, or extent of DNA-templated DNA replication, the process in which new strands of DNA are synthesized."" [GOC:dph, GOC:tb]",18,69,1,4247,0.014492753623188406,0.05555555555555555,query_1,"['GO:0006261', 'GO:0006275']",['larp'],[['IMP']]
GO:BP,GO:0120031,plasma membrane bounded cell projection assembly,0.5464045331220361,False,"""Formation of a prolongation or process extending and that is bounded by plasma membrane, e.g. a cilium, lamellipodium, or axon."" [GOC:krc]",62,69,2,4247,0.028985507246376812,0.03225806451612903,query_1,"['GO:0030031', 'GO:0120036']","['Past1', 'hep']","[['IBA'], ['IMP']]"
GO:BP,GO:0006090,pyruvate metabolic process,0.5464045331220361,False,"""The chemical reactions and pathways involving pyruvate, 2-oxopropanoate."" [GOC:go_curators]",19,69,1,4247,0.014492753623188406,0.05263157894736842,query_1,['GO:0032787'],['Gapdh2'],"[['IEP', 'ISS', 'IBA', 'IEA']]"
GO:BP,GO:0051294,establishment of spindle orientation,0.5464045331220361,False,"""Any process that set the alignment of spindle relative to other cellular structures."" [GOC:ai]",18,69,1,4247,0.014492753623188406,0.05555555555555555,query_1,"['GO:0030010', 'GO:0051293']",['ctp'],[['IMP']]
GO:BP,GO:0045089,positive regulation of innate immune response,0.5464045331220361,False,"""Any process that activates or increases the frequency, rate or extent of the innate immune response, the organism's first line of defense against infection."" [GOC:ebc]",61,69,2,4247,0.028985507246376812,0.03278688524590164,query_1,"['GO:0002833', 'GO:0031349', 'GO:0032103', 'GO:0045087', 'GO:0045088', 'GO:0050778']","['foxo', 'hep']","[['IMP'], ['IMP', 'IGI']]"
GO:BP,GO:0032940,secretion by cell,0.5464045331220361,False,"""The controlled release of a substance by a cell."" [GOC:mah]",107,69,3,4247,0.043478260869565216,0.028037383177570093,query_1,"['GO:0046903', 'GO:0140352']","['Rab10', 'Syx6', 'CG9650']","[['IMP', 'IBA'], ['ISS'], ['IMP']]"
GO:BP,GO:1900077,negative regulation of cellular response to insulin stimulus,0.5464045331220361,False,"""Any process that stops, prevents or reduces the frequency, rate or extent of cellular response to insulin stimulus."" [GOC:TermGenie, GOC:yaf]",19,69,1,4247,0.014492753623188406,0.05263157894736842,query_1,"['GO:0032869', 'GO:0048523', 'GO:0048585', 'GO:1900076']",['foxo'],[['IMP']]
GO:BP,GO:0032509,endosome transport via multivesicular body sorting pathway,0.5464045331220361,False,"""The directed movement of substances from endosomes to lysosomes or vacuoles by a pathway in which molecules are sorted into multivesicular bodies, which then fuse with the target compartment."" [GOC:mah, PMID:12461556, PMID:16689637]",18,69,1,4247,0.014492753623188406,0.05555555555555555,query_1,"['GO:0016197', 'GO:0071985']",['Mvb12'],[['IBA']]
GO:BP,GO:0046578,regulation of Ras protein signal transduction,0.5464045331220361,False,"""Any process that modulates the frequency, rate or extent of Ras protein signal transduction."" [GOC:bf]",18,69,1,4247,0.014492753623188406,0.05555555555555555,query_1,"['GO:0007265', 'GO:0051056']",['Sur-8'],[['HGI']]
GO:BP,GO:0030516,regulation of axon extension,0.5464045331220361,False,"""Any process that modulates the rate, direction or extent of axon extension."" [GOC:go_curators]",18,69,1,4247,0.014492753623188406,0.05555555555555555,query_1,"['GO:0048638', 'GO:0048675', 'GO:0061387']",['CadN'],[['IMP']]
GO:BP,GO:0007379,segment specification,0.5464045331220361,False,"""The process in which segments assume individual identities; exemplified in insects by the actions of the products of the homeotic genes."" [http://fly.ebi.ac.uk/allied-data/lk/interactive-fly/aimain/1aahome.htm, ISBN:0879694238]",19,69,1,4247,0.014492753623188406,0.05263157894736842,query_1,"['GO:0007389', 'GO:0035282']",['dan'],[['IMP']]
GO:BP,GO:0032879,regulation of localization,0.5464045331220361,False,"""Any process that modulates the frequency, rate or extent of any process in which a cell, a substance, or a cellular entity is transported to, or maintained in, a specific location."" [GOC:mah]",214,69,5,4247,0.07246376811594203,0.02336448598130841,query_1,"['GO:0050789', 'GO:0051179']","['Rab10', 'larp', 'Cad99C', 'foxo', 'CG9650']","[['IBA'], ['IMP'], ['IMP'], ['IDA'], ['IMP']]"
GO:BP,GO:0044743,protein transmembrane import into intracellular organelle,0.5464045331220361,False,"""The directed movement of proteins into an intracellular organelle, across a membrane."" [GOC:jl]",18,69,1,4247,0.014492753623188406,0.05555555555555555,query_1,"['GO:0071806', 'GO:0072594']",['Tim23'],[['IBA']]
GO:BP,GO:0010556,regulation of macromolecule biosynthetic process,0.5464045331220361,False,"""Any process that modulates the rate, frequency or extent of the chemical reactions and pathways resulting in the formation of a macromolecule, any molecule of high relative molecular mass, the structure of which essentially comprises the multiple repetition of units derived, actually or conceptually, from molecules of low relative molecular mass."" [GOC:dph, GOC:tb]",884,69,17,4247,0.2463768115942029,0.019230769230769232,query_1,"['GO:0009059', 'GO:0009889', 'GO:0060255']","['CG12236', 'Upf2', 'aop', 'MED27', 'Ssdp', 'Nelf-A', 'pygo', 'fus', 'CG18011', 'Gasz', 'larp', 'foxo', 'CG11360', 'dan', 'CG9650', 'ctp', 'hep']","[['ISS', 'IBA'], ['IDA', 'IMP', 'IBA', 'IEA'], ['IDA', 'IMP', 'IGI', 'IBA', 'IEA'], ['IDA', 'IBA', 'IC', 'IEA'], ['IMP', 'IGI', 'IBA'], ['IDA', 'ISS', 'IBA'], ['IDA', 'IPI', 'IMP', 'IGI'], ['IDA', 'IBA'], ['ISS', 'IBA', 'IEA'], ['IMP'], ['IMP', 'IBA', 'IEA'], ['IDA', 'IMP', 'IBA', 'IEA'], ['HMP', 'IEA'], ['IMP'], ['IBA'], ['IMP', 'IEA'], ['IMP']]"
GO:BP,GO:0007476,imaginal disc-derived wing morphogenesis,0.5464045331220361,False,"""The process in which the anatomical structures of the imaginal disc-derived wing are generated and organized. The wing is an appendage modified for flying."" [GOC:bf, GOC:mtg_sensu]",162,69,4,4247,0.057971014492753624,0.024691358024691357,query_1,"['GO:0007472', 'GO:0035114', 'GO:0035120']","['Cip4', 'Past1', 'pygo', 'ctp']","[['IMP'], ['IGI'], ['IMP'], ['IMP']]"
GO:BP,GO:0019221,cytokine-mediated signaling pathway,0.5464045331220361,False,"""The series of molecular signals initiated by the binding of a cytokine to a receptor on the surface of a cell, and ending with the regulation of a downstream cellular process, e.g. transcription."" [GOC:mah, GOC:signaling, PMID:19295629]",18,69,1,4247,0.014492753623188406,0.05555555555555555,query_1,"['GO:0007166', 'GO:0071345']",['hep'],"[['IMP', 'IGI']]"
GO:BP,GO:0060828,regulation of canonical Wnt signaling pathway,0.5464045331220361,False,"""Any process that modulates the rate, frequency, or extent of the Wnt signaling pathway through beta-catenin, the series of molecular signals initiated by binding of a Wnt protein to a frizzled family receptor on the surface of the target cell, followed by propagation of the signal via beta-catenin, and ending with a change in transcription of target genes."" [GOC:dph, GOC:sdb_2009, GOC:tb]",60,69,2,4247,0.028985507246376812,0.03333333333333333,query_1,"['GO:0030111', 'GO:0060070']","['aop', 'Ssdp']","[['IMP'], ['IGI']]"
GO:BP,GO:0044057,regulation of system process,0.5464045331220361,False,"""Any process that modulates the frequency, rate or extent of a system process, a multicellular organismal process carried out by any of the organs or tissues in an organ system."" [GOC:jl]",18,69,1,4247,0.014492753623188406,0.05555555555555555,query_1,"['GO:0003008', 'GO:0051239']",['rut'],[['IMP']]
GO:BP,GO:0010324,membrane invagination,0.5464045331220361,False,"""The infolding of a membrane."" [GOC:tb]",19,69,1,4247,0.014492753623188406,0.05263157894736842,query_1,['GO:0061024'],['hep'],[['IMP']]
GO:BP,GO:0036335,intestinal stem cell homeostasis,0.5464045331220361,False,"""Any biological process involved in the maintenance of the steady-state number of intestinal stem cells within a population of cells."" [GOC:nhn, PMID:22042863, PMID:22608824]",18,69,1,4247,0.014492753623188406,0.05555555555555555,query_1,['GO:0048872'],['hep'],[['IMP']]
GO:BP,GO:1901699,cellular response to nitrogen compound,0.5464045331220361,False,"""Any process that results in a change in state or activity of a cell (in terms of movement, secretion, enzyme production, gene expression, etc.) as a result of a nitrogen compound stimulus."" [GOC:pr, GOC:TermGenie]",62,69,2,4247,0.028985507246376812,0.03225806451612903,query_1,"['GO:0070887', 'GO:1901698']","['Rab10', 'foxo']","[['IBA'], ['IMP', 'IGI']]"
GO:BP,GO:0009185,ribonucleoside diphosphate metabolic process,0.5464045331220361,False,"""The chemical reactions and pathways involving a ribonucleoside diphosphate, a compound consisting of a nucleobase linked to a ribose sugar esterified with diphosphate on the sugar."" [GOC:go_curators, ISBN:0198506732]",18,69,1,4247,0.014492753623188406,0.05555555555555555,query_1,['GO:0009132'],['Gapdh2'],"[['IEP', 'ISS', 'IBA', 'IEA']]"
GO:BP,GO:0009259,ribonucleotide metabolic process,0.5464045331220361,False,"""The chemical reactions and pathways involving a ribonucleotide, a compound consisting of ribonucleoside (a base linked to a ribose sugar) esterified with a phosphate group at either the 3' or 5'-hydroxyl group of the sugar."" [GOC:go_curators, ISBN:0198506732]",59,69,2,4247,0.028985507246376812,0.03389830508474576,query_1,"['GO:0009117', 'GO:0019693']","['Gapdh2', 'rut']","[['IEP', 'ISS', 'IBA', 'IEA'], ['IBA', 'IEA']]"
GO:BP,GO:0019693,ribose phosphate metabolic process,0.5464045331220361,False,"""The chemical reactions and pathways involving ribose phosphate, any phosphorylated ribose sugar."" [GOC:ai]",62,69,2,4247,0.028985507246376812,0.03225806451612903,query_1,"['GO:0006796', 'GO:0019637', 'GO:1901135']","['Gapdh2', 'rut']","[['IEP', 'ISS', 'IBA', 'IEA'], ['IBA', 'IEA']]"
GO:BP,GO:0007614,short-term memory,0.5464045331220361,False,"""The memory process that deals with the storage, retrieval and modification of information received a short time (up to about 30 minutes) ago. This type of memory is typically dependent on direct, transient effects of second messenger activation."" [http://hebb.mit.edu/courses/9.03/lecture4.html, ISBN:0582227089]",19,69,1,4247,0.014492753623188406,0.05263157894736842,query_1,['GO:0007613'],['rut'],[['IMP']]
GO:BP,GO:0072583,clathrin-dependent endocytosis,0.5464045331220361,False,"""An endocytosis process that begins when material is taken up into clathrin-coated pits, which then pinch off to form clathrin-coated endocytic vesicles."" [GOC:BHF, GOC:mah, PMID:18498251, PMID:8970738, PMID:9234965]",19,69,1,4247,0.014492753623188406,0.05263157894736842,query_1,['GO:0006898'],['Cad99C'],[['IMP']]
GO:BP,GO:0006979,response to oxidative stress,0.5464045331220361,False,"""Any process that results in a change in state or activity of a cell or an organism (in terms of movement, secretion, enzyme production, gene expression, etc.) as a result of oxidative stress, a state often resulting from exposure to high levels of reactive oxygen species, e.g. superoxide anions, hydrogen peroxide (H2O2), and hydroxyl radicals."" [GOC:jl, PMID:12115731]",61,69,2,4247,0.028985507246376812,0.03278688524590164,query_1,['GO:0006950'],"['foxo', 'rut']","[['IMP'], ['IMP']]"
GO:BP,GO:0140352,export from cell,0.5464045331220361,False,"""The directed movement of some substance from a cell, into the extracellular region. This may occur via transport across the plasma membrane or via exocytosis."" [GOC:pg]",109,69,3,4247,0.043478260869565216,0.027522935779816515,query_1,"['GO:0006810', 'GO:0009987']","['Rab10', 'Syx6', 'CG9650']","[['IMP', 'IBA'], ['ISS'], ['IMP']]"
GO:BP,GO:0071985,multivesicular body sorting pathway,0.5464045331220361,False,"""A vesicle-mediated transport process in which transmembrane proteins are ubiquitylated to facilitate their entry into luminal vesicles of multivesicular bodies (MVBs); upon subsequent fusion of MVBs with lysosomes or vacuoles, the cargo proteins are degraded."" [GOC:mah, PMID:17603537]",19,69,1,4247,0.014492753623188406,0.05263157894736842,query_1,['GO:0016192'],['Mvb12'],[['IBA']]
GO:BP,GO:0006195,purine nucleotide catabolic process,0.5464045331220361,False,"""The chemical reactions and pathways resulting in the breakdown of a purine nucleotide, a compound consisting of nucleoside (a purine base linked to a deoxyribose or ribose sugar) esterified with a phosphate group at either the 3' or 5'-hydroxyl group of the sugar."" [GOC:go_curators, ISBN:0198506732]",18,69,1,4247,0.014492753623188406,0.05555555555555555,query_1,"['GO:0006163', 'GO:0009166', 'GO:0072523']",['Gapdh2'],"[['IEP', 'ISS', 'IBA', 'IEA']]"
GO:BP,GO:0046903,secretion,0.5464045331220361,False,"""The controlled release of a substance by a cell or a tissue."" [GOC:ai]",107,69,3,4247,0.043478260869565216,0.028037383177570093,query_1,['GO:0006810'],"['Rab10', 'Syx6', 'CG9650']","[['IMP', 'IBA'], ['ISS'], ['IMP']]"
GO:BP,GO:2000026,regulation of multicellular organismal development,0.5464045331220361,False,"""Any process that modulates the frequency, rate or extent of multicellular organismal development."" [GOC:obol]",162,69,4,4247,0.057971014492753624,0.024691358024691357,query_1,"['GO:0007275', 'GO:0050793', 'GO:0051239']","['mr', 'Cip4', 'aop', 'CadN']","[['IMP'], ['IMP'], ['IMP'], ['IMP']]"
GO:BP,GO:0022412,cellular process involved in reproduction in multicellular organism,0.5464045331220361,False,"""A process, occurring at the cellular level, that is involved in the reproductive function of a multicellular organism."" [GOC:isa_complete]",431,69,9,4247,0.13043478260869565,0.02088167053364269,query_1,"['GO:0009987', 'GO:0048609']","['pigs', 'Cip4', 'Rab10', 'aop', 'Past1', 'elg1', 'Cad99C', 'ctp', 'hep']","[['IMP'], ['IMP'], ['IMP'], ['IMP'], ['IMP'], ['IMP'], ['IMP'], ['IMP'], ['IMP', 'IGI']]"
GO:BP,GO:0046627,negative regulation of insulin receptor signaling pathway,0.5464045331220361,False,"""Any process that stops, prevents, or reduces the frequency, rate or extent of insulin receptor signaling."" [GOC:bf]",19,69,1,4247,0.014492753623188406,0.05263157894736842,query_1,"['GO:0008286', 'GO:0009968', 'GO:0046626', 'GO:1900077']",['foxo'],[['IMP']]
GO:BP,GO:0007444,imaginal disc development,0.5464045331220361,False,"""The process whose specific outcome is the progression of the imaginal disc over time, from its formation to the metamorphosis to form adult structures. Imaginal discs are epithelial infoldings in the larvae of holometabolous insects that develop into adult structures (legs, antennae, wings, etc.)."" [GOC:bf, ISBN:0879694238]",315,69,7,4247,0.10144927536231885,0.022222222222222223,query_1,['GO:0048513'],"['Cip4', 'Past1', 'pygo', 'wge', 'dan', 'ctp', 'hep']","[['IMP'], ['IGI'], ['IMP'], ['IMP'], ['IMP'], ['IMP'], ['IMP', 'IGI']]"
GO:BP,GO:0006357,regulation of transcription by RNA polymerase II,0.5464045331220361,False,"""Any process that modulates the frequency, rate or extent of transcription mediated by RNA polymerase II."" [GOC:go_curators, GOC:txnOH]",428,69,9,4247,0.13043478260869565,0.02102803738317757,query_1,"['GO:0006355', 'GO:0006366']","['CG12236', 'aop', 'MED27', 'Ssdp', 'Nelf-A', 'pygo', 'CG18011', 'foxo', 'CG9650']","[['ISS', 'IBA'], ['IDA', 'IMP', 'IBA', 'IEA'], ['IDA', 'IBA', 'IC'], ['IMP', 'IBA'], ['ISS'], ['IDA', 'IPI', 'IMP', 'IGI'], ['ISS', 'IBA', 'IEA'], ['IDA', 'IMP', 'IBA'], ['IBA']]"
GO:BP,GO:0006810,transport,0.5464045331220361,False,"""The directed movement of substances (such as macromolecules, small molecules, ions) or cellular components (such as complexes and organelles) into, out of or within a cell, or between cells, or within a multicellular organism by means of some agent such as a transporter or a transporter complex, a pore or a motor protein."" [GOC:dos, GOC:dph, GOC:jl, GOC:mah]",772,69,15,4247,0.21739130434782608,0.019430051813471502,query_1,['GO:0051234'],"['Cip4', 'Mvb12', 'Nup205', 'Rab10', 'hoe1', 'aop', 'Past1', 'CG15099', 'CG8195', 'Syx6', 'Tim23', 'Cad99C', 'prel', 'CG9650', 'hep']","[['IEA'], ['IBA', 'IEA'], ['IMP', 'IEA'], ['IMP', 'ISS', 'IBA'], ['IEA'], ['IMP'], ['IMP', 'IBA', 'IEA'], ['IEA'], ['ISS'], ['ISS', 'IBA', 'IEA'], ['IBA'], ['IMP'], ['IBA', 'IEA'], ['IMP'], ['IMP']]"
GO:BP,GO:0099024,plasma membrane invagination,0.5464045331220361,False,"""An infolding of the plasma membrane."" [GOC:dos, GOC:vw]",19,69,1,4247,0.014492753623188406,0.05263157894736842,query_1,['GO:0010324'],['hep'],[['IMP']]
GO:BP,GO:0055090,acylglycerol homeostasis,0.5464045331220361,False,"""Any process involved in the maintenance of an internal steady state of acylglycerol within an organism or cell."" [GOC:BHF, GOC:rl]",18,69,1,4247,0.014492753623188406,0.05555555555555555,query_1,['GO:0055088'],['hep'],[['IMP']]
GO:BP,GO:0035206,regulation of hemocyte proliferation,0.5464045331220361,False,"""Any process that modulates the frequency, rate or extent of hemocyte proliferation. Hemocytes are blood cells associated with a hemocoel (the cavity containing most of the major organs of the arthropod body) which are involved in defense and clotting of hemolymph, but not involved in transport of oxygen. An example of this is found in Drosophila melanogaster."" [GOC:bf, GOC:mtg_sensu]",19,69,1,4247,0.014492753623188406,0.05263157894736842,query_1,"['GO:0002682', 'GO:0035172', 'GO:0042127', 'GO:0050793', 'GO:0051239']",['foxo'],[['IMP']]
GO:BP,GO:0042147,"retrograde transport, endosome to Golgi",0.5464045331220361,False,"""The directed movement of membrane-bounded vesicles from endosomes back to the trans-Golgi network where they are recycled for further rounds of transport."" [GOC:jl, PMID:10873832, PMID:16936697]",19,69,1,4247,0.014492753623188406,0.05263157894736842,query_1,"['GO:0016197', 'GO:0016482']",['Syx6'],[['IBA']]
GO:BP,GO:0001751,compound eye photoreceptor cell differentiation,0.5464045331220361,False,"""The process in which a relatively unspecialized cell acquires the specialized features of an eye photoreceptor cell."" [GOC:go_curators]",110,69,3,4247,0.043478260869565216,0.02727272727272727,query_1,"['GO:0001745', 'GO:0001754']","['aop', 'CadN', 'Past1']","[['IDA', 'IMP', 'IGI'], ['IMP'], ['IMP']]"
GO:BP,GO:0071345,cellular response to cytokine stimulus,0.5464045331220361,False,"""Any process that results in a change in state or activity of a cell (in terms of movement, secretion, enzyme production, gene expression, etc.) as a result of a cytokine stimulus."" [GOC:mah]",19,69,1,4247,0.014492753623188406,0.05263157894736842,query_1,['GO:0034097'],['hep'],"[['IMP', 'IGI']]"
GO:BP,GO:0048749,compound eye development,0.5512206285278601,False,"""The process whose specific outcome is the progression of the compound eye over time, from its formation to the mature structure. The compound eye is an organ of sight that contains multiple repeating units, often arranged hexagonally. Each unit has its own lens and photoreceptor cell(s) and can generate either a single pixelated image or multiple images, per eye."" [GOC:jid, GOC:mtg_sensu, Wikipedia:Eye]",216,69,5,4247,0.07246376811594203,0.023148148148148147,query_1,['GO:0001654'],"['aop', 'CadN', 'Past1', 'foxo', 'dan']","[['IDA', 'IMP', 'IGI'], ['IMP'], ['IMP'], ['IMP'], ['IMP']]"
GO:BP,GO:0009891,positive regulation of biosynthetic process,0.5512206285278601,False,"""Any process that activates or increases the frequency, rate or extent of the chemical reactions and pathways resulting in the formation of substances."" [GOC:go_curators]",380,69,8,4247,0.11594202898550725,0.021052631578947368,query_1,"['GO:0009058', 'GO:0009889', 'GO:0009893']","['aop', 'MED27', 'Ssdp', 'pygo', 'CG18011', 'larp', 'foxo', 'hep']","[['IMP'], ['IEA'], ['IBA'], ['IDA', 'IMP', 'IGI'], ['IEA'], ['IMP', 'IBA', 'IEA'], ['IDA', 'IMP'], ['IMP']]"
GO:BP,GO:0006605,protein targeting,0.5512206285278601,False,"""The process of targeting specific proteins to particular regions of the cell, typically membrane-bounded subcellular organelles. Usually requires an organelle specific protein sequence motif."" [GOC:ma]",63,69,2,4247,0.028985507246376812,0.031746031746031744,query_1,['GO:0045184'],"['Tim23', 'larp']","[['IBA'], ['IMP']]"
GO:BP,GO:1902680,positive regulation of RNA biosynthetic process,0.5512206285278601,False,"""Any process that activates or increases the frequency, rate or extent of RNA biosynthetic process."" [GO:jl, GO_REF:0000058, GOC:TermGenie]",270,69,6,4247,0.08695652173913043,0.022222222222222223,query_1,"['GO:0010557', 'GO:0032774', 'GO:0051254', 'GO:2001141']","['MED27', 'Ssdp', 'pygo', 'CG18011', 'foxo', 'hep']","[['IEA'], ['IBA'], ['IDA', 'IMP', 'IGI'], ['IEA'], ['IDA', 'IMP'], ['IMP']]"
GO:BP,GO:0045893,positive regulation of DNA-templated transcription,0.5512206285278601,False,"""Any process that activates or increases the frequency, rate or extent of cellular DNA-templated transcription."" [GOC:go_curators, GOC:txnOH]",270,69,6,4247,0.08695652173913043,0.022222222222222223,query_1,"['GO:0006351', 'GO:0006355', 'GO:1902680']","['MED27', 'Ssdp', 'pygo', 'CG18011', 'foxo', 'hep']","[['IEA'], ['IBA'], ['IDA', 'IMP', 'IGI'], ['IEA'], ['IDA', 'IMP'], ['IMP']]"
GO:BP,GO:0098813,nuclear chromosome segregation,0.5512206285278601,False,"""The process in which genetic material, in the form of nuclear chromosomes, is organized into specific structures and then physically separated and apportioned to two or more sets. Nuclear chromosome segregation begins with the condensation of chromosomes, includes chromosome separation, and ends when chromosomes have completed movement to the spindle poles."" [GOC:dos]",112,69,3,4247,0.043478260869565216,0.026785714285714284,query_1,['GO:0007059'],"['mr', 'mgr', 'larp']","[['IBA'], ['IMP'], ['IMP']]"
GO:BP,GO:0010821,regulation of mitochondrion organization,0.5530163754258731,False,"""Any process that modulates the frequency, rate or extent of a process involved in the formation, arrangement of constituent parts, or disassembly of a mitochondrion."" [GOC:dph, GOC:tb]",20,69,1,4247,0.014492753623188406,0.05,query_1,"['GO:0007005', 'GO:0033043']",['larp'],[['IMP']]
GO:BP,GO:0009132,nucleoside diphosphate metabolic process,0.5530163754258731,False,"""The chemical reactions and pathways involving a nucleoside diphosphate, a compound consisting of a nucleobase linked to a deoxyribose or ribose sugar esterified with diphosphate on the sugar."" [GOC:go_curators, ISBN:0198506732]",20,69,1,4247,0.014492753623188406,0.05,query_1,['GO:0006753'],['Gapdh2'],"[['IEP', 'ISS', 'IBA', 'IEA']]"
GO:BP,GO:1901700,response to oxygen-containing compound,0.5530163754258731,False,"""Any process that results in a change in state or activity of a cell or an organism (in terms of movement, secretion, enzyme production, gene expression, etc.) as a result of an oxygen-containing compound stimulus."" [GOC:pr, GOC:TermGenie]",164,69,4,4247,0.057971014492753624,0.024390243902439025,query_1,['GO:0042221'],"['Rab10', 'Edem2', 'foxo', 'rut']","[['IBA'], ['IMP', 'IBA', 'IEA'], ['IMP', 'IGI'], ['IMP']]"
GO:BP,GO:0045500,sevenless signaling pathway,0.5530163754258731,False,"""The series of molecular signals initiated by an extracellular ligand binding to sevenless (sev; a receptor tyrosine kinase) on the surface of a target cell, and ending with the regulation of a downstream cellular process, e.g. transcription."" [GOC:bf, GOC:signaling, PMID:10771085]",20,69,1,4247,0.014492753623188406,0.05,query_1,"['GO:0007169', 'GO:0007465']",['aop'],"[['IDA', 'IMP', 'IGI']]"
GO:BP,GO:0090307,mitotic spindle assembly,0.5530163754258731,False,"""Mitotic bipolar spindle assembly begins with spindle microtubule nucleation from the separated spindle pole body, includes spindle elongation during prometaphase, and is complete when all kinetochores are stably attached the spindle, and the spindle assembly checkpoint is satisfied."" [GOC:tb, GOC:vw]",20,69,1,4247,0.014492753623188406,0.05,query_1,"['GO:0000070', 'GO:0007052', 'GO:0051225']",['mgr'],[['IMP']]
GO:BP,GO:0019731,antibacterial humoral response,0.5530163754258731,False,"""An immune response against bacteria mediated through a body fluid. Examples of this process are the antibacterial humoral responses in Mus musculus and Drosophila melanogaster."" [GOC:go_curators, GOC:mtg_sensu]",20,69,1,4247,0.014492753623188406,0.05,query_1,"['GO:0019730', 'GO:0042742']",['hep'],[['IDA']]
GO:BP,GO:1905952,regulation of lipid localization,0.5530163754258731,False,"""Any process that modulates the frequency, rate or extent of lipid localization."" [GO_REF:0000058, GOC:TermGenie, PMID:17564681]",20,69,1,4247,0.014492753623188406,0.05,query_1,"['GO:0010876', 'GO:0032879']",['foxo'],[['IDA']]
GO:BP,GO:0015031,protein transport,0.5530163754258731,False,"""The directed movement of proteins into, out of or within a cell, or between cells, by means of some agent such as a transporter or pore."" [GOC:ai]",271,69,6,4247,0.08695652173913043,0.02214022140221402,query_1,"['GO:0045184', 'GO:0071705']","['Mvb12', 'Nup205', 'Rab10', 'CG15099', 'Syx6', 'Tim23']","[['IEA'], ['IMP', 'IEA'], ['IMP', 'IBA'], ['IEA'], ['IBA'], ['IBA']]"
GO:BP,GO:0044774,mitotic DNA integrity checkpoint signaling,0.5530163754258731,False,"""A signaling process that controls cell cycle progression in response to changes in DNA structure by monitoring the integrity of the DNA during mitosis. The DNA integrity checkpoint begins with detection of DNA damage, defects in DNA structure or DNA replication, and ends with signal transduction."" [GOC:mtg_cell_cycle]",20,69,1,4247,0.014492753623188406,0.05,query_1,"['GO:0007093', 'GO:0031570']",['mms4'],[['IBA']]
GO:BP,GO:0045010,actin nucleation,0.5530163754258731,False,"""The initial step in the formation of an actin filament, in which actin monomers combine to form a new filament. Nucleation is slow relative to the subsequent addition of more monomers to extend the filament."" [ISBN:0815316194]",20,69,1,4247,0.014492753623188406,0.05,query_1,['GO:0007015'],['Cip4'],[['IDA']]
GO:BP,GO:0061024,membrane organization,0.5530163754258731,False,"""A process which results in the assembly, arrangement of constituent parts, or disassembly of a membrane. A membrane is a double layer of lipid molecules that encloses all cells, and, in eukaryotes, many organelles; may be a single or double lipid bilayer; also includes associated proteins."" [GOC:dph, GOC:tb]",165,69,4,4247,0.057971014492753624,0.024242424242424242,query_1,['GO:0016043'],"['Cip4', 'Syx6', 'prel', 'hep']","[['IDA', 'IMP'], ['IBA'], ['IEA'], ['IMP']]"
GO:BP,GO:0006163,purine nucleotide metabolic process,0.5530163754258731,False,"""The chemical reactions and pathways involving a purine nucleotide, a compound consisting of nucleoside (a purine base linked to a deoxyribose or ribose sugar) esterified with a phosphate group at either the 3' or 5'-hydroxyl group of the sugar."" [GOC:go_curators, ISBN:0198506732]",64,69,2,4247,0.028985507246376812,0.03125,query_1,"['GO:0009117', 'GO:0072521']","['Gapdh2', 'rut']","[['IEP', 'ISS', 'IBA', 'IEA'], ['IBA', 'IEA']]"
GO:BP,GO:0006641,triglyceride metabolic process,0.5530163754258731,False,"""The chemical reactions and pathways involving triglyceride, any triester of glycerol. The three fatty acid residues may all be the same or differ in any permutation. Triglycerides are important components of plant oils, animal fats and animal plasma lipoproteins."" [ISBN:0198506732]",20,69,1,4247,0.014492753623188406,0.05,query_1,['GO:0006639'],['foxo'],[['IMP']]
GO:BP,GO:0006351,DNA-templated transcription,0.5559009251616626,False,"""The synthesis of an RNA transcript from a DNA template."" [GOC:jl, GOC:txnOH]",610,69,12,4247,0.17391304347826086,0.019672131147540985,query_1,"['GO:0010467', 'GO:0032774']","['CG12236', 'aop', 'MED27', 'Ssdp', 'Nelf-A', 'pygo', 'CG18011', 'foxo', 'dan', 'CG9650', 'ctp', 'hep']","[['ISS', 'IBA'], ['IDA', 'IMP', 'IBA', 'IEA'], ['IDA', 'IBA', 'IC', 'IEA'], ['IMP', 'IGI', 'IBA'], ['IDA', 'ISS', 'IBA'], ['IDA', 'IPI', 'IMP', 'IGI'], ['ISS', 'IBA', 'IEA'], ['IDA', 'IMP', 'IBA', 'IEA'], ['IMP'], ['IBA'], ['IEA'], ['IMP']]"
GO:BP,GO:0001738,morphogenesis of a polarized epithelium,0.5569223894638107,False,"""The morphogenetic process in which the anatomical structures of a polarized epithelium are generated and organized. A polarized epithelium is an epithelium where the epithelial sheet is oriented with respect to the planar axis."" [GOC:dph]",65,69,2,4247,0.028985507246376812,0.03076923076923077,query_1,['GO:0002009'],"['aop', 'CadN']","[['IMP', 'IGI'], ['IMP', 'IEA']]"
GO:BP,GO:0007091,metaphase/anaphase transition of mitotic cell cycle,0.5569223894638107,False,"""The cell cycle process in which a cell progresses from metaphase to anaphase during mitosis, triggered by the activation of the anaphase promoting complex by Cdc20/Sleepy homolog which results in the degradation of Securin."" [GOC:mtg_cell_cycle, PMID:10465783]",21,69,1,4247,0.014492753623188406,0.047619047619047616,query_1,"['GO:0044772', 'GO:0044784']",['mr'],[['IBA']]
GO:BP,GO:0001754,eye photoreceptor cell differentiation,0.5569223894638107,False,"""The process in which a relatively unspecialized cell acquires the specialized features of a photoreceptor cell, as found in the eye, the primary visual organ of most organisms."" [GOC:go_curators]",115,69,3,4247,0.043478260869565216,0.02608695652173913,query_1,"['GO:0046530', 'GO:0048592']","['aop', 'CadN', 'Past1']","[['IDA', 'IMP', 'IGI'], ['IMP'], ['IMP']]"
GO:BP,GO:0046528,imaginal disc fusion,0.5569223894638107,False,"""The process following disc eversion whereby imaginal discs fuse with adjacent disc derivatives to form a continuous adult epidermis."" [PMID:11494317]",21,69,1,4247,0.014492753623188406,0.047619047619047616,query_1,"['GO:0007560', 'GO:0009886']",['hep'],"[['IMP', 'IGI']]"
GO:BP,GO:0040001,establishment of mitotic spindle localization,0.5569223894638107,False,"""The cell cycle process in which the directed movement of the mitotic spindle to a specific location in the cell occurs."" [GOC:ai]",21,69,1,4247,0.014492753623188406,0.047619047619047616,query_1,"['GO:0051293', 'GO:1902850']",['ctp'],[['IMP']]
GO:BP,GO:0006261,DNA-templated DNA replication,0.5569223894638107,False,"""A DNA replication process that uses parental DNA as a template for the DNA-dependent DNA polymerases that synthesize the new strands."" [GOC:mah, ISBN:0198506732]",66,69,2,4247,0.028985507246376812,0.030303030303030304,query_1,['GO:0006260'],"['mms4', 'larp']","[['IBA'], ['IMP']]"
GO:BP,GO:0046529,"imaginal disc fusion, thorax closure",0.5569223894638107,False,"""The joining of the parts of the wing imaginal discs, giving rise to the adult thorax."" [http://sdb.bio.purdue.edu/fly/gene/fos4.htm]",21,69,1,4247,0.014492753623188406,0.047619047619047616,query_1,"['GO:0009886', 'GO:0046528']",['hep'],"[['IMP', 'IGI']]"
GO:BP,GO:0051491,positive regulation of filopodium assembly,0.5569223894638107,False,"""Any process that activates or increases the frequency, rate or extent of the assembly of a filopodium, a thin, stiff protrusion extended by the leading edge of a motile cell such as a crawling fibroblast or amoeba, or an axonal growth cone."" [GOC:ai, GOC:dph, GOC:tb]",21,69,1,4247,0.014492753623188406,0.047619047619047616,query_1,"['GO:0046847', 'GO:0051489', 'GO:0120034']",['hep'],[['IMP']]
GO:BP,GO:0048646,anatomical structure formation involved in morphogenesis,0.5569223894638107,False,"""The developmental process pertaining to the initial formation of an anatomical structure from unspecified parts. This process begins with the specific processes that contribute to the appearance of the discrete structure and ends when the structural rudiment is recognizable. An anatomical structure is any biological entity that occupies space and is distinguished from its surroundings. Anatomical structures can be macroscopic such as a carpel, or microscopic such as an acrosome."" [GOC:dph, GOC:jid, GOC:tb]",275,69,6,4247,0.08695652173913043,0.02181818181818182,query_1,"['GO:0009653', 'GO:0032502']","['Cip4', 'Past1', 'Cad99C', 'dan', 'ctp', 'hep']","[['IMP'], ['IMP'], ['IMP'], ['IMP'], ['IMP'], ['IMP']]"
GO:BP,GO:0044344,cellular response to fibroblast growth factor stimulus,0.5569223894638107,False,"""Any process that results in a change in state or activity of a cell (in terms of movement, secretion, enzyme production, gene expression, etc.) as a result of an fibroblast growth factor stimulus."" [GOC:jl, GOC:yaf]",21,69,1,4247,0.014492753623188406,0.047619047619047616,query_1,"['GO:0071363', 'GO:0071774']",['aop'],"[['IMP', 'IGI']]"
GO:BP,GO:0045935,positive regulation of nucleobase-containing compound metabolic process,0.5569223894638107,False,"""Any cellular process that activates or increases the frequency, rate or extent of the chemical reactions and pathways involving nucleobases, nucleosides, nucleotides and nucleic acids."" [GOC:go_curators]",329,69,7,4247,0.10144927536231885,0.02127659574468085,query_1,"['GO:0006139', 'GO:0009893', 'GO:0019219']","['MED27', 'Ssdp', 'pygo', 'CG18011', 'larp', 'foxo', 'hep']","[['IEA'], ['IBA'], ['IDA', 'IMP', 'IGI'], ['IEA'], ['IMP'], ['IDA', 'IMP'], ['IMP']]"
GO:BP,GO:0035017,cuticle pattern formation,0.5569223894638107,False,"""The regionalization process that gives rise to the patterns of cell differentiation in the cuticle."" [GOC:bf]",21,69,1,4247,0.014492753623188406,0.047619047619047616,query_1,"['GO:0003002', 'GO:0042335']",['pygo'],[['IMP']]
GO:BP,GO:1902903,regulation of supramolecular fiber organization,0.5569223894638107,False,"""Any process that modulates the frequency, rate or extent of supramolecular fiber organization."" [GO_REF:0000058, GOC:PARL, GOC:rl, GOC:TermGenie, PMID:23921388]",66,69,2,4247,0.028985507246376812,0.030303030303030304,query_1,"['GO:0051128', 'GO:0097435']","['Cip4', 'hep']","[['IDA'], ['IMP']]"
GO:BP,GO:0062197,cellular response to chemical stress,0.5569223894638107,False,"""Any process that results in a change in state or activity of a cell (in terms of movement, secretion, enzyme production, gene expression, etc.) as a result of a chemical stimulus indicating the organism is under stress."" [PMID:26653712]",21,69,1,4247,0.014492753623188406,0.047619047619047616,query_1,"['GO:0033554', 'GO:0070887']",['foxo'],[['IMP']]
GO:BP,GO:0009889,regulation of biosynthetic process,0.5569223894638107,False,"""Any process that modulates the frequency, rate or extent of the chemical reactions and pathways resulting in the formation of substances."" [GOC:go_curators]",903,69,17,4247,0.2463768115942029,0.018826135105204873,query_1,"['GO:0009058', 'GO:0019222']","['CG12236', 'Upf2', 'aop', 'MED27', 'Ssdp', 'Nelf-A', 'pygo', 'fus', 'CG18011', 'Gasz', 'larp', 'foxo', 'CG11360', 'dan', 'CG9650', 'ctp', 'hep']","[['ISS', 'IBA'], ['IDA', 'IMP', 'IBA', 'IEA'], ['IDA', 'IMP', 'IGI', 'IBA', 'IEA'], ['IDA', 'IBA', 'IC', 'IEA'], ['IMP', 'IGI', 'IBA'], ['IDA', 'ISS', 'IBA'], ['IDA', 'IPI', 'IMP', 'IGI'], ['IDA', 'IBA'], ['ISS', 'IBA', 'IEA'], ['IMP'], ['IMP', 'IBA', 'IEA'], ['IDA', 'IMP', 'IBA', 'IEA'], ['HMP', 'IEA'], ['IMP'], ['IBA'], ['IMP', 'IEA'], ['IMP']]"
GO:BP,GO:0009611,response to wounding,0.5569223894638107,False,"""Any process that results in a change in state or activity of a cell or an organism (in terms of movement, secretion, enzyme production, gene expression, etc.) as a result of a stimulus indicating damage to the organism."" [GOC:go_curators]",65,69,2,4247,0.028985507246376812,0.03076923076923077,query_1,['GO:0006950'],"['foxo', 'hep']","[['IMP'], ['IMP']]"
GO:BP,GO:0008543,fibroblast growth factor receptor signaling pathway,0.5569223894638107,False,"""The series of molecular signals generated as a consequence of a fibroblast growth factor receptor binding to one of its physiological ligands."" [GOC:ceb]",21,69,1,4247,0.014492753623188406,0.047619047619047616,query_1,"['GO:0007169', 'GO:0044344']",['aop'],"[['IMP', 'IGI']]"
GO:BP,GO:0071774,response to fibroblast growth factor,0.5569223894638107,False,"""Any process that results in a change in state or activity of a cell or an organism (in terms of movement, secretion, enzyme production, gene expression, etc.) as a result of a fibroblast growth factor stimulus."" [GOC:mah]",21,69,1,4247,0.014492753623188406,0.047619047619047616,query_1,['GO:0070848'],['aop'],"[['IMP', 'IGI']]"
GO:BP,GO:1901652,response to peptide,0.5569223894638107,False,"""Any process that results in a change in state or activity of a cell or an organism (in terms of movement, secretion, enzyme production, gene expression, etc.) as a result of a peptide stimulus."" [GOC:pr, GOC:TermGenie]",21,69,1,4247,0.014492753623188406,0.047619047619047616,query_1,['GO:0042221'],['hep'],"[['IMP', 'IGI']]"
GO:BP,GO:0032784,regulation of DNA-templated transcription elongation,0.5569223894638107,False,"""Any process that modulates the frequency, rate or extent of transcription elongation, the extension of an RNA molecule after transcription initiation and promoter clearance by the addition of ribonucleotides catalyzed by a DNA-dependent RNA polymerase."" [GOC:mah, GOC:txnOH]",21,69,1,4247,0.014492753623188406,0.047619047619047616,query_1,"['GO:0006354', 'GO:0006355']",['Nelf-A'],"[['IDA', 'IBA']]"
GO:BP,GO:0007605,sensory perception of sound,0.5569223894638107,False,"""The series of events required for an organism to receive an auditory stimulus, convert it to a molecular signal, and recognize and characterize the signal. Sonic stimuli are detected in the form of vibrations and are processed to form a sound."" [GOC:ai]",21,69,1,4247,0.014492753623188406,0.047619047619047616,query_1,['GO:0050954'],['Cad99C'],[['IMP']]
GO:BP,GO:0034097,response to cytokine,0.5569223894638107,False,"""Any process that results in a change in state or activity of a cell or an organism (in terms of movement, secretion, enzyme production, gene expression, etc.) as a result of a cytokine stimulus."" [GOC:sl]",21,69,1,4247,0.014492753623188406,0.047619047619047616,query_1,['GO:1901652'],['hep'],"[['IMP', 'IGI']]"
GO:BP,GO:0010558,negative regulation of macromolecule biosynthetic process,0.5583185562137725,False,"""Any process that decreases the rate, frequency or extent of the chemical reactions and pathways resulting in the formation of a macromolecule, any molecule of high relative molecular mass, the structure of which essentially comprises the multiple repetition of units derived, actually or conceptually, from molecules of low relative molecular mass."" [GOC:dph, GOC:tb]",388,69,8,4247,0.11594202898550725,0.020618556701030927,query_1,"['GO:0009059', 'GO:0009890', 'GO:0010556', 'GO:0010605']","['CG12236', 'Upf2', 'aop', 'Nelf-A', 'Gasz', 'larp', 'foxo', 'ctp']","[['ISS'], ['IDA', 'IMP', 'IBA', 'IEA'], ['IDA', 'IMP', 'IGI', 'IEA'], ['IDA', 'ISS', 'IBA'], ['IMP'], ['IMP', 'IEA'], ['IMP'], ['IMP', 'IEA']]"
GO:BP,GO:0007472,wing disc morphogenesis,0.5603086903382005,False,"""The process in which the anatomical structures derived from the wing disc are generated and organized. This includes the transformation of a wing imaginal disc from a monolayered epithelium in the larvae of holometabolous insects into recognizable adult structures including the wing hinge, wing blade and pleura."" [GOC:bf, ISBN:0879694238]",169,69,4,4247,0.057971014492753624,0.023668639053254437,query_1,"['GO:0007560', 'GO:0035220']","['Cip4', 'Past1', 'pygo', 'ctp']","[['IMP'], ['IGI'], ['IMP'], ['IMP']]"
GO:BP,GO:0040011,locomotion,0.5616460728856898,False,"""Self-propelled movement of a cell or organism from one location to another."" [GOC:dgh]",117,69,3,4247,0.043478260869565216,0.02564102564102564,query_1,['GO:0008150'],"['Nup205', 'aop', 'hep']","[['IMP'], ['IMP'], ['IGI']]"
GO:BP,GO:0048523,negative regulation of cellular process,0.5616460728856898,False,"""Any process that stops, prevents, or reduces the frequency, rate or extent of a cellular process, any of those that are carried out at the cellular level, but are not necessarily restricted to a single cell. For example, cell communication occurs among more than one cell, but occurs at the cellular level."" [GOC:jid]",791,69,15,4247,0.21739130434782608,0.018963337547408345,query_1,"['GO:0009987', 'GO:0048519', 'GO:0050794']","['CG12236', 'pigs', 'Upf2', 'mr', 'Cip4', 'aop', 'CadN', 'Nelf-A', 'pygo', 'mms4', 'Gasz', 'larp', 'foxo', 'CG9650', 'ctp']","[['ISS'], ['IMP'], ['IDA', 'IMP', 'IBA', 'IEA'], ['IMP'], ['IDA', 'IMP'], ['IDA', 'IMP', 'IGI', 'IEA'], ['IMP'], ['IDA', 'ISS', 'IBA'], ['IMP'], ['IBA'], ['IMP'], ['IMP', 'IEA'], ['IDA', 'IMP'], ['IMP'], ['IMP', 'IEA']]"
GO:BP,GO:0043484,regulation of RNA splicing,0.5618739172859504,False,"""Any process that modulates the frequency, rate or extent of RNA splicing, the process of removing sections of the primary RNA transcript to remove sequences not present in the mature form of the RNA and joining the remaining sections to form the mature form of the RNA."" [GOC:jl]",67,69,2,4247,0.028985507246376812,0.029850746268656716,query_1,"['GO:0008380', 'GO:0010468', 'GO:0080090']","['fus', 'CG11360']","[['IDA', 'IBA'], ['HMP']]"
GO:BP,GO:0003006,developmental process involved in reproduction,0.5618739172859504,False,"""A developmental process in which a progressive change in the state of some part of an organism, germline or somatic, specifically contributes to its ability to form offspring."" [GOC:dph, GOC:isa_complete]",503,69,10,4247,0.14492753623188406,0.019880715705765408,query_1,"['GO:0022414', 'GO:0032502']","['CG12236', 'pigs', 'Cip4', 'Rab10', 'aop', 'Past1', 'elg1', 'Cad99C', 'ctp', 'hep']","[['IEA'], ['IMP'], ['IMP'], ['IMP'], ['IMP'], ['IMP'], ['IMP'], ['IMP'], ['IMP'], ['IMP', 'IGI']]"
GO:BP,GO:0030031,cell projection assembly,0.5618739172859504,False,"""Formation of a prolongation or process extending from a cell, e.g. a flagellum or axon."" [GOC:jl, GOC:mah, PMID:18391171]",67,69,2,4247,0.028985507246376812,0.029850746268656716,query_1,"['GO:0022607', 'GO:0030030']","['Past1', 'hep']","[['IBA'], ['IMP']]"
GO:BP,GO:0044784,metaphase/anaphase transition of cell cycle,0.5643536941312324,False,"""The cell cycle process in which a cell progresses from metaphase to anaphase as part of the cell cycle."" [GOC:mtg_cell_cycle]",22,69,1,4247,0.014492753623188406,0.045454545454545456,query_1,"['GO:0033045', 'GO:0044770']",['mr'],[['IBA']]
GO:BP,GO:0120034,positive regulation of plasma membrane bounded cell projection assembly,0.5643536941312324,False,"""Any process that activates or increases the frequency, rate or extent of plasma membrane bounded cell projection assembly."" [GOC:krc]",22,69,1,4247,0.014492753623188406,0.045454545454545456,query_1,"['GO:0031346', 'GO:0044089', 'GO:0120031', 'GO:0120032']",['hep'],[['IMP']]
GO:BP,GO:1902850,microtubule cytoskeleton organization involved in mitosis,0.5643536941312324,False,"""Any microtubule cytoskeleton organization that is involved in mitosis."" [GO_REF:0000060, GOC:TermGenie, PMID:18799626]",68,69,2,4247,0.028985507246376812,0.029411764705882353,query_1,"['GO:0000226', 'GO:1903047']","['mgr', 'ctp']","[['IMP'], ['IMP']]"
GO:BP,GO:1903046,meiotic cell cycle process,0.5643536941312324,False,"""A process that is part of the meiotic cell cycle."" [GO_REF:0000060, GOC:mtg_cell_cycle, GOC:TermGenie]",118,69,3,4247,0.043478260869565216,0.025423728813559324,query_1,"['GO:0022402', 'GO:0022414', 'GO:0051321']","['mgr', 'mms4', 'larp']","[['IMP'], ['IBA'], ['IMP']]"
GO:BP,GO:0009166,nucleotide catabolic process,0.5643536941312324,False,"""The chemical reactions and pathways resulting in the breakdown of nucleotides, any nucleoside that is esterified with (ortho)phosphate or an oligophosphate at any hydroxyl group on the glycose moiety; may be mono-, di- or triphosphate; this definition includes cyclic-nucleotides (nucleoside cyclic phosphates)."" [GOC:go_curators]",22,69,1,4247,0.014492753623188406,0.045454545454545456,query_1,"['GO:0009117', 'GO:1901292']",['Gapdh2'],"[['IEP', 'ISS', 'IBA', 'IEA']]"
GO:BP,GO:0007623,circadian rhythm,0.5643536941312324,False,"""Any biological process in an organism that recurs with a regularity of approximately 24 hours."" [GOC:bf, GOC:go_curators]",68,69,2,4247,0.028985507246376812,0.029411764705882353,query_1,['GO:0048511'],"['foxo', 'rut']","[['IMP', 'IGI'], ['IMP']]"
GO:BP,GO:0140719,constitutive heterochromatin formation,0.5643536941312324,False,"""The compaction of chromatin into heterochromatin, a conformation that is refractory to transcription. Constitutive heterochromatin cannot be converted back to euchromatin, the transcriptionally-active conformation. In metazoa, this involves the methylation of histone H3K9."" [PMID:17936700]",22,69,1,4247,0.014492753623188406,0.045454545454545456,query_1,['GO:0031507'],['ctp'],[['IMP']]
GO:BP,GO:0051494,negative regulation of cytoskeleton organization,0.5643536941312324,False,"""Any process that stops, prevents, or reduces the frequency, rate or extent of the formation, arrangement of constituent parts, or disassembly of cytoskeletal structures."" [GOC:ai]",22,69,1,4247,0.014492753623188406,0.045454545454545456,query_1,"['GO:0007010', 'GO:0010639', 'GO:0051493']",['Cip4'],[['IDA']]
GO:BP,GO:0032482,Rab protein signal transduction,0.5643536941312324,False,"""An intracellular signaling cassette in which a small monomeric GTPase of the Rab subfamily relays a signal."" [GOC:mah]",22,69,1,4247,0.014492753623188406,0.045454545454545456,query_1,['GO:0007264'],['Rab10'],[['ISS']]
GO:BP,GO:0016318,ommatidial rotation,0.5643536941312324,False,"""The process in which photoreceptors are arranged in ommatidia in the dorsal and ventral fields to be mirror images. The polarity is established in the imaginal discs concurrently with cell fate specification."" [PMID:10725247]",22,69,1,4247,0.014492753623188406,0.045454545454545456,query_1,"['GO:0007389', 'GO:0042067']",['CadN'],[['IMP']]
GO:BP,GO:1902904,negative regulation of supramolecular fiber organization,0.5643536941312324,False,"""Any process that stops, prevents or reduces the frequency, rate or extent of fibril organization."" [GO_REF:0000058, GOC:PARL, GOC:rl, GOC:TermGenie, PMID:23921388]",22,69,1,4247,0.014492753623188406,0.045454545454545456,query_1,"['GO:0051129', 'GO:0097435', 'GO:1902903']",['Cip4'],[['IDA']]
GO:BP,GO:0009628,response to abiotic stimulus,0.565827464180131,False,"""Any process that results in a change in state or activity of a cell or an organism (in terms of movement, secretion, enzyme production, gene expression, etc.) as a result of an abiotic (not derived from living organisms) stimulus."" [GOC:hb]",172,69,4,4247,0.057971014492753624,0.023255813953488372,query_1,['GO:0050896'],"['Nup205', 'CG5504', 'rut', 'hep']","[['IMP'], ['IEA'], ['IMP'], ['IMP']]"
GO:BP,GO:0030036,actin cytoskeleton organization,0.565827464180131,False,"""A process that is carried out at the cellular level which results in the assembly, arrangement of constituent parts, or disassembly of cytoskeletal structures comprising actin filaments and their associated proteins."" [GOC:dph, GOC:jl, GOC:mah]",172,69,4,4247,0.057971014492753624,0.023255813953488372,query_1,"['GO:0007010', 'GO:0030029']","['pigs', 'Cip4', 'ctp', 'hep']","[['IBA'], ['IDA'], ['IMP'], ['IMP']]"
GO:BP,GO:0009890,negative regulation of biosynthetic process,0.565827464180131,False,"""Any process that stops, prevents, or reduces the rate of the chemical reactions and pathways resulting in the formation of substances."" [GOC:go_curators]",393,69,8,4247,0.11594202898550725,0.020356234096692113,query_1,"['GO:0009058', 'GO:0009889', 'GO:0009892']","['CG12236', 'Upf2', 'aop', 'Nelf-A', 'Gasz', 'larp', 'foxo', 'ctp']","[['ISS'], ['IDA', 'IMP', 'IBA', 'IEA'], ['IDA', 'IMP', 'IGI', 'IEA'], ['IDA', 'ISS', 'IBA'], ['IMP'], ['IMP', 'IEA'], ['IMP'], ['IMP', 'IEA']]"
GO:BP,GO:0010038,response to metal ion,0.5682586092551495,False,"""Any process that results in a change in state or activity of a cell or an organism (in terms of movement, secretion, enzyme production, gene expression, etc.) as a result of a metal ion stimulus."" [GOC:sm]",23,69,1,4247,0.014492753623188406,0.043478260869565216,query_1,['GO:0042221'],['hep'],[['IMP']]
GO:BP,GO:0072523,purine-containing compound catabolic process,0.5682586092551495,False,"""The chemical reactions and pathways resulting in the breakdown of a purine-containing compound, i.e. any compound that contains purine or a formal derivative thereof."" [GOC:mah]",23,69,1,4247,0.014492753623188406,0.043478260869565216,query_1,"['GO:0009056', 'GO:0072521']",['Gapdh2'],"[['IEP', 'ISS', 'IBA', 'IEA']]"
GO:BP,GO:0007465,R7 cell fate commitment,0.5682586092551495,False,"""The process in which the R7 photoreceptor commits to its cell fate. The R7 receptor contributes the central part of the rhabdomere in the apical parts of the ommatidium."" [PMID:3076112, PMID:3937883]",23,69,1,4247,0.014492753623188406,0.043478260869565216,query_1,"['GO:0001752', 'GO:0045466']",['aop'],"[['IDA', 'IMP', 'IGI']]"
GO:BP,GO:0007009,plasma membrane organization,0.5682586092551495,False,"""A process that is carried out at the cellular level which results in the assembly, arrangement of constituent parts, or disassembly of the plasma membrane."" [GOC:dph, GOC:jl, GOC:mah]",23,69,1,4247,0.014492753623188406,0.043478260869565216,query_1,"['GO:0010256', 'GO:0061024']",['Cip4'],"[['IDA', 'IMP']]"
GO:BP,GO:0035172,hemocyte proliferation,0.5682586092551495,False,"""The multiplication or reproduction of hemocytes, resulting in the expansion of the cell population. Hemocytes are blood cells associated with a hemocoel (the cavity containing most of the major organs of the arthropod body) which are involved in defense and clotting of hemolymph, but not involved in transport of oxygen."" [GOC:bf, GOC:mtg_sensu]",23,69,1,4247,0.014492753623188406,0.043478260869565216,query_1,"['GO:0002376', 'GO:0008283']",['foxo'],[['IMP']]
GO:BP,GO:0046777,protein autophosphorylation,0.5682586092551495,False,"""The phosphorylation by a protein of one or more of its own amino acid residues (cis-autophosphorylation), or residues on an identical protein (trans-autophosphorylation)."" [ISBN:0198506732]",23,69,1,4247,0.014492753623188406,0.043478260869565216,query_1,['GO:0006468'],['CG17528'],[['IBA']]
GO:BP,GO:0009100,glycoprotein metabolic process,0.5682586092551495,False,"""The chemical reactions and pathways involving glycoproteins, a protein that contains covalently bound glycose (i.e. monosaccharide) residues; the glycose occurs most commonly as oligosaccharide or fairly small polysaccharide but occasionally as monosaccharide."" [GOC:go_curators, ISBN:0198506732]",70,69,2,4247,0.028985507246376812,0.02857142857142857,query_1,"['GO:0019538', 'GO:1901135']","['Edem2', 'ttv']","[['IMP', 'IBA', 'IEA'], ['IMP', 'IEA']]"
GO:BP,GO:0001745,compound eye morphogenesis,0.5682586092551495,False,"""The morphogenetic process in which the anatomical structures of the compound eye are generated and organized. The adult compound eye is a precise assembly of 700-800 ommatidia. Each ommatidium is composed of 20 cells, identified by cell type and position. An example of compound eye morphogenesis is found in Drosophila melanogaster."" [GOC:dph, GOC:mtg_sensu]",173,69,4,4247,0.057971014492753624,0.023121387283236993,query_1,"['GO:0048592', 'GO:0048749']","['aop', 'CadN', 'Past1', 'foxo']","[['IDA', 'IMP', 'IGI'], ['IMP'], ['IMP'], ['IMP']]"
GO:BP,GO:0035556,intracellular signal transduction,0.5682586092551495,False,"""The process in which a signal is passed on to downstream components within the cell, which become activated themselves to further propagate the signal and finally trigger a change in the function or state of the cell."" [GOC:bf, GOC:jl, GOC:signaling, ISBN:3527303782]",395,69,8,4247,0.11594202898550725,0.020253164556962026,query_1,['GO:0007165'],"['Rab10', 'Edem2', 'mms4', 'CG17528', 'Cad99C', 'Sur-8', 'rut', 'hep']","[['ISS'], ['IMP', 'IGI'], ['IBA'], ['IBA', 'IEA'], ['IGI'], ['HGI'], ['IMP', 'IEA'], ['IDA', 'IMP', 'IGI', 'IEA']]"
GO:BP,GO:0031110,regulation of microtubule polymerization or depolymerization,0.5682586092551495,False,"""Any process that modulates the frequency, rate or extent of microtubule polymerization or depolymerization by the addition or removal of tubulin heterodimers from a microtubule."" [GOC:mah]",23,69,1,4247,0.014492753623188406,0.043478260869565216,query_1,"['GO:0031109', 'GO:0070507']",['pigs'],[['IBA']]
GO:BP,GO:0032870,cellular response to hormone stimulus,0.5682586092551495,False,"""Any process that results in a change in state or activity of a cell (in terms of movement, secretion, enzyme production, gene expression, etc.) as a result of a hormone stimulus."" [GOC:mah]",70,69,2,4247,0.028985507246376812,0.02857142857142857,query_1,"['GO:0009725', 'GO:0070887', 'GO:0071495']","['Rab10', 'foxo']","[['IBA'], ['IMP', 'IGI']]"
GO:BP,GO:0048511,rhythmic process,0.5682586092551495,False,"""Any process pertinent to the generation and maintenance of rhythms in the physiology of an organism."" [GOC:jid]",69,69,2,4247,0.028985507246376812,0.028985507246376812,query_1,['GO:0008150'],"['foxo', 'rut']","[['IMP', 'IGI'], ['IMP']]"
GO:BP,GO:0010927,cellular component assembly involved in morphogenesis,0.5682586092551495,False,"""The cellular component assembly that is part of the initial shaping of the component during its developmental progression."" [GOC:dph, GOC:tb]",70,69,2,4247,0.028985507246376812,0.02857142857142857,query_1,"['GO:0022607', 'GO:0032989', 'GO:0048646']","['Cad99C', 'hep']","[['IMP'], ['IMP']]"
GO:BP,GO:0016079,synaptic vesicle exocytosis,0.5682586092551495,False,"""Fusion of intracellular membrane-bounded vesicles with the pre-synaptic membrane of the neuronal cell resulting in release of neurotransmitter into the synaptic cleft."" [GOC:jid, GOC:lmg]",23,69,1,4247,0.014492753623188406,0.043478260869565216,query_1,"['GO:0007269', 'GO:0045055', 'GO:0051649', 'GO:0099003', 'GO:0099504', 'GO:0099643']",['Syx6'],[['ISS']]
GO:BP,GO:0032989,cellular anatomical entity morphogenesis,0.5682586092551495,False,"""The process in which a cellular entity is generated and organized. A cellular entity has granularity above the level of a protein complex but below that of an anatomical system."" [GOC:dph, GOC:mah, GOC:tb]",70,69,2,4247,0.028985507246376812,0.02857142857142857,query_1,['GO:0016043'],"['Cad99C', 'hep']","[['IMP'], ['IMP']]"
GO:BP,GO:1904951,positive regulation of establishment of protein localization,0.5682586092551495,False,"""Any process that activates or increases the frequency, rate or extent of establishment of protein localization."" [GO_REF:0000058, GOC:TermGenie, PMID:22761445]",23,69,1,4247,0.014492753623188406,0.043478260869565216,query_1,"['GO:0045184', 'GO:0070201', 'GO:1903829']",['larp'],[['IMP']]
GO:BP,GO:0033045,regulation of sister chromatid segregation,0.5682586092551495,False,"""Any process that modulates the frequency, rate or extent of sister chromatid segregation."" [GOC:mah]",23,69,1,4247,0.014492753623188406,0.043478260869565216,query_1,"['GO:0000819', 'GO:0033044', 'GO:0051983']",['mr'],[['IBA']]
GO:BP,GO:0030431,sleep,0.5682586092551495,False,"""Any process in which an organism enters and maintains a periodic, readily reversible state of reduced awareness and metabolic activity. Usually accompanied by physical relaxation, the onset of sleep in humans and other mammals is marked by a change in the electrical activity of the brain."" [ISBN:0192800981]",23,69,1,4247,0.014492753623188406,0.043478260869565216,query_1,['GO:0032501'],['rut'],[['IMP']]
GO:BP,GO:0010638,positive regulation of organelle organization,0.5682586092551495,False,"""Any process that increases the frequency, rate or extent of a process involved in the formation, arrangement of constituent parts, or disassembly of an organelle."" [GOC:dph, GOC:tb]",70,69,2,4247,0.028985507246376812,0.02857142857142857,query_1,"['GO:0006996', 'GO:0033043', 'GO:0051130']","['larp', 'hep']","[['IMP'], ['IMP']]"
GO:BP,GO:0006402,mRNA catabolic process,0.5682586092551495,False,"""The chemical reactions and pathways resulting in the breakdown of mRNA, messenger RNA, which is responsible for carrying the coded genetic 'message', transcribed from DNA, to sites of protein assembly at the ribosomes."" [ISBN:0198506732]",69,69,2,4247,0.028985507246376812,0.028985507246376812,query_1,"['GO:0006401', 'GO:0010629', 'GO:0016071']","['Upf2', 'larp']","[['IDA', 'IMP', 'IBA', 'IEA'], ['IEA']]"
GO:BP,GO:0048880,sensory system development,0.574393582507249,False,"""The process whose specific outcome is the progression of a sensory system over time from its formation to the mature structure."" [GOC:dgh]",232,69,5,4247,0.07246376811594203,0.021551724137931036,query_1,['GO:0048731'],"['aop', 'CadN', 'Past1', 'foxo', 'dan']","[['IDA', 'IMP', 'IGI'], ['IMP'], ['IMP'], ['IMP'], ['IMP']]"
GO:BP,GO:0061077,chaperone-mediated protein folding,0.574393582507249,False,"""The process of inhibiting aggregation and assisting in the covalent and noncovalent assembly of single chain polypeptides or multisubunit complexes into the correct tertiary structure that is dependent on interaction with a chaperone."" [GOC:dph, GOC:vw]",24,69,1,4247,0.014492753623188406,0.041666666666666664,query_1,['GO:0006457'],['mrj'],"[['ISS', 'IBA']]"
GO:BP,GO:0034587,piRNA processing,0.574393582507249,False,"""A process leading to the generation of a functional piRNA. piRNAs (Piwi-associated RNAs) are a class of 24- to 30-nucleotide RNAs derived from repeat or complex DNA sequence elements and processed by a Dicer-independent mechanism."" [GOC:kmv, PMID:23329111, PMID:24696457, PMID:34724117]",24,69,1,4247,0.014492753623188406,0.041666666666666664,query_1,['GO:0070918'],['Gasz'],[['IMP']]
GO:BP,GO:0051057,positive regulation of small GTPase mediated signal transduction,0.574393582507249,False,"""Any process that activates or increases the frequency, rate or extent of small GTPase mediated signal transduction."" [GOC:ai]",24,69,1,4247,0.014492753623188406,0.041666666666666664,query_1,"['GO:0007264', 'GO:0051056', 'GO:1902533']",['Sur-8'],[['HGI']]
GO:BP,GO:0006892,post-Golgi vesicle-mediated transport,0.574393582507249,False,"""The directed movement of substances from the Golgi to other parts of the cell, including organelles and the plasma membrane, mediated by small transport vesicles."" [GOC:ai, GOC:mah]",24,69,1,4247,0.014492753623188406,0.041666666666666664,query_1,['GO:0048193'],['CG15099'],[['IEA']]
GO:BP,GO:0040014,regulation of multicellular organism growth,0.574393582507249,False,"""Any process that modulates the frequency, rate or extent of growth of the body of an organism so that it reaches its usual body size."" [GOC:dph, GOC:ems, GOC:tb]",24,69,1,4247,0.014492753623188406,0.041666666666666664,query_1,"['GO:0035264', 'GO:0048638', 'GO:0051239']",['foxo'],[['IMP']]
GO:BP,GO:0001654,eye development,0.574393582507249,False,"""The process whose specific outcome is the progression of the eye over time, from its formation to the mature structure. The eye is the organ of sight."" [GOC:jid, GOC:jl]",232,69,5,4247,0.07246376811594203,0.021551724137931036,query_1,"['GO:0007423', 'GO:0150063']","['aop', 'CadN', 'Past1', 'foxo', 'dan']","[['IDA', 'IMP', 'IGI'], ['IMP'], ['IMP'], ['IMP'], ['IMP']]"
GO:BP,GO:0051293,establishment of spindle localization,0.574393582507249,False,"""The directed movement of the spindle to a specific location in the cell."" [GOC:ai]",24,69,1,4247,0.014492753623188406,0.041666666666666664,query_1,"['GO:0000226', 'GO:0051649', 'GO:0051653', 'GO:0051656']",['ctp'],[['IMP']]
GO:BP,GO:0045055,regulated exocytosis,0.574393582507249,False,"""A process of exocytosis in which soluble proteins and other substances are initially stored in secretory vesicles for later release. It is found mainly in cells that are specialized for secreting products such as hormones, neurotransmitters, or digestive enzymes rapidly on demand."" [GOC:mah, ISBN:0716731363]",24,69,1,4247,0.014492753623188406,0.041666666666666664,query_1,['GO:0006887'],['Syx6'],[['ISS']]
GO:BP,GO:0008355,olfactory learning,0.574393582507249,False,"""Any process in an organism in which a relatively long-lasting adaptive behavioral change occurs in response to (repeated) exposure to an olfactory cue."" [ISBN:0582227089]",24,69,1,4247,0.014492753623188406,0.041666666666666664,query_1,"['GO:0008306', 'GO:0042048']",['rut'],"[['IMP', 'TAS']]"
GO:BP,GO:1903034,regulation of response to wounding,0.574393582507249,False,"""Any process that modulates the frequency, rate or extent of response to wounding."" [GO_REF:0000058, GOC:kmv, GOC:TermGenie, PMID:19164535]",24,69,1,4247,0.014492753623188406,0.041666666666666664,query_1,"['GO:0009611', 'GO:0080134']",['foxo'],[['IMP']]
GO:BP,GO:0006006,glucose metabolic process,0.574393582507249,False,"""The chemical reactions and pathways involving glucose, the aldohexose gluco-hexose. D-glucose is dextrorotatory and is sometimes known as dextrose; it is an important source of energy for living organisms and is found free as well as combined in homo- and hetero-oligosaccharides and polysaccharides."" [ISBN:0198506732]",24,69,1,4247,0.014492753623188406,0.041666666666666664,query_1,['GO:0019318'],['Gapdh2'],"[['ISS', 'IEA']]"
GO:BP,GO:0051983,regulation of chromosome segregation,0.574393582507249,False,"""Any process that modulates the frequency, rate or extent of chromosome segregation, the process in which genetic material, in the form of chromosomes, is organized and then physically separated and apportioned to two or more sets."" [GOC:ai]",24,69,1,4247,0.014492753623188406,0.041666666666666664,query_1,"['GO:0007059', 'GO:0010564']",['mr'],[['IBA']]
GO:BP,GO:0150063,visual system development,0.574393582507249,False,"""The process whose specific outcome is the progression of the visual system over time, from its formation to the mature structure, including the eye, parts of the central nervous system (CNS) involved in processing of visual inputs, and connecting nerve pathways."" [GOC:aruk, GOC:bc, GOC:krc, PMID:15004427, PMID:20647017, PMID:22632727]",232,69,5,4247,0.07246376811594203,0.021551724137931036,query_1,['GO:0048880'],"['aop', 'CadN', 'Past1', 'foxo', 'dan']","[['IDA', 'IMP', 'IGI'], ['IMP'], ['IMP'], ['IMP'], ['IMP']]"
GO:BP,GO:0045448,"mitotic cell cycle, embryonic",0.574393582507249,False,"""The eukaryotic cell cycle in which a cell is duplicated without changing ploidy, occurring in the embryo."" [GOC:go_curators]",24,69,1,4247,0.014492753623188406,0.041666666666666664,query_1,"['GO:0000278', 'GO:0009790']",['larp'],[['IMP']]
GO:BP,GO:0009057,macromolecule catabolic process,0.574393582507249,False,"""The chemical reactions and pathways resulting in the breakdown of a macromolecule, any molecule of high relative molecular mass, the structure of which essentially comprises the multiple repetition of units derived, actually or conceptually, from molecules of low relative molecular mass."" [GOC:mah]",343,69,7,4247,0.10144927536231885,0.02040816326530612,query_1,"['GO:0009056', 'GO:0043170']","['Upf2', 'mr', 'Mvb12', 'Edem2', 'Drep4', 'Oda', 'larp']","[['IDA', 'IMP', 'IBA', 'IEA'], ['ISS', 'IEA'], ['IBA'], ['IMP', 'IGI', 'IBA', 'IEA'], ['IDA', 'IBA', 'TAS', 'IEA'], ['IBA'], ['IEA']]"
GO:BP,GO:0034332,adherens junction organization,0.5752134248371327,False,"""A process that is carried out at the cellular level which results in the assembly, arrangement of constituent parts, or disassembly of an adherens junction. An adherens junction is a cell-cell junction composed of the epithelial cadherin-catenin complex at which the cytoplasmic face of the plasma membrane is attached to actin filaments."" [GOC:aruk, GOC:bc, GOC:dph, GOC:jl, GOC:mah]",25,69,1,4247,0.014492753623188406,0.04,query_1,['GO:0045216'],['Cip4'],[['IMP']]
GO:BP,GO:0048513,animal organ development,0.5752134248371327,False,"""Development of a tissue or tissues that work together to perform a specific function or functions. Development pertains to the process whose specific outcome is the progression of a structure over time, from its formation to the mature structure. Organs are commonly observed as visibly distinct structures, but may also exist as loosely associated clusters of cells that work together to perform a specific function or functions."" [GOC:dph, GOC:jid]",643,69,12,4247,0.17391304347826086,0.01866251944012442,query_1,['GO:0048856'],"['CG12236', 'Cip4', 'aop', 'CadN', 'Past1', 'pygo', 'NAT1', 'wge', 'foxo', 'dan', 'ctp', 'hep']","[['IEA'], ['IMP'], ['IDA', 'IMP', 'IGI'], ['IMP', 'IEA'], ['IMP', 'IGI'], ['IMP'], ['IMP'], ['IMP'], ['IMP'], ['IMP'], ['IMP'], ['IMP', 'IGI']]"
GO:BP,GO:0032196,transposition,0.5752134248371327,False,"""Any process involved in mediating the movement of discrete segments of DNA between nonhomologous sites. For elements that are transcribed as the first step of transposition, the process starts with the transcription of the transposable element, its translation and maturation, and ending with integration into DNA. For elements that are cut out, the process starts with the excision of the donor DNA and integrated into another site."" [ISBN:1555812090, PMID:14682279, PMID:25893143]",27,69,1,4247,0.014492753623188406,0.037037037037037035,query_1,['GO:0009987'],['ctp'],[['IMP']]
GO:BP,GO:0008406,gonad development,0.5752134248371327,False,"""The process whose specific outcome is the progression of the gonad over time, from its formation to the mature structure. The gonad is an animal organ that produces gametes; in some species it also produces hormones."" [GOC:ems, ISBN:0198506732]",25,69,1,4247,0.014492753623188406,0.04,query_1,"['GO:0045137', 'GO:0048513', 'GO:0048608']",['aop'],[['IMP']]
GO:BP,GO:0050954,sensory perception of mechanical stimulus,0.5752134248371327,False,"""The series of events required for an organism to receive a sensory mechanical stimulus, convert it to a molecular signal, and recognize and characterize the signal. This is a neurological process."" [GOC:ai]",27,69,1,4247,0.014492753623188406,0.037037037037037035,query_1,['GO:0007600'],['Cad99C'],[['IMP']]
GO:BP,GO:0035315,hair cell differentiation,0.5752134248371327,False,"""The process in which a relatively unspecialized cell acquires specialized features of a hair cell."" [GOC:bf]",27,69,1,4247,0.014492753623188406,0.037037037037037035,query_1,"['GO:0009913', 'GO:0030182']",['Cip4'],[['IMP']]
GO:BP,GO:0006639,acylglycerol metabolic process,0.5752134248371327,False,"""The chemical reactions and pathways involving acylglycerol, any mono-, di- or triester of glycerol with (one or more) fatty acids."" [ISBN:0198506732]",25,69,1,4247,0.014492753623188406,0.04,query_1,"['GO:0006638', 'GO:0046486']",['foxo'],[['IMP']]
GO:BP,GO:0019362,pyridine nucleotide metabolic process,0.5752134248371327,False,"""The chemical reactions and pathways involving a pyridine nucleotide, a nucleotide characterized by a pyridine derivative as a nitrogen base."" [GOC:jl]",27,69,1,4247,0.014492753623188406,0.037037037037037035,query_1,"['GO:0009117', 'GO:0072524']",['Gapdh2'],"[['IEP', 'ISS', 'IBA', 'IEA']]"
GO:BP,GO:0006368,transcription elongation by RNA polymerase II,0.5752134248371327,False,"""The extension of an RNA molecule after transcription pausing and promoter clearance at an RNA polymerase II promoter by the addition of ribonucleotides catalyzed by RNA polymerase II."" [GOC:mah, GOC:txnOH]",26,69,1,4247,0.014492753623188406,0.038461538461538464,query_1,"['GO:0006354', 'GO:0006366']",['Nelf-A'],"[['IDA', 'IBA']]"
GO:BP,GO:0051641,cellular localization,0.5752134248371327,False,"""A cellular localization process whereby a substance or cellular entity, such as a protein complex or organelle, is transported to, and/or maintained in, a specific location within a cell including the localization of substances or cellular entities to the cell membrane."" [GOC:tb, GOC:vw]",643,69,12,4247,0.17391304347826086,0.01866251944012442,query_1,"['GO:0009987', 'GO:0051179']","['pigs', 'Cip4', 'Mvb12', 'Nup205', 'Rab10', 'Past1', 'CG15099', 'Syx6', 'Tim23', 'larp', 'Cad99C', 'ctp']","[['IBA'], ['IMP'], ['IBA', 'IEA'], ['IMP', 'IEA'], ['IMP', 'IBA', 'IEA'], ['IBA', 'IEA'], ['IEA'], ['ISS', 'IBA'], ['IBA'], ['IMP'], ['IMP'], ['IMP']]"
GO:BP,GO:0007298,border follicle cell migration,0.5752134248371327,False,"""The directed movement of a border cell through the nurse cells to reach the oocyte. An example of this is found in Drosophila melanogaster."" [GOC:mtg_sensu, PMID:10822261]",75,69,2,4247,0.028985507246376812,0.02666666666666667,query_1,['GO:0007297'],"['aop', 'hep']","[['IMP'], ['IGI']]"
GO:BP,GO:0051489,regulation of filopodium assembly,0.5752134248371327,False,"""Any process that modulates the frequency, rate or extent of the assembly of a filopodium, a thin, stiff protrusion extended by the leading edge of a motile cell such as a crawling fibroblast or amoeba, or an axonal growth cone."" [GOC:ai, GOC:dph, GOC:tb]",25,69,1,4247,0.014492753623188406,0.04,query_1,"['GO:0046847', 'GO:0120032']",['hep'],[['IMP']]
GO:BP,GO:0048149,behavioral response to ethanol,0.5752134248371327,False,"""Any process that results in a change in the behavior of an organism as a result of an ethanol stimulus."" [GOC:jid]",27,69,1,4247,0.014492753623188406,0.037037037037037035,query_1,"['GO:0030534', 'GO:0045471']",['rut'],[['IMP']]
GO:BP,GO:0035966,response to topologically incorrect protein,0.5752134248371327,False,"""Any process that results in a change in state or activity of a cell or an organism (in terms of movement, secretion, enzyme production, gene expression, etc.) as a result of a protein that is not folded in its correct three-dimensional structure."" [GOC:bf]",26,69,1,4247,0.014492753623188406,0.038461538461538464,query_1,['GO:0006950'],['Edem2'],"[['IMP', 'IGI']]"
GO:BP,GO:0060271,cilium assembly,0.5752134248371327,False,"""The assembly of a cilium, a specialized eukaryotic organelle that consists of a filiform extrusion of the cell surface. Each cilium is bounded by an extrusion of the cytoplasmic membrane, and contains a regular longitudinal array of microtubules, anchored basally in a centriole."" [GOC:BHF, GOC:cilia, GOC:dph, GOC:kmv, GOC:pr, GOC:vw, ISBN:0198506732, PMID:13978319, PMID:27350441]",27,69,1,4247,0.014492753623188406,0.037037037037037035,query_1,"['GO:0044782', 'GO:0070925', 'GO:0120031']",['Past1'],[['IBA']]
GO:BP,GO:0090596,sensory organ morphogenesis,0.5752134248371327,False,"""Morphogenesis of a sensory organ. A sensory organ is defined as a tissue or set of tissues that work together to receive and transmit signals from external or internal stimuli. Morphogenesis is the process in which anatomical structures are generated and organized. Organs are commonly observed as visibly distinct structures, but may also exist as loosely associated clusters of cells that work together to perform a specific function or functions."" [GOC:kmv, ISBN:978-0199210893]",182,69,4,4247,0.057971014492753624,0.02197802197802198,query_1,"['GO:0007423', 'GO:0009887']","['aop', 'CadN', 'Past1', 'foxo']","[['IDA', 'IMP', 'IGI'], ['IMP'], ['IMP'], ['IMP']]"
GO:BP,GO:0051716,cellular response to stimulus,0.5752134248371327,False,"""Any process that results in a change in state or activity of a cell (in terms of movement, secretion, enzyme production, gene expression, etc.) as a result of a stimulus. The process begins with detection of the stimulus by a cell and ends with a change in state or activity or the cell."" [GOC:bf, GOC:jl]",989,69,18,4247,0.2608695652173913,0.01820020222446916,query_1,"['GO:0009987', 'GO:0050896']","['pigs', 'Cip4', 'Mvb12', 'Rab10', 'Reph', 'aop', 'Edem2', 'ohgt', 'Ssdp', 'pygo', 'ttv', 'mms4', 'CG17528', 'Cad99C', 'foxo', 'Sur-8', 'rut', 'hep']","[['IMP'], ['IEA'], ['IBA'], ['ISS', 'IBA'], ['IGI'], ['IDA', 'IMP', 'IGI'], ['IMP', 'IGI', 'IEP', 'IBA', 'IEA'], ['IMP'], ['IGI'], ['IDA', 'IPI', 'IMP', 'IGI', 'IEA'], ['IMP', 'IEA'], ['IBA', 'IEA'], ['IBA', 'IEA'], ['IGI'], ['IDA', 'IMP', 'IGI', 'IEP'], ['HGI', 'IBA'], ['IMP', 'IBA', 'IEA'], ['IDA', 'IMP', 'IGI', 'IEA']]"
GO:BP,GO:0051653,spindle localization,0.5752134248371327,False,"""Any process in which is the spindle is transported to, and/or maintained in, a specific location."" [GOC:ai]",25,69,1,4247,0.014492753623188406,0.04,query_1,"['GO:0022402', 'GO:0051640']",['ctp'],[['IMP']]
GO:BP,GO:0010883,regulation of lipid storage,0.5752134248371327,False,"""Any process that modulates the rate, frequency or extent of lipid storage. Lipid storage is the accumulation and maintenance in cells or tissues of lipids, compounds soluble in organic solvents but insoluble or sparingly soluble in aqueous solvents. Lipid reserves can be accumulated during early developmental stages for mobilization and utilization at later stages of development."" [GOC:BHF, GOC:dph, GOC:tb]",27,69,1,4247,0.014492753623188406,0.037037037037037035,query_1,"['GO:0019915', 'GO:0050794']",['foxo'],[['IDA']]
GO:BP,GO:0040008,regulation of growth,0.5752134248371327,False,"""Any process that modulates the frequency, rate or extent of the growth of all or part of an organism so that it occurs at its proper speed, either globally or in a specific part of the organism's development."" [GOC:ems, GOC:mah]",185,69,4,4247,0.057971014492753624,0.021621621621621623,query_1,"['GO:0040007', 'GO:0050789']","['mr', 'Cip4', 'CadN', 'foxo']","[['IMP'], ['IDA', 'IMP'], ['IMP'], ['IMP', 'IGI']]"
GO:BP,GO:0009896,positive regulation of catabolic process,0.5752134248371327,False,"""Any process that activates or increases the frequency, rate or extent of the chemical reactions and pathways resulting in the breakdown of substances."" [GOC:go_curators]",130,69,3,4247,0.043478260869565216,0.023076923076923078,query_1,"['GO:0009056', 'GO:0009893', 'GO:0009894']","['Oda', 'foxo', 'hep']","[['IBA'], ['IMP'], ['IMP']]"
GO:BP,GO:0035120,post-embryonic appendage morphogenesis,0.5752134248371327,False,"""The process, occurring after embryonic development, by which the anatomical structures of an appendage are generated and organized. An appendage is an organ or part that is attached to the trunk of an organism, such as a limb or a branch."" [ISBN:0582227089]",183,69,4,4247,0.057971014492753624,0.02185792349726776,query_1,"['GO:0009886', 'GO:0035107']","['Cip4', 'Past1', 'pygo', 'ctp']","[['IMP'], ['IGI'], ['IMP'], ['IMP']]"
GO:BP,GO:0035317,imaginal disc-derived wing hair organization,0.5752134248371327,False,"""A process that is carried out at the cellular level that results in the assembly, arrangement of constituent parts, or disassembly of an imaginal disc-derived wing hair. A wing hair is an actin-rich, polarized, non-sensory apical projection that protrudes from each of the approximately 30,000 wing epithelial cells. An example of this is found in Drosophila melanogaster."" [GOC:mtg_sensu, PMID:11064425, PMID:12540853]",27,69,1,4247,0.014492753623188406,0.037037037037037035,query_1,"['GO:0007476', 'GO:0035316']",['Cip4'],[['IMP']]
GO:BP,GO:0048519,negative regulation of biological process,0.5752134248371327,False,"""Any process that stops, prevents, or reduces the frequency, rate or extent of a biological process. Biological processes are regulated by many means; examples include the control of gene expression, protein modification or interaction with a protein or substrate molecule."" [GOC:jid]",818,69,15,4247,0.21739130434782608,0.018337408312958436,query_1,"['GO:0008150', 'GO:0050789']","['CG12236', 'pigs', 'Upf2', 'mr', 'Cip4', 'aop', 'CadN', 'Nelf-A', 'pygo', 'mms4', 'Gasz', 'larp', 'foxo', 'CG9650', 'ctp']","[['ISS'], ['IMP'], ['IDA', 'IMP', 'IBA', 'IEA'], ['IMP'], ['IDA', 'IMP'], ['IDA', 'IMP', 'IGI', 'IEA'], ['IMP'], ['IDA', 'ISS', 'IBA'], ['IMP'], ['IBA'], ['IMP'], ['IMP', 'IEA'], ['IDA', 'IMP'], ['IMP'], ['IMP', 'IEA']]"
GO:BP,GO:0022411,cellular component disassembly,0.5752134248371327,False,"""A cellular process that results in the breakdown of a cellular component."" [GOC:isa_complete]",72,69,2,4247,0.028985507246376812,0.027777777777777776,query_1,['GO:0016043'],"['Drep4', 'hep']","[['IDA', 'IBA', 'TAS', 'IEA'], ['IMP']]"
GO:BP,GO:1901292,nucleoside phosphate catabolic process,0.5752134248371327,False,"""The chemical reactions and pathways resulting in the breakdown of a nucleoside phosphate."" [GOC:TermGenie]",26,69,1,4247,0.014492753623188406,0.038461538461538464,query_1,"['GO:0006753', 'GO:0034655', 'GO:0046434']",['Gapdh2'],"[['IEP', 'ISS', 'IBA', 'IEA']]"
GO:BP,GO:0032456,endocytic recycling,0.5752134248371327,False,"""The directed movement of membrane-bounded vesicles from endosomes back to the plasma membrane, a trafficking pathway that promotes the recycling of internalized transmembrane proteins."" [PMID:16473635, PMID:23563491]",27,69,1,4247,0.014492753623188406,0.037037037037037035,query_1,"['GO:0016197', 'GO:0098876']",['Past1'],[['IBA']]
GO:BP,GO:0008582,regulation of synaptic assembly at neuromuscular junction,0.5752134248371327,False,"""Any process that modulates the frequency, rate or extent of synaptic assembly at neuromuscular junctions."" [GOC:go_curators]",73,69,2,4247,0.028985507246376812,0.0273972602739726,query_1,"['GO:0048638', 'GO:0051124', 'GO:0051963', 'GO:1904396']","['mr', 'Cip4']","[['IMP'], ['IDA', 'IMP']]"
GO:BP,GO:0006575,modified amino acid metabolic process,0.5752134248371327,False,"""The chemical reactions and pathways involving compounds derived from amino acids, organic acids containing one or more amino substituents."" [GOC:ai]",25,69,1,4247,0.014492753623188406,0.04,query_1,['GO:0008152'],['l(3)72Dp'],[['IBA']]
GO:BP,GO:0009725,response to hormone,0.5752134248371327,False,"""Any process that results in a change in state or activity of a cell or an organism (in terms of movement, secretion, enzyme production, gene expression, etc.) as a result of a hormone stimulus."" [GOC:jl]",74,69,2,4247,0.028985507246376812,0.02702702702702703,query_1,"['GO:0009719', 'GO:0042221']","['Rab10', 'foxo']","[['IBA'], ['IMP', 'IGI']]"
GO:BP,GO:0050768,negative regulation of neurogenesis,0.5752134248371327,False,"""Any process that stops, prevents, or reduces the frequency, rate or extent of neurogenesis, the generation of cells within the nervous system."" [GOC:ai]",26,69,1,4247,0.014492753623188406,0.038461538461538464,query_1,"['GO:0010721', 'GO:0022008', 'GO:0050767', 'GO:0051961']",['CadN'],[['IMP']]
GO:BP,GO:0042770,signal transduction in response to DNA damage,0.5752134248371327,False,"""A cascade of processes induced by the detection of DNA damage within a cell."" [GOC:go_curators]",27,69,1,4247,0.014492753623188406,0.037037037037037035,query_1,"['GO:0006974', 'GO:0035556']",['mms4'],[['IBA']]
GO:BP,GO:0032197,retrotransposition,0.5752134248371327,False,"""A type of transposition in which a transposable element (transposon) copies and pastes itself into a different genomic location by transcription and convertsion of the transcribed RNA back into DNA through reverse transcription."" [ISBN:1555812090, PMID:26912865, PMID:30416149, PMID:30958115, PMID:32588192]",27,69,1,4247,0.014492753623188406,0.037037037037037035,query_1,['GO:0032196'],['ctp'],[['IMP']]
GO:BP,GO:0007391,dorsal closure,0.5752134248371327,False,"""The process during Drosophila embryogenesis whereby the ectodermal cells of the lateral epithelium stretch in a coordinated fashion to internalize the amnioserosa cells and close the embryo dorsally."" [PMID:9224720]",74,69,2,4247,0.028985507246376812,0.02702702702702703,query_1,"['GO:0001700', 'GO:0016331']","['aop', 'hep']","[['TAS'], ['IMP']]"
GO:BP,GO:0045465,R8 cell differentiation,0.5752134248371327,False,"""The process in which a relatively unspecialized cell acquires the specialized features of the R8 photoreceptor."" [PMID:11880339]",25,69,1,4247,0.014492753623188406,0.04,query_1,['GO:0001751'],['CadN'],[['IMP']]
GO:BP,GO:0010526,transposable element silencing,0.5752134248371327,False,"""Any process that decreases the frequency, rate or extent of transposable element expression. Includes both DNA transposons and retrotransposons."" [GOC:dph, GOC:tb, PMID:32823517]",27,69,1,4247,0.014492753623188406,0.037037037037037035,query_1,"['GO:0032197', 'GO:0045814']",['ctp'],[['IMP']]
GO:BP,GO:0045137,development of primary sexual characteristics,0.5752134248371327,False,"""The process whose specific outcome is the progression of the primary sexual characteristics over time, from their formation to the mature structures. The primary sexual characteristics are the testes in males and the ovaries in females and they develop in response to sex hormone secretion."" [GOC:ai]",25,69,1,4247,0.014492753623188406,0.04,query_1,"['GO:0003006', 'GO:0007275', 'GO:0007548']",['aop'],[['IMP']]
GO:BP,GO:0045088,regulation of innate immune response,0.5752134248371327,False,"""Any process that modulates the frequency, rate or extent of the innate immune response, the organism's first line of defense against infection."" [GOC:ebc]",73,69,2,4247,0.028985507246376812,0.0273972602739726,query_1,"['GO:0002831', 'GO:0031347', 'GO:0032101', 'GO:0045087', 'GO:0050776']","['foxo', 'hep']","[['IMP'], ['IMP', 'IGI']]"
GO:BP,GO:0036503,ERAD pathway,0.5752134248371327,False,"""The protein catabolic pathway which targets endoplasmic reticulum (ER)-resident proteins for degradation by the cytoplasmic proteasome. It begins with recognition of the ER-resident protein, includes retrotranslocation (dislocation) of the protein from the ER to the cytosol, protein modifications necessary for correct substrate transfer (e.g. ubiquitination), transport of the protein to the proteasome, and ends with degradation of the protein by the cytoplasmic proteasome."" [GOC:bf, GOC:PARL, PMID:20940304, PMID:21969857]",26,69,1,4247,0.014492753623188406,0.038461538461538464,query_1,"['GO:0010498', 'GO:0034976', 'GO:1901698']",['Edem2'],"[['IMP', 'IGI', 'IBA', 'IEA']]"
GO:BP,GO:0051495,positive regulation of cytoskeleton organization,0.5752134248371327,False,"""Any process that activates or increases the frequency, rate or extent of the formation, arrangement of constituent parts, or disassembly of cytoskeletal structures."" [GOC:ai]",27,69,1,4247,0.014492753623188406,0.037037037037037035,query_1,"['GO:0007010', 'GO:0010638', 'GO:0051493']",['hep'],[['IMP']]
GO:BP,GO:0035967,cellular response to topologically incorrect protein,0.5752134248371327,False,"""Any process that results in a change in state or activity of a cell (in terms of movement, secretion, enzyme production, gene expression, etc.) as a result of a protein that is not folded in its correct three-dimensional structure."" [GOC:bf]",26,69,1,4247,0.014492753623188406,0.038461538461538464,query_1,"['GO:0033554', 'GO:0035966']",['Edem2'],"[['IMP', 'IGI']]"
GO:BP,GO:0010628,positive regulation of gene expression,0.5752134248371327,False,"""Any process that increases the frequency, rate or extent of gene expression. Gene expression is the process in which a gene's coding sequence is converted into a mature gene product (protein or RNA)."" [GOC:txnOH-2018]",128,69,3,4247,0.043478260869565216,0.0234375,query_1,"['GO:0010467', 'GO:0010468', 'GO:0010557']","['aop', 'larp', 'hep']","[['IMP'], ['IMP', 'IBA', 'IEA'], ['IMP']]"
GO:BP,GO:0006366,transcription by RNA polymerase II,0.5752134248371327,False,"""The synthesis of RNA from a DNA template by RNA polymerase II (RNAP II), originating at an RNA polymerase II promoter. Includes transcription of messenger RNA (mRNA) and certain small nuclear RNAs (snRNAs)."" [GOC:jl, GOC:txnOH, ISBN:0321000382]",471,69,9,4247,0.13043478260869565,0.01910828025477707,query_1,['GO:0006351'],"['CG12236', 'aop', 'MED27', 'Ssdp', 'Nelf-A', 'pygo', 'CG18011', 'foxo', 'CG9650']","[['ISS', 'IBA'], ['IDA', 'IMP', 'IBA', 'IEA'], ['IDA', 'IBA', 'IC'], ['IMP', 'IBA'], ['IDA', 'ISS', 'IBA'], ['IDA', 'IPI', 'IMP', 'IGI'], ['ISS', 'IBA', 'IEA'], ['IDA', 'IMP', 'IBA'], ['IBA']]"
GO:BP,GO:0009966,regulation of signal transduction,0.5752134248371327,False,"""Any process that modulates the frequency, rate or extent of signal transduction."" [GOC:sm]",460,69,9,4247,0.13043478260869565,0.01956521739130435,query_1,"['GO:0007165', 'GO:0010646', 'GO:0023051', 'GO:0048583']","['pigs', 'Mvb12', 'aop', 'ohgt', 'Ssdp', 'ttv', 'foxo', 'Sur-8', 'rut']","[['IMP'], ['IBA'], ['IMP'], ['IMP'], ['IGI'], ['IMP'], ['IMP'], ['HGI'], ['IMP']]"
GO:BP,GO:0000077,DNA damage checkpoint signaling,0.5752134248371327,False,"""A signal transduction process that contributes to a DNA damage checkpoint."" [GOC:mah]",25,69,1,4247,0.014492753623188406,0.04,query_1,"['GO:0031570', 'GO:0042770']",['mms4'],[['IBA']]
GO:BP,GO:0009056,catabolic process,0.5752134248371327,False,"""A cellular process consisting of the biochemical pathways by which a living organism breaks down substances. This includes the breakdown of carbon compounds with the liberation of energy for use by the cell or organism."" [ISBN:0198547684]",584,69,11,4247,0.15942028985507245,0.018835616438356163,query_1,['GO:0008152'],"['Upf2', 'mr', 'Mvb12', 'Edem2', 'Drep4', 'Oda', 'larp', 'foxo', 'Gapdh2', 'ctp', 'hep']","[['IDA', 'IMP', 'IBA', 'IEA'], ['ISS', 'IEA'], ['IBA'], ['IMP', 'IGI', 'IBA', 'IEA'], ['IDA', 'IBA', 'TAS', 'IEA'], ['IBA'], ['IEA'], ['IMP'], ['IEP', 'ISS', 'IBA', 'IEA'], ['IMP'], ['IMP']]"
GO:BP,GO:1902905,positive regulation of supramolecular fiber organization,0.5752134248371327,False,"""Any process that activates or increases the frequency, rate or extent of supramolecular fiber organization."" [GO_REF:0000058, GOC:PARL, GOC:rl, GOC:TermGenie, PMID:23921388]",26,69,1,4247,0.014492753623188406,0.038461538461538464,query_1,"['GO:0051130', 'GO:0097435', 'GO:1902903']",['hep'],[['IMP']]
GO:BP,GO:0051051,negative regulation of transport,0.5752134248371327,False,"""Any process that stops, prevents, or reduces the frequency, rate or extent of the directed movement of substances (such as macromolecules, small molecules, ions) into, out of or within a cell, or between cells, by means of some agent such as a transporter or pore."" [GOC:ai]",25,69,1,4247,0.014492753623188406,0.04,query_1,"['GO:0006810', 'GO:0048519', 'GO:0051049']",['CG9650'],[['IMP']]
GO:BP,GO:0048592,eye morphogenesis,0.5752134248371327,False,"""The process in which the anatomical structures of the eye are generated and organized."" [GOC:jid, GOC:mtg_sensu]",182,69,4,4247,0.057971014492753624,0.02197802197802198,query_1,"['GO:0001654', 'GO:0090596']","['aop', 'CadN', 'Past1', 'foxo']","[['IDA', 'IMP', 'IGI'], ['IMP'], ['IMP'], ['IMP']]"
GO:BP,GO:0046496,nicotinamide nucleotide metabolic process,0.5752134248371327,False,"""The chemical reactions and pathways involving nicotinamide nucleotides, any nucleotide that contains combined nicotinamide."" [ISBN:0198506732]",27,69,1,4247,0.014492753623188406,0.037037037037037035,query_1,['GO:0019362'],['Gapdh2'],"[['IEP', 'ISS', 'IBA', 'IEA']]"
GO:BP,GO:0035316,non-sensory hair organization,0.5752134248371327,False,"""A process that is carried out at the cellular level which results in the assembly, arrangement of constituent parts, or disassembly of non-sensory hairs. These hairs are polarized cellular extensions that cover much of the insect epidermis."" [GOC:mtg_sensu, PMID:11064425]",27,69,1,4247,0.014492753623188406,0.037037037037037035,query_1,"['GO:0035315', 'GO:0120036']",['Cip4'],[['IMP']]
GO:BP,GO:0006909,phagocytosis,0.5752134248371327,False,"""A vesicle-mediated transport process that results in the engulfment of external particulate material by phagocytes and their delivery to the lysosome. The particles are initially contained within phagocytic vacuoles (phagosomes), which then fuse with primary lysosomes to effect digestion of the particles."" [ISBN:0198506732]",27,69,1,4247,0.014492753623188406,0.037037037037037035,query_1,['GO:0006897'],['hep'],[['IMP']]
GO:BP,GO:0048872,homeostasis of number of cells,0.5752134248371327,False,"""Any biological process involved in the maintenance of the steady-state number of cells within a population of cells."" [GOC:isa_complete]",26,69,1,4247,0.014492753623188406,0.038461538461538464,query_1,['GO:0048871'],['hep'],[['IMP']]
GO:BP,GO:0050773,regulation of dendrite development,0.5752134248371327,False,"""Any process that modulates the frequency, rate or extent of dendrite development."" [GOC:ai]",27,69,1,4247,0.014492753623188406,0.037037037037037035,query_1,"['GO:0010975', 'GO:0016358', 'GO:0050793']",['CadN'],[['IMP']]
GO:BP,GO:0080090,regulation of primary metabolic process,0.5752134248371327,False,"""Any process that modulates the frequency, rate or extent of the chemical reactions and pathways within a cell or an organism involving those compounds formed as a part of the normal anabolic and catabolic processes. These processes take place in most, if not all, cells of the organism."" [PMID:19211694]",940,69,17,4247,0.2463768115942029,0.018085106382978722,query_1,"['GO:0019222', 'GO:0044238']","['CG12236', 'aop', 'MED27', 'Ssdp', 'Nelf-A', 'CG13601', 'pygo', 'fus', 'Oda', 'CG18011', 'larp', 'foxo', 'CG11360', 'dan', 'CG9650', 'ctp', 'hep']","[['ISS', 'IBA'], ['IDA', 'IMP', 'IBA', 'IEA'], ['IDA', 'IBA', 'IC', 'IEA'], ['IMP', 'IGI', 'IBA'], ['IDA', 'ISS', 'IBA'], ['IBA'], ['IDA', 'IPI', 'IMP', 'IGI'], ['IDA', 'IBA'], ['IBA'], ['ISS', 'IBA', 'IEA'], ['IMP', 'IBA', 'IEA'], ['IDA', 'IMP', 'IBA', 'IEA'], ['HMP'], ['IMP'], ['IBA'], ['IEA'], ['IMP']]"
GO:BP,GO:0045944,positive regulation of transcription by RNA polymerase II,0.5752134248371327,False,"""Any process that activates or increases the frequency, rate or extent of transcription from an RNA polymerase II promoter."" [GOC:go_curators, GOC:txnOH]",183,69,4,4247,0.057971014492753624,0.02185792349726776,query_1,"['GO:0006357', 'GO:0006366', 'GO:0045893']","['Ssdp', 'pygo', 'CG18011', 'foxo']","[['IBA'], ['IDA', 'IMP', 'IGI'], ['IEA'], ['IDA', 'IMP']]"
GO:BP,GO:0030029,actin filament-based process,0.5752134248371327,False,"""Any cellular process that depends upon or alters the actin cytoskeleton, that part of the cytoskeleton comprising actin filaments and their associated proteins."" [GOC:mah]",178,69,4,4247,0.057971014492753624,0.02247191011235955,query_1,['GO:0009987'],"['pigs', 'Cip4', 'ctp', 'hep']","[['IBA'], ['IDA'], ['IMP'], ['IMP']]"
GO:BP,GO:0010506,regulation of autophagy,0.5752134248371327,False,"""Any process that modulates the frequency, rate or extent of autophagy. Autophagy is the process in which cells digest parts of their own cytoplasm."" [GOC:dph, GOC:tb]",74,69,2,4247,0.028985507246376812,0.02702702702702703,query_1,"['GO:0006914', 'GO:0009894']","['foxo', 'hep']","[['IMP'], ['IMP']]"
GO:BP,GO:0046620,regulation of organ growth,0.5752134248371327,False,"""Any process that modulates the frequency, rate or extent of growth of an organ of an organism."" [GOC:bf, GOC:tb]",26,69,1,4247,0.014492753623188406,0.038461538461538464,query_1,"['GO:0035265', 'GO:0048638', 'GO:0051239']",['foxo'],[['IMP']]
GO:BP,GO:0046532,regulation of photoreceptor cell differentiation,0.5752134248371327,False,"""Any process that modulates the frequency, rate or extent of photoreceptor cell differentiation. An example of this process is found in Drosophila melanogaster."" [GOC:go_curators]",27,69,1,4247,0.014492753623188406,0.037037037037037035,query_1,"['GO:0045664', 'GO:0046530']",['aop'],"[['IMP', 'IGI']]"
GO:BP,GO:0046530,photoreceptor cell differentiation,0.5752134248371327,False,"""The specialization of organization of a photoreceptor, a cell that responds to incident electromagnetic radiation, particularly visible light. An example of this process is found in Drosophila melanogaster."" [GOC:ai, ISBN:0198506732]",128,69,3,4247,0.043478260869565216,0.0234375,query_1,['GO:0030182'],"['aop', 'CadN', 'Past1']","[['IDA', 'IMP', 'IGI'], ['IMP'], ['IMP']]"
GO:BP,GO:0045746,negative regulation of Notch signaling pathway,0.5752134248371327,False,"""Any process that stops, prevents, or reduces the frequency, rate or extent of the Notch signaling pathway."" [GOC:go_curators]",25,69,1,4247,0.014492753623188406,0.04,query_1,"['GO:0007219', 'GO:0008593', 'GO:0009968']",['pigs'],[['IMP']]
GO:BP,GO:1904396,regulation of neuromuscular junction development,0.5752134248371327,False,"""Any process that modulates the frequency, rate or extent of neuromuscular junction development."" [GO_REF:0000058, GOC:TermGenie, PMID:7722643]",77,69,2,4247,0.028985507246376812,0.025974025974025976,query_1,"['GO:0007528', 'GO:0050807']","['mr', 'Cip4']","[['IMP'], ['IDA', 'IMP']]"
GO:BP,GO:0007617,mating behavior,0.5752134248371327,False,"""The behavioral interactions between organisms for the purpose of mating, or sexual reproduction resulting in the formation of zygotes."" [GOC:ai, GOC:dph]",25,69,1,4247,0.014492753623188406,0.04,query_1,['GO:0019098'],['rut'],[['TAS']]
GO:BP,GO:0045807,positive regulation of endocytosis,0.5752134248371327,False,"""Any process that activates or increases the frequency, rate or extent of endocytosis."" [GOC:go_curators]",27,69,1,4247,0.014492753623188406,0.037037037037037035,query_1,"['GO:0006897', 'GO:0030100', 'GO:0051050', 'GO:0051130']",['Cad99C'],[['IMP']]
GO:BP,GO:0035265,organ growth,0.5752134248371327,False,"""The increase in size or mass of an organ. Organs are commonly observed as visibly distinct structures, but may also exist as loosely associated clusters of cells that function together as to perform a specific function."" [GOC:bf, ISBN:0471245208, ISBN:0721662544]",27,69,1,4247,0.014492753623188406,0.037037037037037035,query_1,"['GO:0032501', 'GO:0048589']",['foxo'],[['IMP']]
GO:BP,GO:0040012,regulation of locomotion,0.5752134248371327,False,"""Any process that modulates the frequency, rate or extent of locomotion of a cell or organism."" [GOC:ems]",75,69,2,4247,0.028985507246376812,0.02666666666666667,query_1,"['GO:0040011', 'GO:0050789']","['aop', 'hep']","[['IMP'], ['IGI']]"
GO:BP,GO:0008407,chaeta morphogenesis,0.5752134248371327,False,"""The process in which the anatomical structures of the chaeta are generated and organized. A chaeta is a sensory multicellular cuticular outgrowth of a specifically differentiated cell."" [FBbt:00005177, GOC:bf, GOC:cjm, GOC:dos, GOC:go_curators]",26,69,1,4247,0.014492753623188406,0.038461538461538464,query_1,"['GO:0009887', 'GO:0022416']",['ctp'],[['IMP']]
GO:BP,GO:0060627,regulation of vesicle-mediated transport,0.5752134248371327,False,"""Any process that modulates the rate, frequency, or extent of vesicle-mediated transport, the directed movement of substances, either within a vesicle or in the vesicle membrane, into, out of or within a cell."" [GOC:dph, GOC:tb]",74,69,2,4247,0.028985507246376812,0.02702702702702703,query_1,"['GO:0016192', 'GO:0050794', 'GO:0051049']","['Rab10', 'Cad99C']","[['IBA'], ['IMP']]"
GO:BP,GO:0007367,segment polarity determination,0.5752134248371327,False,"""Division of the 14 parasegments of the embryo into anterior and posterior compartments; exemplified by the actions of the segment polarity gene products."" [http://fly.ebi.ac.uk/allied-data/lk/interactive-fly/aimain/1aahome.htm, ISBN:0632030488, ISBN:0879694238]",27,69,1,4247,0.014492753623188406,0.037037037037037035,query_1,['GO:0007365'],['pygo'],"[['IMP', 'IEA']]"
GO:BP,GO:0006638,neutral lipid metabolic process,0.5752134248371327,False,"""The chemical reactions and pathways involving neutral lipids, lipids only soluble in solvents of very low polarity."" [ISBN:0198547684]",25,69,1,4247,0.014492753623188406,0.04,query_1,['GO:0006629'],['foxo'],[['IMP']]
GO:BP,GO:0007389,pattern specification process,0.5752134248371327,False,"""Any developmental process that results in the creation of defined areas or spaces within an organism to which cells respond and eventually are instructed to differentiate."" [GOC:go_curators, GOC:isa_complete, ISBN:0521436125]",290,69,6,4247,0.08695652173913043,0.020689655172413793,query_1,"['GO:0007275', 'GO:0032501']","['CadN', 'Past1', 'Ssdp', 'pygo', 'dan', 'hep']","[['IMP'], ['IGI'], ['IMP'], ['IMP', 'IEA'], ['IMP'], ['IMP']]"
GO:BP,GO:1990542,mitochondrial transmembrane transport,0.5752134248371327,False,"""The process in which a solute is transported from one side of a membrane to the other into, out of or within a mitochondrion."" [PMID:20533899]",26,69,1,4247,0.014492753623188406,0.038461538461538464,query_1,"['GO:0006839', 'GO:0055085']",['Tim23'],[['IBA']]
GO:BP,GO:0002165,instar larval or pupal development,0.5784306964735172,False,"""The process whose specific outcome is the progression of the instar larva or pupa over time, from its formation to the mature structure. An example of this process is found in Drosophila melanogaster."" [GOC:jid, GOC:mtg_sensu]",300,69,6,4247,0.08695652173913043,0.02,query_1,"['GO:0007275', 'GO:0009791']","['Cip4', 'Past1', 'pygo', 'wge', 'ctp', 'hep']","[['IMP'], ['IGI'], ['IMP'], ['IMP'], ['IMP'], ['IMP', 'IGI']]"
GO:BP,GO:0035006,melanization defense response,0.5796622436887707,False,"""The blackening of the wounded area of the cuticle or the surface of invading pathogens, parasites or parasitoids, resulting from a proteolytic cascade leading to the de novo synthesis and deposition of melanin."" [GOC:bf, PMID:12408809]",28,69,1,4247,0.014492753623188406,0.03571428571428571,query_1,"['GO:0006582', 'GO:0045087']",['hep'],[['IMP']]
GO:BP,GO:0006275,regulation of DNA replication,0.5796622436887707,False,"""Any process that modulates the frequency, rate or extent of DNA replication."" [GOC:go_curators]",28,69,1,4247,0.014492753623188406,0.03571428571428571,query_1,"['GO:0006260', 'GO:0051052']",['larp'],[['IMP']]
GO:BP,GO:0007265,Ras protein signal transduction,0.5796622436887707,False,"""An intracellular signaling cassette in which a small monomeric GTPase of the Ras subfamily relays a signal."" [GOC:bf]",28,69,1,4247,0.014492753623188406,0.03571428571428571,query_1,['GO:0007264'],['Sur-8'],[['HGI']]
GO:BP,GO:0010721,negative regulation of cell development,0.5796622436887707,False,"""Any process that decreases the rate, frequency or extent of the progression of the cell over time, from its formation to the mature structure. Cell development does not include the steps involved in committing a cell to a specific fate."" [GOC:BHF, GOC:dph, GOC:tb]",28,69,1,4247,0.014492753623188406,0.03571428571428571,query_1,"['GO:0045596', 'GO:0048468', 'GO:0060284']",['CadN'],[['IMP']]
GO:BP,GO:0170039,proteinogenic amino acid metabolic process,0.5796622436887707,False,"""The chemical reactions and pathways involving any amino acid that is incorporated into protein naturally by ribosomal translation of mRNA, and that has a specific codon for translation from mRNA to protein."" [GOC:ew]",28,69,1,4247,0.014492753623188406,0.03571428571428571,query_1,"['GO:0006520', 'GO:0019752']",['l(3)72Dp'],[['IEA']]
GO:BP,GO:0006582,melanin metabolic process,0.5796622436887707,False,"""The chemical reactions and pathways involving melanins, pigments largely of animal origin. High molecular weight polymers of indole quinone, they are irregular polymeric structures and are divided into three groups: allomelanins in the plant kingdom and eumelanins and phaeomelanins in the animal kingdom."" [GOC:go_curators]",28,69,1,4247,0.014492753623188406,0.03571428571428571,query_1,"['GO:0018958', 'GO:0019748', 'GO:0042440']",['hep'],[['IMP']]
GO:BP,GO:0008150,biological_process,0.5796622436887707,False,"""A biological process is the execution of a genetically-encoded biological module or program. It consists of all the steps required to achieve the specific biological objective of the module. A biological process is accomplished by a particular set of molecular functions carried out by specific gene products (or macromolecular complexes), often in a highly regulated manner and in a particular temporal sequence."" [GOC:pdt]",3915,69,65,4247,0.9420289855072463,0.016602809706257982,query_1,[],"['CG12236', 'pigs', 'Upf2', 'eIF2Bdelta', 'mr', 'Cip4', 'Mvb12', 'CG14229', 'Nup205', 'l(3)72Dp', 'CAH2', 'Rab10', 'hoe1', 'Reph', 'aop', 'MED27', 'Edem2', 'Drep4', 'beat-Ib', 'CadN', 'ohgt', 'mgr', 'Past1', 'Ssdp', 'dind', 'Nelf-A', 'Nop56', 'CG13601', 'CG17786', 'pygo', 'CG15099', 'mrj', 'fus', 'CG8195', 'ttv', 'AGBE', 'NAT1', 'Oda', 'Syx6', 'mms4', 'CG18011', 'Gasz', 'CG5504', 'elg1', 'wge', 'CG17528', 'Tim23', 'CG31688', 'larp', 'CG7381', 'Alp12', 'Cad99C', 'foxo', 'dtn', 'CG11360', 'CG16711', 'dan', 'Gapdh2', 'prel', 'und', 'Sur-8', 'CG9650', 'rut', 'ctp', 'hep']","[['ISS', 'IBA', 'IEA'], ['IMP', 'IBA'], ['IDA', 'IMP', 'IBA', 'IEA'], ['ISS', 'IEA'], ['IMP', 'ISS', 'IBA', 'TAS', 'IEA'], ['IDA', 'IMP', 'IEP', 'IEA'], ['IBA', 'IEA'], ['ND'], ['IMP', 'ISS', 'IBA', 'IEA'], ['IBA', 'IEA'], ['IDA', 'IBA'], ['IMP', 'HMP', 'ISS', 'IBA', 'IEA'], ['IEA'], ['IMP', 'IGI'], ['IDA', 'IMP', 'IGI', 'IBA', 'TAS', 'IEA'], ['IDA', 'IBA', 'IC', 'IEA'], ['IMP', 'IGI', 'IEP', 'IBA', 'IEA'], ['IDA', 'IBA', 'TAS', 'IEA'], ['ISS', 'IBA'], ['IDA', 'IPI', 'IMP', 'IGI', 'ISS', 'IBA', 'TAS', 'IEA'], ['IMP', 'ISS', 'IBA', 'IEA'], ['IMP', 'IBA', 'IEA'], ['IMP', 'IGI', 'IBA', 'IEA'], ['IMP', 'IGI', 'IBA'], ['IMP'], ['IDA', 'ISS', 'IBA', 'IEA'], ['ISS'], ['IBA'], ['ND'], ['IDA', 'IPI', 'IMP', 'IGI', 'IEA'], ['ND', 'IEA'], ['ISS', 'IBA'], ['IDA', 'IBA', 'IEA'], ['ISS'], ['IMP', 'IGI', 'ISS', 'IEA'], ['IMP', 'IBA', 'NAS', 'IEA'], ['IMP', 'ISS', 'IBA', 'IEA'], ['IBA', 'IEA'], ['ISS', 'IBA', 'IEA'], ['IBA', 'IEA'], ['ISS', 'IBA', 'IEA'], ['IMP'], ['IEA'], ['IMP'], ['IMP', 'IEA'], ['ISS', 'IBA', 'IEA'], ['IBA'], ['ND'], ['IMP', 'IBA', 'IEA'], ['ND'], ['ISS'], ['IMP', 'IGI', 'ISS', 'ISM', 'IBA', 'NAS', 'IEA'], ['IDA', 'IMP', 'IGI', 'IEP', 'IBA', 'IEA'], ['ND'], ['HMP', 'IEA'], ['ND'], ['IMP'], ['IMP', 'IGI', 'IEP', 'ISS', 'IBA', 'IEA'], ['IMP', 'IBA', 'IEA'], ['IEA'], ['HGI', 'IBA'], ['IMP', 'IBA'], ['IDA', 'IMP', 'IGI', 'IBA', 'TAS', 'IEA'], ['IMP', 'IEA'], ['IDA', 'IMP', 'IGI', 'IEA']]"
GO:BP,GO:0051963,regulation of synapse assembly,0.5796622436887707,False,"""Any process that modulates the frequency, rate or extent of synapse assembly, the aggregation, arrangement and bonding together of a set of components to form a synapse."" [GOC:ai, GOC:pr]",79,69,2,4247,0.028985507246376812,0.02531645569620253,query_1,"['GO:0007416', 'GO:0050807', 'GO:1901888']","['mr', 'Cip4']","[['IMP'], ['IDA', 'IMP']]"
GO:BP,GO:0000226,microtubule cytoskeleton organization,0.5796622436887707,False,"""A process that is carried out at the cellular level which results in the assembly, arrangement of constituent parts, or disassembly of cytoskeletal structures comprising microtubules and their associated proteins."" [GOC:mah]",189,69,4,4247,0.057971014492753624,0.021164021164021163,query_1,"['GO:0007010', 'GO:0007017']","['pigs', 'mgr', 'larp', 'ctp']","[['IBA'], ['IMP'], ['IMP'], ['IMP']]"
GO:BP,GO:0009152,purine ribonucleotide biosynthetic process,0.5796622436887707,False,"""The chemical reactions and pathways resulting in the formation of a purine ribonucleotide, a compound consisting of ribonucleoside (a purine base linked to a ribose sugar) esterified with a phosphate group at either the 3' or 5'-hydroxyl group of the sugar."" [GOC:go_curators, ISBN:0198506732]",28,69,1,4247,0.014492753623188406,0.03571428571428571,query_1,"['GO:0006164', 'GO:0009150', 'GO:0009260']",['rut'],"[['IBA', 'IEA']]"
GO:BP,GO:0035215,genital disc development,0.5796622436887707,False,"""Progression of the genital imaginal disc over time, from its initial formation through to its metamorphosis to form the adult terminalia, comprising the entire set of internal and external genitalia and analia. Both sexes of Drosophila have a single genital disc formed from the female and male genital primordia, and the anal primordium. The anal primordium develops in both sexes, forming either male or female analia. However, only one of the genital primordia develops in each sex, forming either the male or the female genitalia."" [GOC:bf, ISBN:0879694238, PMID:11494318]",28,69,1,4247,0.014492753623188406,0.03571428571428571,query_1,['GO:0007444'],['hep'],[['IMP']]
GO:BP,GO:0090090,negative regulation of canonical Wnt signaling pathway,0.5796622436887707,False,"""Any process that decreases the rate, frequency, or extent of the Wnt signaling pathway through beta-catenin, the series of molecular signals initiated by binding of a Wnt protein to a frizzled family receptor on the surface of the target cell, followed by propagation of the signal via beta-catenin, and ending with a change in transcription of target genes."" [GOC:dph, GOC:tb]",28,69,1,4247,0.014492753623188406,0.03571428571428571,query_1,"['GO:0030178', 'GO:0060070', 'GO:0060828']",['aop'],[['IMP']]
GO:BP,GO:0018105,peptidyl-serine phosphorylation,0.5796622436887707,False,"""The phosphorylation of peptidyl-serine to form peptidyl-O-phospho-L-serine."" [RESID:AA0037]",28,69,1,4247,0.014492753623188406,0.03571428571428571,query_1,"['GO:0006468', 'GO:0018209']",['CG17528'],[['IBA']]
GO:BP,GO:0031570,DNA integrity checkpoint signaling,0.5796622436887707,False,"""A signaling process that controls cell cycle progression in response to changes in DNA structure by monitoring the integrity of the DNA. The DNA integrity checkpoint begins with detection of DNA damage, defects in DNA structure or DNA replication, and progresses through signal transduction and ends with cell cycle effector processes."" [GOC:mtg_cell_cycle]",28,69,1,4247,0.014492753623188406,0.03571428571428571,query_1,['GO:0000075'],['mms4'],[['IBA']]
GO:BP,GO:0072524,pyridine-containing compound metabolic process,0.5796622436887707,False,"""The chemical reactions and pathways involving a pyridine-containing compound, i.e. any compound that contains pyridine or a formal derivative thereof."" [GOC:mah]",28,69,1,4247,0.014492753623188406,0.03571428571428571,query_1,['GO:0008152'],['Gapdh2'],"[['IEP', 'ISS', 'IBA', 'IEA']]"
GO:BP,GO:0050767,regulation of neurogenesis,0.5796622436887707,False,"""Any process that modulates the frequency, rate or extent of neurogenesis, the generation of cells in the nervous system."" [GOC:ai]",79,69,2,4247,0.028985507246376812,0.02531645569620253,query_1,"['GO:0022008', 'GO:0051960', 'GO:0060284']","['aop', 'CadN']","[['IMP'], ['IMP']]"
GO:BP,GO:0019098,reproductive behavior,0.5796622436887707,False,"""The specific behavior of an organism that is associated with reproduction."" [GOC:jl, GOC:pr]",28,69,1,4247,0.014492753623188406,0.03571428571428571,query_1,"['GO:0007610', 'GO:0048609']",['rut'],[['TAS']]
GO:BP,GO:0071495,cellular response to endogenous stimulus,0.5839299060174602,False,"""Any process that results in a change in state or activity of a cell (in terms of movement, secretion, enzyme production, gene expression, etc.) as a result of a stimulus arising within the organism."" [GOC:mah]",134,69,3,4247,0.043478260869565216,0.022388059701492536,query_1,['GO:0009719'],"['Rab10', 'aop', 'foxo']","[['IBA'], ['IMP', 'IGI'], ['IMP', 'IGI']]"
GO:BP,GO:0055059,asymmetric neuroblast division,0.588854000658001,False,"""The process resulting in the physical partitioning and separation of a neuroblast into two daughter cells with different developmental potentials."" [GOC:dph]",30,69,1,4247,0.014492753623188406,0.03333333333333333,query_1,"['GO:0008356', 'GO:0045165', 'GO:0055057']",['mgr'],[['IMP']]
GO:BP,GO:0060491,regulation of cell projection assembly,0.588854000658001,False,"""Any process that modulates the rate, frequency, or extent of cell projection assembly."" [GOC:dph, GOC:tb]",30,69,1,4247,0.014492753623188406,0.03333333333333333,query_1,"['GO:0030031', 'GO:0031344', 'GO:0044087']",['hep'],[['IMP']]
GO:BP,GO:0008587,imaginal disc-derived wing margin morphogenesis,0.588854000658001,False,"""The process in which the anatomical structures of the imaginal disc-derived wing margin are generated and organized. The wing margin is a strip of cells in the third instar disc at the boundary between the presumptive dorsal and ventral surfaces of the wing blade."" [GOC:bf, GOC:mtg_sensu, ISBN:0879694238]",30,69,1,4247,0.014492753623188406,0.03333333333333333,query_1,"['GO:0007476', 'GO:0009886']",['Past1'],[['IGI']]
GO:BP,GO:0000819,sister chromatid segregation,0.588854000658001,False,"""The cell cycle process in which sister chromatids are organized and then physically separated and apportioned to two or more sets."" [GOC:ai, GOC:elh]",82,69,2,4247,0.028985507246376812,0.024390243902439025,query_1,"['GO:0051276', 'GO:0098813']","['mr', 'mgr']","[['IBA'], ['IMP']]"
GO:BP,GO:0030178,negative regulation of Wnt signaling pathway,0.588854000658001,False,"""Any process that stops, prevents, or reduces the frequency, rate or extent of the Wnt signaling pathway."" [GOC:dph, GOC:go_curators, GOC:tb]",29,69,1,4247,0.014492753623188406,0.034482758620689655,query_1,"['GO:0009968', 'GO:0016055', 'GO:0030111']",['aop'],[['IMP']]
GO:BP,GO:0031047,regulatory ncRNA-mediated gene silencing,0.588854000658001,False,"""A process in which an regulatory non-coding RNA molecule reduces expression of target genes. This can occur pre-transcriptionally by assembly of heterochromatin and prevention of transcription or co- or post-transcriptionally by targeting RNAs for degradation or by interfering with splicing or translation. This process starts once the inhibitory RNA molecule has been transcribed, and includes processing of the RNA such as cleavage, modifications, transport from the nucleus to the cytoplasm, loading onto the RISC complex, and the effect on transcription or translation."" [PMID:15020054]",81,69,2,4247,0.028985507246376812,0.024691358024691357,query_1,['GO:0010629'],"['Gasz', 'ctp']","[['IMP'], ['IMP']]"
GO:BP,GO:0009913,epidermal cell differentiation,0.588854000658001,False,"""The process in which a relatively unspecialized cell acquires specialized features of an epidermal cell, any of the cells making up the epidermis."" [GOC:dph, GOC:go_curators, GOC:mtg_sensu, GOC:sdb_2009, GOC:tb]",30,69,1,4247,0.014492753623188406,0.03333333333333333,query_1,"['GO:0008544', 'GO:0030855']",['Cip4'],[['IMP']]
GO:BP,GO:0007093,mitotic cell cycle checkpoint signaling,0.588854000658001,False,"""A signaling process that ensures accurate chromosome replication and segregation by preventing progression through a mitotic cell cycle until conditions are suitable for the cell to proceed to the next stage."" [GOC:mtg_cell_cycle]",30,69,1,4247,0.014492753623188406,0.03333333333333333,query_1,"['GO:0000075', 'GO:0045930', 'GO:1903047']",['mms4'],[['IBA']]
GO:BP,GO:0065007,biological regulation,0.588854000658001,False,"""Any process that modulates a measurable attribute of any biological process, quality or function."" [GOC:dph, GOC:isa_complete, GOC:mah, GOC:pr, GOC:vw]",2051,69,35,4247,0.5072463768115942,0.017064846416382253,query_1,['GO:0008150'],"['CG12236', 'pigs', 'Upf2', 'mr', 'Cip4', 'Mvb12', 'Rab10', 'Reph', 'aop', 'MED27', 'Edem2', 'CadN', 'ohgt', 'Ssdp', 'Nelf-A', 'CG13601', 'pygo', 'fus', 'ttv', 'Oda', 'Syx6', 'mms4', 'CG18011', 'Gasz', 'CG17528', 'larp', 'Cad99C', 'foxo', 'CG11360', 'dan', 'Sur-8', 'CG9650', 'rut', 'ctp', 'hep']","[['ISS', 'IBA'], ['IMP', 'IBA'], ['IDA', 'IMP', 'IBA', 'IEA'], ['IMP', 'IBA', 'TAS'], ['IDA', 'IMP', 'IEA'], ['IBA'], ['IMP', 'ISS', 'IBA'], ['IGI'], ['IDA', 'IMP', 'IGI', 'IBA', 'IEA'], ['IDA', 'IBA', 'IC', 'IEA'], ['IMP', 'IGI'], ['IMP'], ['IMP'], ['IMP', 'IGI', 'IBA'], ['IDA', 'ISS', 'IBA'], ['IBA'], ['IDA', 'IPI', 'IMP', 'IGI', 'IEA'], ['IDA', 'IBA'], ['IMP', 'IEA'], ['IBA'], ['ISS'], ['IBA'], ['ISS', 'IBA', 'IEA'], ['IMP'], ['IBA', 'IEA'], ['IMP', 'IBA', 'IEA'], ['IMP', 'IGI'], ['IDA', 'IMP', 'IGI', 'IBA', 'IEA'], ['HMP', 'IEA'], ['IMP'], ['HGI', 'IBA'], ['IMP', 'IBA'], ['IMP', 'IBA', 'IEA'], ['IMP', 'IEA'], ['IDA', 'IMP', 'IGI', 'IEA']]"
GO:BP,GO:0008354,germ cell migration,0.588854000658001,False,"""The orderly movement of a cell specialized to produce haploid gametes through the embryo from its site of production to the place where the gonads will form."" [GOC:bf, GOC:jl]",30,69,1,4247,0.014492753623188406,0.03333333333333333,query_1,"['GO:0007276', 'GO:0016477']",['ttv'],[['IMP']]
GO:BP,GO:0030833,regulation of actin filament polymerization,0.588854000658001,False,"""Any process that modulates the frequency, rate or extent of the assembly of actin filaments by the addition of actin monomers to a filament."" [GOC:mah]",30,69,1,4247,0.014492753623188406,0.03333333333333333,query_1,"['GO:0008064', 'GO:0030041', 'GO:0032271']",['Cip4'],[['IDA']]
GO:BP,GO:0071806,protein transmembrane transport,0.588854000658001,False,"""The process in which a protein is transported across a membrane."" [GOC:mah, GOC:vw]",30,69,1,4247,0.014492753623188406,0.03333333333333333,query_1,"['GO:0015031', 'GO:0055085']",['Tim23'],[['IBA']]
GO:BP,GO:0046847,filopodium assembly,0.588854000658001,False,"""The assembly of a filopodium, a thin, stiff protrusion extended by the leading edge of a motile cell such as a crawling fibroblast or amoeba, or an axonal growth cone."" [GOC:dph, GOC:mah, GOC:tb, PMID:16337369, PMID:18464790]",29,69,1,4247,0.014492753623188406,0.034482758620689655,query_1,['GO:0120031'],['hep'],[['IMP']]
GO:BP,GO:0044782,cilium organization,0.588854000658001,False,"""A process that is carried out at the cellular level which results in the assembly, arrangement of constituent parts, or disassembly of a cilium, a specialized eukaryotic organelle that consists of a filiform extrusion of the cell surface. Each cilium is bounded by an extrusion of the cytoplasmic membrane, and contains a regular longitudinal array of microtubules, anchored basally in a centriole."" [GOC:cilia, GOC:jl]",30,69,1,4247,0.014492753623188406,0.03333333333333333,query_1,"['GO:0006996', 'GO:0120036']",['Past1'],[['IBA']]
GO:BP,GO:0006914,autophagy,0.588854000658001,False,"""The cellular catabolic process in which cells digest cellular materials, such as organelles and other macromolecular constituents, or non-self materials such as intracellular pathogens. Autophagy serves to provide essential nutrients under conditions of cellular stress; or can remodel intracellular structures during cell differentiation."" [GOC:autophagy, ISBN:0198547684, PMID:11099404, PMID:29455577, PMID:9412464]",137,69,3,4247,0.043478260869565216,0.021897810218978103,query_1,"['GO:0009056', 'GO:0061919']","['foxo', 'ctp', 'hep']","[['IMP'], ['IMP'], ['IMP']]"
GO:BP,GO:1901888,regulation of cell junction assembly,0.588854000658001,False,"""Any process that modulates the frequency, rate or extent of cell junction assembly."" [GOC:TermGenie]",82,69,2,4247,0.028985507246376812,0.024390243902439025,query_1,"['GO:0034329', 'GO:0044087', 'GO:0051128']","['mr', 'Cip4']","[['IMP'], ['IDA', 'IMP']]"
GO:BP,GO:0018209,peptidyl-serine modification,0.588854000658001,False,"""The modification of peptidyl-serine."" [GOC:go_curators]",29,69,1,4247,0.014492753623188406,0.034482758620689655,query_1,['GO:0018193'],['CG17528'],[['IBA']]
GO:BP,GO:0035264,multicellular organism growth,0.588854000658001,False,"""The increase in size or mass of an entire multicellular organism, as opposed to cell growth."" [GOC:bf, GOC:curators, GOC:dph, GOC:tb]",29,69,1,4247,0.014492753623188406,0.034482758620689655,query_1,"['GO:0032501', 'GO:0048589']",['foxo'],[['IMP']]
GO:BP,GO:0034330,cell junction organization,0.588854000658001,False,"""A process that is carried out at the cellular level which results in the assembly, arrangement of constituent parts, or disassembly of a cell junction. A cell junction is a specialized region of connection between two cells or between a cell and the extracellular matrix."" [GOC:dph, GOC:jl, GOC:mah]",194,69,4,4247,0.057971014492753624,0.020618556701030927,query_1,['GO:0016043'],"['Upf2', 'mr', 'Cip4', 'rut']","[['IDA'], ['IMP'], ['IDA', 'IMP'], ['IMP']]"
GO:BP,GO:0046034,ATP metabolic process,0.588854000658001,False,"""The chemical reactions and pathways involving ATP, adenosine triphosphate, a universally important coenzyme and enzyme regulator."" [GOC:go_curators]",30,69,1,4247,0.014492753623188406,0.03333333333333333,query_1,"['GO:0009150', 'GO:0009205']",['Gapdh2'],"[['IEP', 'ISS', 'IBA', 'IEA']]"
GO:BP,GO:0050777,negative regulation of immune response,0.588854000658001,False,"""Any process that stops, prevents, or reduces the frequency, rate or extent of the immune response, the immunological reaction of an organism to an immunogenic stimulus."" [GOC:ai]",29,69,1,4247,0.014492753623188406,0.034482758620689655,query_1,"['GO:0002683', 'GO:0006955', 'GO:0048585', 'GO:0050776']",['foxo'],[['IMP']]
GO:BP,GO:0051254,positive regulation of RNA metabolic process,0.588854000658001,False,"""Any process that activates or increases the frequency, rate or extent of the chemical reactions and pathways involving RNA."" [GOC:ai]",309,69,6,4247,0.08695652173913043,0.019417475728155338,query_1,"['GO:0010604', 'GO:0016070', 'GO:0045935', 'GO:0051252']","['MED27', 'Ssdp', 'pygo', 'CG18011', 'foxo', 'hep']","[['IEA'], ['IBA'], ['IDA', 'IMP', 'IGI'], ['IEA'], ['IDA', 'IMP'], ['IMP']]"
GO:BP,GO:0120032,regulation of plasma membrane bounded cell projection assembly,0.588854000658001,False,"""Any process that modulates the rate, frequency, or extent of plasma membrane bounded cell projection assembly."" [GOC:krc]",30,69,1,4247,0.014492753623188406,0.03333333333333333,query_1,"['GO:0060491', 'GO:0120031', 'GO:0120035']",['hep'],[['IMP']]
GO:BP,GO:0008306,associative learning,0.588854000658001,False,"""Learning by associating a stimulus (the cause) with a particular outcome (the effect)."" [ISBN:0582227089]",29,69,1,4247,0.014492753623188406,0.034482758620689655,query_1,['GO:0007612'],['rut'],"[['IDA', 'IMP', 'TAS']]"
GO:BP,GO:0007059,chromosome segregation,0.588854000658001,False,"""The process in which genetic material, in the form of chromosomes, is organized into specific structures and then physically separated and apportioned to two or more sets. In eukaryotes, chromosome segregation begins with the condensation of chromosomes, includes chromosome separation, and ends when chromosomes have completed movement to the spindle poles."" [GOC:jl, GOC:mah, GOC:mtg_cell_cycle, GOC:vw]",137,69,3,4247,0.043478260869565216,0.021897810218978103,query_1,['GO:0022402'],"['mr', 'mgr', 'larp']","[['IBA'], ['IMP'], ['IMP']]"
GO:BP,GO:0061919,process utilizing autophagic mechanism,0.588854000658001,False,"""A cellular process involving delivery of a portion of the cytoplasm to lysosomes or to the plant or fungal vacuole that does not involve direct transport through the endocytic or vacuolar protein sorting (Vps) pathways. This process typically leads to degradation of the cargo; however, it can also be used to deliver resident proteins, such as in the cytoplasm-to-vacuole targeting (Cvt) pathway."" [PMID:21997368, PMID:22966490, PMID:28596378]",137,69,3,4247,0.043478260869565216,0.021897810218978103,query_1,['GO:0009987'],"['foxo', 'ctp', 'hep']","[['IMP'], ['IMP'], ['IMP']]"
GO:BP,GO:0016333,morphogenesis of follicular epithelium,0.588854000658001,False,"""The process in which the anatomical structures of a follicular epithelium are generated and organized."" [GOC:jl]",30,69,1,4247,0.014492753623188406,0.03333333333333333,query_1,['GO:0002009'],['Cip4'],[['IMP']]
GO:BP,GO:1900076,regulation of cellular response to insulin stimulus,0.588854000658001,False,"""Any process that modulates the frequency, rate or extent of cellular response to insulin stimulus."" [GOC:TermGenie, GOC:yaf]",30,69,1,4247,0.014492753623188406,0.03333333333333333,query_1,"['GO:0032869', 'GO:0048583', 'GO:0050794']",['foxo'],[['IMP']]
GO:BP,GO:1901135,carbohydrate derivative metabolic process,0.588854000658001,False,"""The chemical reactions and pathways involving carbohydrate derivative."" [GOC:TermGenie]",192,69,4,4247,0.057971014492753624,0.020833333333333332,query_1,['GO:0008152'],"['Edem2', 'ttv', 'Gapdh2', 'rut']","[['IMP', 'IBA', 'IEA'], ['IMP', 'ISS', 'IEA'], ['IGI', 'IEP', 'ISS', 'IBA', 'IEA'], ['IBA', 'IEA']]"
GO:BP,GO:0050778,positive regulation of immune response,0.588854000658001,False,"""Any process that activates or increases the frequency, rate or extent of the immune response, the immunological reaction of an organism to an immunogenic stimulus."" [GOC:ai]",82,69,2,4247,0.028985507246376812,0.024390243902439025,query_1,"['GO:0002684', 'GO:0006955', 'GO:0048584', 'GO:0050776']","['foxo', 'hep']","[['IMP'], ['IMP', 'IGI']]"
GO:BP,GO:0016331,morphogenesis of embryonic epithelium,0.588854000658001,False,"""The process in which the anatomical structures of embryonic epithelia are generated and organized."" [GOC:jl]",82,69,2,4247,0.028985507246376812,0.024390243902439025,query_1,"['GO:0002009', 'GO:0048598']","['aop', 'hep']","[['TAS'], ['IMP']]"
GO:BP,GO:0009719,response to endogenous stimulus,0.5893597131410294,False,"""Any process that results in a change in state or activity of a cell or an organism (in terms of movement, secretion, enzyme production, gene expression, etc.) as a result of a stimulus arising within the organism."" [GOC:sm]",138,69,3,4247,0.043478260869565216,0.021739130434782608,query_1,['GO:0050896'],"['Rab10', 'aop', 'foxo']","[['IBA'], ['IMP', 'IGI'], ['IMP', 'IGI']]"
GO:BP,GO:0015931,nucleobase-containing compound transport,0.5908641868011252,False,"""The directed movement of nucleobases, nucleosides, nucleotides and nucleic acids, into, out of or within a cell, or between cells, by means of some agent such as a transporter or pore."" [GOC:ai]",83,69,2,4247,0.028985507246376812,0.024096385542168676,query_1,['GO:0071705'],"['Nup205', 'CG8195']","[['IEA'], ['ISS']]"
GO:BP,GO:0002833,positive regulation of response to biotic stimulus,0.5908641868011252,False,"""Any process that activates or increases the frequency, rate, or extent of a response to biotic stimulus."" [GOC:add]",83,69,2,4247,0.028985507246376812,0.024096385542168676,query_1,"['GO:0002831', 'GO:0009607', 'GO:0048584']","['foxo', 'hep']","[['IMP'], ['IMP', 'IGI']]"
GO:BP,GO:0007297,follicle cell of egg chamber migration,0.5908641868011252,False,"""The directed movement of an ovarian follicle cell that takes place during oogenesis. During egg chamber formation, follicle cells migrate to envelop the germ-line cysts and move in between cysts. At stage 10B, follicle cells migrate centripetally between the nurse cells and the oocyte, enclosing the anterior of the egg. An example of this is found in Drosophila melanogaster."" [GOC:mtg_sensu, PMID:10822261]",83,69,2,4247,0.028985507246376812,0.024096385542168676,query_1,"['GO:0010631', 'GO:0030707']","['aop', 'hep']","[['IMP'], ['IGI']]"
GO:BP,GO:0044042,glucan metabolic process,0.5916722815096753,False,"""The chemical reactions and pathways involving glucans, polysaccharides consisting only of glucose residues."" [GOC:jl]",31,69,1,4247,0.014492753623188406,0.03225806451612903,query_1,['GO:0005976'],['AGBE'],"[['IBA', 'NAS', 'IEA']]"
GO:BP,GO:0044272,sulfur compound biosynthetic process,0.5916722815096753,False,"""The chemical reactions and pathways resulting in the formation of compounds that contain sulfur, such as the amino acids methionine and cysteine or the tripeptide glutathione."" [GOC:jl]",31,69,1,4247,0.014492753623188406,0.03225806451612903,query_1,"['GO:0006790', 'GO:0009058']",['ttv'],"[['IMP', 'IEA']]"
GO:BP,GO:0009117,nucleotide metabolic process,0.5916722815096753,False,"""The chemical reactions and pathways involving a nucleotide, a nucleoside that is esterified with (ortho)phosphate or an oligophosphate at any hydroxyl group on the glycose moiety; may be mono-, di- or triphosphate; this definition includes cyclic nucleotides (nucleoside cyclic phosphates)."" [GOC:ma]",84,69,2,4247,0.028985507246376812,0.023809523809523808,query_1,['GO:0006753'],"['Gapdh2', 'rut']","[['IEP', 'ISS', 'IBA', 'IEA'], ['IDA', 'IBA', 'IEA']]"
GO:BP,GO:0010604,positive regulation of macromolecule metabolic process,0.5916722815096753,False,"""Any process that increases the frequency, rate or extent of the chemical reactions and pathways involving macromolecules, any molecule of high relative molecular mass, the structure of which essentially comprises the multiple repetition of units derived, actually or conceptually, from molecules of low relative molecular mass."" [GOC:dph, GOC:tb]",487,69,9,4247,0.13043478260869565,0.018480492813141684,query_1,"['GO:0009893', 'GO:0043170', 'GO:0060255']","['aop', 'MED27', 'Ssdp', 'pygo', 'Oda', 'CG18011', 'larp', 'foxo', 'hep']","[['IMP'], ['IEA'], ['IBA'], ['IDA', 'IMP', 'IGI'], ['IBA'], ['IEA'], ['IMP', 'IBA', 'IEA'], ['IDA', 'IMP'], ['IMP']]"
GO:BP,GO:0030832,regulation of actin filament length,0.5916722815096753,False,"""Any process that controls the length of actin filaments in a cell."" [GOC:dph, GOC:mah]",31,69,1,4247,0.014492753623188406,0.03225806451612903,query_1,"['GO:0032535', 'GO:0032956']",['Cip4'],[['IDA']]
GO:BP,GO:0010629,negative regulation of gene expression,0.5916722815096753,False,"""Any process that decreases the frequency, rate or extent of gene expression. Gene expression is the process in which a gene's coding sequence is converted into a mature gene product (protein or RNA)."" [GOC:txnOH-2018]",254,69,5,4247,0.07246376811594203,0.01968503937007874,query_1,"['GO:0010467', 'GO:0010468', 'GO:0010558']","['Upf2', 'aop', 'Gasz', 'larp', 'ctp']","[['IDA', 'IMP', 'IBA', 'IEA'], ['IGI'], ['IMP'], ['IMP', 'IEA'], ['IMP']]"
GO:BP,GO:0008064,regulation of actin polymerization or depolymerization,0.5916722815096753,False,"""Any process that modulates the frequency, rate or extent of the assembly or disassembly of actin filaments by the addition or removal of actin monomers from a filament."" [GOC:mah]",31,69,1,4247,0.014492753623188406,0.03225806451612903,query_1,"['GO:0008154', 'GO:0030832', 'GO:0110053']",['Cip4'],[['IDA']]
GO:BP,GO:0005977,glycogen metabolic process,0.5916722815096753,False,"""The chemical reactions and pathways involving glycogen, a polydisperse, highly branched glucan composed of chains of D-glucose residues in alpha-(1->4) glycosidic linkage, joined together by alpha-(1->6) glycosidic linkages."" [ISBN:0198506732]",31,69,1,4247,0.014492753623188406,0.03225806451612903,query_1,"['GO:0006112', 'GO:0044042']",['AGBE'],"[['IBA', 'NAS', 'IEA']]"
GO:BP,GO:0051321,meiotic cell cycle,0.5916722815096753,False,"""Progression through the phases of the meiotic cell cycle, in which canonically a cell replicates to produce four offspring with half the chromosomal content of the progenitor cell via two nuclear divisions."" [GOC:ai]",139,69,3,4247,0.043478260869565216,0.02158273381294964,query_1,"['GO:0007049', 'GO:0019953', 'GO:0022414']","['mgr', 'mms4', 'larp']","[['IMP'], ['IBA'], ['IMP', 'IEA']]"
GO:BP,GO:0007365,periodic partitioning,0.5916722815096753,False,"""The regionalization process that divides the spatial regions of an embryo into serially repeated regions."" [GOC:dph, GOC:isa_complete, GOC:ma]",31,69,1,4247,0.014492753623188406,0.03225806451612903,query_1,"['GO:0003002', 'GO:0007350']",['pygo'],"[['IMP', 'IEA']]"
GO:BP,GO:0006401,RNA catabolic process,0.5916722815096753,False,"""The chemical reactions and pathways resulting in the breakdown of RNA, ribonucleic acid, one of the two main type of nucleic acid, consisting of a long, unbranched macromolecule formed from ribonucleotides joined in 3',5'-phosphodiester linkage."" [ISBN:0198506732]",84,69,2,4247,0.028985507246376812,0.023809523809523808,query_1,"['GO:0016070', 'GO:0141188']","['Upf2', 'larp']","[['IDA', 'IMP', 'IBA', 'IEA'], ['IEA']]"
GO:BP,GO:0070507,regulation of microtubule cytoskeleton organization,0.5916722815096753,False,"""Any process that modulates the frequency, rate or extent of the formation, arrangement of constituent parts, or disassembly of cytoskeletal structures comprising microtubules and their associated proteins."" [GOC:mah]",31,69,1,4247,0.014492753623188406,0.03225806451612903,query_1,"['GO:0000226', 'GO:0032886', 'GO:0051493']",['pigs'],[['IBA']]
GO:BP,GO:0006112,energy reserve metabolic process,0.5916722815096753,False,"""The chemical reactions and pathways by which a cell derives energy from stored compounds such as fats or glycogen."" [GOC:mah]",31,69,1,4247,0.014492753623188406,0.03225806451612903,query_1,['GO:0015980'],['AGBE'],"[['IBA', 'NAS', 'IEA']]"
GO:BP,GO:0045471,response to ethanol,0.5916722815096753,False,"""Any process that results in a change in state or activity of a cell or an organism (in terms of movement, secretion, enzyme production, gene expression, etc.) as a result of an ethanol stimulus."" [GOC:go_curators]",31,69,1,4247,0.014492753623188406,0.03225806451612903,query_1,['GO:0097305'],['rut'],[['IMP']]
GO:BP,GO:0031349,positive regulation of defense response,0.5972642326712331,False,"""Any process that activates or increases the frequency, rate or extent of a defense response."" [GOC:mah]",85,69,2,4247,0.028985507246376812,0.023529411764705882,query_1,"['GO:0006952', 'GO:0031347', 'GO:0048584']","['foxo', 'hep']","[['IMP'], ['IMP', 'IGI']]"
GO:BP,GO:0007051,spindle organization,0.5972642326712331,False,"""A process that is carried out at the cellular level which results in the assembly, arrangement of constituent parts, or disassembly of the spindle, the array of microtubules and associated molecules that forms between opposite poles of a eukaryotic cell during DNA segregation and serves to move the duplicated chromosomes apart."" [GOC:go_curators, GOC:mah]",85,69,2,4247,0.028985507246376812,0.023529411764705882,query_1,"['GO:0000226', 'GO:0022402']","['mgr', 'larp']","[['IMP'], ['IMP']]"
GO:BP,GO:0042048,olfactory behavior,0.5987909366435479,False,"""The behavior of an organism in response to an odor."" [GOC:jid, GOC:pr]",32,69,1,4247,0.014492753623188406,0.03125,query_1,['GO:0007635'],['rut'],"[['IMP', 'TAS']]"
GO:BP,GO:0005976,polysaccharide metabolic process,0.5987909366435479,False,"""The chemical reactions and pathways involving a polysaccharide, a polymer of many (typically more than 10) monosaccharide residues linked glycosidically."" [ISBN:0198547684]",32,69,1,4247,0.014492753623188406,0.03125,query_1,"['GO:0005975', 'GO:0043170']",['AGBE'],"[['IBA', 'NAS', 'IEA']]"
GO:BP,GO:0007474,imaginal disc-derived wing vein specification,0.5987909366435479,False,"""The regionalization process in which the area of a imaginal disc-derived wing that will form a wing vein is specified."" [GOC:dph, GOC:isa_complete, GOC:mtg_sensu]",32,69,1,4247,0.014492753623188406,0.03125,query_1,"['GO:0003002', 'GO:0007476']",['Past1'],[['IGI']]
GO:BP,GO:0018958,phenol-containing compound metabolic process,0.5987909366435479,False,"""The chemical reactions and pathways involving a phenol, any compound containing one or more hydroxyl groups directly attached to an aromatic carbon ring."" [ISBN:0198506732]",32,69,1,4247,0.014492753623188406,0.03125,query_1,['GO:0008152'],['hep'],[['IMP']]
GO:BP,GO:0055057,neuroblast division,0.5987909366435479,False,"""The process resulting in the physical partitioning and separation of a neuroblast into daughter cells. A neuroblast is any cell that will divide and give rise to a neuron."" [PMID:11163136, PMID:11250167]",32,69,1,4247,0.014492753623188406,0.03125,query_1,"['GO:0007405', 'GO:0051301']",['mgr'],[['IMP']]
GO:BP,GO:0051604,protein maturation,0.5987909366435479,False,"""Any process leading to the attainment of the full functional capacity of a protein."" [GOC:ai]",142,69,3,4247,0.043478260869565216,0.02112676056338028,query_1,"['GO:0010467', 'GO:0019538']","['mgr', 'mrj', 'CG5504']","[['IEA'], ['ISS', 'IBA'], ['IEA']]"
GO:BP,GO:0090263,positive regulation of canonical Wnt signaling pathway,0.5987909366435479,False,"""Any process that increases the rate, frequency, or extent of the Wnt signaling pathway through beta-catenin, the series of molecular signals initiated by binding of a Wnt protein to a frizzled family receptor on the surface of the target cell, followed by propagation of the signal via beta-catenin, and ending with a change in transcription of target genes."" [GOC:tb]",32,69,1,4247,0.014492753623188406,0.03125,query_1,"['GO:0030177', 'GO:0060070', 'GO:0060828']",['Ssdp'],[['IGI']]
GO:BP,GO:0046626,regulation of insulin receptor signaling pathway,0.5987909366435479,False,"""Any process that modulates the frequency, rate or extent of insulin receptor signaling."" [GOC:bf]",32,69,1,4247,0.014492753623188406,0.03125,query_1,"['GO:0008286', 'GO:0009966']",['foxo'],[['IMP']]
GO:BP,GO:0170033,L-amino acid metabolic process,0.5987909366435479,False,"""The chemical reactions and pathways involving an L-amino acid."" [GOC:edw]",32,69,1,4247,0.014492753623188406,0.03125,query_1,['GO:1901605'],['l(3)72Dp'],[['IEA']]
GO:BP,GO:0051124,synaptic assembly at neuromuscular junction,0.5989833591640494,False,"""The assembly of a synapse at a neuromuscular junction."" [PMID:20215342]",86,69,2,4247,0.028985507246376812,0.023255813953488372,query_1,"['GO:0007416', 'GO:0007528', 'GO:0048589']","['mr', 'Cip4']","[['IMP'], ['IDA', 'IMP']]"
GO:BP,GO:0002684,positive regulation of immune system process,0.6066533567671826,False,"""Any process that activates or increases the frequency, rate, or extent of an immune system process."" [GOC:add]",87,69,2,4247,0.028985507246376812,0.022988505747126436,query_1,"['GO:0002376', 'GO:0002682', 'GO:0048518']","['foxo', 'hep']","[['IMP'], ['IMP', 'IGI']]"
GO:BP,GO:0009144,purine nucleoside triphosphate metabolic process,0.6081925666372379,False,"""The chemical reactions and pathways involving purine nucleoside triphosphate, a compound consisting of a purine base linked to a ribose or deoxyribose sugar esterified with triphosphate on the sugar."" [GOC:go_curators, ISBN:0198506732]",33,69,1,4247,0.014492753623188406,0.030303030303030304,query_1,['GO:0009141'],['Gapdh2'],"[['IEP', 'ISS', 'IBA', 'IEA']]"
GO:BP,GO:0045475,locomotor rhythm,0.6081925666372379,False,"""The rhythm of the locomotor activity of an organism during its 24 hour activity cycle."" [GOC:go_curators]",33,69,1,4247,0.014492753623188406,0.030303030303030304,query_1,"['GO:0007626', 'GO:0048512']",['foxo'],[['IGI']]
GO:BP,GO:0009894,regulation of catabolic process,0.6081925666372379,False,"""Any process that modulates the frequency, rate, or extent of the chemical reactions and pathways resulting in the breakdown of substances."" [GOC:go_curators]",202,69,4,4247,0.057971014492753624,0.019801980198019802,query_1,"['GO:0009056', 'GO:0019222']","['Oda', 'larp', 'foxo', 'hep']","[['IBA'], ['IEA'], ['IMP'], ['IMP']]"
GO:BP,GO:0009205,purine ribonucleoside triphosphate metabolic process,0.6081925666372379,False,"""The chemical reactions and pathways involving purine ribonucleoside triphosphate, a compound consisting of a purine base linked to a ribose sugar esterified with triphosphate on the sugar."" [GOC:go_curators, ISBN:0198506732]",33,69,1,4247,0.014492753623188406,0.030303030303030304,query_1,"['GO:0009144', 'GO:0009199']",['Gapdh2'],"[['IEP', 'ISS', 'IBA', 'IEA']]"
GO:BP,GO:0006906,vesicle fusion,0.6081925666372379,False,"""Fusion of the membrane of a transport vesicle with its target membrane."" [GOC:jid]",33,69,1,4247,0.014492753623188406,0.030303030303030304,query_1,"['GO:0016050', 'GO:0016192', 'GO:0090174']",['Syx6'],[['IBA']]
GO:BP,GO:0042058,regulation of epidermal growth factor receptor signaling pathway,0.6098445879721935,False,"""Any process that modulates the frequency, rate or extent of epidermal growth factor receptor signaling pathway activity."" [GOC:go_curators]",34,69,1,4247,0.014492753623188406,0.029411764705882353,query_1,"['GO:0007173', 'GO:1901184']",['Mvb12'],[['IBA']]
GO:BP,GO:0016322,neuron remodeling,0.6098445879721935,False,"""The developmentally regulated remodeling of neuronal projections such as pruning to eliminate the extra dendrites and axons projections set up in early stages of nervous system development."" [GOC:hb]",34,69,1,4247,0.014492753623188406,0.029411764705882353,query_1,['GO:0042551'],['ctp'],[['IMP']]
GO:BP,GO:0002009,morphogenesis of an epithelium,0.6098445879721935,False,"""The process in which the anatomical structures of epithelia are generated and organized. An epithelium consists of closely packed cells arranged in one or more layers, that covers the outer surfaces of the body or lines any internal cavity or tube."" [GOC:dph, GOC:jl, GOC:tb, ISBN:0198506732]",203,69,4,4247,0.057971014492753624,0.019704433497536946,query_1,"['GO:0048729', 'GO:0060429']","['Cip4', 'aop', 'CadN', 'hep']","[['IMP'], ['IMP', 'IGI', 'TAS'], ['IMP', 'IEA'], ['IMP']]"
GO:BP,GO:0002832,negative regulation of response to biotic stimulus,0.6098445879721935,False,"""Any process that stops, prevents, or reduces the frequency, rate, or extent of a response to biotic stimulus."" [GOC:add]",34,69,1,4247,0.014492753623188406,0.029411764705882353,query_1,"['GO:0002831', 'GO:0009607', 'GO:0048585']",['foxo'],[['IMP']]
GO:BP,GO:0008045,motor neuron axon guidance,0.6098445879721935,False,"""The process in which the migration of an axon growth cone of a motor neuron is directed to a specific target site in response to a combination of attractive and repulsive cues."" [CL:0000100, GOC:pr, ISBN:0878932437]",34,69,1,4247,0.014492753623188406,0.029411764705882353,query_1,['GO:0007411'],['beat-Ib'],[['IBA']]
GO:BP,GO:0046434,organophosphate catabolic process,0.6098445879721935,False,"""The chemical reactions and pathways resulting in the breakdown of organophosphates, any phosphate-containing organic compound."" [GOC:ai]",34,69,1,4247,0.014492753623188406,0.029411764705882353,query_1,"['GO:0009056', 'GO:0019637']",['Gapdh2'],"[['IEP', 'ISS', 'IBA', 'IEA']]"
GO:BP,GO:0032501,multicellular organismal process,0.6098445879721935,False,"""Any biological process, occurring at the level of a multicellular organism, pertinent to its function."" [GOC:curators, GOC:dph, GOC:isa_complete, GOC:tb]",1281,69,22,4247,0.3188405797101449,0.01717408274785324,query_1,['GO:0008150'],"['CG12236', 'mr', 'Cip4', 'Reph', 'aop', 'beat-Ib', 'CadN', 'mgr', 'Past1', 'Ssdp', 'pygo', 'ttv', 'AGBE', 'wge', 'larp', 'Cad99C', 'foxo', 'dan', 'prel', 'rut', 'ctp', 'hep']","[['IEA'], ['IMP'], ['IDA', 'IMP'], ['IMP'], ['IDA', 'IMP', 'IGI', 'TAS'], ['IBA'], ['IMP', 'IGI', 'TAS', 'IEA'], ['IMP'], ['IMP', 'IGI'], ['IMP'], ['IMP', 'IEA'], ['IGI'], ['IMP'], ['IMP'], ['IMP'], ['IMP'], ['IMP', 'IGI'], ['IMP'], ['IMP'], ['IDA', 'IMP', 'IGI', 'TAS'], ['IMP'], ['IDA', 'IMP', 'IGI']]"
GO:BP,GO:0042551,neuron maturation,0.6098445879721935,False,"""A developmental process, independent of morphogenetic (shape) change, that is required for a neuron to attain its fully functional state."" [GOC:dph, GOC:jl]",34,69,1,4247,0.014492753623188406,0.029411764705882353,query_1,"['GO:0048469', 'GO:0048666']",['ctp'],[['IMP']]
GO:BP,GO:0040003,chitin-based cuticle development,0.6098445879721935,False,"""Synthesis and deposition of a chitin-based noncellular, hardened, or membranous secretion from an epithelial sheet. An example of this process is found in Drosophila melanogaster."" [GOC:mtg_sensu]",34,69,1,4247,0.014492753623188406,0.029411764705882353,query_1,['GO:0042335'],['pygo'],[['IMP']]
GO:BP,GO:0070918,regulatory ncRNA processing,0.6098445879721935,False,"""A process leading to the generation of a functional regulatory non-coding RNA."" [GOC:mah, PMID:15196465, PMID:19239886]",34,69,1,4247,0.014492753623188406,0.029411764705882353,query_1,"['GO:0006396', 'GO:0031047']",['Gasz'],[['IMP']]
GO:BP,GO:0044770,cell cycle phase transition,0.6098445879721935,False,"""The cell cycle process by which a cell commits to entering the next cell cycle phase."" [GOC:mtg_cell_cycle]",89,69,2,4247,0.028985507246376812,0.02247191011235955,query_1,['GO:0022402'],"['mr', 'mms4']","[['IBA'], ['IBA']]"
GO:BP,GO:0006354,DNA-templated transcription elongation,0.6098445879721935,False,"""The extension of an RNA molecule after transcription initiation and promoter clearance at a DNA-dependent RNA polymerase promoter by the addition of ribonucleotides catalyzed by an RNA polymerase."" [GOC:mah, GOC:txnOH, PMID:15020047, PMID:18280161]",34,69,1,4247,0.014492753623188406,0.029411764705882353,query_1,"['GO:0006351', 'GO:0032774']",['Nelf-A'],"[['IDA', 'IBA']]"
GO:BP,GO:0007635,chemosensory behavior,0.6098445879721935,False,"""Behavior that is dependent upon the sensation of chemicals."" [GOC:go_curators]",34,69,1,4247,0.014492753623188406,0.029411764705882353,query_1,"['GO:0007610', 'GO:0042221']",['rut'],"[['IMP', 'TAS']]"
GO:BP,GO:0006260,DNA replication,0.6098445879721935,False,"""The cellular metabolic process in which a cell duplicates one or more molecules of DNA. DNA replication begins when specific sequences, known as origins of replication, are recognized and bound by the origin recognition complex, and ends when the original DNA molecule has been completely duplicated and the copies topologically separated. The unit of replication usually corresponds to the genome of the cell, an organelle, or a virus. The template for replication can either be an existing DNA molecule or RNA."" [GOC:mah]",88,69,2,4247,0.028985507246376812,0.022727272727272728,query_1,['GO:0006259'],"['mms4', 'larp']","[['IBA'], ['IMP']]"
GO:BP,GO:1901184,regulation of ERBB signaling pathway,0.6098445879721935,False,"""Any process that modulates the frequency, rate or extent of ERBB signaling pathway."" [GOC:BHF, GOC:TermGenie]",34,69,1,4247,0.014492753623188406,0.029411764705882353,query_1,"['GO:0009966', 'GO:0038127']",['Mvb12'],[['IBA']]
GO:BP,GO:0019318,hexose metabolic process,0.6098445879721935,False,"""The chemical reactions and pathways involving a hexose, any monosaccharide with a chain of six carbon atoms in the molecule."" [ISBN:0198506732]",34,69,1,4247,0.014492753623188406,0.029411764705882353,query_1,['GO:0005996'],['Gapdh2'],"[['ISS', 'IEA']]"
GO:BP,GO:0010605,negative regulation of macromolecule metabolic process,0.6098445879721935,False,"""Any process that decreases the frequency, rate or extent of the chemical reactions and pathways involving macromolecules, any molecule of high relative molecular mass, the structure of which essentially comprises the multiple repetition of units derived, actually or conceptually, from molecules of low relative molecular mass."" [GOC:dph, GOC:tb]",440,69,8,4247,0.11594202898550725,0.01818181818181818,query_1,"['GO:0009892', 'GO:0043170', 'GO:0060255']","['CG12236', 'Upf2', 'aop', 'Nelf-A', 'Gasz', 'larp', 'foxo', 'ctp']","[['ISS'], ['IDA', 'IMP', 'IBA', 'IEA'], ['IDA', 'IMP', 'IGI', 'IEA'], ['IDA', 'ISS', 'IBA'], ['IMP'], ['IMP', 'IEA'], ['IMP'], ['IMP', 'IEA']]"
GO:BP,GO:0016241,regulation of macroautophagy,0.6098445879721935,False,"""Any process that modulates the frequency, rate or extent of macroautophagy."" [GOC:krc]",34,69,1,4247,0.014492753623188406,0.029411764705882353,query_1,"['GO:0010506', 'GO:0016236']",['foxo'],[['IMP']]
GO:BP,GO:0060429,epithelium development,0.6143083368634251,False,"""The process whose specific outcome is the progression of an epithelium over time, from its formation to the mature structure. An epithelium is a tissue that covers the internal or external surfaces of an anatomical structure."" [GOC:dph, GOC:mtg_lung]",324,69,6,4247,0.08695652173913043,0.018518518518518517,query_1,['GO:0009888'],"['pigs', 'Cip4', 'aop', 'CadN', 'Cad99C', 'hep']","[['IMP'], ['IMP'], ['IMP', 'IGI', 'TAS'], ['IMP', 'IEA'], ['IMP'], ['IMP', 'IGI']]"
GO:BP,GO:0048193,Golgi vesicle transport,0.6143083368634251,False,"""The directed movement of substances into, out of or within the Golgi apparatus, mediated by vesicles."" [GOC:jid, ISBN:0716731363, PMID:10219233]",90,69,2,4247,0.028985507246376812,0.022222222222222223,query_1,['GO:0016192'],"['CG15099', 'Syx6']","[['IEA'], ['IEA']]"
GO:BP,GO:0006164,purine nucleotide biosynthetic process,0.6144942311597233,False,"""The chemical reactions and pathways resulting in the formation of a purine nucleotide, a compound consisting of nucleoside (a purine base linked to a deoxyribose or ribose sugar) esterified with a phosphate group at either the 3' or 5'-hydroxyl group of the sugar."" [GOC:go_curators, ISBN:0198506732]",35,69,1,4247,0.014492753623188406,0.02857142857142857,query_1,"['GO:0006163', 'GO:0009165', 'GO:0072522']",['rut'],"[['IBA', 'IEA']]"
GO:BP,GO:0006606,protein import into nucleus,0.6144942311597233,False,"""The directed movement of a protein from the cytoplasm to the nucleus."" [GOC:jl]",35,69,1,4247,0.014492753623188406,0.02857142857142857,query_1,"['GO:0006886', 'GO:0034504', 'GO:0051170', 'GO:0072594']",['Nup205'],[['IMP']]
GO:BP,GO:0008544,epidermis development,0.6144942311597233,False,"""The process whose specific outcome is the progression of the epidermis over time, from its formation to the mature structure. The epidermis is the outer epithelial layer of an animal, it may be a single layer that produces an extracellular material (e.g. the cuticle of arthropods) or a complex stratified squamous epithelium, as in the case of many vertebrate species."" [GOC:go_curators, UBERON:0001003]",35,69,1,4247,0.014492753623188406,0.02857142857142857,query_1,['GO:0009888'],['Cip4'],[['IMP']]
GO:BP,GO:0030041,actin filament polymerization,0.6144942311597233,False,"""Assembly of actin filaments by the addition of actin monomers to a filament."" [GOC:mah]",35,69,1,4247,0.014492753623188406,0.02857142857142857,query_1,"['GO:0008154', 'GO:0051258']",['Cip4'],[['IDA']]
GO:BP,GO:0090174,organelle membrane fusion,0.6144942311597233,False,"""The joining of two lipid bilayers to form a single organelle membrane."" [GOC:ascb_2009, GOC:dph, GOC:tb]",35,69,1,4247,0.014492753623188406,0.02857142857142857,query_1,"['GO:0048284', 'GO:0061025']",['Syx6'],[['IBA']]
GO:BP,GO:0045727,positive regulation of translation,0.6144942311597233,False,"""Any process that activates or increases the frequency, rate or extent of the chemical reactions and pathways resulting in the formation of proteins by the translation of mRNA or circRNA."" [GOC:dph, GOC:go_curators, GOC:tb]",35,69,1,4247,0.014492753623188406,0.02857142857142857,query_1,"['GO:0006412', 'GO:0006417', 'GO:0010628', 'GO:0051247']",['larp'],"[['IMP', 'IBA']]"
GO:BP,GO:0046843,dorsal appendage formation,0.6144942311597233,False,"""Establishment of the dorsal filaments, elaborate specializations of the chorion that protrude from the anterior end of the egg and facilitate embryonic respiration."" [ISBN:0879694238]",35,69,1,4247,0.014492753623188406,0.02857142857142857,query_1,"['GO:0003006', 'GO:0007306', 'GO:0048646']",['hep'],[['IMP']]
GO:BP,GO:0007422,peripheral nervous system development,0.6144942311597233,False,"""The process whose specific outcome is the progression of the peripheral nervous system over time, from its formation to the mature structure. The peripheral nervous system is one of the two major divisions of the nervous system. Nerves in the PNS connect the central nervous system (CNS) with sensory organs, other organs, muscles, blood vessels and glands."" [GOC:go_curators, UBERON:0000010]",35,69,1,4247,0.014492753623188406,0.02857142857142857,query_1,"['GO:0007399', 'GO:0048731']",['Reph'],[['IMP']]
GO:BP,GO:0007612,learning,0.6144942311597233,False,"""Any process in an organism in which a relatively long-lasting adaptive behavioral change occurs as the result of experience."" [ISBN:0582227089, ISBN:0721662544]",35,69,1,4247,0.014492753623188406,0.02857142857142857,query_1,['GO:0007611'],['rut'],"[['IDA', 'IMP', 'TAS']]"
GO:BP,GO:0031348,negative regulation of defense response,0.6144942311597233,False,"""Any process that stops, prevents, or reduces the frequency, rate or extent of a defense response."" [GOC:mah]",35,69,1,4247,0.014492753623188406,0.02857142857142857,query_1,"['GO:0006952', 'GO:0031347', 'GO:0048585']",['foxo'],[['IMP']]
GO:BP,GO:0007127,meiosis I,0.6144942311597233,False,"""The first meiotic nuclear division in which homologous chromosomes are paired and segregated from each other, producing two haploid daughter nuclei."" [GOC:dph, GOC:jl, GOC:mtg_cell_cycle, PMID:9334324]",35,69,1,4247,0.014492753623188406,0.02857142857142857,query_1,"['GO:0061982', 'GO:0140013']",['mms4'],[['IBA']]
GO:BP,GO:0048583,regulation of response to stimulus,0.6205347742674577,False,"""Any process that modulates the frequency, rate or extent of a response to a stimulus. Response to stimulus is a change in state or activity of a cell or an organism (in terms of movement, secretion, enzyme production, gene expression, etc.) as a result of a stimulus."" [GOC:jid]",567,69,10,4247,0.14492753623188406,0.01763668430335097,query_1,"['GO:0050789', 'GO:0050896']","['pigs', 'Mvb12', 'aop', 'ohgt', 'Ssdp', 'ttv', 'foxo', 'Sur-8', 'rut', 'hep']","[['IMP'], ['IBA'], ['IMP'], ['IMP'], ['IGI'], ['IMP'], ['IMP'], ['HGI'], ['IMP'], ['IMP', 'IGI']]"
GO:BP,GO:0032103,positive regulation of response to external stimulus,0.621415171622404,False,"""Any process that activates, maintains or increases the rate of a response to an external stimulus."" [GOC:mah]",92,69,2,4247,0.028985507246376812,0.021739130434782608,query_1,"['GO:0009605', 'GO:0032101', 'GO:0048584']","['foxo', 'hep']","[['IMP'], ['IMP', 'IGI']]"
GO:BP,GO:0017148,negative regulation of translation,0.6225237069082978,False,"""Any process that stops, prevents, or reduces the frequency, rate or extent of the chemical reactions and pathways resulting in the formation of proteins by the translation of mRNA or circRNA."" [GOC:isa_complete]",36,69,1,4247,0.014492753623188406,0.027777777777777776,query_1,"['GO:0006412', 'GO:0006417', 'GO:0010629', 'GO:0051248']",['larp'],[['IMP']]
GO:BP,GO:0009895,negative regulation of catabolic process,0.6225237069082978,False,"""Any process that stops, prevents, or reduces the frequency, rate or extent of the chemical reactions and pathways resulting in the breakdown of substances."" [GOC:go_curators]",36,69,1,4247,0.014492753623188406,0.027777777777777776,query_1,"['GO:0009056', 'GO:0009892', 'GO:0009894']",['larp'],[['IEA']]
GO:BP,GO:0060255,regulation of macromolecule metabolic process,0.6225237069082978,False,"""Any process that modulates the frequency, rate or extent of the chemical reactions and pathways involving macromolecules, any molecule of high relative molecular mass, the structure of which essentially comprises the multiple repetition of units derived, actually or conceptually, from molecules of low relative molecular mass."" [GOC:dph, GOC:tb]",1053,69,18,4247,0.2608695652173913,0.017094017094017096,query_1,"['GO:0019222', 'GO:0043170']","['CG12236', 'Upf2', 'aop', 'MED27', 'Ssdp', 'Nelf-A', 'pygo', 'fus', 'Oda', 'CG18011', 'Gasz', 'larp', 'foxo', 'CG11360', 'dan', 'CG9650', 'ctp', 'hep']","[['ISS', 'IBA'], ['IDA', 'IMP', 'IBA', 'IEA'], ['IDA', 'IMP', 'IGI', 'IBA', 'IEA'], ['IDA', 'IBA', 'IC', 'IEA'], ['IMP', 'IGI', 'IBA'], ['IDA', 'ISS', 'IBA'], ['IDA', 'IPI', 'IMP', 'IGI'], ['IDA', 'IBA'], ['IBA'], ['ISS', 'IBA', 'IEA'], ['IMP'], ['IMP', 'IBA', 'IEA'], ['IDA', 'IMP', 'IBA', 'IEA'], ['HMP', 'IEA'], ['IMP'], ['IBA'], ['IMP', 'IEA'], ['IMP']]"
GO:BP,GO:0170062,nutrient storage,0.6225237069082978,False,"""The accumulation and maintenance in cells or tissues of a nutrient, a substance that is used by an organism to survive, to grow, and to reproduce; such as proteins, vitamins, and minerals. Nutrient reserves can be accumulated for mobilization and utilization when needed."" [GOC:ew]",36,69,1,4247,0.014492753623188406,0.027777777777777776,query_1,['GO:0009987'],['foxo'],[['IDA']]
GO:BP,GO:0019915,lipid storage,0.6225237069082978,False,"""The accumulation and maintenance in cells or tissues of lipids, compounds soluble in organic solvents but insoluble or sparingly soluble in aqueous solvents. Lipid reserves can be accumulated during early developmental stages for mobilization and utilization at later stages of development."" [GOC:dph, GOC:mah, GOC:tb, PMID:11102830]",36,69,1,4247,0.014492753623188406,0.027777777777777776,query_1,['GO:0170062'],['foxo'],[['IDA']]
GO:BP,GO:0030010,establishment of cell polarity,0.6225237069082978,False,"""The specification and formation of anisotropic intracellular organization or cell growth patterns."" [GOC:mah]",36,69,1,4247,0.014492753623188406,0.027777777777777776,query_1,['GO:0007163'],['ctp'],[['IMP']]
GO:BP,GO:1903047,mitotic cell cycle process,0.6269418024551519,False,"""A process that is part of the mitotic cell cycle."" [GO_REF:0000060, GOC:mtg_cell_cycle, GOC:TermGenie]",211,69,4,4247,0.057971014492753624,0.018957345971563982,query_1,"['GO:0000278', 'GO:0022402']","['mr', 'mgr', 'mms4', 'ctp']","[['IBA'], ['IMP'], ['IBA'], ['IMP']]"
GO:BP,GO:0048232,male gamete generation,0.627185153825574,False,"""Generation of the male gamete; specialised haploid cells produced by meiosis and along with a female gamete takes part in sexual reproduction."" [GOC:dph, GOC:jid]",152,69,3,4247,0.043478260869565216,0.019736842105263157,query_1,['GO:0007276'],"['Past1', 'larp', 'ctp']","[['IMP'], ['IMP'], ['IMP']]"
GO:BP,GO:0099643,signal release from synapse,0.6280382517963904,False,"""Any signal release from a synapse."" [GOC:dos]",37,69,1,4247,0.014492753623188406,0.02702702702702703,query_1,"['GO:0023061', 'GO:0099536']",['Syx6'],[['ISS']]
GO:BP,GO:0055001,muscle cell development,0.6280382517963904,False,"""The process whose specific outcome is the progression of a muscle cell over time, from its formation to the mature structure. Muscle cell development does not include the steps involved in committing an unspecified cell to the muscle cell fate."" [CL:0000187, GOC:devbiol]",37,69,1,4247,0.014492753623188406,0.02702702702702703,query_1,"['GO:0042692', 'GO:0048468']",['aop'],[['IMP']]
GO:BP,GO:0007269,neurotransmitter secretion,0.6280382517963904,False,"""The regulated release of neurotransmitter from the presynapse into the synaptic cleft via calcium-regulated exocytosis during synaptic transmission."" [GOC:dph]",37,69,1,4247,0.014492753623188406,0.02702702702702703,query_1,"['GO:0006836', 'GO:0007268', 'GO:0051649', 'GO:0099643']",['Syx6'],[['ISS']]
GO:BP,GO:0072657,protein localization to membrane,0.6280382517963904,False,"""A process in which a protein is transported to, or maintained in, a specific location in a membrane."" [GOC:mah]",94,69,2,4247,0.028985507246376812,0.02127659574468085,query_1,"['GO:0008104', 'GO:0051668']","['Rab10', 'Past1']","[['IBA'], ['IBA']]"
GO:BP,GO:0006839,mitochondrial transport,0.6280382517963904,False,"""Transport of substances into, out of or within a mitochondrion."" [GOC:ai]",37,69,1,4247,0.014492753623188406,0.02702702702702703,query_1,['GO:0006810'],['Tim23'],[['IBA']]
GO:BP,GO:0051170,import into nucleus,0.6280382517963904,False,"""The directed movement of substances into the nucleus."" [GOC:ai]",37,69,1,4247,0.014492753623188406,0.02702702702702703,query_1,['GO:0006913'],['Nup205'],[['IMP']]
GO:BP,GO:0072521,purine-containing compound metabolic process,0.6280382517963904,False,"""The chemical reactions and pathways involving a purine-containing compound, i.e. any compound that contains purine or a formal derivative thereof."" [GOC:mah]",94,69,2,4247,0.028985507246376812,0.02127659574468085,query_1,['GO:0008152'],"['Gapdh2', 'rut']","[['IEP', 'ISS', 'IBA', 'IEA'], ['IBA', 'IEA']]"
GO:BP,GO:0009199,ribonucleoside triphosphate metabolic process,0.6280382517963904,False,"""The chemical reactions and pathways involving a ribonucleoside triphosphate, a compound consisting of a nucleobase linked to a ribose sugar esterified with triphosphate on the sugar."" [GOC:go_curators, ISBN:0198506732]",37,69,1,4247,0.014492753623188406,0.02702702702702703,query_1,['GO:0009141'],['Gapdh2'],"[['IEP', 'ISS', 'IBA', 'IEA']]"
GO:BP,GO:0019748,secondary metabolic process,0.6376395734551487,False,"""The chemical reactions and pathways resulting in many of the chemical changes of compounds that are not necessarily required for growth and maintenance of cells, and are often unique to a taxon. In multicellular organisms secondary metabolism is generally carried out in specific cell types, and may be useful for the organism as a whole. In unicellular organisms, secondary metabolism is often used for the production of antibiotics or for the utilization and acquisition of unusual nutrients."" [GOC:go_curators]",38,69,1,4247,0.014492753623188406,0.02631578947368421,query_1,['GO:0008152'],['hep'],[['IMP']]
GO:BP,GO:1903829,positive regulation of protein localization,0.6376395734551487,False,"""Any process that activates or increases the frequency, rate or extent of a protein localization."" [GO_REF:0000058, GOC:TermGenie, GOC:vw]",38,69,1,4247,0.014492753623188406,0.02631578947368421,query_1,"['GO:0008104', 'GO:0032880', 'GO:0048522']",['larp'],[['IMP']]
GO:BP,GO:0006898,receptor-mediated endocytosis,0.6376395734551487,False,"""An endocytosis process in which cell surface receptors ensure specificity of transport. A specific receptor on the cell surface binds tightly to the extracellular macromolecule (the ligand) that it recognizes; the plasma-membrane region containing the receptor-ligand complex then undergoes endocytosis, forming a transport vesicle containing the receptor-ligand complex and excluding most other plasma-membrane proteins. Receptor-mediated endocytosis generally occurs via clathrin-coated pits and vesicles."" [GOC:mah, ISBN:0716731363]",38,69,1,4247,0.014492753623188406,0.02631578947368421,query_1,['GO:0006897'],['Cad99C'],[['IMP']]
GO:BP,GO:0009260,ribonucleotide biosynthetic process,0.6376395734551487,False,"""The chemical reactions and pathways resulting in the formation of a ribonucleotide, a compound consisting of ribonucleoside (a base linked to a ribose sugar) esterified with a phosphate group at either the 3' or 5'-hydroxyl group of the sugar."" [GOC:go_curators, ISBN:0198506732]",38,69,1,4247,0.014492753623188406,0.02631578947368421,query_1,"['GO:0009165', 'GO:0009259', 'GO:0046390']",['rut'],"[['IBA', 'IEA']]"
GO:BP,GO:0048729,tissue morphogenesis,0.6377730565673917,False,"""The process in which the anatomical structures of a tissue are generated and organized."" [GOC:dph, GOC:jid]",215,69,4,4247,0.057971014492753624,0.018604651162790697,query_1,"['GO:0009653', 'GO:0009888']","['Cip4', 'aop', 'CadN', 'hep']","[['IMP'], ['IMP', 'IGI', 'TAS'], ['IMP', 'IEA'], ['IMP']]"
GO:BP,GO:0051049,regulation of transport,0.6413390210223646,False,"""Any process that modulates the frequency, rate or extent of the directed movement of substances (such as macromolecules, small molecules, ions) into, out of or within a cell, or between cells, by means of some agent such as a transporter or pore."" [GOC:ai]",156,69,3,4247,0.043478260869565216,0.019230769230769232,query_1,"['GO:0006810', 'GO:0032879']","['Rab10', 'Cad99C', 'CG9650']","[['IBA'], ['IMP'], ['IMP']]"
GO:BP,GO:0016070,RNA metabolic process,0.6413390210223646,False,"""The cellular chemical reactions and pathways involving RNA, ribonucleic acid, one of the two main type of nucleic acid, consisting of a long, unbranched macromolecule formed from ribonucleotides joined in 3',5'-phosphodiester linkage."" [ISBN:0198506732]",1065,69,18,4247,0.2608695652173913,0.016901408450704224,query_1,['GO:0090304'],"['CG12236', 'Upf2', 'aop', 'MED27', 'Ssdp', 'Nelf-A', 'Nop56', 'pygo', 'fus', 'CG18011', 'Gasz', 'larp', 'foxo', 'CG11360', 'dan', 'CG9650', 'ctp', 'hep']","[['ISS', 'IBA'], ['IDA', 'IMP', 'IBA', 'IEA'], ['IDA', 'IMP', 'IBA', 'IEA'], ['IDA', 'IBA', 'IC', 'IEA'], ['IMP', 'IGI', 'IBA'], ['IDA', 'ISS', 'IBA'], ['ISS'], ['IDA', 'IPI', 'IMP', 'IGI'], ['IDA', 'IBA', 'IEA'], ['ISS', 'IBA', 'IEA'], ['IMP'], ['IEA'], ['IDA', 'IMP', 'IBA', 'IEA'], ['HMP'], ['IMP'], ['IBA'], ['IEA'], ['IMP']]"
GO:BP,GO:0070201,regulation of establishment of protein localization,0.6429414347911329,False,"""Any process that modulates the frequency, rate or extent of the directed movement of a protein to a specific location."" [GOC:BHF, GOC:mah]",39,69,1,4247,0.014492753623188406,0.02564102564102564,query_1,"['GO:0032880', 'GO:0045184']",['larp'],[['IMP']]
GO:BP,GO:0009141,nucleoside triphosphate metabolic process,0.6429414347911329,False,"""The chemical reactions and pathways involving a nucleoside triphosphate, a compound consisting of a nucleobase linked to a deoxyribose or ribose sugar esterified with triphosphate on the sugar."" [GOC:go_curators, ISBN:0198506732]",39,69,1,4247,0.014492753623188406,0.02564102564102564,query_1,['GO:0006753'],['Gapdh2'],"[['IEP', 'ISS', 'IBA', 'IEA']]"
GO:BP,GO:0008154,actin polymerization or depolymerization,0.6429414347911329,False,"""Assembly or disassembly of actin filaments by the addition or removal of actin monomers from a filament."" [GOC:mah]",39,69,1,4247,0.014492753623188406,0.02564102564102564,query_1,['GO:0007015'],['Cip4'],[['IDA']]
GO:BP,GO:0007034,vacuolar transport,0.6429414347911329,False,"""The directed movement of substances into, out of or within a vacuole."" [GOC:ai]",39,69,1,4247,0.014492753623188406,0.02564102564102564,query_1,['GO:0046907'],['Mvb12'],[['IBA']]
GO:BP,GO:0000075,cell cycle checkpoint signaling,0.6429414347911329,False,"""A signaling process that controls cell cycle progression by monitoring the integrity of specific cell cycle events. A cell cycle checkpoint begins with detection of deficiencies or defects and ends with signal transduction."" [GOC:mtg_cell_cycle]",39,69,1,4247,0.014492753623188406,0.02564102564102564,query_1,"['GO:0035556', 'GO:1901988']",['mms4'],[['IBA']]
GO:BP,GO:0061025,membrane fusion,0.6429414347911329,False,"""The membrane organization process that joins two lipid bilayers to form a single membrane."" [GOC:dph, GOC:tb]",39,69,1,4247,0.014492753623188406,0.02564102564102564,query_1,['GO:0061024'],['Syx6'],[['IBA']]
GO:BP,GO:0010817,regulation of hormone levels,0.6429414347911329,False,"""Any process that modulates the levels of hormone within an organism or a tissue. A hormone is any substance formed in very small amounts in one specialized organ or group of cells and carried (sometimes in the bloodstream) to another organ or group of cells in the same organism, upon which it has a specific regulatory action."" [GOC:BHF, GOC:dph, GOC:tb]",39,69,1,4247,0.014492753623188406,0.02564102564102564,query_1,['GO:0065008'],['CG9650'],[['IMP']]
GO:BP,GO:0007005,mitochondrion organization,0.6452585394300324,False,"""A process that is carried out at the cellular level which results in the assembly, arrangement of constituent parts, or disassembly of a mitochondrion; includes mitochondrial morphogenesis and distribution, and replication of the mitochondrial genome as well as synthesis of new mitochondrial components."" [GOC:dph, GOC:jl, GOC:mah, GOC:sgd_curators, PMID:9786946]",98,69,2,4247,0.028985507246376812,0.02040816326530612,query_1,['GO:0006996'],"['larp', 'prel']","[['IMP'], ['IMP']]"
GO:BP,GO:1901701,cellular response to oxygen-containing compound,0.6452585394300324,False,"""Any process that results in a change in state or activity of a cell (in terms of movement, secretion, enzyme production, gene expression, etc.) as a result of an oxygen-containing compound stimulus."" [GOC:pr, GOC:TermGenie]",98,69,2,4247,0.028985507246376812,0.02040816326530612,query_1,"['GO:0070887', 'GO:1901700']","['Rab10', 'foxo']","[['IBA'], ['IMP', 'IGI']]"
GO:BP,GO:0005996,monosaccharide metabolic process,0.6486092998887134,False,"""The chemical reactions and pathways involving monosaccharides, the simplest carbohydrates. They are polyhydric alcohols containing either an aldehyde or a keto group and between three to ten or more carbon atoms. They form the constitutional repeating units of oligo- and polysaccharides."" [ISBN:0198506732]",40,69,1,4247,0.014492753623188406,0.025,query_1,"['GO:0005975', 'GO:0044281']",['Gapdh2'],"[['ISS', 'IEA']]"
GO:BP,GO:0098876,vesicle-mediated transport to the plasma membrane,0.6486092998887134,False,"""The directed movement of substances to the plasma membrane in transport vesicles that fuse with the plasma membrane by exocytosis."" [GOC:dos]",40,69,1,4247,0.014492753623188406,0.025,query_1,"['GO:0016192', 'GO:0051668']",['Past1'],[['IBA']]
GO:BP,GO:0007140,male meiotic nuclear division,0.6486092998887134,False,"""A cell cycle process by which the cell nucleus divides as part of a meiotic cell cycle in the male germline."" [GOC:dph, GOC:mah, GOC:vw]",40,69,1,4247,0.014492753623188406,0.025,query_1,"['GO:0048232', 'GO:0140013']",['larp'],[['IMP']]
GO:BP,GO:0006836,neurotransmitter transport,0.6486092998887134,False,"""The directed movement of a neurotransmitter into, out of or within a cell, or between cells, by means of some agent such as a transporter or pore. Neurotransmitters are any chemical substance that is capable of transmitting (or inhibiting the transmission of) a nerve impulse from a neuron to another cell."" [GOC:ai]",40,69,1,4247,0.014492753623188406,0.025,query_1,['GO:0006810'],['Syx6'],[['ISS']]
GO:BP,GO:0032271,regulation of protein polymerization,0.6486092998887134,False,"""Any process that modulates the frequency, rate or extent of the process of creating protein polymers."" [GOC:mah]",40,69,1,4247,0.014492753623188406,0.025,query_1,"['GO:0043254', 'GO:0051258']",['Cip4'],[['IDA']]
GO:BP,GO:0006869,lipid transport,0.6486092998887134,False,"""The directed movement of lipids into, out of or within a cell, or between cells, by means of some agent such as a transporter or pore. Lipids are compounds soluble in an organic solvent but not, or sparingly, in an aqueous solvent."" [ISBN:0198506732]",40,69,1,4247,0.014492753623188406,0.025,query_1,"['GO:0006810', 'GO:0010876']",['prel'],"[['IBA', 'IEA']]"
GO:BP,GO:0046390,ribose phosphate biosynthetic process,0.6486092998887134,False,"""The chemical reactions and pathways resulting in the formation of ribose phosphate, any phosphorylated ribose sugar."" [GOC:ai]",40,69,1,4247,0.014492753623188406,0.025,query_1,"['GO:0019693', 'GO:0090407', 'GO:1901137']",['rut'],"[['IBA', 'IEA']]"
GO:BP,GO:0042592,homeostatic process,0.649628628672681,False,"""Any biological process involved in the maintenance of an internal steady state."" [GOC:jl, ISBN:0395825172]",220,69,4,4247,0.057971014492753624,0.01818181818181818,query_1,['GO:0008150'],"['AGBE', 'foxo', 'Gapdh2', 'hep']","[['IMP'], ['IMP'], ['IMP'], ['IMP']]"
GO:BP,GO:0019222,regulation of metabolic process,0.650156877540954,False,"""Any process that modulates the frequency, rate or extent of the chemical reactions and pathways within a cell or an organism."" [GOC:go_curators]",1135,69,19,4247,0.2753623188405797,0.016740088105726872,query_1,"['GO:0008152', 'GO:0050794']","['CG12236', 'Upf2', 'aop', 'MED27', 'Ssdp', 'Nelf-A', 'CG13601', 'pygo', 'fus', 'Oda', 'CG18011', 'Gasz', 'larp', 'foxo', 'CG11360', 'dan', 'CG9650', 'ctp', 'hep']","[['ISS', 'IBA'], ['IDA', 'IMP', 'IBA', 'IEA'], ['IDA', 'IMP', 'IGI', 'IBA', 'IEA'], ['IDA', 'IBA', 'IC', 'IEA'], ['IMP', 'IGI', 'IBA'], ['IDA', 'ISS', 'IBA'], ['IBA'], ['IDA', 'IPI', 'IMP', 'IGI'], ['IDA', 'IBA'], ['IBA'], ['ISS', 'IBA', 'IEA'], ['IMP'], ['IMP', 'IBA', 'IEA'], ['IDA', 'IMP', 'IBA', 'IEA'], ['HMP', 'IEA'], ['IMP'], ['IBA'], ['IMP', 'IEA'], ['IMP']]"
GO:BP,GO:0007010,cytoskeleton organization,0.650156877540954,False,"""A process that is carried out at the cellular level which results in the assembly, arrangement of constituent parts, or disassembly of cytoskeletal structures."" [GOC:dph, GOC:jl, GOC:mah]",342,69,6,4247,0.08695652173913043,0.017543859649122806,query_1,['GO:0006996'],"['pigs', 'Cip4', 'mgr', 'larp', 'ctp', 'hep']","[['IBA'], ['IDA'], ['IMP'], ['IMP'], ['IMP'], ['IMP']]"
GO:BP,GO:0009791,post-embryonic development,0.650156877540954,False,"""The process whose specific outcome is the progression of the organism over time, from the completion of embryonic development to the mature structure. See embryonic development."" [GOC:go_curators]",342,69,6,4247,0.08695652173913043,0.017543859649122806,query_1,"['GO:0007275', 'GO:0032501']","['Cip4', 'Past1', 'pygo', 'wge', 'ctp', 'hep']","[['IMP'], ['IGI'], ['IMP'], ['IMP'], ['IMP'], ['IMP', 'IGI']]"
GO:BP,GO:0050807,regulation of synapse organization,0.6511107653680248,False,"""Any process that modulates the physical form of a synapse, the junction between a neuron and a target (neuron, muscle, or secretory cell)."" [GOC:ai, GOC:dph, GOC:tb]",100,69,2,4247,0.028985507246376812,0.02,query_1,"['GO:0050803', 'GO:0050808', 'GO:0051128']","['mr', 'Cip4']","[['IMP'], ['IDA', 'IMP']]"
GO:BP,GO:0035220,wing disc development,0.6511107653680248,False,"""Progression of the wing disc over time, from its initial formation through to its metamorphosis to form adult structures including the wing hinge, wing blade and pleura."" [GOC:bf, ISBN:0879694238]",221,69,4,4247,0.057971014492753624,0.01809954751131222,query_1,['GO:0007444'],"['Cip4', 'Past1', 'pygo', 'ctp']","[['IMP'], ['IGI'], ['IMP'], ['IMP']]"
GO:BP,GO:0034504,protein localization to nucleus,0.6519976378553541,False,"""A process in which a protein transports or maintains the localization of another protein to the nucleus."" [GOC:ecd]",41,69,1,4247,0.014492753623188406,0.024390243902439025,query_1,['GO:0033365'],['Nup205'],[['IMP']]
GO:BP,GO:1901605,alpha-amino acid metabolic process,0.6519976378553541,False,"""The chemical reactions and pathways involving an alpha-amino acid."" [GOC:TermGenie]",41,69,1,4247,0.014492753623188406,0.024390243902439025,query_1,"['GO:0006520', 'GO:0019752']",['l(3)72Dp'],[['IEA']]
GO:BP,GO:0033044,regulation of chromosome organization,0.6519976378553541,False,"""Any process that modulates the frequency, rate or extent of a process involved in the formation, arrangement of constituent parts, or disassembly of a chromosome."" [GOC:mah]",41,69,1,4247,0.014492753623188406,0.024390243902439025,query_1,"['GO:0033043', 'GO:0051276']",['mr'],[['IBA']]
GO:BP,GO:0043488,regulation of mRNA stability,0.6519976378553541,False,"""Any process that modulates the propensity of mRNA molecules to degradation. Includes processes that both stabilize and destabilize mRNAs."" [GOC:jl]",41,69,1,4247,0.014492753623188406,0.024390243902439025,query_1,"['GO:0043487', 'GO:0061013']",['larp'],[['IEA']]
GO:BP,GO:0006955,immune response,0.6519976378553541,False,"""Any immune system process that functions in the calibrated response of an organism to a potential internal or invasive threat."" [GO_REF:0000022, GOC:add]",161,69,3,4247,0.043478260869565216,0.018633540372670808,query_1,"['GO:0002376', 'GO:0050896']","['Cad99C', 'foxo', 'hep']","[['IMP', 'IGI'], ['IMP'], ['IDA', 'IMP', 'IGI']]"
GO:BP,GO:0002168,instar larval development,0.6519976378553541,False,"""The process whose specific outcome is the progression of the larva over time, from its formation to the mature structure. This begins with the newly hatched first-instar larva, through its maturation to the end of the last larval stage. An example of this process is found in Drosophila melanogaster."" [GOC:bf, GOC:mtg_sensu]",41,69,1,4247,0.014492753623188406,0.024390243902439025,query_1,"['GO:0002164', 'GO:0002165']",['pygo'],[['IMP']]
GO:BP,GO:0007264,small GTPase-mediated signal transduction,0.6533654771915662,False,"""An intracellular signaling cassette in which a small monomeric GTPase relays a signal."" [GOC:mah]",101,69,2,4247,0.028985507246376812,0.019801980198019802,query_1,['GO:0141124'],"['Rab10', 'Sur-8']","[['ISS'], ['HGI']]"
GO:BP,GO:0009892,negative regulation of metabolic process,0.6545624980575689,False,"""Any process that stops, prevents, or reduces the frequency, rate or extent of the chemical reactions and pathways within a cell or an organism."" [GOC:go_curators]",467,69,8,4247,0.11594202898550725,0.017130620985010708,query_1,"['GO:0008152', 'GO:0019222', 'GO:0048523']","['CG12236', 'Upf2', 'aop', 'Nelf-A', 'Gasz', 'larp', 'foxo', 'ctp']","[['ISS'], ['IDA', 'IMP', 'IBA', 'IEA'], ['IDA', 'IMP', 'IGI', 'IEA'], ['IDA', 'ISS', 'IBA'], ['IMP'], ['IMP', 'IEA'], ['IMP'], ['IMP', 'IEA']]"
GO:BP,GO:0010631,epithelial cell migration,0.6590026996976831,False,"""The orderly movement of an epithelial cell from one site to another, often during the development of a multicellular organism."" [GOC:ascb_2009, GOC:BHF, GOC:dph, GOC:tb]",102,69,2,4247,0.028985507246376812,0.0196078431372549,query_1,"['GO:0001667', 'GO:0090132']","['aop', 'hep']","[['IMP'], ['IGI']]"
GO:BP,GO:0061013,regulation of mRNA catabolic process,0.6590867282094829,False,"""Any process that modulates the rate, frequency, or extent of a mRNA catabolic process, the chemical reactions and pathways resulting in the breakdown of RNA, ribonucleic acid, one of the two main type of nucleic acid, consisting of a long, unbranched macromolecule formed from ribonucleotides joined in 3',5'-phosphodiester linkage."" [GOC:ascb_2009, GOC:dph, GOC:tb]",42,69,1,4247,0.014492753623188406,0.023809523809523808,query_1,"['GO:0006402', 'GO:0009894', 'GO:0010468', 'GO:1903311']",['larp'],[['IEA']]
GO:BP,GO:0010639,negative regulation of organelle organization,0.6590867282094829,False,"""Any process that decreases the frequency, rate or extent of a process involved in the formation, arrangement of constituent parts, or disassembly of an organelle."" [GOC:dph, GOC:tb]",42,69,1,4247,0.014492753623188406,0.023809523809523808,query_1,"['GO:0006996', 'GO:0033043', 'GO:0051129']",['Cip4'],[['IDA']]
GO:BP,GO:0031109,microtubule polymerization or depolymerization,0.6590867282094829,False,"""Assembly or disassembly of microtubules by the addition or removal of tubulin heterodimers from a microtubule."" [GOC:mah]",42,69,1,4247,0.014492753623188406,0.023809523809523808,query_1,['GO:0000226'],['pigs'],[['IBA']]
GO:BP,GO:0141124,intracellular signaling cassette,0.6612363560019815,False,"""An intracellular signaling module that is part of larger signaling pathways that can be initiated either intracellularly or by cell surface receptors. Intracellular signaling cassettes are discrete signaling units that are often shared by multiple signaling pathways."" [GOC:ha, GOC:pg]",225,69,4,4247,0.057971014492753624,0.017777777777777778,query_1,['GO:0035556'],"['Rab10', 'Cad99C', 'Sur-8', 'hep']","[['ISS'], ['IGI'], ['HGI'], ['IDA', 'IMP', 'IGI', 'IEA']]"
GO:BP,GO:0007416,synapse assembly,0.6612363560019815,False,"""The aggregation, arrangement and bonding together of a set of components to form a synapse. This process ends when the synapse is mature (functional)."" [GOC:mah]",103,69,2,4247,0.028985507246376812,0.019417475728155338,query_1,"['GO:0007399', 'GO:0034329', 'GO:0050808']","['mr', 'Cip4']","[['IMP'], ['IDA', 'IMP']]"
GO:BP,GO:0090132,epithelium migration,0.6612363560019815,False,"""The process in which the population of cells that make up an epithelium undergo directed movement."" [GOC:ascb_2009, GOC:dph, GOC:tb]",103,69,2,4247,0.028985507246376812,0.019417475728155338,query_1,['GO:0090130'],"['aop', 'hep']","[['IMP'], ['IGI']]"
GO:BP,GO:0070887,cellular response to chemical stimulus,0.6612363560019815,False,"""Any process that results in a change in state or activity of a cell (in terms of movement, secretion, enzyme production, gene expression, etc.) as a result of a chemical stimulus."" [GOC:mah]",164,69,3,4247,0.043478260869565216,0.018292682926829267,query_1,"['GO:0042221', 'GO:0051716']","['Rab10', 'foxo', 'hep']","[['IBA'], ['IMP', 'IGI'], ['IMP']]"
GO:BP,GO:0043487,regulation of RNA stability,0.6659132405623203,False,"""Any process that modulates the propensity of RNA molecules to degradation. Includes processes that both stabilize and destabilize RNAs."" [GOC:jl]",43,69,1,4247,0.014492753623188406,0.023255813953488372,query_1,"['GO:0006401', 'GO:0009894', 'GO:0010608', 'GO:0051252', 'GO:0065008']",['larp'],[['IEA']]
GO:BP,GO:0099504,synaptic vesicle cycle,0.6659132405623203,False,"""A biological process in which synaptic vesicles are loaded with neurotransmitters, move to the active zone, exocytose and are then recycled via endocytosis, ultimately leading to reloading with neurotransmitters."" [GOC:aruk, GOC:bc, PMID:15217342]",43,69,1,4247,0.014492753623188406,0.023255813953488372,query_1,"['GO:0051649', 'GO:0099003']",['Syx6'],[['ISS']]
GO:BP,GO:1903311,regulation of mRNA metabolic process,0.6660506023109184,False,"""Any process that modulates the frequency, rate or extent of mRNA metabolic process."" [GO_REF:0000058, GOC:TermGenie, GOC:vw]",104,69,2,4247,0.028985507246376812,0.019230769230769232,query_1,"['GO:0016071', 'GO:0051252']","['larp', 'CG11360']","[['IEA'], ['HMP']]"
GO:BP,GO:0045595,regulation of cell differentiation,0.6686086329764434,False,"""Any process that modulates the frequency, rate or extent of cell differentiation, the process in which relatively unspecialized cells acquire specialized structural and functional features."" [GOC:go_curators]",166,69,3,4247,0.043478260869565216,0.018072289156626505,query_1,"['GO:0030154', 'GO:0050793', 'GO:0050794']","['aop', 'CadN', 'ctp']","[['IMP', 'IGI', 'IEA'], ['IMP'], ['IMP']]"
GO:BP,GO:0048542,lymph gland development,0.6698161018289795,False,"""The process whose specific outcome is the progression of the lymph gland over time, from its formation to the mature structure. The lymph gland is one of the sites of hemocyte differentiation. It consists of three to six bilaterally paired lobes that are attached to the cardioblasts during larval stages, and it degenerates during pupal stages."" [GOC:mtg_sensu, GOC:rc]",44,69,1,4247,0.014492753623188406,0.022727272727272728,query_1,"['GO:0048534', 'GO:0048732']",['foxo'],[['IMP']]
GO:BP,GO:0002520,immune system development,0.6698161018289795,False,"""The process whose specific outcome is the progression of an organismal system whose objective is to provide calibrated responses by an organism to a potential internal or invasive threat, over time, from its formation to the mature structure. A system is a regularly interacting or interdependent group of organs or tissues that work together to carry out a given biological process."" [GOC:add, GOC:dph]",44,69,1,4247,0.014492753623188406,0.022727272727272728,query_1,"['GO:0002376', 'GO:0048731']",['foxo'],[['IMP']]
GO:BP,GO:0032886,regulation of microtubule-based process,0.6698161018289795,False,"""Any process that modulates the frequency, rate or extent of any cellular process that depends upon or alters the microtubule cytoskeleton."" [GOC:mah]",44,69,1,4247,0.014492753623188406,0.022727272727272728,query_1,"['GO:0007017', 'GO:0050794']",['pigs'],[['IBA']]
GO:BP,GO:0051028,mRNA transport,0.6698161018289795,False,"""The directed movement of mRNA, messenger ribonucleic acid, into, out of or within a cell, or between cells, by means of some agent such as a transporter or pore."" [GOC:ai]",44,69,1,4247,0.014492753623188406,0.022727272727272728,query_1,['GO:0050658'],['Nup205'],[['IEA']]
GO:BP,GO:0007498,mesoderm development,0.6698161018289795,False,"""The process whose specific outcome is the progression of the mesoderm over time, from its formation to the mature structure. The mesoderm is the middle germ layer that develops into muscle, bone, cartilage, blood and connective tissue."" [GOC:dph, GOC:tb]",44,69,1,4247,0.014492753623188406,0.022727272727272728,query_1,['GO:0009888'],['Cip4'],[['IEP']]
GO:BP,GO:0000280,nuclear division,0.6698161018289795,False,"""The division of a cell nucleus into two nuclei, with DNA and other nuclear contents distributed between the daughter nuclei."" [GOC:mah]",167,69,3,4247,0.043478260869565216,0.017964071856287425,query_1,['GO:0048285'],"['mgr', 'mms4', 'larp']","[['IMP'], ['IBA'], ['IMP']]"
GO:BP,GO:0048534,hematopoietic or lymphoid organ development,0.6698161018289795,False,"""The process whose specific outcome is the progression of any organ involved in hematopoiesis (also known as hemopoiesis) or lymphoid cell activation over time, from its formation to the mature structure. Such development includes differentiation of resident cell types (stromal cells) and of migratory cell types dependent on the unique microenvironment afforded by the organ for their proper differentiation."" [GOC:add, GOC:rl, ISBN:0781735149]",44,69,1,4247,0.014492753623188406,0.022727272727272728,query_1,"['GO:0002520', 'GO:0048513']",['foxo'],[['IMP']]
GO:BP,GO:0099003,vesicle-mediated transport in synapse,0.6698161018289795,False,"""Any vesicle-mediated transport that occurs in a synapse."" [GOC:dos]",44,69,1,4247,0.014492753623188406,0.022727272727272728,query_1,['GO:0016192'],['Syx6'],[['ISS']]
GO:BP,GO:0002831,regulation of response to biotic stimulus,0.6727805460330942,False,"""Any process that modulates the frequency, rate, or extent of a response to biotic stimulus."" [GOC:add]",106,69,2,4247,0.028985507246376812,0.018867924528301886,query_1,"['GO:0009607', 'GO:0048583']","['foxo', 'hep']","[['IMP'], ['IMP', 'IGI']]"
GO:BP,GO:0045930,negative regulation of mitotic cell cycle,0.6747996657525955,False,"""Any process that stops, prevents or reduces the rate or extent of progression through the mitotic cell cycle."" [GOC:dph, GOC:go_curators, GOC:tb]",45,69,1,4247,0.014492753623188406,0.022222222222222223,query_1,"['GO:0000278', 'GO:0007346', 'GO:0045786']",['mms4'],[['IBA']]
GO:BP,GO:0009267,cellular response to starvation,0.6747996657525955,False,"""Any process that results in a change in state or activity of a cell (in terms of movement, secretion, enzyme production, gene expression, etc.) as a result of deprivation of nourishment."" [GOC:jl]",45,69,1,4247,0.014492753623188406,0.022222222222222223,query_1,"['GO:0031669', 'GO:0033554', 'GO:0042594']",['foxo'],"[['IDA', 'IMP', 'IEP']]"
GO:BP,GO:0007254,JNK cascade,0.6747996657525955,False,"""A MAPK cascade containing at least the JNK (MAPK8) MAP kinase. It starts with the activation of JUN3K (a MAPK3K), which activates JNKK a MAP2K), which in turn activates JNK. The cascade can also contain an additional tier: the upstream MAP4K. The kinases in each tier phosphorylate and activate the kinases in the downstream tier. The JNK cascade is activated by stress signals, as well as by G protein-coupled receptors, growth factors, and cytokines, and results in cellular responses such as cell proliferation, cell differentiation, apoptosis and inflammation."" [PMID:11790549, PMID:20811974, PMID:23125017]",45,69,1,4247,0.014492753623188406,0.022222222222222223,query_1,['GO:0000165'],['hep'],"[['IDA', 'IMP', 'IGI']]"
GO:BP,GO:0016052,carbohydrate catabolic process,0.6747996657525955,False,"""The chemical reactions and pathways resulting in the breakdown of carbohydrates, any of a group of organic compounds based of the general formula Cx(H2O)y."" [ISBN:0198506732]",45,69,1,4247,0.014492753623188406,0.022222222222222223,query_1,"['GO:0005975', 'GO:0009056']",['Gapdh2'],"[['IEP', 'ISS', 'IBA', 'IEA']]"
GO:BP,GO:0008593,regulation of Notch signaling pathway,0.6747996657525955,False,"""Any process that modulates the frequency, rate or extent of the Notch signaling pathway."" [GOC:go_curators]",45,69,1,4247,0.014492753623188406,0.022222222222222223,query_1,"['GO:0007219', 'GO:0009966']",['pigs'],[['IMP']]
GO:BP,GO:0009893,positive regulation of metabolic process,0.6747996657525955,False,"""Any process that activates or increases the frequency, rate or extent of the chemical reactions and pathways within a cell or an organism."" [GOC:go_curators]",540,69,9,4247,0.13043478260869565,0.016666666666666666,query_1,"['GO:0008152', 'GO:0019222', 'GO:0048522']","['aop', 'MED27', 'Ssdp', 'pygo', 'Oda', 'CG18011', 'larp', 'foxo', 'hep']","[['IMP'], ['IEA'], ['IBA'], ['IDA', 'IMP', 'IGI'], ['IBA'], ['IEA'], ['IMP', 'IBA', 'IEA'], ['IDA', 'IMP'], ['IMP']]"
GO:BP,GO:0032102,negative regulation of response to external stimulus,0.6747996657525955,False,"""Any process that stops, prevents, or reduces the frequency, rate or extent of a response to an external stimulus."" [GOC:mah]",45,69,1,4247,0.014492753623188406,0.022222222222222223,query_1,"['GO:0009605', 'GO:0032101', 'GO:0048585']",['foxo'],[['IMP']]
GO:BP,GO:0090304,nucleic acid metabolic process,0.6765062472019825,False,"""Any cellular metabolic process involving nucleic acids."" [GOC:dph, GOC:tb]",1219,69,20,4247,0.2898550724637681,0.016406890894175553,query_1,"['GO:0006139', 'GO:0043170']","['CG12236', 'Upf2', 'aop', 'MED27', 'Drep4', 'Ssdp', 'Nelf-A', 'Nop56', 'pygo', 'fus', 'mms4', 'CG18011', 'Gasz', 'larp', 'foxo', 'CG11360', 'dan', 'CG9650', 'ctp', 'hep']","[['ISS', 'IBA'], ['IDA', 'IMP', 'IBA', 'IEA'], ['IDA', 'IMP', 'IBA', 'IEA'], ['IDA', 'IBA', 'IC', 'IEA'], ['IDA', 'IBA', 'TAS', 'IEA'], ['IMP', 'IGI', 'IBA'], ['IDA', 'ISS', 'IBA'], ['ISS'], ['IDA', 'IPI', 'IMP', 'IGI'], ['IDA', 'IBA', 'IEA'], ['IBA', 'IEA'], ['ISS', 'IBA', 'IEA'], ['IMP'], ['IMP', 'IEA'], ['IDA', 'IMP', 'IBA', 'IEA'], ['HMP'], ['IMP'], ['IBA'], ['IEA'], ['IMP']]"
GO:BP,GO:0022603,regulation of anatomical structure morphogenesis,0.6795412643880357,False,"""Any process that modulates the frequency, rate or extent of anatomical structure morphogenesis."" [GOC:mah]",109,69,2,4247,0.028985507246376812,0.01834862385321101,query_1,"['GO:0009653', 'GO:0050793']","['aop', 'CadN']","[['IGI'], ['IMP']]"
GO:BP,GO:0030100,regulation of endocytosis,0.6795412643880357,False,"""Any process that modulates the frequency, rate or extent of endocytosis."" [GOC:go_curators]",46,69,1,4247,0.014492753623188406,0.021739130434782608,query_1,"['GO:0006897', 'GO:0051128', 'GO:0060627']",['Cad99C'],[['IMP']]
GO:BP,GO:0090130,tissue migration,0.6795412643880357,False,"""The process in which the population of cells that make up a tissue undergo directed movement."" [GOC:ascb_2009, GOC:dph, GOC:tb]",109,69,2,4247,0.028985507246376812,0.01834862385321101,query_1,['GO:0032501'],"['aop', 'hep']","[['IMP'], ['IGI']]"
GO:BP,GO:0006139,nucleobase-containing compound metabolic process,0.6795412643880357,False,"""Any cellular metabolic process involving nucleobases, nucleosides, nucleotides and nucleic acids."" [GOC:ai]",1347,69,22,4247,0.3188405797101449,0.016332590942835932,query_1,['GO:0044238'],"['CG12236', 'Upf2', 'aop', 'MED27', 'Drep4', 'Ssdp', 'Nelf-A', 'Nop56', 'pygo', 'fus', 'mms4', 'CG18011', 'Gasz', 'larp', 'foxo', 'CG11360', 'dan', 'Gapdh2', 'CG9650', 'rut', 'ctp', 'hep']","[['ISS', 'IBA'], ['IDA', 'IMP', 'IBA', 'IEA'], ['IDA', 'IMP', 'IBA', 'IEA'], ['IDA', 'IBA', 'IC', 'IEA'], ['IDA', 'IBA', 'TAS', 'IEA'], ['IMP', 'IGI', 'IBA'], ['IDA', 'ISS', 'IBA'], ['ISS'], ['IDA', 'IPI', 'IMP', 'IGI'], ['IDA', 'IBA', 'IEA'], ['IBA', 'IEA'], ['ISS', 'IBA', 'IEA'], ['IMP'], ['IMP', 'IEA'], ['IDA', 'IMP', 'IBA', 'IEA'], ['HMP'], ['IMP'], ['IEP', 'ISS', 'IBA', 'IEA'], ['IBA'], ['IDA', 'IBA', 'IEA'], ['IEA'], ['IMP']]"
GO:BP,GO:0023057,negative regulation of signaling,0.6795412643880357,False,"""Any process that stops, prevents, or reduces the frequency, rate or extent of a signaling process."" [GOC:mtg_signal]",234,69,4,4247,0.057971014492753624,0.017094017094017096,query_1,"['GO:0023051', 'GO:0023052', 'GO:0048519']","['pigs', 'aop', 'foxo', 'CG9650']","[['IMP'], ['IMP'], ['IMP'], ['IMP']]"
GO:BP,GO:0010648,negative regulation of cell communication,0.6795412643880357,False,"""Any process that decreases the frequency, rate or extent of cell communication. Cell communication is the process that mediates interactions between a cell and its surroundings. Encompasses interactions such as signaling or attachment between one cell and another cell, between a cell and an extracellular matrix, or between a cell and any other aspect of its environment."" [GOC:dph, GOC:tb]",233,69,4,4247,0.057971014492753624,0.017167381974248927,query_1,"['GO:0007154', 'GO:0010646', 'GO:0048523']","['pigs', 'aop', 'foxo', 'CG9650']","[['IMP'], ['IMP'], ['IMP'], ['IMP']]"
GO:BP,GO:0007017,microtubule-based process,0.6795412643880357,False,"""Any cellular process that depends upon or alters the microtubule cytoskeleton, that part of the cytoskeleton comprising microtubules and their associated proteins."" [GOC:mah]",233,69,4,4247,0.057971014492753624,0.017167381974248927,query_1,['GO:0009987'],"['pigs', 'mgr', 'larp', 'ctp']","[['IBA'], ['IMP', 'IBA'], ['IMP'], ['IMP', 'IEA']]"
GO:BP,GO:0031347,regulation of defense response,0.6795412643880357,False,"""Any process that modulates the frequency, rate or extent of a defense response."" [GOC:mah]",109,69,2,4247,0.028985507246376812,0.01834862385321101,query_1,"['GO:0006952', 'GO:0080134']","['foxo', 'hep']","[['IMP'], ['IMP', 'IGI']]"
GO:BP,GO:0000956,nuclear-transcribed mRNA catabolic process,0.6795412643880357,False,"""The chemical reactions and pathways resulting in the breakdown of nuclear-transcribed mRNAs in eukaryotic cells."" [GOC:krc]",46,69,1,4247,0.014492753623188406,0.021739130434782608,query_1,['GO:0006402'],['Upf2'],"[['IDA', 'IMP', 'IBA', 'IEA']]"
GO:BP,GO:0008285,negative regulation of cell population proliferation,0.6795412643880357,False,"""Any process that stops, prevents or reduces the rate or extent of cell proliferation."" [GOC:go_curators]",46,69,1,4247,0.014492753623188406,0.021739130434782608,query_1,"['GO:0008283', 'GO:0042127', 'GO:0048523']",['foxo'],[['IMP']]
GO:BP,GO:0050803,regulation of synapse structure or activity,0.6795412643880357,False,"""Any process that modulates the physical form or the activity of a synapse, the junction between a neuron and a target (neuron, muscle, or secretory cell)."" [GOC:ai]",108,69,2,4247,0.028985507246376812,0.018518518518518517,query_1,['GO:0065008'],"['mr', 'Cip4']","[['IMP'], ['IDA', 'IMP']]"
GO:BP,GO:0050776,regulation of immune response,0.6795412643880357,False,"""Any process that modulates the frequency, rate or extent of the immune response, the immunological reaction of an organism to an immunogenic stimulus."" [GOC:ai]",109,69,2,4247,0.028985507246376812,0.01834862385321101,query_1,"['GO:0002682', 'GO:0006955', 'GO:0048583']","['foxo', 'hep']","[['IMP'], ['IMP', 'IGI']]"
GO:BP,GO:0000278,mitotic cell cycle,0.6803550971977856,False,"""Progression through the phases of the mitotic cell cycle, the most common eukaryotic cell cycle, which canonically comprises four successive phases called G1, S, G2, and M and includes replication of the genome and the subsequent segregation of chromosomes into daughter cells. In some variant cell cycles nuclear replication or nuclear division may not be followed by cell division, or G1 and G2 phases may be absent."" [GOC:mah, ISBN:0815316194]",297,69,5,4247,0.07246376811594203,0.016835016835016835,query_1,['GO:0007049'],"['mr', 'mgr', 'mms4', 'larp', 'ctp']","[['IBA'], ['IMP'], ['IBA'], ['IMP'], ['IMP']]"
GO:BP,GO:0031669,cellular response to nutrient levels,0.6814062234506649,False,"""Any process that results in a change in state or activity of a cell (in terms of movement, secretion, enzyme production, gene expression, etc.) as a result of a stimulus reflecting the presence, absence, or concentration of nutrients."" [GOC:mah]",47,69,1,4247,0.014492753623188406,0.02127659574468085,query_1,"['GO:0031667', 'GO:0051716']",['foxo'],"[['IDA', 'IMP', 'IEP']]"
GO:BP,GO:0051052,regulation of DNA metabolic process,0.6814062234506649,False,"""Any process that modulates the frequency, rate or extent of the chemical reactions and pathways involving DNA."" [GOC:ai]",47,69,1,4247,0.014492753623188406,0.02127659574468085,query_1,"['GO:0006259', 'GO:0019219', 'GO:0060255']",['larp'],[['IMP']]
GO:BP,GO:0055088,lipid homeostasis,0.6814062234506649,False,"""Any process involved in the maintenance of an internal steady state of lipid within an organism or cell."" [GOC:BHF, GOC:rl]",47,69,1,4247,0.014492753623188406,0.02127659574468085,query_1,['GO:0048878'],['hep'],[['IMP']]
GO:BP,GO:0002683,negative regulation of immune system process,0.6814062234506649,False,"""Any process that stops, prevents, or reduces the frequency, rate, or extent of an immune system process."" [GOC:add]",47,69,1,4247,0.014492753623188406,0.02127659574468085,query_1,"['GO:0002376', 'GO:0002682', 'GO:0048519']",['foxo'],[['IMP']]
GO:BP,GO:0048284,organelle fusion,0.6814062234506649,False,"""The creation of a single organelle from two or more organelles."" [GOC:jid]",47,69,1,4247,0.014492753623188406,0.02127659574468085,query_1,['GO:0006996'],['Syx6'],[['IBA']]
GO:BP,GO:0045216,cell-cell junction organization,0.6814062234506649,False,"""A process that is carried out at the cellular level which results in the assembly, arrangement of constituent parts, or disassembly of a cell-cell junction. A cell-cell junction is a specialized region of connection between two cells."" [GOC:ai, GOC:dph, GOC:jl, GOC:mah]",47,69,1,4247,0.014492753623188406,0.02127659574468085,query_1,['GO:0034330'],['Cip4'],[['IMP']]
GO:BP,GO:0007622,rhythmic behavior,0.6862638674480347,False,"""The specific behavior of an organism that recur with measured regularity."" [GOC:jl, GOC:pr]",48,69,1,4247,0.014492753623188406,0.020833333333333332,query_1,['GO:0007610'],['foxo'],[['IGI']]
GO:BP,GO:0065008,regulation of biological quality,0.6862638674480347,False,"""Any process that modulates a qualitative or quantitative trait of a biological quality. A biological quality is a measurable attribute of an organism or part of an organism, such as size, mass, shape, color, etc."" [GOC:dph, GOC:isa_complete, GOC:mah, GOC:pr, GOC:vw]",426,69,7,4247,0.10144927536231885,0.01643192488262911,query_1,['GO:0065007'],"['mr', 'Cip4', 'CadN', 'larp', 'Cad99C', 'foxo', 'CG9650']","[['IMP'], ['IDA', 'IMP'], ['IMP'], ['IEA'], ['IMP'], ['IMP'], ['IMP']]"
GO:BP,GO:0009888,tissue development,0.6862638674480347,False,"""The process whose specific outcome is the progression of a tissue over time, from its formation to the mature structure."" [ISBN:0471245208]",363,69,6,4247,0.08695652173913043,0.01652892561983471,query_1,['GO:0048856'],"['pigs', 'Cip4', 'aop', 'CadN', 'Cad99C', 'hep']","[['IMP'], ['IMP', 'IEP'], ['IMP', 'IGI', 'TAS'], ['IMP', 'IEA'], ['IMP'], ['IMP', 'IGI']]"
GO:BP,GO:0007306,egg chorion assembly,0.6862638674480347,False,"""Construction of the chorion portion of the egg, which is a protective, noncellular membrane that surrounds the eggs of various animals including insects and fish."" [GOC:dph, GOC:mtg_sensu, GOC:tb, ISBN:0879694238, PMID:24804966]",48,69,1,4247,0.014492753623188406,0.020833333333333332,query_1,"['GO:0003006', 'GO:0010927', 'GO:0022412', 'GO:0045229']",['hep'],[['IMP']]
GO:BP,GO:0034976,response to endoplasmic reticulum stress,0.6862638674480347,False,"""Any process that results in a change in state or activity of a cell (in terms of movement, secretion, enzyme production, gene expression, etc.) as a result of a stress acting at the endoplasmic reticulum. ER stress usually results from the accumulation of unfolded or misfolded proteins in the ER lumen."" [GOC:cjm, GOC:mah]",48,69,1,4247,0.014492753623188406,0.020833333333333332,query_1,['GO:0033554'],['Edem2'],"[['IMP', 'IGI', 'IEP', 'IBA', 'IEA']]"
GO:BP,GO:0048512,circadian behavior,0.6862638674480347,False,"""The specific behavior of an organism that recurs with a regularity of approximately 24 hours."" [GOC:bf, GOC:go_curators, GOC:pr]",48,69,1,4247,0.014492753623188406,0.020833333333333332,query_1,"['GO:0007622', 'GO:0007623']",['foxo'],[['IGI']]
GO:BP,GO:0045732,positive regulation of protein catabolic process,0.6862638674480347,False,"""Any process that activates or increases the frequency, rate or extent of the chemical reactions and pathways resulting in the breakdown of a protein by the destruction of the native, active configuration, with or without the hydrolysis of peptide bonds."" [GOC:go_curators]",48,69,1,4247,0.014492753623188406,0.020833333333333332,query_1,"['GO:0009896', 'GO:0030163', 'GO:0042176', 'GO:0051247']",['Oda'],[['IBA']]
GO:BP,GO:0009165,nucleotide biosynthetic process,0.6862638674480347,False,"""The chemical reactions and pathways resulting in the formation of nucleotides, any nucleoside that is esterified with (ortho)phosphate or an oligophosphate at any hydroxyl group on the glycose moiety; may be mono-, di- or triphosphate; this definition includes cyclic-nucleotides (nucleoside cyclic phosphates)."" [GOC:go_curators]",48,69,1,4247,0.014492753623188406,0.020833333333333332,query_1,"['GO:0009117', 'GO:1901293']",['rut'],"[['IDA', 'IBA', 'IEA']]"
GO:BP,GO:0006091,generation of precursor metabolites and energy,0.6865049756333321,False,"""The chemical reactions and pathways resulting in the formation of precursor metabolites, substances from which energy is derived, and any process involved in the liberation of energy from these substances."" [GOC:jl]",112,69,2,4247,0.028985507246376812,0.017857142857142856,query_1,['GO:0008152'],"['AGBE', 'Gapdh2']","[['IBA', 'NAS', 'IEA'], ['IEP', 'ISS', 'IBA', 'IEA']]"
GO:BP,GO:0001700,embryonic development via the syncytial blastoderm,0.6865049756333321,False,"""The process whose specific outcome is the progression of the embryo over time, from zygote formation through syncytial blastoderm to the hatching of the first instar larva. An example of this process is found in Drosophila melanogaster."" [GOC:go_curators, GOC:mtg_sensu]",112,69,2,4247,0.028985507246376812,0.017857142857142856,query_1,['GO:0009792'],"['aop', 'hep']","[['TAS'], ['IMP']]"
GO:BP,GO:0048285,organelle fission,0.6887342278103233,False,"""The creation of two or more organelles by division of one organelle."" [GOC:jid]",176,69,3,4247,0.043478260869565216,0.017045454545454544,query_1,['GO:0006996'],"['mgr', 'mms4', 'larp']","[['IMP'], ['IBA'], ['IMP']]"
GO:BP,GO:0019730,antimicrobial humoral response,0.6891015441091914,False,"""An immune response against microbes mediated through a body fluid. Examples of this process are seen in the antimicrobial humoral response of Drosophila melanogaster and Mus musculus."" [GOC:go_curators, GOC:mtg_sensu]",49,69,1,4247,0.014492753623188406,0.02040816326530612,query_1,"['GO:0006959', 'GO:0140546']",['hep'],[['IDA']]
GO:BP,GO:0008286,insulin receptor signaling pathway,0.6891015441091914,False,"""The series of molecular signals generated as a consequence of the insulin receptor binding to insulin."" [GOC:ceb]",49,69,1,4247,0.014492753623188406,0.02040816326530612,query_1,"['GO:0007169', 'GO:0032869']",['foxo'],"[['IMP', 'IGI']]"
GO:BP,GO:0006486,protein glycosylation,0.6891015441091914,False,"""A protein modification process that results in the addition of a carbohydrate or carbohydrate derivative unit to a protein amino acid, e.g. the addition of glycan chains to proteins."" [GOC:curators, GOC:pr]",49,69,1,4247,0.014492753623188406,0.02040816326530612,query_1,"['GO:0009101', 'GO:0036211', 'GO:0043413']",['ttv'],[['IEA']]
GO:BP,GO:0098771,inorganic ion homeostasis,0.6891015441091914,False,"""Any process involved in the maintenance of an internal steady state of inorganic ions within an organism or cell."" [GOC:dos]",49,69,1,4247,0.014492753623188406,0.02040816326530612,query_1,['GO:0048878'],['AGBE'],[['IMP']]
GO:BP,GO:0043413,macromolecule glycosylation,0.6891015441091914,False,"""The covalent attachment of a glycosyl residue to one or more monomeric units in a polypeptide, polynucleotide, polysaccharide, or other biological macromolecule."" [GOC:jl]",49,69,1,4247,0.014492753623188406,0.02040816326530612,query_1,"['GO:0043412', 'GO:0070085']",['ttv'],[['IEA']]
GO:BP,GO:0007098,centrosome cycle,0.6891015441091914,False,"""The cell cycle process in which centrosome duplication and separation takes place. The centrosome cycle can operate with a considerable degree of independence from other processes of the cell cycle."" [ISBN:0815316194]",49,69,1,4247,0.014492753623188406,0.02040816326530612,query_1,"['GO:0022402', 'GO:0031023']",['mgr'],[['IMP']]
GO:BP,GO:0001667,ameboidal-type cell migration,0.6926940427028929,False,"""Cell migration that is accomplished by extension and retraction of a pseudopodium."" [GOC:dph]",114,69,2,4247,0.028985507246376812,0.017543859649122806,query_1,['GO:0016477'],"['aop', 'hep']","[['IMP'], ['IGI']]"
GO:BP,GO:0042742,defense response to bacterium,0.6926940427028929,False,"""Reactions triggered in response to the presence of a bacterium that act to protect the cell or organism."" [GOC:jl]",114,69,2,4247,0.028985507246376812,0.017543859649122806,query_1,"['GO:0009617', 'GO:0098542']","['foxo', 'hep']","[['IMP'], ['IDA', 'IMP', 'IGI']]"
GO:BP,GO:0030718,germ-line stem cell population maintenance,0.6936122300455464,False,"""Any process by which an organism or tissue maintains a population of germ-line stem cells."" [ISBN:0879694238]",50,69,1,4247,0.014492753623188406,0.02,query_1,['GO:0019827'],['foxo'],[['IMP']]
GO:BP,GO:0043068,positive regulation of programmed cell death,0.6936122300455464,False,"""Any process that activates or increases the frequency, rate or extent of programmed cell death, cell death resulting from activation of endogenous cellular processes."" [GOC:jl]",50,69,1,4247,0.014492753623188406,0.02,query_1,"['GO:0012501', 'GO:0043067', 'GO:0048522']",['hep'],"[['IMP', 'IGI']]"
GO:BP,GO:0032774,RNA biosynthetic process,0.6936122300455464,False,"""The chemical reactions and pathways resulting in the formation of RNA, ribonucleic acid, one of the two main type of nucleic acid, consisting of a long, unbranched macromolecule formed from ribonucleotides joined in 3',5'-phosphodiester linkage. Includes polymerization of ribonucleotide monomers. Refers not only to transcription but also to e.g. viral RNA replication."" [GOC:mah, GOC:txnOH]",992,69,16,4247,0.2318840579710145,0.016129032258064516,query_1,"['GO:0016070', 'GO:0141187']","['CG12236', 'aop', 'MED27', 'Ssdp', 'Nelf-A', 'Nop56', 'pygo', 'fus', 'CG18011', 'Gasz', 'foxo', 'CG11360', 'dan', 'CG9650', 'ctp', 'hep']","[['ISS', 'IBA'], ['IDA', 'IMP', 'IBA', 'IEA'], ['IDA', 'IBA', 'IC', 'IEA'], ['IMP', 'IGI', 'IBA'], ['IDA', 'ISS', 'IBA'], ['ISS'], ['IDA', 'IPI', 'IMP', 'IGI'], ['IDA', 'IBA', 'IEA'], ['ISS', 'IBA', 'IEA'], ['IMP'], ['IDA', 'IMP', 'IBA', 'IEA'], ['HMP'], ['IMP'], ['IBA'], ['IEA'], ['IMP']]"
GO:BP,GO:0042051,compound eye photoreceptor development,0.6936122300455464,False,"""The process whose specific outcome is the progression of a light-responsive receptor in the compound eye over time, from its formation to the mature structure."" [GOC:bf]",50,69,1,4247,0.014492753623188406,0.02,query_1,"['GO:0001751', 'GO:0042462']",['CadN'],[['IMP']]
GO:BP,GO:0042335,cuticle development,0.6936122300455464,False,"""The chemical reactions and pathways resulting in the formation of a cuticle, the outer layer of some animals and plants, which acts to prevent water loss."" [ISBN:0192800825]",50,69,1,4247,0.014492753623188406,0.02,query_1,"['GO:0007275', 'GO:0048856']",['pygo'],[['IMP']]
GO:BP,GO:0051130,positive regulation of cellular component organization,0.6940373379657827,False,"""Any process that activates or increases the frequency, rate or extent of a process involved in the formation, arrangement of constituent parts, or disassembly of cell structures, including the plasma membrane and any external encapsulating structures such as the cell wall and cell envelope."" [GOC:ai]",179,69,3,4247,0.043478260869565216,0.01675977653631285,query_1,"['GO:0016043', 'GO:0048522', 'GO:0051128']","['larp', 'Cad99C', 'hep']","[['IMP'], ['IMP'], ['IMP']]"
GO:BP,GO:0050896,response to stimulus,0.6946809006879483,False,"""Any process that results in a change in state or activity of a cell or an organism (in terms of movement, secretion, enzyme production, gene expression, etc.) as a result of a stimulus. The process begins with detection of the stimulus and ends with a change in state or activity or the cell or organism."" [GOC:ai, GOC:bf]",1241,69,20,4247,0.2898550724637681,0.016116035455278,query_1,['GO:0008150'],"['pigs', 'Cip4', 'Mvb12', 'Nup205', 'Rab10', 'Reph', 'aop', 'Edem2', 'ohgt', 'Ssdp', 'pygo', 'ttv', 'mms4', 'CG5504', 'CG17528', 'Cad99C', 'foxo', 'Sur-8', 'rut', 'hep']","[['IMP'], ['IEA'], ['IBA'], ['IMP'], ['ISS', 'IBA'], ['IGI'], ['IDA', 'IMP', 'IGI'], ['IMP', 'IGI', 'IEP', 'IBA', 'IEA'], ['IMP'], ['IGI'], ['IDA', 'IPI', 'IMP', 'IGI', 'IEA'], ['IMP', 'IEA'], ['IBA', 'IEA'], ['IEA'], ['IBA', 'IEA'], ['IMP', 'IGI'], ['IDA', 'IMP', 'IGI', 'IEP'], ['HGI', 'IBA'], ['IMP', 'IBA', 'TAS', 'IEA'], ['IDA', 'IMP', 'IGI', 'IEA']]"
GO:BP,GO:0072522,purine-containing compound biosynthetic process,0.6966121426137152,False,"""The chemical reactions and pathways resulting in the formation of a purine-containing compound, i.e. any compound that contains purine or a formal derivative thereof."" [GOC:mah]",51,69,1,4247,0.014492753623188406,0.0196078431372549,query_1,"['GO:0009058', 'GO:0072521']",['rut'],"[['IBA', 'IEA']]"
GO:BP,GO:0010720,positive regulation of cell development,0.6966121426137152,False,"""Any process that increases the rate, frequency or extent of the progression of the cell over time, from its formation to the mature structure. Cell development does not include the steps involved in committing a cell to a specific fate."" [GOC:BHF, GOC:dph, GOC:tb]",51,69,1,4247,0.014492753623188406,0.0196078431372549,query_1,"['GO:0045597', 'GO:0048468', 'GO:0060284']",['ctp'],[['IMP']]
GO:BP,GO:0006959,humoral immune response,0.6966121426137152,False,"""An immune response mediated through a body fluid."" [GOC:hb, ISBN:0198506732]",51,69,1,4247,0.014492753623188406,0.0196078431372549,query_1,['GO:0006955'],['hep'],[['IDA']]
GO:BP,GO:0031023,microtubule organizing center organization,0.6966121426137152,False,"""A process that is carried out at the cellular level which results in the assembly, arrangement of constituent parts, or disassembly of a microtubule organizing center, a structure from which microtubules grow."" [GOC:dph, GOC:jl, GOC:mah]",51,69,1,4247,0.014492753623188406,0.0196078431372549,query_1,"['GO:0000226', 'GO:0007017', 'GO:0016043']",['mgr'],[['IMP']]
GO:BP,GO:0009967,positive regulation of signal transduction,0.6966121426137152,False,"""Any process that activates or increases the frequency, rate or extent of signal transduction."" [GOC:sm]",244,69,4,4247,0.057971014492753624,0.01639344262295082,query_1,"['GO:0007165', 'GO:0009966', 'GO:0010647', 'GO:0023056', 'GO:0048584']","['ohgt', 'Ssdp', 'foxo', 'Sur-8']","[['IMP'], ['IGI'], ['IMP'], ['HGI']]"
GO:BP,GO:0000209,protein polyubiquitination,0.6966121426137152,False,"""Addition of multiple ubiquitin groups to a protein, forming a ubiquitin chain."" [PMID:26906419]",51,69,1,4247,0.014492753623188406,0.0196078431372549,query_1,['GO:0016567'],['mr'],[['IBA']]
GO:BP,GO:0009306,protein secretion,0.6966121426137152,False,"""The controlled release of proteins from a cell."" [GOC:ai]",51,69,1,4247,0.014492753623188406,0.0196078431372549,query_1,"['GO:0015031', 'GO:0032940', 'GO:0035592']",['Rab10'],"[['IMP', 'IBA']]"
GO:BP,GO:0051276,chromosome organization,0.696941079186078,False,"""A process that is carried out at the cellular level that results in the assembly, arrangement of constituent parts, or disassembly of chromosomes, structures composed of a very long molecule of DNA and associated proteins that carries hereditary information. This term covers covalent modifications at the molecular level as well as spatial relationships among the major components of a chromosome."" [GOC:ai, GOC:dph, GOC:jl, GOC:mah]",181,69,3,4247,0.043478260869565216,0.016574585635359115,query_1,['GO:0006996'],"['mr', 'mgr', 'dind']","[['IBA'], ['IMP'], ['IMP']]"
GO:BP,GO:0044087,regulation of cellular component biogenesis,0.696941079186078,False,"""Any process that modulates the frequency, rate or extent of cellular component biogenesis, a process that results in the biosynthesis of constituent macromolecules, assembly, and arrangement of constituent parts of a cellular component."" [GOC:jl]",181,69,3,4247,0.043478260869565216,0.016574585635359115,query_1,"['GO:0044085', 'GO:0050794']","['mr', 'Cip4', 'hep']","[['IMP'], ['IDA', 'IMP'], ['IMP']]"
GO:BP,GO:0051668,localization within membrane,0.6991582001629555,False,"""Any process in which a substance or cellular entity, such as a protein complex or organelle, is transported to, and/or maintained in, a specific location within a membrane."" [GOC:ai]",117,69,2,4247,0.028985507246376812,0.017094017094017096,query_1,['GO:0051641'],"['Rab10', 'Past1']","[['IBA', 'IEA'], ['IBA']]"
GO:BP,GO:0031346,positive regulation of cell projection organization,0.6994199078488728,False,"""Any process that activates or increases the frequency, rate or extent of the process involved in the formation, arrangement of constituent parts, or disassembly of cell projections."" [GOC:mah]",52,69,1,4247,0.014492753623188406,0.019230769230769232,query_1,"['GO:0030030', 'GO:0031344', 'GO:0051130']",['hep'],[['IMP']]
GO:BP,GO:0042440,pigment metabolic process,0.6994199078488728,False,"""The chemical reactions and pathways involving pigment, any general or particular coloring matter in living organisms, e.g. melanin."" [GOC:jl, ISBN:0198506732]",52,69,1,4247,0.014492753623188406,0.019230769230769232,query_1,['GO:0008152'],['hep'],[['IMP']]
GO:BP,GO:0001752,compound eye photoreceptor fate commitment,0.6994199078488728,False,"""The process in which the developmental fate of a cell becomes restricted such that it will develop into a compound eye photoreceptor cell. A photoreceptor cell is a cell that responds to incident electromagnetic radiation. Different classes of photoreceptor have different spectral sensitivities and express different photosensitive pigments."" [GOC:mtg_sensu]",52,69,1,4247,0.014492753623188406,0.019230769230769232,query_1,"['GO:0001751', 'GO:0042706']",['aop'],"[['IDA', 'IMP', 'IGI']]"
GO:BP,GO:0007052,mitotic spindle organization,0.6994199078488728,False,"""A process that is carried out at the cellular level which results in the assembly, arrangement of constituent parts, or disassembly of the microtubule spindle during a mitotic cell cycle."" [GOC:go_curators, GOC:mah]",52,69,1,4247,0.014492753623188406,0.019230769230769232,query_1,"['GO:0007051', 'GO:1902850']",['mgr'],[['IMP']]
GO:BP,GO:0042706,eye photoreceptor cell fate commitment,0.6994199078488728,False,"""The process in which the developmental fate of a cell becomes restricted such that it will develop into an eye photoreceptor cell. A photoreceptor cell is a cell that responds to incident electromagnetic radiation. Different classes of photoreceptor have different spectral sensitivities and express different photosensitive pigments."" [GOC:mtg_sensu]",52,69,1,4247,0.014492753623188406,0.019230769230769232,query_1,"['GO:0001754', 'GO:0046552']",['aop'],"[['IDA', 'IMP', 'IGI']]"
GO:BP,GO:1901988,negative regulation of cell cycle phase transition,0.6994199078488728,False,"""Any process that stops, prevents or reduces the frequency, rate or extent of cell cycle phase transition."" [GOC:mtg_cell_cycle, GOC:TermGenie, PMID:22841721]",52,69,1,4247,0.014492753623188406,0.019230769230769232,query_1,"['GO:0010948', 'GO:0044770', 'GO:1901987']",['mms4'],[['IBA']]
GO:BP,GO:0051247,positive regulation of protein metabolic process,0.7003123906889384,False,"""Any process that activates or increases the frequency, rate or extent of the chemical reactions and pathways involving a protein."" [GOC:ai]",118,69,2,4247,0.028985507246376812,0.01694915254237288,query_1,"['GO:0010604', 'GO:0019538', 'GO:0051246']","['Oda', 'larp']","[['IBA'], ['IMP', 'IBA']]"
GO:BP,GO:0009792,embryo development ending in birth or egg hatching,0.7039854707298785,False,"""The process whose specific outcome is the progression of an embryo over time, from zygote formation until the end of the embryonic life stage. The end of the embryonic life stage is organism-specific and may be somewhat arbitrary; for mammals it is usually considered to be birth, for insects the hatching of the first instar larva from the eggshell."" [GOC:go_curators, GOC:isa_complete, GOC:mtg_sensu]",119,69,2,4247,0.028985507246376812,0.01680672268907563,query_1,['GO:0009790'],"['aop', 'hep']","[['TAS'], ['IMP']]"
GO:BP,GO:0042462,eye photoreceptor cell development,0.7039854707298785,False,"""Development of a photoreceptor, a sensory cell in the eye that reacts to the presence of light. They usually contain a pigment that undergoes a chemical change when light is absorbed, thus stimulating a nerve."" [GOC:jl, ISBN:0192800981]",53,69,1,4247,0.014492753623188406,0.018867924528301886,query_1,"['GO:0001754', 'GO:0042461']",['CadN'],[['IMP']]
GO:BP,GO:0035592,establishment of protein localization to extracellular region,0.7039854707298785,False,"""The directed movement of a protein to a specific location within the extracellular region."" [GOC:bf, GOC:BHF]",53,69,1,4247,0.014492753623188406,0.018867924528301886,query_1,"['GO:0045184', 'GO:0071692']",['Rab10'],"[['IMP', 'IBA']]"
GO:BP,GO:0030534,adult behavior,0.7039854707298785,False,"""Behavior in a fully developed and mature organism."" [GOC:mah, ISBN:0877797099]",53,69,1,4247,0.014492753623188406,0.018867924528301886,query_1,['GO:0007610'],['rut'],[['IMP']]
GO:BP,GO:0000381,"regulation of alternative mRNA splicing, via spliceosome",0.7039854707298785,False,"""Any process that modulates the frequency, rate or extent of alternative splicing of nuclear mRNAs."" [GOC:krc]",53,69,1,4247,0.014492753623188406,0.018867924528301886,query_1,"['GO:0000380', 'GO:0048024']",['CG11360'],[['HMP']]
GO:BP,GO:0045087,innate immune response,0.7076239100723511,False,"""Innate immune responses are defense responses mediated by germline encoded components that directly recognize components of potential pathogens."" [GO_REF:0000022, GOC:add, GOC:ebc, GOC:mtg_sensu]",120,69,2,4247,0.028985507246376812,0.016666666666666666,query_1,"['GO:0006955', 'GO:0140546']","['foxo', 'hep']","[['IMP'], ['IMP', 'IGI']]"
GO:BP,GO:0043254,regulation of protein-containing complex assembly,0.7103197392798519,False,"""Any process that modulates the frequency, rate or extent of protein complex assembly."" [GOC:jl]",54,69,1,4247,0.014492753623188406,0.018518518518518517,query_1,"['GO:0044087', 'GO:0051128', 'GO:0065003']",['Cip4'],[['IDA']]
GO:BP,GO:0008589,regulation of smoothened signaling pathway,0.7103197392798519,False,"""Any process that modulates the frequency, rate or extent of smoothened signaling."" [GOC:go_curators]",54,69,1,4247,0.014492753623188406,0.018518518518518517,query_1,"['GO:0007224', 'GO:0009966']",['ttv'],[['IMP']]
GO:BP,GO:0070085,glycosylation,0.7106177880433003,False,"""The covalent attachment and further modification of carbohydrate residues to a substrate molecule."" [GOC:hjd, GOC:mah]",55,69,1,4247,0.014492753623188406,0.01818181818181818,query_1,['GO:0008152'],['ttv'],[['IEA']]
GO:BP,GO:0000380,"alternative mRNA splicing, via spliceosome",0.7106177880433003,False,"""The process of generating multiple mRNA molecules from a given set of exons by differential use of exons from the primary transcript(s) to form multiple mature mRNAs that vary in their exon composition."" [GOC:krc, PMID:12110900]",55,69,1,4247,0.014492753623188406,0.01818181818181818,query_1,['GO:0000398'],['CG11360'],[['HMP']]
GO:BP,GO:0042330,taxis,0.7106177880433003,False,"""The directed movement of a motile cell or organism in response to an external stimulus."" [GOC:jl, ISBN:0192801023]",55,69,1,4247,0.014492753623188406,0.01818181818181818,query_1,"['GO:0009605', 'GO:0040011']",['Nup205'],[['IMP']]
GO:BP,GO:0001708,cell fate specification,0.7106177880433003,False,"""The cellular developmental process involved in cell fate commitment in which the cell is designated to follow a developmental path, unless they receive extrinsic cues that direct an alternative fate."" [GOC:go_curators]",55,69,1,4247,0.014492753623188406,0.01818181818181818,query_1,"['GO:0045165', 'GO:0048869']",['aop'],[['IMP']]
GO:BP,GO:0050793,regulation of developmental process,0.7106177880433003,False,"""Any process that modulates the frequency, rate or extent of development, the biological process whose specific outcome is the progression of a multicellular organism over time from an initial condition (e.g. a zygote, or a young adult) to a later condition (e.g. a multicellular animal or an aged adult)."" [GOC:go_curators]",381,69,6,4247,0.08695652173913043,0.015748031496062992,query_1,"['GO:0032502', 'GO:0050789']","['mr', 'Cip4', 'aop', 'CadN', 'foxo', 'ctp']","[['IMP'], ['IDA', 'IMP'], ['IMP', 'IGI', 'IEA'], ['IMP'], ['IMP'], ['IMP']]"
GO:BP,GO:0046552,photoreceptor cell fate commitment,0.7106177880433003,False,"""The process in which the developmental fate of a cell becomes restricted such that it will develop into a photoreceptor cell. A photoreceptor cell is a cell that responds to incident electromagnetic radiation. Different classes of photoreceptor have different spectral sensitivities and express different photosensitive pigments."" [GOC:mtg_sensu]",55,69,1,4247,0.014492753623188406,0.01818181818181818,query_1,"['GO:0046530', 'GO:0048663']",['aop'],"[['IDA', 'IMP', 'IGI']]"
GO:BP,GO:0006873,intracellular monoatomic ion homeostasis,0.7106177880433003,False,"""A homeostatic process involved in the maintenance of a steady state level of monoatomic ions within a cell. Monatomic ions (also called simple ions) are ions consisting of exactly one atom."" [GOC:mah]",55,69,1,4247,0.014492753623188406,0.01818181818181818,query_1,"['GO:0050801', 'GO:0055082']",['AGBE'],[['IMP']]
GO:BP,GO:0071692,protein localization to extracellular region,0.7106177880433003,False,"""Any process in which a protein is transported from one specific location in the extracellular region to another, or maintained in a specific extracellular location."" [GOC:mah]",55,69,1,4247,0.014492753623188406,0.01818181818181818,query_1,['GO:0008104'],['Rab10'],"[['IMP', 'IBA']]"
GO:BP,GO:0007293,germarium-derived egg chamber formation,0.7106177880433003,False,"""Construction of a stage-1 egg chamber in the anterior part of the germarium, from the progeny of germ-line and somatic stem cells. An example of this is found in Drosophila melanogaster."" [GOC:mtg_sensu, ISBN:0879694238]",55,69,1,4247,0.014492753623188406,0.01818181818181818,query_1,"['GO:0003006', 'GO:0048477', 'GO:0048646']",['Cip4'],[['IMP']]
GO:BP,GO:0030003,intracellular monoatomic cation homeostasis,0.7106177880433003,False,"""A homeostatic process involved in the maintenance of a steady state level of monoatomic cations within a cell. Monatomic cations (also called simple cations) are cations consisting of exactly one atom."" [GOC:ceb, GOC:mah]",55,69,1,4247,0.014492753623188406,0.01818181818181818,query_1,"['GO:0006873', 'GO:0055080']",['AGBE'],[['IMP']]
GO:BP,GO:0006753,nucleoside phosphate metabolic process,0.7106177880433003,False,"""The chemical reactions and pathways involving any phosphorylated nucleoside."" [GOC:mah]",122,69,2,4247,0.028985507246376812,0.01639344262295082,query_1,"['GO:0006796', 'GO:0019637', 'GO:0055086']","['Gapdh2', 'rut']","[['IEP', 'ISS', 'IBA', 'IEA'], ['IDA', 'IBA', 'IEA']]"
GO:BP,GO:0009617,response to bacterium,0.7106177880433003,False,"""Any process that results in a change in state or activity of a cell or an organism (in terms of movement, secretion, enzyme production, gene expression, etc.) as a result of a stimulus from a bacterium."" [GOC:hb]",122,69,2,4247,0.028985507246376812,0.01639344262295082,query_1,['GO:0051707'],"['foxo', 'hep']","[['IDA', 'IMP'], ['IDA', 'IMP', 'IGI']]"
GO:BP,GO:0010564,regulation of cell cycle process,0.7141936537987414,False,"""Any process that modulates a cellular process that is involved in the progression of biochemical and morphological phases and events that occur in a cell during successive cell replication or nuclear replication events."" [GOC:dph, GOC:tb]",123,69,2,4247,0.028985507246376812,0.016260162601626018,query_1,"['GO:0022402', 'GO:0051726']","['mr', 'mms4']","[['IBA'], ['IBA']]"
GO:BP,GO:0009059,macromolecule biosynthetic process,0.7147909363098053,False,"""The chemical reactions and pathways resulting in the formation of a macromolecule, any molecule of high relative molecular mass, the structure of which essentially comprises the multiple repetition of units derived, actually or conceptually, from molecules of low relative molecular mass."" [GOC:mah]",1573,69,25,4247,0.36231884057971014,0.01589319771137953,query_1,"['GO:0009058', 'GO:0043170']","['CG12236', 'Upf2', 'eIF2Bdelta', 'aop', 'MED27', 'mgr', 'Ssdp', 'Nelf-A', 'Nop56', 'pygo', 'mrj', 'fus', 'ttv', 'AGBE', 'NAT1', 'CG18011', 'Gasz', 'CG5504', 'larp', 'foxo', 'CG11360', 'dan', 'CG9650', 'ctp', 'hep']","[['ISS', 'IBA'], ['IDA', 'IMP', 'IBA', 'IEA'], ['ISS', 'IEA'], ['IDA', 'IMP', 'IGI', 'IBA', 'IEA'], ['IDA', 'IBA', 'IC', 'IEA'], ['IEA'], ['IMP', 'IGI', 'IBA'], ['IDA', 'ISS', 'IBA', 'IEA'], ['ISS'], ['IDA', 'IPI', 'IMP', 'IGI'], ['ISS', 'IBA'], ['IDA', 'IBA', 'IEA'], ['IMP', 'IEA'], ['IBA', 'NAS', 'IEA'], ['ISS', 'IBA', 'IEA'], ['ISS', 'IBA', 'IEA'], ['IMP'], ['IEA'], ['IMP', 'IBA', 'IEA'], ['IDA', 'IMP', 'IBA', 'IEA'], ['HMP', 'IEA'], ['IMP'], ['IBA'], ['IMP', 'IEA'], ['IMP']]"
GO:BP,GO:0048584,positive regulation of response to stimulus,0.7164429941438922,False,"""Any process that activates, maintains or increases the rate of a response to a stimulus. Response to stimulus is a change in state or activity of a cell or an organism (in terms of movement, secretion, enzyme production, gene expression, etc.) as a result of a stimulus."" [GOC:jid]",320,69,5,4247,0.07246376811594203,0.015625,query_1,"['GO:0048518', 'GO:0048583', 'GO:0050896']","['ohgt', 'Ssdp', 'foxo', 'Sur-8', 'hep']","[['IMP'], ['IGI'], ['IMP'], ['HGI'], ['IMP', 'IGI']]"
GO:BP,GO:0009101,glycoprotein biosynthetic process,0.7164429941438922,False,"""The chemical reactions and pathways resulting in the formation of glycoproteins, a protein that contains covalently bound glycose (i.e. monosaccharide) residues; the glycose occurs most commonly as oligosaccharide or fairly small polysaccharide but occasionally as monosaccharide."" [GOC:go_curators, ISBN:0198506732]",56,69,1,4247,0.014492753623188406,0.017857142857142856,query_1,"['GO:0009059', 'GO:0009100', 'GO:1901137']",['ttv'],"[['IMP', 'IEA']]"
GO:BP,GO:0141187,nucleic acid biosynthetic process,0.7188303856783088,False,"""The biosynthetic process resulting in the formation of a nucleic acid."" [GOC:dph, GOC:tb]",1017,69,16,4247,0.2318840579710145,0.015732546705998034,query_1,"['GO:0009059', 'GO:0034654', 'GO:0090304']","['CG12236', 'aop', 'MED27', 'Ssdp', 'Nelf-A', 'Nop56', 'pygo', 'fus', 'CG18011', 'Gasz', 'foxo', 'CG11360', 'dan', 'CG9650', 'ctp', 'hep']","[['ISS', 'IBA'], ['IDA', 'IMP', 'IBA', 'IEA'], ['IDA', 'IBA', 'IC', 'IEA'], ['IMP', 'IGI', 'IBA'], ['IDA', 'ISS', 'IBA'], ['ISS'], ['IDA', 'IPI', 'IMP', 'IGI'], ['IDA', 'IBA', 'IEA'], ['ISS', 'IBA', 'IEA'], ['IMP'], ['IDA', 'IMP', 'IBA', 'IEA'], ['HMP'], ['IMP'], ['IBA'], ['IEA'], ['IMP']]"
GO:BP,GO:0051056,regulation of small GTPase mediated signal transduction,0.7223921123347695,False,"""Any process that modulates the frequency, rate or extent of small GTPase mediated signal transduction."" [GOC:go_curators]",57,69,1,4247,0.014492753623188406,0.017543859649122806,query_1,"['GO:0007264', 'GO:1902531']",['Sur-8'],[['HGI']]
GO:BP,GO:0016477,cell migration,0.7231339694531415,False,"""The controlled self-propelled movement of a cell from one site to a destination guided by molecular cues."" [GOC:cjm, GOC:dph, GOC:ems, GOC:pf, Wikipedia:Cell_migration]",192,69,3,4247,0.043478260869565216,0.015625,query_1,['GO:0048870'],"['aop', 'ttv', 'hep']","[['IMP'], ['IMP'], ['IMP', 'IGI']]"
GO:BP,GO:0007219,Notch signaling pathway,0.7247715915186337,False,"""The series of molecular signals initiated by an extracellular ligand binding to the receptor Notch on the surface of a target cell, and ending with the regulation of a downstream cellular process, e.g. transcription."" [GOC:go_curators, GOC:signaling]",58,69,1,4247,0.014492753623188406,0.017241379310344827,query_1,['GO:0007166'],['pigs'],[['IMP']]
GO:BP,GO:0048024,"regulation of mRNA splicing, via spliceosome",0.7247715915186337,False,"""Any process that modulates the frequency, rate or extent of mRNA splicing via a spliceosomal mechanism."" [GOC:jid]",58,69,1,4247,0.014492753623188406,0.017241379310344827,query_1,"['GO:0000398', 'GO:0043484', 'GO:0050684']",['CG11360'],[['HMP']]
GO:BP,GO:0010948,negative regulation of cell cycle process,0.7247715915186337,False,"""Any process that decreases the rate, frequency or extent of a cellular process that is involved in the progression of biochemical and morphological phases and events that occur in a cell during successive cell replication or nuclear replication events."" [GOC:dph, GOC:tb]",58,69,1,4247,0.014492753623188406,0.017241379310344827,query_1,"['GO:0010564', 'GO:0022402', 'GO:0045786']",['mms4'],[['IBA']]
GO:BP,GO:0007600,sensory perception,0.7247715915186337,False,"""The series of events required for an organism to receive a sensory stimulus, convert it to a molecular signal, and recognize and characterize the signal. This is a neurological process."" [GOC:ai, GOC:dph]",58,69,1,4247,0.014492753623188406,0.017241379310344827,query_1,['GO:0050877'],['Cad99C'],[['IMP']]
GO:BP,GO:0006302,double-strand break repair,0.7247715915186337,False,"""The repair of double-strand breaks in DNA via homologous and nonhomologous mechanisms to reform a continuous DNA helix."" [GOC:elh]",58,69,1,4247,0.014492753623188406,0.017241379310344827,query_1,['GO:0006281'],['mms4'],[['IBA']]
GO:BP,GO:0007224,smoothened signaling pathway,0.7247715915186337,False,"""The series of molecular signals generated as a consequence of activation of the transmembrane protein Smoothened."" [GOC:mah, PMID:15057936, PMID:15205520]",58,69,1,4247,0.014492753623188406,0.017241379310344827,query_1,['GO:0007166'],['ttv'],[['IMP']]
GO:BP,GO:0042692,muscle cell differentiation,0.7247715915186337,False,"""The process in which a relatively unspecialized cell acquires specialized features of a muscle cell."" [CL:0000187, GOC:go_curators]",58,69,1,4247,0.014492753623188406,0.017241379310344827,query_1,"['GO:0030154', 'GO:0061061']",['aop'],[['IMP']]
GO:BP,GO:0009880,embryonic pattern specification,0.725965402444408,False,"""The process that results in the patterns of cell differentiation that will arise in an embryo."" [GOC:go_curators, ISBN:0521436125]",127,69,2,4247,0.028985507246376812,0.015748031496062992,query_1,"['GO:0007389', 'GO:0009790']","['Ssdp', 'pygo']","[['IMP'], ['IMP', 'IEA']]"
GO:BP,GO:0034654,nucleobase-containing compound biosynthetic process,0.726347125759764,False,"""The chemical reactions and pathways resulting in the formation of nucleobases, nucleosides, nucleotides and nucleic acids."" [GOC:mah]",1088,69,17,4247,0.2463768115942029,0.015625,query_1,"['GO:0006139', 'GO:0009058']","['CG12236', 'aop', 'MED27', 'Ssdp', 'Nelf-A', 'Nop56', 'pygo', 'fus', 'CG18011', 'Gasz', 'foxo', 'CG11360', 'dan', 'CG9650', 'rut', 'ctp', 'hep']","[['ISS', 'IBA'], ['IDA', 'IMP', 'IBA', 'IEA'], ['IDA', 'IBA', 'IC', 'IEA'], ['IMP', 'IGI', 'IBA'], ['IDA', 'ISS', 'IBA'], ['ISS'], ['IDA', 'IPI', 'IMP', 'IGI'], ['IDA', 'IBA', 'IEA'], ['ISS', 'IBA', 'IEA'], ['IMP'], ['IDA', 'IMP', 'IBA', 'IEA'], ['HMP'], ['IMP'], ['IBA'], ['IDA', 'IBA', 'IEA'], ['IEA'], ['IMP']]"
GO:BP,GO:0009790,embryo development,0.726347125759764,False,"""The process whose specific outcome is the progression of an embryo from its formation until the end of its embryonic life stage. The end of the embryonic stage is organism-specific. For example, for mammals, the process would begin with zygote formation and end with birth. For insects, the process would begin at zygote formation and end with larval hatching. For plant zygotic embryos, this would be from zygote formation to the end of seed dormancy. For plant vegetative embryos, this would be from the initial determination of the cell or group of cells to form an embryo until the point when the embryo becomes independent of the parent plant."" [GOC:go_curators, GOC:isa_complete, GOC:mtg_sensu]",326,69,5,4247,0.07246376811594203,0.015337423312883436,query_1,['GO:0007275'],"['aop', 'Ssdp', 'pygo', 'larp', 'hep']","[['TAS'], ['IMP'], ['IMP', 'IEA'], ['IMP'], ['IMP']]"
GO:BP,GO:0016567,protein ubiquitination,0.726347125759764,False,"""The process in which one or more ubiquitin groups are added to a protein."" [PMID:26906419]",128,69,2,4247,0.028985507246376812,0.015625,query_1,['GO:0032446'],"['mr', 'ohgt']","[['IBA'], ['ISS', 'IBA', 'IEA']]"
GO:BP,GO:1901137,carbohydrate derivative biosynthetic process,0.726347125759764,False,"""The chemical reactions and pathways resulting in the formation of carbohydrate derivative."" [GOC:TermGenie]",128,69,2,4247,0.028985507246376812,0.015625,query_1,"['GO:0009058', 'GO:1901135']","['ttv', 'rut']","[['IMP', 'IEA'], ['IBA', 'IEA']]"
GO:BP,GO:0010467,gene expression,0.726347125759764,False,"""The process in which a gene's sequence is converted into a mature gene product (protein or RNA). This includes the production of an RNA transcript and its processing, as well as translation and maturation for protein-coding genes."" [GOC:txnOH-2018, PMID:25934543, PMID:31580950]",1461,69,23,4247,0.3333333333333333,0.01574264202600958,query_1,['GO:0009059'],"['CG12236', 'Upf2', 'eIF2Bdelta', 'aop', 'MED27', 'mgr', 'Ssdp', 'Nelf-A', 'Nop56', 'pygo', 'mrj', 'fus', 'NAT1', 'CG18011', 'Gasz', 'CG5504', 'larp', 'foxo', 'CG11360', 'dan', 'CG9650', 'ctp', 'hep']","[['ISS', 'IBA'], ['IDA', 'IMP', 'IBA', 'IEA'], ['ISS', 'IEA'], ['IDA', 'IMP', 'IGI', 'IBA', 'IEA'], ['IDA', 'IBA', 'IC', 'IEA'], ['IEA'], ['IMP', 'IGI', 'IBA'], ['IDA', 'ISS', 'IBA', 'IEA'], ['ISS'], ['IDA', 'IPI', 'IMP', 'IGI'], ['ISS', 'IBA'], ['IDA', 'IBA', 'IEA'], ['ISS', 'IBA', 'IEA'], ['ISS', 'IBA', 'IEA'], ['IMP'], ['IEA'], ['IMP', 'IBA', 'IEA'], ['IDA', 'IMP', 'IBA', 'IEA'], ['HMP', 'IEA'], ['IMP'], ['IBA'], ['IMP', 'IEA'], ['IMP']]"
GO:BP,GO:0023056,positive regulation of signaling,0.726347125759764,False,"""Any process that activates, maintains or increases the frequency, rate or extent of a signaling process."" [GOC:mtg_signal]",261,69,4,4247,0.057971014492753624,0.01532567049808429,query_1,"['GO:0023051', 'GO:0023052', 'GO:0048518']","['ohgt', 'Ssdp', 'foxo', 'Sur-8']","[['IMP'], ['IGI'], ['IMP'], ['HGI']]"
GO:BP,GO:0007405,neuroblast proliferation,0.726347125759764,False,"""The expansion of a neuroblast population by cell division. A neuroblast is any cell that will divide and give rise to a neuron."" [GOC:ai, GOC:mtg_sensu, GOC:sart]",59,69,1,4247,0.014492753623188406,0.01694915254237288,query_1,"['GO:0048699', 'GO:0061351']",['mgr'],[['IMP']]
GO:BP,GO:0007283,spermatogenesis,0.726347125759764,False,"""The developmental process by which male germ line stem cells self renew or give rise to successive cell types resulting in the development of a spermatozoa."" [GOC:jid, ISBN:9780878933846, PMID:28073824, PMID:30990821]",128,69,2,4247,0.028985507246376812,0.015625,query_1,"['GO:0003006', 'GO:0048232']","['Past1', 'ctp']","[['IMP'], ['IMP']]"
GO:BP,GO:0010647,positive regulation of cell communication,0.7280751828777452,False,"""Any process that increases the frequency, rate or extent of cell communication. Cell communication is the process that mediates interactions between a cell and its surroundings. Encompasses interactions such as signaling or attachment between one cell and another cell, between a cell and an extracellular matrix, or between a cell and any other aspect of its environment."" [GOC:dph, GOC:tb]",262,69,4,4247,0.057971014492753624,0.015267175572519083,query_1,"['GO:0007154', 'GO:0010646', 'GO:0048522']","['ohgt', 'Ssdp', 'foxo', 'Sur-8']","[['IMP'], ['IGI'], ['IMP'], ['HGI']]"
GO:BP,GO:0016311,dephosphorylation,0.7290678068654152,False,"""The process of removing one or more phosphoric (ester or anhydride) residues from a molecule."" [ISBN:0198506732]",60,69,1,4247,0.014492753623188406,0.016666666666666666,query_1,['GO:0006796'],['Alp12'],[['ISS']]
GO:BP,GO:0070925,organelle assembly,0.7290678068654152,False,"""The aggregation, arrangement and bonding together of a set of components to form an organelle. An organelle is an organized structure of distinctive morphology and function. Includes the nucleus, mitochondria, plastids, vacuoles, vesicles, ribosomes and the cytoskeleton. Excludes the plasma membrane."" [GOC:mah]",197,69,3,4247,0.043478260869565216,0.015228426395939087,query_1,"['GO:0006996', 'GO:0022607']","['mgr', 'Past1', 'larp']","[['IMP'], ['IBA'], ['IMP']]"
GO:BP,GO:0006790,sulfur compound metabolic process,0.7290678068654152,False,"""The chemical reactions and pathways involving the nonmetallic element sulfur or compounds that contain sulfur, such as the amino acids methionine and cysteine or the tripeptide glutathione."" [GOC:ai]",60,69,1,4247,0.014492753623188406,0.016666666666666666,query_1,['GO:0008152'],['ttv'],"[['IMP', 'IEA']]"
GO:BP,GO:0008038,neuron recognition,0.7290678068654152,False,"""The process in which a neuronal cell in a multicellular organism interprets its surroundings."" [GOC:go_curators]",60,69,1,4247,0.014492753623188406,0.016666666666666666,query_1,"['GO:0008037', 'GO:0048666']",['CadN'],[['TAS']]
GO:BP,GO:0048663,neuron fate commitment,0.7290678068654152,False,"""The process in which the developmental fate of a cell becomes restricted such that it will develop into a neuron."" [GOC:dph]",60,69,1,4247,0.014492753623188406,0.016666666666666666,query_1,"['GO:0030182', 'GO:0045165']",['aop'],"[['IDA', 'IMP', 'IGI']]"
GO:BP,GO:0042176,regulation of protein catabolic process,0.7290678068654152,False,"""Any process that modulates the frequency, rate or extent of the chemical reactions and pathways resulting in the breakdown of a protein by the destruction of the native, active configuration, with or without the hydrolysis of peptide bonds."" [GOC:go_curators, GOC:jl]",60,69,1,4247,0.014492753623188406,0.016666666666666666,query_1,"['GO:0009894', 'GO:0030163', 'GO:0051246']",['Oda'],[['IBA']]
GO:BP,GO:0055086,nucleobase-containing small molecule metabolic process,0.7354568968364561,False,"""The cellular chemical reactions and pathways involving a nucleobase-containing small molecule: a nucleobase, a nucleoside, or a nucleotide."" [GOC:vw]",131,69,2,4247,0.028985507246376812,0.015267175572519083,query_1,"['GO:0006139', 'GO:0044281']","['Gapdh2', 'rut']","[['IEP', 'ISS', 'IBA', 'IEA'], ['IDA', 'IBA', 'IEA']]"
GO:BP,GO:0016042,lipid catabolic process,0.7372886198472124,False,"""The chemical reactions and pathways resulting in the breakdown of lipids, compounds soluble in an organic solvent but not, or sparingly, in an aqueous solvent."" [GOC:go_curators]",62,69,1,4247,0.014492753623188406,0.016129032258064516,query_1,"['GO:0006629', 'GO:0009056']",['foxo'],[['IMP']]
GO:BP,GO:0002682,regulation of immune system process,0.7372886198472124,False,"""Any process that modulates the frequency, rate, or extent of an immune system process."" [GOC:add]",132,69,2,4247,0.028985507246376812,0.015151515151515152,query_1,"['GO:0002376', 'GO:0050789']","['foxo', 'hep']","[['IMP'], ['IMP', 'IGI']]"
GO:BP,GO:0051258,protein polymerization,0.7372886198472124,False,"""The process of creating protein polymers, compounds composed of a large number of component monomers; polymeric proteins may be made up of different or identical monomers. Polymerization occurs by the addition of extra monomers to an existing poly- or oligomeric protein."" [GOC:ai]",62,69,1,4247,0.014492753623188406,0.016129032258064516,query_1,['GO:0065003'],['Cip4'],[['IDA']]
GO:BP,GO:0008037,cell recognition,0.7372886198472124,False,"""The process in which a cell in an organism interprets its surroundings."" [GOC:go_curators]",62,69,1,4247,0.014492753623188406,0.016129032258064516,query_1,['GO:0009987'],['CadN'],[['TAS']]
GO:BP,GO:0042461,photoreceptor cell development,0.7372886198472124,False,"""Development of a photoreceptor, a cell that responds to incident electromagnetic radiation, particularly visible light."" [GOC:go_curators]",62,69,1,4247,0.014492753623188406,0.016129032258064516,query_1,"['GO:0046530', 'GO:0048666']",['CadN'],[['IMP']]
GO:BP,GO:0055080,monoatomic cation homeostasis,0.7372886198472124,False,"""Any process involved in the maintenance of an internal steady state of monoatomic cations within an organism or cell. Monatomic cations (also called simple cations) are cations consisting of exactly one atom."" [GOC:ceb, GOC:jid, GOC:mah]",62,69,1,4247,0.014492753623188406,0.016129032258064516,query_1,['GO:0050801'],['AGBE'],[['IMP']]
GO:BP,GO:0007613,memory,0.7372886198472124,False,"""The activities involved in the mental information processing system that receives (registers), modifies, stores, and retrieves informational stimuli. The main stages involved in the formation and retrieval of memory are encoding (processing of received information by acquisition), storage (building a permanent record of received information as a result of consolidation) and retrieval (calling back the stored information and use it in a suitable way to execute a given task)."" [GOC:curators, ISBN:0582227089]",62,69,1,4247,0.014492753623188406,0.016129032258064516,query_1,['GO:0007611'],['rut'],[['IMP']]
GO:BP,GO:0055082,intracellular chemical homeostasis,0.7372886198472124,False,"""A homeostatic process involved in the maintenance of a steady state level of a chemical within a cell."" [GOC:isa_complete, GOC:jid]",62,69,1,4247,0.014492753623188406,0.016129032258064516,query_1,"['GO:0019725', 'GO:0048878']",['AGBE'],[['IMP']]
GO:BP,GO:0006996,organelle organization,0.7396427058222818,False,"""A process that is carried out at the cellular level which results in the assembly, arrangement of constituent parts, or disassembly of an organelle within a cell. An organelle is an organized structure of distinctive morphology and function. Includes the nucleus, mitochondria, plastids, vacuoles, vesicles, ribosomes and the cytoskeleton. Excludes the plasma membrane."" [GOC:mah]",849,69,13,4247,0.18840579710144928,0.015312131919905771,query_1,['GO:0016043'],"['pigs', 'mr', 'Cip4', 'Nup205', 'mgr', 'Past1', 'dind', 'Syx6', 'mms4', 'larp', 'prel', 'ctp', 'hep']","[['IBA'], ['IBA'], ['IDA'], ['ISS', 'IBA'], ['IMP'], ['IMP', 'IBA'], ['IMP'], ['IBA'], ['IBA'], ['IMP'], ['IMP'], ['IMP'], ['IMP']]"
GO:BP,GO:0061982,meiosis I cell cycle process,0.7415056679520726,False,"""A process that contributes to the first meiotic division. The first meiotic division is the reductive division resulting in the separation of homologous chromosome pairs."" [PMID:29385397]",63,69,1,4247,0.014492753623188406,0.015873015873015872,query_1,['GO:1903046'],['mms4'],[['IBA']]
GO:BP,GO:0050801,monoatomic ion homeostasis,0.7415056679520726,False,"""Any process involved in the maintenance of an internal steady state of monoatomic ions within an organism or cell. Monatomic ions (also called simple ions) are ions consisting of exactly one atom."" [GOC:ai]",63,69,1,4247,0.014492753623188406,0.015873015873015872,query_1,['GO:0048878'],['AGBE'],[['IMP']]
GO:BP,GO:0045786,negative regulation of cell cycle,0.7415056679520726,False,"""Any process that stops, prevents or reduces the rate or extent of progression through the cell cycle."" [GOC:dph, GOC:go_curators, GOC:tb]",63,69,1,4247,0.014492753623188406,0.015873015873015872,query_1,"['GO:0007049', 'GO:0048523', 'GO:0051726']",['mms4'],[['IBA']]
GO:BP,GO:0050684,regulation of mRNA processing,0.7455831553464736,False,"""Any process that modulates the frequency, rate or extent of mRNA processing, those processes involved in the conversion of a primary mRNA transcript into a mature mRNA prior to its translation into polypeptide."" [GOC:ai]",64,69,1,4247,0.014492753623188406,0.015625,query_1,"['GO:0006397', 'GO:1903311']",['CG11360'],[['HMP']]
GO:BP,GO:0097305,response to alcohol,0.7455831553464736,False,"""Any process that results in a change in state or activity of a cell or an organism (in terms of movement, secretion, enzyme production, gene expression, etc.) as a result of an alcohol stimulus."" [GOC:pr, PMID:24014527]",64,69,1,4247,0.014492753623188406,0.015625,query_1,['GO:1901700'],['rut'],[['IMP']]
GO:BP,GO:0061351,neural precursor cell proliferation,0.7455831553464736,False,"""The multiplication or reproduction of neural precursor cells, resulting in the expansion of a cell population. A neural precursor cell is either a nervous system stem cell or a nervous system progenitor cell."" [GOC:dph, GOC:yaf]",64,69,1,4247,0.014492753623188406,0.015625,query_1,['GO:0008283'],['mgr'],[['IMP']]
GO:BP,GO:0055085,transmembrane transport,0.7455831553464736,False,"""The process in which a solute is transported across a lipid bilayer, from one side of a membrane to the other."" [GOC:dph, GOC:jid]",204,69,3,4247,0.043478260869565216,0.014705882352941176,query_1,"['GO:0006810', 'GO:0009987']","['hoe1', 'CG8195', 'Tim23']","[['IEA'], ['ISS'], ['IBA']]"
GO:BP,GO:0006412,translation,0.7460111036256708,False,"""The cellular metabolic process in which a protein is formed, using the sequence of a mature mRNA or circRNA molecule to specify the sequence of amino acids in a polypeptide chain. Translation is mediated by the ribosome, and begins with the formation of a ternary complex between aminoacylated initiator methionine tRNA, GTP, and initiation factor 2, which subsequently associates with the small subunit of the ribosome and an mRNA or circRNA. Translation ends with the release of a polypeptide chain from the ribosome."" [GOC:go_curators]",272,69,4,4247,0.057971014492753624,0.014705882352941176,query_1,"['GO:0009059', 'GO:0010467', 'GO:0019538']","['eIF2Bdelta', 'Nelf-A', 'NAT1', 'larp']","[['ISS', 'IEA'], ['IEA'], ['ISS', 'IBA', 'IEA'], ['IMP', 'IBA']]"
GO:BP,GO:0016071,mRNA metabolic process,0.7460111036256708,False,"""The chemical reactions and pathways involving mRNA, messenger RNA, which is responsible for carrying the coded genetic 'message', transcribed from DNA, to sites of protein assembly at the ribosomes."" [ISBN:0198506732]",272,69,4,4247,0.057971014492753624,0.014705882352941176,query_1,['GO:0016070'],"['Upf2', 'fus', 'larp', 'CG11360']","[['IDA', 'IMP', 'IBA', 'IEA'], ['IEA'], ['IEA'], ['HMP']]"
GO:BP,GO:0140694,membraneless organelle assembly,0.7460111036256708,False,"""The aggregation, arrangement and bonding together of a set of components to form a non-membrane-bounded organelle."" [PMID:28225081]",136,69,2,4247,0.028985507246376812,0.014705882352941176,query_1,['GO:0070925'],"['mgr', 'larp']","[['IMP'], ['IMP']]"
GO:BP,GO:0034329,cell junction assembly,0.7460111036256708,False,"""A cellular process that results in the aggregation, arrangement and bonding together of a set of components to form a cell junction."" [GOC:mah]",136,69,2,4247,0.028985507246376812,0.014705882352941176,query_1,"['GO:0022607', 'GO:0034330']","['mr', 'Cip4']","[['IMP'], ['IDA', 'IMP']]"
GO:BP,GO:0003002,regionalization,0.7476523629489745,False,"""The pattern specification process that results in the subdivision of an axis or axes in space to define an area or volume in which specific patterns of cell differentiation will take place or in which cells interpret a specific environment."" [GOC:dph, GOC:isa_complete]",273,69,4,4247,0.057971014492753624,0.014652014652014652,query_1,['GO:0007389'],"['Past1', 'pygo', 'dan', 'hep']","[['IGI'], ['IMP', 'IEA'], ['IMP'], ['IMP']]"
GO:BP,GO:0006310,DNA recombination,0.7482230385753097,False,"""Any process in which a new genotype is formed by reassortment of genes resulting in gene combinations different from those that were present in the parents. In eukaryotes genetic recombination can occur by chromosome assortment, intrachromosomal recombination, or nonreciprocal interchromosomal recombination. Interchromosomal recombination occurs by crossing over. In bacteria it may occur by genetic transformation, conjugation, transduction, or F-duction."" [ISBN:0198506732]",65,69,1,4247,0.014492753623188406,0.015384615384615385,query_1,['GO:0006259'],['mms4'],"[['IBA', 'IEA']]"
GO:BP,GO:0048870,cell motility,0.7483199267086249,False,"""Any process involved in the controlled self-propelled movement of a cell that results in translocation of the cell from one place to another."" [GOC:dgh, GOC:dph, GOC:isa_complete, GOC:mlg]",206,69,3,4247,0.043478260869565216,0.014563106796116505,query_1,['GO:0009987'],"['aop', 'ttv', 'hep']","[['IMP'], ['IMP'], ['IMP', 'IGI']]"
GO:BP,GO:0032880,regulation of protein localization,0.7520288888498506,False,"""Any process that modulates the frequency, rate or extent of any process in which a protein is transported to, or maintained in, a specific location."" [GOC:dph, GOC:mah, GOC:tb]",66,69,1,4247,0.014492753623188406,0.015151515151515152,query_1,"['GO:0008104', 'GO:0060341']",['larp'],[['IMP']]
GO:BP,GO:0050658,RNA transport,0.7520288888498506,False,"""The directed movement of RNA, ribonucleic acids, into, out of or within a cell, or between cells, by means of some agent such as a transporter or pore."" [GOC:ai]",66,69,1,4247,0.014492753623188406,0.015151515151515152,query_1,"['GO:0050657', 'GO:0051236']",['Nup205'],[['IEA']]
GO:BP,GO:0050657,nucleic acid transport,0.7520288888498506,False,"""The directed movement of nucleic acids, single or double-stranded polynucleotides involved in the storage, transmission and transfer of genetic information, into, out of or within a cell, or between cells, by means of some agent such as a transporter or pore."" [GOC:ai, ISBN:0198506732]",66,69,1,4247,0.014492753623188406,0.015151515151515152,query_1,['GO:0015931'],['Nup205'],[['IEA']]
GO:BP,GO:0009987,cellular process,0.7535086703732948,False,"""Any process that is carried out at the cellular level, but not necessarily restricted to a single cell. For example, cell communication occurs among more than one cell, but occurs at the cellular level."" [GOC:go_curators, GOC:isa_complete]",3669,69,59,4247,0.855072463768116,0.016080675933496866,query_1,['GO:0008150'],"['CG12236', 'pigs', 'Upf2', 'eIF2Bdelta', 'mr', 'Cip4', 'Mvb12', 'Nup205', 'l(3)72Dp', 'CAH2', 'Rab10', 'hoe1', 'Reph', 'aop', 'MED27', 'Edem2', 'Drep4', 'beat-Ib', 'CadN', 'ohgt', 'mgr', 'Past1', 'Ssdp', 'dind', 'Nelf-A', 'Nop56', 'CG13601', 'pygo', 'CG15099', 'mrj', 'fus', 'CG8195', 'ttv', 'AGBE', 'NAT1', 'Oda', 'Syx6', 'mms4', 'CG18011', 'Gasz', 'CG5504', 'elg1', 'wge', 'CG17528', 'Tim23', 'larp', 'Alp12', 'Cad99C', 'foxo', 'CG11360', 'dan', 'Gapdh2', 'prel', 'und', 'Sur-8', 'CG9650', 'rut', 'ctp', 'hep']","[['ISS', 'IBA', 'IEA'], ['IMP', 'IBA'], ['IDA', 'IMP', 'IBA', 'IEA'], ['ISS', 'IEA'], ['IMP', 'ISS', 'IBA', 'TAS', 'IEA'], ['IDA', 'IMP', 'IEA'], ['IBA', 'IEA'], ['IMP', 'ISS', 'IBA', 'IEA'], ['IBA', 'IEA'], ['IDA', 'IBA'], ['IMP', 'ISS', 'IBA', 'IEA'], ['IEA'], ['IGI'], ['IDA', 'IMP', 'IGI', 'IBA', 'IEA'], ['IDA', 'IBA', 'IC', 'IEA'], ['IMP', 'IGI', 'IEP', 'IBA', 'IEA'], ['IDA', 'IBA', 'TAS', 'IEA'], ['ISS', 'IBA'], ['IDA', 'IPI', 'IMP', 'IGI', 'ISS', 'IBA', 'TAS', 'IEA'], ['IMP', 'ISS', 'IBA', 'IEA'], ['IMP', 'IBA', 'IEA'], ['IMP', 'IBA', 'IEA'], ['IMP', 'IGI', 'IBA'], ['IMP'], ['IDA', 'ISS', 'IBA', 'IEA'], ['ISS'], ['IBA'], ['IDA', 'IPI', 'IMP', 'IGI', 'IEA'], ['IEA'], ['ISS', 'IBA'], ['IDA', 'IBA', 'IEA'], ['ISS'], ['IMP', 'IGI', 'ISS', 'IEA'], ['IBA', 'NAS', 'IEA'], ['ISS', 'IBA', 'IEA'], ['IBA'], ['ISS', 'IBA', 'IEA'], ['IBA', 'IEA'], ['ISS', 'IBA', 'IEA'], ['IMP'], ['IEA'], ['IMP'], ['IEA'], ['ISS', 'IBA', 'IEA'], ['IBA'], ['IMP', 'IBA', 'IEA'], ['ISS'], ['IMP', 'IGI', 'ISS', 'ISM', 'IBA', 'NAS', 'IEA'], ['IDA', 'IMP', 'IGI', 'IEP', 'IBA', 'IEA'], ['HMP', 'IEA'], ['IMP'], ['IGI', 'IEP', 'ISS', 'IBA', 'IEA'], ['IMP', 'IEA'], ['IEA'], ['HGI', 'IBA'], ['IMP', 'IBA'], ['IDA', 'IMP', 'IBA', 'IEA'], ['IMP', 'IEA'], ['IDA', 'IMP', 'IGI', 'IEA']]"
GO:BP,GO:0007626,locomotory behavior,0.755053935668304,False,"""The specific movement from place to place of an organism in response to external or internal stimuli. Locomotion of a whole organism in a manner dependent upon some combination of that organism's internal state and external conditions."" [GOC:dph]",67,69,1,4247,0.014492753623188406,0.014925373134328358,query_1,['GO:0007610'],['foxo'],[['IGI']]
GO:BP,GO:0019827,stem cell population maintenance,0.755053935668304,False,"""The process by which an organism or tissue maintains a population of stem cells of a single type. This can be achieved by a number of mechanisms: stem cell asymmetric division maintains stem cell numbers; stem cell symmetric division increases them; maintenance of a stem cell niche maintains the conditions for commitment to the stem cell fate for some types of stem cell; stem cells may arise de novo from other cell types."" [GOC:mah, ISBN:0878932437]",67,69,1,4247,0.014492753623188406,0.014925373134328358,query_1,"['GO:0032501', 'GO:0098727']",['foxo'],[['IMP']]
GO:BP,GO:0051236,establishment of RNA localization,0.755053935668304,False,"""The directed movement of RNA to a specific location."" [GOC:ai]",67,69,1,4247,0.014492753623188406,0.014925373134328358,query_1,"['GO:0006403', 'GO:0051234']",['Nup205'],[['IEA']]
GO:BP,GO:0098727,maintenance of cell number,0.755053935668304,False,"""Any process by which the numbers of cells of a particular type or in a tissue are maintained."" [GOC:dos]",67,69,1,4247,0.014492753623188406,0.014925373134328358,query_1,['GO:0032502'],['foxo'],[['IMP']]
GO:BP,GO:0035282,segmentation,0.7557039065310199,False,"""The regionalization process that divides an organism or part of an organism into a series of semi-repetitive parts, or segments, often arranged along a longitudinal axis."" [PMID:10611687, PMID:9706689]",140,69,2,4247,0.028985507246376812,0.014285714285714285,query_1,['GO:0003002'],"['pygo', 'dan']","[['IMP', 'IEA'], ['IMP']]"
GO:BP,GO:0046907,intracellular transport,0.7557039065310199,False,"""The directed movement of substances within a cell."" [GOC:ai]",345,69,5,4247,0.07246376811594203,0.014492753623188406,query_1,"['GO:0006810', 'GO:0051641', 'GO:0051649']","['Mvb12', 'Nup205', 'Past1', 'CG15099', 'Syx6']","[['IBA'], ['IMP'], ['IBA', 'IEA'], ['IEA'], ['IBA']]"
GO:BP,GO:0042221,response to chemical,0.7579242199909327,False,"""Any process that results in a change in state or activity of a cell or an organism (in terms of movement, secretion, enzyme production, gene expression, etc.) as a result of a chemical stimulus."" [GOC:jl]",346,69,5,4247,0.07246376811594203,0.014450867052023121,query_1,['GO:0050896'],"['Rab10', 'Edem2', 'foxo', 'rut', 'hep']","[['IBA'], ['IMP', 'IGI', 'IBA', 'IEA'], ['IMP', 'IGI'], ['IMP', 'TAS'], ['IMP', 'IGI']]"
GO:BP,GO:0048871,multicellular organismal-level homeostasis,0.7586021793923883,False,"""Any process involved in the maintenance of an internal steady state at the level of the multicellular organism."" [GOC:isa_complete]",68,69,1,4247,0.014492753623188406,0.014705882352941176,query_1,"['GO:0032501', 'GO:0042592']",['hep'],[['IMP']]
GO:BP,GO:0010975,regulation of neuron projection development,0.7613752574957946,False,"""Any process that modulates the rate, frequency or extent of neuron projection development. Neuron projection development is the process whose specific outcome is the progression of a neuron projection over time, from its formation to the mature structure. A neuron projection is any process extending from a neural cell, such as axons or dendrites (collectively called neurites)."" [GOC:dph, GOC:tb]",69,69,1,4247,0.014492753623188406,0.014492753623188406,query_1,"['GO:0031175', 'GO:0120035']",['CadN'],[['IMP']]
GO:BP,GO:0051649,establishment of localization in cell,0.7613752574957946,False,"""Any process, occurring in a cell, that localizes a substance or cellular component. This may occur via movement, tethering or selective degradation."" [GOC:ai, GOC:dos, GOC:dph, GOC:tb]",415,69,6,4247,0.08695652173913043,0.014457831325301205,query_1,"['GO:0051234', 'GO:0051641']","['Mvb12', 'Nup205', 'Past1', 'CG15099', 'Syx6', 'ctp']","[['IBA'], ['IMP'], ['IBA', 'IEA'], ['IEA'], ['ISS', 'IBA'], ['IMP']]"
GO:BP,GO:0050877,nervous system process,0.7613752574957946,False,"""An organ system process carried out by any of the organs or tissues of the neurological system."" [GOC:ai, GOC:mtg_cardio]",142,69,2,4247,0.028985507246376812,0.014084507042253521,query_1,['GO:0003008'],"['Cad99C', 'rut']","[['IMP'], ['IDA', 'IMP', 'TAS']]"
GO:BP,GO:0043170,macromolecule metabolic process,0.7613752574957946,False,"""The chemical reactions and pathways involving macromolecules, any molecule of high relative molecular mass, the structure of which essentially comprises the multiple repetition of units derived, actually or conceptually, from molecules of low relative molecular mass."" [GOC:mah]",2180,69,34,4247,0.4927536231884058,0.015596330275229359,query_1,['GO:0008152'],"['CG12236', 'Upf2', 'eIF2Bdelta', 'mr', 'Mvb12', 'aop', 'MED27', 'Edem2', 'Drep4', 'ohgt', 'mgr', 'Ssdp', 'Nelf-A', 'Nop56', 'pygo', 'mrj', 'fus', 'ttv', 'AGBE', 'NAT1', 'Oda', 'mms4', 'CG18011', 'Gasz', 'CG5504', 'CG17528', 'larp', 'foxo', 'CG11360', 'dan', 'und', 'CG9650', 'ctp', 'hep']","[['ISS', 'IBA'], ['IDA', 'IMP', 'IBA', 'IEA'], ['ISS', 'IEA'], ['ISS', 'IBA', 'IEA'], ['IBA'], ['IDA', 'IMP', 'IGI', 'IBA', 'IEA'], ['IDA', 'IBA', 'IC', 'IEA'], ['IMP', 'IGI', 'IBA', 'IEA'], ['IDA', 'IBA', 'TAS', 'IEA'], ['ISS', 'IBA', 'IEA'], ['IEA'], ['IMP', 'IGI', 'IBA'], ['IDA', 'ISS', 'IBA', 'IEA'], ['ISS'], ['IDA', 'IPI', 'IMP', 'IGI'], ['ISS', 'IBA'], ['IDA', 'IBA', 'IEA'], ['IMP', 'IEA'], ['IBA', 'NAS', 'IEA'], ['ISS', 'IBA', 'IEA'], ['IBA'], ['IBA', 'IEA'], ['ISS', 'IBA', 'IEA'], ['IMP'], ['IEA'], ['ISS', 'IBA', 'IEA'], ['IMP', 'IBA', 'IEA'], ['IDA', 'IMP', 'IBA', 'IEA'], ['HMP', 'IEA'], ['IMP'], ['IEA'], ['IBA'], ['IMP', 'IEA'], ['IMP', 'IEA']]"
GO:BP,GO:0140546,defense response to symbiont,0.7613752574957946,False,"""Reactions triggered in response to the presence of a symbiont that act to protect or prevent damage to the host."" [GOC:pg]",142,69,2,4247,0.028985507246376812,0.014084507042253521,query_1,['GO:0098542'],"['foxo', 'hep']","[['IMP'], ['IDA', 'IMP', 'IGI']]"
GO:BP,GO:0032101,regulation of response to external stimulus,0.7630285707475244,False,"""Any process that modulates the frequency, rate or extent of a response to an external stimulus."" [GOC:mah]",143,69,2,4247,0.028985507246376812,0.013986013986013986,query_1,"['GO:0009605', 'GO:0048583']","['foxo', 'hep']","[['IMP'], ['IMP', 'IGI']]"
GO:BP,GO:0044772,mitotic cell cycle phase transition,0.7659829546913131,False,"""The cell cycle process by which a cell commits to entering the next mitotic cell cycle phase."" [GOC:mtg_cell_cycle]",70,69,1,4247,0.014492753623188406,0.014285714285714285,query_1,"['GO:0044770', 'GO:1903047']",['mr'],[['IBA']]
GO:BP,GO:0006259,DNA metabolic process,0.7730879260793286,False,"""Any cellular metabolic process involving deoxyribonucleic acid. This is one of the two main types of nucleic acid, consisting of a long, unbranched macromolecule formed from one, or more commonly, two, strands of linked deoxyribonucleotides."" [ISBN:0198506732]",217,69,3,4247,0.043478260869565216,0.013824884792626729,query_1,['GO:0090304'],"['Drep4', 'mms4', 'larp']","[['IDA', 'IBA', 'TAS', 'IEA'], ['IBA', 'IEA'], ['IMP']]"
GO:BP,GO:0048598,embryonic morphogenesis,0.7730879260793286,False,"""The process in which anatomical structures are generated and organized during the embryonic phase. The embryonic phase begins with zygote formation. The end of the embryonic phase is organism-specific. For example, it would be at birth for mammals, larval hatching for insects and seed dormancy in plants."" [GOC:jid, GOC:mtg_sensu]",146,69,2,4247,0.028985507246376812,0.0136986301369863,query_1,"['GO:0009653', 'GO:0009790']","['aop', 'hep']","[['TAS'], ['IMP']]"
GO:BP,GO:0032446,protein modification by small protein conjugation,0.7730879260793286,False,"""A protein modification process in which one or more groups of a small protein, such as ubiquitin or a ubiquitin-like protein, are covalently attached to a target protein."" [GOC:mah]",146,69,2,4247,0.028985507246376812,0.0136986301369863,query_1,['GO:0070647'],"['mr', 'ohgt']","[['IBA'], ['ISS', 'IBA', 'IEA']]"
GO:BP,GO:1901293,nucleoside phosphate biosynthetic process,0.7791442459446603,False,"""The chemical reactions and pathways resulting in the formation of a nucleoside phosphate."" [GOC:TermGenie]",73,69,1,4247,0.014492753623188406,0.0136986301369863,query_1,"['GO:0006753', 'GO:0034654', 'GO:0090407']",['rut'],"[['IDA', 'IBA', 'IEA']]"
GO:BP,GO:0071363,cellular response to growth factor stimulus,0.7791442459446603,False,"""Any process that results in a change in state or activity of a cell (in terms of movement, secretion, enzyme production, gene expression, etc.) as a result of a growth factor stimulus."" [GOC:mah]",73,69,1,4247,0.014492753623188406,0.0136986301369863,query_1,"['GO:0070848', 'GO:0071495']",['aop'],"[['IMP', 'IGI']]"
GO:BP,GO:0070848,response to growth factor,0.7791442459446603,False,"""Any process that results in a change in state or activity of a cell or an organism (in terms of movement, secretion, enzyme production, gene expression, etc.) as a result of a growth factor stimulus."" [GOC:BHF, GOC:mah]",73,69,1,4247,0.014492753623188406,0.0136986301369863,query_1,['GO:0009719'],['aop'],"[['IMP', 'IGI']]"
GO:BP,GO:0008356,asymmetric cell division,0.7826543735872552,False,"""The asymmetric division of cells to produce two daughter cells with different developmental potentials. It is of fundamental significance for the generation of cell diversity."" [PMID:11672519]",74,69,1,4247,0.014492753623188406,0.013513513513513514,query_1,['GO:0051301'],['mgr'],[['IMP']]
GO:BP,GO:0000070,mitotic sister chromatid segregation,0.7826543735872552,False,"""The cell cycle process in which replicated homologous chromosomes are organized and then physically separated and apportioned to two sets during the mitotic cell cycle. Each replicated chromosome, composed of two sister chromatids, aligns at the cell equator, paired with its homologous partner. One homolog of each morphologic type goes into each of the resulting chromosome sets."" [GOC:ai, GOC:jl]",74,69,1,4247,0.014492753623188406,0.013513513513513514,query_1,"['GO:0000819', 'GO:0140014', 'GO:1903047']",['mgr'],[['IMP']]
GO:BP,GO:0042594,response to starvation,0.7826543735872552,False,"""Any process that results in a change in state or activity of a cell or an organism (in terms of movement, secretion, enzyme production, gene expression, etc.) as a result of a starvation stimulus, deprivation of nourishment."" [GOC:go_curators]",74,69,1,4247,0.014492753623188406,0.013513513513513514,query_1,"['GO:0006950', 'GO:0031667']",['foxo'],"[['IDA', 'IMP', 'IEP']]"
GO:BP,GO:0043436,oxoacid metabolic process,0.7834527683118206,False,"""The chemical reactions and pathways involving any oxoacid; an oxoacid is a compound which contains oxygen, at least one other element, and at least one hydrogen bound to oxygen, and which produces a conjugate base by loss of positive hydrogen ion(s) (hydrons)."" [Wikipedia:Oxyacid]",150,69,2,4247,0.028985507246376812,0.013333333333333334,query_1,['GO:0006082'],"['l(3)72Dp', 'Gapdh2']","[['IEA'], ['IEP', 'ISS', 'IBA', 'IEA']]"
GO:BP,GO:0019752,carboxylic acid metabolic process,0.7834527683118206,False,"""The chemical reactions and pathways involving carboxylic acids, any organic acid containing one or more carboxyl (COOH) groups or anions (COO-)."" [ISBN:0198506732]",150,69,2,4247,0.028985507246376812,0.013333333333333334,query_1,['GO:0043436'],"['l(3)72Dp', 'Gapdh2']","[['IEA'], ['IEP', 'ISS', 'IBA', 'IEA']]"
GO:BP,GO:0045597,positive regulation of cell differentiation,0.7860574902380156,False,"""Any process that activates or increases the frequency, rate or extent of cell differentiation."" [GOC:go_curators]",75,69,1,4247,0.014492753623188406,0.013333333333333334,query_1,"['GO:0030154', 'GO:0045595', 'GO:0048522', 'GO:0051094']",['ctp'],[['IMP']]
GO:BP,GO:0006082,organic acid metabolic process,0.7891528386875127,False,"""The chemical reactions and pathways involving organic acids, any acidic compound containing carbon in covalent linkage."" [ISBN:0198506732]",152,69,2,4247,0.028985507246376812,0.013157894736842105,query_1,['GO:0044281'],"['l(3)72Dp', 'Gapdh2']","[['IEA'], ['IEP', 'ISS', 'IBA', 'IEA']]"
GO:BP,GO:0006886,intracellular protein transport,0.7891528386875127,False,"""The directed movement of proteins in a cell, including the movement of proteins between specific compartments or structures within a cell, such as organelles of a eukaryotic cell."" [GOC:mah]",152,69,2,4247,0.028985507246376812,0.013157894736842105,query_1,"['GO:0008104', 'GO:0015031', 'GO:0046907']","['Nup205', 'Syx6']","[['IMP'], ['IBA']]"
GO:BP,GO:0002376,immune system process,0.791341124579545,False,"""Any process involved in the development or functioning of the immune system, an organismal system for calibrated responses to potential internal or invasive threats."" [GO_REF:0000022, GOC:add]",225,69,3,4247,0.043478260869565216,0.013333333333333334,query_1,['GO:0008150'],"['Cad99C', 'foxo', 'hep']","[['IMP', 'IGI', 'IEA'], ['IMP'], ['IDA', 'IMP', 'IGI']]"
GO:BP,GO:0051094,positive regulation of developmental process,0.7916022899942003,False,"""Any process that activates or increases the rate or extent of development, the biological process whose specific outcome is the progression of an organism over time from an initial condition (e.g. a zygote, or a young adult) to a later condition (e.g. a multicellular animal or an aged adult)."" [GOC:ai]",153,69,2,4247,0.028985507246376812,0.013071895424836602,query_1,"['GO:0032502', 'GO:0048518', 'GO:0050793']","['foxo', 'ctp']","[['IMP'], ['IMP']]"
GO:BP,GO:0030163,protein catabolic process,0.7918861573605952,False,"""The chemical reactions and pathways resulting in the breakdown of a protein by the destruction of the native, active configuration, with or without the hydrolysis of peptide bonds."" [GOC:mah]",226,69,3,4247,0.043478260869565216,0.01327433628318584,query_1,"['GO:0009057', 'GO:0019538']","['mr', 'Edem2', 'Oda']","[['ISS', 'IEA'], ['IMP', 'IGI', 'IBA', 'IEA'], ['IBA']]"
GO:BP,GO:0001709,cell fate determination,0.7918861573605952,False,"""The cellular developmental process involved in cell fate commitment that occurs after cell fate specification, in which a cell is irreversibly committed to a cellular developmental fate which is heritable on cell division."" [ISBN:0878932437]",77,69,1,4247,0.014492753623188406,0.012987012987012988,query_1,"['GO:0045165', 'GO:0048869']",['aop'],"[['IMP', 'IEA']]"
GO:BP,GO:1901987,regulation of cell cycle phase transition,0.7918861573605952,False,"""Any process that modulates the frequency, rate or extent of cell cycle phase transition."" [GOC:mtg_cell_cycle, GOC:TermGenie, PMID:22841721]",77,69,1,4247,0.014492753623188406,0.012987012987012988,query_1,"['GO:0010564', 'GO:0044770']",['mms4'],[['IBA']]
GO:BP,GO:0016050,vesicle organization,0.7950310214138194,False,"""A process that is carried out at the cellular level which results in the assembly, arrangement of constituent parts, or disassembly of a vesicle."" [GOC:mah]",78,69,1,4247,0.014492753623188406,0.01282051282051282,query_1,['GO:0006996'],['Syx6'],[['IBA']]
GO:BP,GO:0051050,positive regulation of transport,0.7950310214138194,False,"""Any process that activates or increases the frequency, rate or extent of the directed movement of substances (such as macromolecules, small molecules, ions) into, out of or within a cell, or between cells, by means of some agent such as a transporter or pore."" [GOC:ai]",78,69,1,4247,0.014492753623188406,0.01282051282051282,query_1,"['GO:0006810', 'GO:0048518', 'GO:0051049']",['Cad99C'],[['IMP']]
GO:BP,GO:0010498,proteasomal protein catabolic process,0.7950310214138194,False,"""The chemical reactions and pathways resulting in the breakdown of a protein or peptide by hydrolysis of its peptide bonds that is mediated by the proteasome."" [GOC:tb]",155,69,2,4247,0.028985507246376812,0.012903225806451613,query_1,"['GO:0030163', 'GO:0051603']","['mr', 'Edem2']","[['ISS'], ['IMP', 'IGI', 'IBA', 'IEA']]"
GO:BP,GO:0009968,negative regulation of signal transduction,0.7953580314659805,False,"""Any process that stops, prevents, or reduces the frequency, rate or extent of signal transduction."" [GOC:sm]",228,69,3,4247,0.043478260869565216,0.013157894736842105,query_1,"['GO:0007165', 'GO:0009966', 'GO:0010648', 'GO:0023057', 'GO:0048585']","['pigs', 'aop', 'foxo']","[['IMP'], ['IMP'], ['IMP']]"
GO:BP,GO:0080134,regulation of response to stress,0.7973106921536053,False,"""Any process that modulates the frequency, rate or extent of a response to stress. Response to stress is a change in state or activity of a cell or an organism (in terms of movement, secretion, enzyme production, gene expression, etc.) as a result of a disturbance in organismal or cellular homeostasis, usually, but not necessarily, exogenous (e.g. temperature, humidity, ionizing radiation)."" [GOC:dhl]",156,69,2,4247,0.028985507246376812,0.01282051282051282,query_1,"['GO:0006950', 'GO:0048583']","['foxo', 'hep']","[['IMP'], ['IMP', 'IGI']]"
GO:BP,GO:0051248,negative regulation of protein metabolic process,0.7973106921536053,False,"""Any process that stops, prevents, or reduces the frequency, rate or extent of chemical reactions and pathways involving a protein."" [GOC:ai]",79,69,1,4247,0.014492753623188406,0.012658227848101266,query_1,"['GO:0010605', 'GO:0019538', 'GO:0051246']",['larp'],[['IMP']]
GO:BP,GO:0006520,amino acid metabolic process,0.7973106921536053,False,"""The chemical reactions and pathways involving amino acids, carboxylic acids containing one or more amino groups."" [ISBN:0198506732]",79,69,1,4247,0.014492753623188406,0.012658227848101266,query_1,['GO:0044238'],['l(3)72Dp'],[['IEA']]
GO:BP,GO:0044281,small molecule metabolic process,0.7993678720398416,False,"""The chemical reactions and pathways involving small molecules, any low molecular weight, monomeric, non-encoded molecule."" [GOC:curators, GOC:pde, GOC:vw]",301,69,4,4247,0.057971014492753624,0.013289036544850499,query_1,['GO:0008152'],"['l(3)72Dp', 'CAH2', 'Gapdh2', 'rut']","[['IEA'], ['IDA', 'IBA'], ['IEP', 'ISS', 'IBA', 'IEA'], ['IDA', 'IBA', 'IEA']]"
GO:BP,GO:0009058,biosynthetic process,0.8025487496104583,False,"""A cellular process consisting of the biochemical pathways by which a living organism synthesizes chemical substances. This typically represents the energy-requiring part of metabolism in which simpler substances are transformed into more complex ones."" [GOC:curators, ISBN:0198547684]",1790,69,27,4247,0.391304347826087,0.015083798882681564,query_1,['GO:0008152'],"['CG12236', 'Upf2', 'eIF2Bdelta', 'aop', 'MED27', 'mgr', 'Ssdp', 'Nelf-A', 'Nop56', 'pygo', 'mrj', 'fus', 'ttv', 'AGBE', 'NAT1', 'CG18011', 'Gasz', 'CG5504', 'larp', 'foxo', 'CG11360', 'dan', 'Gapdh2', 'CG9650', 'rut', 'ctp', 'hep']","[['ISS', 'IBA'], ['IDA', 'IMP', 'IBA', 'IEA'], ['ISS', 'IEA'], ['IDA', 'IMP', 'IGI', 'IBA', 'IEA'], ['IDA', 'IBA', 'IC', 'IEA'], ['IEA'], ['IMP', 'IGI', 'IBA'], ['IDA', 'ISS', 'IBA', 'IEA'], ['ISS'], ['IDA', 'IPI', 'IMP', 'IGI'], ['ISS', 'IBA'], ['IDA', 'IBA', 'IEA'], ['IMP', 'IEA'], ['IBA', 'NAS', 'IEA'], ['ISS', 'IBA', 'IEA'], ['ISS', 'IBA', 'IEA'], ['IMP'], ['IEA'], ['IMP', 'IBA', 'IEA'], ['IDA', 'IMP', 'IBA', 'IEA'], ['HMP', 'IEA'], ['IMP'], ['ISS'], ['IBA'], ['IDA', 'IBA', 'IEA'], ['IMP', 'IEA'], ['IMP']]"
GO:BP,GO:0022402,cell cycle process,0.8025487496104583,False,"""The cellular process that ensures successive accurate and complete genome replication and chromosome segregation."" [GOC:isa_complete, GOC:mtg_cell_cycle]",372,69,5,4247,0.07246376811594203,0.013440860215053764,query_1,"['GO:0007049', 'GO:0009987']","['mr', 'mgr', 'mms4', 'larp', 'ctp']","[['IBA'], ['IMP'], ['IBA'], ['IMP'], ['IMP']]"
GO:BP,GO:0031507,heterochromatin formation,0.8036827032937398,False,"""An epigenetic gene silencing mechanism in which chromatin is compacted into heterochromatin, resulting in a chromatin conformation refractory to transcription. This process starts with heterochromatin nucleation, its spreading, and ends with heterochromatin boundary formation."" [PMID:25192661, PMID:33827924]",81,69,1,4247,0.014492753623188406,0.012345679012345678,query_1,['GO:0045814'],['ctp'],[['IMP']]
GO:BP,GO:0044282,small molecule catabolic process,0.8036827032937398,False,"""The chemical reactions and pathways resulting in the breakdown of small molecules, any low molecular weight, monomeric, non-encoded molecule."" [GOC:curators, GOC:vw]",81,69,1,4247,0.014492753623188406,0.012345679012345678,query_1,"['GO:0009056', 'GO:0044281']",['Gapdh2'],[['ISS']]
GO:BP,GO:0007611,learning or memory,0.8063964277228686,False,"""The acquisition and processing of information and/or the storage and retrieval of this information over time."" [GOC:jid, PMID:8938125]",82,69,1,4247,0.014492753623188406,0.012195121951219513,query_1,"['GO:0007610', 'GO:0050890']",['rut'],"[['IDA', 'IMP', 'TAS']]"
GO:BP,GO:0050890,cognition,0.8063964277228686,False,"""The operation of the mind by which an organism becomes aware of objects of thought or perception; it includes the mental activities associated with thinking, learning, and memory."" [ISBN:0721619908]",82,69,1,4247,0.014492753623188406,0.012195121951219513,query_1,['GO:0050877'],['rut'],"[['IDA', 'IMP', 'TAS']]"
GO:BP,GO:0044419,biological process involved in interspecies interaction between organisms,0.8063964277228686,False,"""Any process evolved to enable an interaction with an organism of a different species."" [GOC:cc]",234,69,3,4247,0.043478260869565216,0.01282051282051282,query_1,['GO:0008150'],"['Rab10', 'foxo', 'hep']","[['HMP'], ['IDA', 'IMP'], ['IDA', 'IMP', 'IGI']]"
GO:BP,GO:0046486,glycerolipid metabolic process,0.8149169795449466,False,"""The chemical reactions and pathways involving glycerolipids, any lipid with a glycerol backbone. Diacylglycerol and phosphatidate are key lipid intermediates of glycerolipid biosynthesis."" [GOC:ai, PMID:8906569]",84,69,1,4247,0.014492753623188406,0.011904761904761904,query_1,['GO:0006629'],['foxo'],[['IMP']]
GO:BP,GO:0015980,energy derivation by oxidation of organic compounds,0.8267747306866412,False,"""The chemical reactions and pathways by which a cell derives energy from organic compounds; results in the oxidation of the compounds from which energy is released."" [GOC:mah]",87,69,1,4247,0.014492753623188406,0.011494252873563218,query_1,['GO:0006091'],['AGBE'],"[['IBA', 'NAS', 'IEA']]"
GO:BP,GO:0031667,response to nutrient levels,0.8267747306866412,False,"""Any process that results in a change in state or activity of a cell or an organism (in terms of movement, secretion, enzyme production, gene expression, etc.) as a result of a stimulus reflecting the presence, absence, or concentration of nutrients."" [GOC:mah]",87,69,1,4247,0.014492753623188406,0.011494252873563218,query_1,['GO:0050896'],['foxo'],"[['IDA', 'IMP', 'IEP']]"
GO:BP,GO:0006913,nucleocytoplasmic transport,0.8296611046766837,False,"""The directed movement of molecules between the nucleus and the cytoplasm."" [GOC:go_curators]",88,69,1,4247,0.014492753623188406,0.011363636363636364,query_1,['GO:0051169'],['Nup205'],[['IMP']]
GO:BP,GO:0051169,nuclear transport,0.8296611046766837,False,"""The directed movement of substances into, out of, or within the nucleus."" [GOC:ai]",88,69,1,4247,0.014492753623188406,0.011363636363636364,query_1,['GO:0046907'],['Nup205'],[['IMP']]
GO:BP,GO:0016043,cellular component organization,0.8310097503193522,False,"""A process that results in the assembly, arrangement of constituent parts, or disassembly of a cellular component."" [GOC:ai, GOC:jl, GOC:mah]",1503,69,22,4247,0.3188405797101449,0.014637391882900865,query_1,['GO:0071840'],"['pigs', 'Upf2', 'mr', 'Cip4', 'Nup205', 'Rab10', 'Drep4', 'beat-Ib', 'CadN', 'mgr', 'Past1', 'dind', 'ttv', 'Syx6', 'mms4', 'larp', 'Cad99C', 'foxo', 'prel', 'rut', 'ctp', 'hep']","[['IBA'], ['IDA'], ['IMP', 'IBA'], ['IDA', 'IMP'], ['ISS', 'IBA'], ['IMP'], ['IDA', 'IBA', 'TAS', 'IEA'], ['IBA'], ['IMP', 'IGI', 'TAS', 'IEA'], ['IMP', 'IBA'], ['IMP', 'IBA'], ['IMP'], ['IGI'], ['IBA'], ['IBA'], ['IMP'], ['IMP'], ['IMP'], ['IMP', 'IEA'], ['IMP'], ['IMP'], ['IDA', 'IMP']]"
GO:BP,GO:0044283,small molecule biosynthetic process,0.8358865682052793,False,"""The chemical reactions and pathways resulting in the formation of small molecules, any low molecular weight, monomeric, non-encoded molecule."" [GOC:curators, GOC:pde, GOC:vw]",90,69,1,4247,0.014492753623188406,0.011111111111111112,query_1,"['GO:0009058', 'GO:0044281']",['Gapdh2'],[['ISS']]
GO:BP,GO:0000165,MAPK cascade,0.8358865682052793,False,"""An intracellular protein kinase cascade containing at least a MAP kinase (MAPK). It starts with the activation of a MAP3K, and the consecutive activation of a MPK2K and a MAPK. The cascade can also contain an additional tier: the upstream MAP4K. The kinases in each tier phosphorylate and activate the kinase in the downstream tier to transmit a signal within a cell."" [PMID:20811974, PMID:9561267]",90,69,1,4247,0.014492753623188406,0.011111111111111112,query_1,['GO:0141124'],['hep'],"[['IDA', 'IMP', 'IGI', 'IEA']]"
GO:BP,GO:0032787,monocarboxylic acid metabolic process,0.8385417212128208,False,"""The chemical reactions and pathways involving monocarboxylic acids, any organic acid containing one carboxyl (COOH) group or anion (COO-)."" [GOC:vk]",91,69,1,4247,0.014492753623188406,0.01098901098901099,query_1,['GO:0019752'],['Gapdh2'],"[['IEP', 'ISS', 'IBA', 'IEA']]"
GO:BP,GO:0044238,primary metabolic process,0.8385417212128208,False,"""The chemical reactions and pathways involving those compounds which are formed as a part of the normal anabolic and catabolic processes. These processes take place in most, if not all, cells of the organism."" [GOC:go_curators]",2438,69,37,4247,0.5362318840579711,0.015176374077112387,query_1,['GO:0008152'],"['CG12236', 'Upf2', 'eIF2Bdelta', 'mr', 'l(3)72Dp', 'aop', 'MED27', 'Edem2', 'Drep4', 'ohgt', 'mgr', 'Ssdp', 'Nelf-A', 'Nop56', 'CG13601', 'pygo', 'mrj', 'fus', 'ttv', 'AGBE', 'NAT1', 'Oda', 'mms4', 'CG18011', 'Gasz', 'CG5504', 'CG17528', 'larp', 'foxo', 'CG11360', 'dan', 'Gapdh2', 'und', 'CG9650', 'rut', 'ctp', 'hep']","[['ISS', 'IBA'], ['IDA', 'IMP', 'IBA', 'IEA'], ['ISS', 'IEA'], ['ISS', 'IBA', 'IEA'], ['IEA'], ['IDA', 'IMP', 'IBA', 'IEA'], ['IDA', 'IBA', 'IC', 'IEA'], ['IMP', 'IGI', 'IBA', 'IEA'], ['IDA', 'IBA', 'TAS', 'IEA'], ['ISS', 'IBA', 'IEA'], ['IEA'], ['IMP', 'IGI', 'IBA'], ['IDA', 'ISS', 'IBA', 'IEA'], ['ISS'], ['IBA'], ['IDA', 'IPI', 'IMP', 'IGI'], ['ISS', 'IBA'], ['IDA', 'IBA', 'IEA'], ['IMP', 'IEA'], ['IBA', 'NAS', 'IEA'], ['ISS', 'IBA', 'IEA'], ['IBA'], ['IBA', 'IEA'], ['ISS', 'IBA', 'IEA'], ['IMP'], ['IEA'], ['ISS', 'IBA', 'IEA'], ['IMP', 'IBA', 'IEA'], ['IDA', 'IMP', 'IBA', 'IEA'], ['HMP'], ['IMP'], ['IEP', 'ISS', 'IBA', 'IEA'], ['IEA'], ['IBA'], ['IDA', 'IBA', 'IEA'], ['IEA'], ['IMP', 'IEA']]"
GO:BP,GO:0003008,system process,0.839108513062255,False,"""A multicellular organismal process carried out by any of the organs or tissues in an organ system. An organ system is a regularly interacting or interdependent group of organs or tissues that work together to carry out a biological objective."" [GOC:mtg_cardio]",173,69,2,4247,0.028985507246376812,0.011560693641618497,query_1,['GO:0032501'],"['Cad99C', 'rut']","[['IMP'], ['IDA', 'IMP', 'TAS']]"
GO:BP,GO:0140014,mitotic nuclear division,0.8401864187876105,False,"""A mitotic cell cycle process comprising the steps by which the nucleus of a eukaryotic cell divides; the process involves condensation of chromosomal DNA into a highly compacted form. Canonically, mitosis produces two daughter nuclei whose chromosome complement is identical to that of the mother cell."" [ISBN:0198547684]",93,69,1,4247,0.014492753623188406,0.010752688172043012,query_1,"['GO:0000280', 'GO:1903047']",['mgr'],[['IMP']]
GO:BP,GO:0051726,regulation of cell cycle,0.8401864187876105,False,"""Any process that modulates the rate or extent of progression through the cell cycle."" [GOC:ai, GOC:dph, GOC:tb]",175,69,2,4247,0.028985507246376812,0.011428571428571429,query_1,"['GO:0007049', 'GO:0050794']","['mr', 'mms4']","[['IBA', 'TAS'], ['IBA']]"
GO:BP,GO:0006468,protein phosphorylation,0.8401864187876105,False,"""The process of introducing a phosphate group on to a protein."" [GOC:hb]",175,69,2,4247,0.028985507246376812,0.011428571428571429,query_1,"['GO:0016310', 'GO:0036211']","['CG17528', 'hep']","[['ISS', 'IBA', 'IEA'], ['IEA']]"
GO:BP,GO:0016236,macroautophagy,0.8401864187876105,False,"""The autophagic process that proceeds via the formation of an autophagosome."" [PMID:24366339]",93,69,1,4247,0.014492753623188406,0.010752688172043012,query_1,['GO:0006914'],['foxo'],[['IMP']]
GO:BP,GO:0070647,protein modification by small protein conjugation or removal,0.8401864187876105,False,"""A protein modification process in which one or more groups of a small protein, such as ubiquitin or a ubiquitin-like protein, are covalently attached to or removed from a target protein."" [GOC:mah]",174,69,2,4247,0.028985507246376812,0.011494252873563218,query_1,['GO:0043687'],"['mr', 'ohgt']","[['IBA'], ['ISS', 'IBA', 'IEA']]"
GO:BP,GO:0002181,cytoplasmic translation,0.8401864187876105,False,"""The chemical reactions and pathways resulting in the formation of a protein in the cytoplasm. This is a ribosome-mediated process in which the information in messenger RNA (mRNA) is used to specify the sequence of amino acids in the protein."" [GOC:hjd]",93,69,1,4247,0.014492753623188406,0.010752688172043012,query_1,['GO:0006412'],['larp'],[['IMP']]
GO:BP,GO:0044089,positive regulation of cellular component biogenesis,0.8401864187876105,False,"""Any process that activates or increases the frequency, rate or extent of cellular component biogenesis, a process that results in the biosynthesis of constituent macromolecules, assembly, and arrangement of constituent parts of a cellular component."" [GOC:jl]",93,69,1,4247,0.014492753623188406,0.010752688172043012,query_1,"['GO:0044085', 'GO:0044087', 'GO:0048522']",['hep'],[['IMP']]
GO:BP,GO:0048585,negative regulation of response to stimulus,0.8401864187876105,False,"""Any process that stops, prevents, or reduces the frequency, rate or extent of a response to a stimulus. Response to stimulus is a change in state or activity of a cell or an organism (in terms of movement, secretion, enzyme production, gene expression, etc.) as a result of a stimulus."" [GOC:jid]",250,69,3,4247,0.043478260869565216,0.012,query_1,"['GO:0048519', 'GO:0048583', 'GO:0050896']","['pigs', 'aop', 'foxo']","[['IMP'], ['IMP'], ['IMP']]"
GO:BP,GO:0048522,positive regulation of cellular process,0.8410603541637888,False,"""Any process that activates or increases the frequency, rate or extent of a cellular process, any of those that are carried out at the cellular level, but are not necessarily restricted to a single cell. For example, cell communication occurs among more than one cell, but occurs at the cellular level."" [GOC:jid]",939,69,13,4247,0.18840579710144928,0.013844515441959531,query_1,"['GO:0009987', 'GO:0048518', 'GO:0050794']","['aop', 'MED27', 'ohgt', 'Ssdp', 'pygo', 'Oda', 'CG18011', 'larp', 'Cad99C', 'foxo', 'Sur-8', 'ctp', 'hep']","[['IMP'], ['IEA'], ['IMP'], ['IGI', 'IBA'], ['IDA', 'IMP', 'IGI'], ['IBA'], ['IEA'], ['IMP', 'IBA', 'IEA'], ['IMP'], ['IDA', 'IMP'], ['HGI'], ['IMP'], ['IMP', 'IGI']]"
GO:BP,GO:0006417,regulation of translation,0.8419316931123155,False,"""Any process that modulates the frequency, rate or extent of the chemical reactions and pathways resulting in the formation of proteins by the translation of mRNA or circRNA."" [GOC:isa_complete]",94,69,1,4247,0.014492753623188406,0.010638297872340425,query_1,"['GO:0006412', 'GO:0010608', 'GO:0051246']",['larp'],"[['IMP', 'IBA']]"
GO:BP,GO:0035239,tube morphogenesis,0.8419316931123155,False,"""The process in which the anatomical structures of a tube are generated and organized. Epithelial and endothelial tubes transport gases, liquids and cells from one site to another and form the basic structure of many organs and tissues, with tube shape and organization varying from the single-celled excretory organ in Caenorhabditis elegans to the branching trees of the mammalian kidney and insect tracheal system."" [GOC:bf, PMID:14624839]",94,69,1,4247,0.014492753623188406,0.010638297872340425,query_1,"['GO:0009653', 'GO:0035295']",['Cad99C'],[['IMP']]
GO:BP,GO:0045165,cell fate commitment,0.8424736541031836,False,"""The cellular developmental process by which a cell establishes the intrinsic character of a cell or tissue region irreversibly committing it to a particular fate."" [ISBN:0716731185]",177,69,2,4247,0.028985507246376812,0.011299435028248588,query_1,"['GO:0030154', 'GO:0048869']","['aop', 'mgr']","[['IDA', 'IMP', 'IGI', 'IEA'], ['IMP']]"
GO:BP,GO:0002164,larval development,0.8436472947155945,False,"""The process whose specific outcome is the progression of the larva over time, from its formation to the mature structure. The larva is the early, immature form of an that at birth or hatching is fundamentally unlike its parent and must metamorphose before assuming the adult characters."" [GOC:jid, ISBN:0877795088]",95,69,1,4247,0.014492753623188406,0.010526315789473684,query_1,"['GO:0007275', 'GO:0009791']",['pygo'],[['IMP']]
GO:BP,GO:0019538,protein metabolic process,0.8436472947155945,False,"""The chemical reactions and pathways involving a protein. Includes protein modification."" [GOC:ma]",1074,69,15,4247,0.21739130434782608,0.013966480446927373,query_1,"['GO:0043170', 'GO:0044238']","['eIF2Bdelta', 'mr', 'Edem2', 'ohgt', 'mgr', 'Nelf-A', 'mrj', 'ttv', 'NAT1', 'Oda', 'CG5504', 'CG17528', 'larp', 'und', 'hep']","[['ISS', 'IEA'], ['ISS', 'IBA', 'IEA'], ['IMP', 'IGI', 'IBA', 'IEA'], ['ISS', 'IBA', 'IEA'], ['IEA'], ['IEA'], ['ISS', 'IBA'], ['IMP', 'IEA'], ['ISS', 'IBA', 'IEA'], ['IBA'], ['IEA'], ['ISS', 'IBA', 'IEA'], ['IMP', 'IBA'], ['IEA'], ['IEA']]"
GO:BP,GO:0045814,"negative regulation of gene expression, epigenetic",0.8465842327423808,False,"""An epigenetic process that silences gene expression at specific genomic regions through chromatin remodeling either by modifying higher order chromatin fiber structure, nucleosomal histones, or the cytosine DNA methylation."" [PMID:22243696]",96,69,1,4247,0.014492753623188406,0.010416666666666666,query_1,"['GO:0010629', 'GO:0040029']",['ctp'],[['IMP']]
GO:BP,GO:0019725,cellular homeostasis,0.8494972580079727,False,"""Any process involved in the maintenance of an internal steady state at the level of the cell."" [GOC:isa_complete, GOC:jl, ISBN:0395825172]",97,69,1,4247,0.014492753623188406,0.010309278350515464,query_1,['GO:0042592'],['AGBE'],[['IMP']]
GO:BP,GO:0008283,cell population proliferation,0.8500789262089326,False,"""The multiplication or reproduction of cells, resulting in the expansion of a cell population."" [GOC:mah, GOC:mb]",181,69,2,4247,0.028985507246376812,0.011049723756906077,query_1,['GO:0009987'],"['mgr', 'foxo']","[['IMP'], ['IMP']]"
GO:BP,GO:0007049,cell cycle,0.8502721391628698,False,"""The progression of biochemical and morphological phases and events that occur in a cell during successive cell replication or nuclear replication events. Canonically, the cell cycle comprises the replication and segregation of genetic material followed by the division of the cell, but in endocycles or syncytial cells nuclear replication or nuclear division may not be followed by cell division."" [GOC:go_curators, GOC:mtg_cell_cycle]",476,69,6,4247,0.08695652173913043,0.012605042016806723,query_1,['GO:0009987'],"['mr', 'mgr', 'mms4', 'larp', 'foxo', 'ctp']","[['IBA', 'TAS'], ['IMP'], ['IBA'], ['IMP', 'IEA'], ['IEA'], ['IMP']]"
GO:BP,GO:0048732,gland development,0.8509674262378352,False,"""The process whose specific outcome is the progression of a gland over time, from its formation to the mature structure. A gland is an organ specialised for secretion."" [GOC:jid]",98,69,1,4247,0.014492753623188406,0.01020408163265306,query_1,['GO:0048513'],['foxo'],[['IMP']]
GO:BP,GO:0008380,RNA splicing,0.8533338094543488,False,"""The process of removing sections of the primary RNA transcript to remove sequences not present in the mature form of the RNA and joining the remaining sections to form the mature form of the RNA."" [GOC:krc, GOC:mah]",183,69,2,4247,0.028985507246376812,0.01092896174863388,query_1,['GO:0006396'],"['fus', 'CG11360']","[['IDA', 'IBA', 'IEA'], ['HMP']]"
GO:BP,GO:0043687,post-translational protein modification,0.8578396555374678,False,"""The process of covalently altering one or more amino acids in a protein after the protein has been completely translated and released from the ribosome."" [GOC:jsg]",185,69,2,4247,0.028985507246376812,0.010810810810810811,query_1,['GO:0036211'],"['mr', 'ohgt']","[['IBA'], ['ISS', 'IBA', 'IEA']]"
GO:BP,GO:0006364,rRNA processing,0.8591347059394235,False,"""Any process involved in the conversion of a primary ribosomal RNA (rRNA) transcript into one or more mature rRNA molecules."" [GOC:curators]",101,69,1,4247,0.014492753623188406,0.009900990099009901,query_1,"['GO:0006396', 'GO:0016072', 'GO:0042254']",['Nop56'],[['ISS']]
GO:BP,GO:0060341,regulation of cellular localization,0.8681667040501473,False,"""Any process that modulates the frequency, rate or extent of a process in which a cell, a substance, or a cellular entity is transported to, or maintained in a specific location within or in the membrane of a cell."" [GOC:dph, GOC:tb]",104,69,1,4247,0.014492753623188406,0.009615384615384616,query_1,"['GO:0032879', 'GO:0050794', 'GO:0051641']",['larp'],[['IMP']]
GO:BP,GO:0034220,monoatomic ion transmembrane transport,0.8698994499097622,False,"""A process in which a monoatomic ion is transported across a membrane. Monatomic ions (also called simple ions) are ions consisting of exactly one atom."" [GOC:mah]",105,69,1,4247,0.014492753623188406,0.009523809523809525,query_1,"['GO:0006811', 'GO:0055085']",['hoe1'],[['IEA']]
GO:BP,GO:0007346,regulation of mitotic cell cycle,0.8698994499097622,False,"""Any process that modulates the rate or extent of progress through the mitotic cell cycle."" [GOC:dph, GOC:go_curators, GOC:tb]",105,69,1,4247,0.014492753623188406,0.009523809523809525,query_1,"['GO:0000278', 'GO:0051726']",['mms4'],[['IBA']]
GO:BP,GO:0012501,programmed cell death,0.8760163302673661,False,"""A process which begins when a cell receives an internal or external signal and activates a series of biochemical events (signaling pathway). The process ends with the death of the cell."" [GOC:lr, GOC:mtg_apoptosis]",194,69,2,4247,0.028985507246376812,0.010309278350515464,query_1,['GO:0008219'],"['Drep4', 'hep']","[['IDA', 'IBA', 'TAS', 'IEA'], ['IMP', 'IGI']]"
GO:BP,GO:0071840,cellular component organization or biogenesis,0.8760163302673661,False,"""A process that results in the biosynthesis of constituent macromolecules, assembly, arrangement of constituent parts, or disassembly of a cellular component."" [GOC:mah]",1622,69,23,4247,0.3333333333333333,0.014180024660912454,query_1,['GO:0009987'],"['pigs', 'Upf2', 'mr', 'Cip4', 'Nup205', 'Rab10', 'Drep4', 'beat-Ib', 'CadN', 'mgr', 'Past1', 'dind', 'Nop56', 'ttv', 'Syx6', 'mms4', 'larp', 'Cad99C', 'foxo', 'prel', 'rut', 'ctp', 'hep']","[['IBA'], ['IDA'], ['IMP', 'IBA'], ['IDA', 'IMP'], ['ISS', 'IBA'], ['IMP'], ['IDA', 'IBA', 'TAS', 'IEA'], ['IBA'], ['IMP', 'IGI', 'TAS', 'IEA'], ['IMP', 'IBA'], ['IMP', 'IBA'], ['IMP'], ['ISS'], ['IGI'], ['IBA'], ['IBA'], ['IMP'], ['IMP'], ['IMP'], ['IMP', 'IEA'], ['IMP'], ['IMP'], ['IDA', 'IMP']]"
GO:BP,GO:0008219,cell death,0.8771655090639975,False,"""Any biological process that results in permanent cessation of all vital functions of a cell. A cell should be considered dead when any one of the following molecular or morphological criteria is met: (1) the cell has lost the integrity of its plasma membrane; (2) the cell, including its nucleus, has undergone complete fragmentation into discrete bodies (frequently referred to as apoptotic bodies). The cell corpse (or its fragments) may be engulfed by an adjacent cell in vivo, but engulfment of whole cells should not be considered a strict criteria to define cell death as, under some circumstances, live engulfed cells can be released from phagosomes (see PMID:18045538)."" [GOC:mah, GOC:mtg_apoptosis, PMID:25236395]",195,69,2,4247,0.028985507246376812,0.010256410256410256,query_1,['GO:0009987'],"['Drep4', 'hep']","[['IDA', 'IBA', 'TAS', 'IEA'], ['IMP', 'IGI']]"
GO:BP,GO:0051656,establishment of organelle localization,0.8875627755151166,False,"""The directed movement of an organelle to a specific location."" [GOC:ai]",112,69,1,4247,0.014492753623188406,0.008928571428571428,query_1,"['GO:0051234', 'GO:0051640']",['ctp'],[['IMP']]
GO:BP,GO:0022607,cellular component assembly,0.8877515191867925,False,"""The aggregation, arrangement and bonding together of a cellular component."" [GOC:isa_complete]",648,69,8,4247,0.11594202898550725,0.012345679012345678,query_1,"['GO:0016043', 'GO:0044085']","['mr', 'Cip4', 'mgr', 'Past1', 'larp', 'Cad99C', 'ctp', 'hep']","[['IMP'], ['IDA', 'IMP'], ['IMP', 'IBA'], ['IBA'], ['IMP'], ['IMP'], ['IMP'], ['IMP']]"
GO:BP,GO:0006403,RNA localization,0.8877515191867925,False,"""A process in which RNA is transported to, or maintained in, a specific location."" [GOC:ai]",115,69,1,4247,0.014492753623188406,0.008695652173913044,query_1,['GO:0033036'],['Nup205'],[['IEA']]
GO:BP,GO:0040029,epigenetic regulation of gene expression,0.8877515191867925,False,"""A process that modulates the frequency, rate or extent of gene expression through chromatin remodeling either by modifying higher order chromatin fiber structure, nucleosomal histones, or cytosine methylation of DNA. Once established, this regulation may be maintained over many cell divisions. It can also be heritable in the absence of the instigating signal."" [PMID:10521337, PMID:11498582, PMID:22243696, PMID:34414474]",115,69,1,4247,0.014492753623188406,0.008695652173913044,query_1,"['GO:0006338', 'GO:0010468']",['ctp'],[['IMP']]
GO:BP,GO:0006796,phosphate-containing compound metabolic process,0.8877515191867925,False,"""The chemical reactions and pathways involving the phosphate group, the anion or salt of any phosphoric acid."" [GOC:ai]",437,69,5,4247,0.07246376811594203,0.011441647597254004,query_1,['GO:0006793'],"['CG17528', 'Alp12', 'Gapdh2', 'rut', 'hep']","[['ISS', 'IBA', 'IEA'], ['ISS'], ['IGI', 'IEP', 'ISS', 'IBA', 'IEA'], ['IDA', 'IBA', 'IEA'], ['IEA']]"
GO:BP,GO:0051240,positive regulation of multicellular organismal process,0.8877515191867925,False,"""Any process that activates or increases the frequency, rate or extent of an organismal process, any of the processes pertinent to the function of an organism above the cellular level; includes the integrated processes of tissues and organs."" [GOC:ai]",113,69,1,4247,0.014492753623188406,0.008849557522123894,query_1,"['GO:0032501', 'GO:0048518', 'GO:0051239']",['foxo'],"[['IMP', 'IGI']]"
GO:BP,GO:0048518,positive regulation of biological process,0.8877515191867925,False,"""Any process that activates or increases the frequency, rate or extent of a biological process. Biological processes are regulated by many means; examples include the control of gene expression, protein modification or interaction with a protein or substrate molecule."" [GOC:jid]",992,69,13,4247,0.18840579710144928,0.01310483870967742,query_1,"['GO:0008150', 'GO:0050789']","['aop', 'MED27', 'ohgt', 'Ssdp', 'pygo', 'Oda', 'CG18011', 'larp', 'Cad99C', 'foxo', 'Sur-8', 'ctp', 'hep']","[['IMP'], ['IEA'], ['IMP'], ['IGI', 'IBA'], ['IDA', 'IMP', 'IGI'], ['IBA'], ['IEA'], ['IMP', 'IBA', 'IEA'], ['IMP'], ['IDA', 'IMP', 'IGI'], ['HGI'], ['IMP'], ['IMP', 'IGI']]"
GO:BP,GO:0006793,phosphorus metabolic process,0.8877515191867925,False,"""The chemical reactions and pathways involving the nonmetallic element phosphorus or compounds that contain phosphorus."" [GOC:ai]",437,69,5,4247,0.07246376811594203,0.011441647597254004,query_1,['GO:0008152'],"['CG17528', 'Alp12', 'Gapdh2', 'rut', 'hep']","[['ISS', 'IBA', 'IEA'], ['ISS'], ['IGI', 'IEP', 'ISS', 'IBA', 'IEA'], ['IDA', 'IBA', 'IEA'], ['IEA']]"
GO:BP,GO:0048469,cell maturation,0.8877515191867925,False,"""The cellular developmental process, independent of morphogenetic (shape) change, that is required for a specific cell to attain its fully functional state."" [GOC:go_curators]",114,69,1,4247,0.014492753623188406,0.008771929824561403,query_1,"['GO:0048468', 'GO:0048869', 'GO:0071695']",['ctp'],[['IMP']]
GO:BP,GO:0007610,behavior,0.8877515191867925,False,"""The internally coordinated responses (actions or inactions) of animals (individuals or groups) to internal or external stimuli, via a mechanism that involves nervous system activity."" [GOC:ems, GOC:jl, ISBN:0395448956, PMID:20160973]",203,69,2,4247,0.028985507246376812,0.009852216748768473,query_1,['GO:0032501'],"['foxo', 'rut']","[['IMP', 'IGI'], ['IDA', 'IMP', 'TAS']]"
GO:BP,GO:0061061,muscle structure development,0.8877515191867925,False,"""The progression of a muscle structure over time, from its formation to its mature state. Muscle structures are contractile cells, tissues or organs that are found in multicellular organisms."" [GOC:dph]",114,69,1,4247,0.014492753623188406,0.008771929824561403,query_1,['GO:0048856'],['aop'],[['IMP']]
GO:BP,GO:1902533,positive regulation of intracellular signal transduction,0.8877515191867925,False,"""Any process that activates or increases the frequency, rate or extent of intracellular signal transduction."" [GOC:BHF, GOC:dph, GOC:signaling, GOC:tb, GOC:TermGenie]",114,69,1,4247,0.014492753623188406,0.008771929824561403,query_1,"['GO:0009967', 'GO:0035556', 'GO:1902531']",['Sur-8'],[['HGI']]
GO:BP,GO:0018193,peptidyl-amino acid modification,0.8877515191867925,False,"""The alteration of an amino acid residue in a peptide."" [GOC:mah]",114,69,1,4247,0.014492753623188406,0.008771929824561403,query_1,['GO:0036211'],['CG17528'],[['IBA']]
GO:BP,GO:0071695,anatomical structure maturation,0.888954422049274,False,"""A developmental process, independent of morphogenetic (shape) change, that is required for an anatomical structure to attain its fully functional state."" [GOC:mah]",116,69,1,4247,0.014492753623188406,0.008620689655172414,query_1,"['GO:0021700', 'GO:0048856']",['ctp'],[['IMP']]
GO:BP,GO:0016072,rRNA metabolic process,0.8894243110610178,False,"""The chemical reactions and pathways involving rRNA, ribosomal RNA, a structural constituent of ribosomes."" [ISBN:0198506732]",117,69,1,4247,0.014492753623188406,0.008547008547008548,query_1,['GO:0016070'],['Nop56'],[['ISS']]
GO:BP,GO:0008152,metabolic process,0.8894243110610178,False,"""A cellular process consisting of the biochemical pathways by which a living organism transforms chemical substances. This includes including anabolism (biosynthetic process) and catabolism (catabolic process). Metabolic processes includes the transformation of small molecules, as well  macromolecular processes such as DNA repair and replication, protein synthesis and degradation."" [GOC:go_curators, ISBN:0198547684]",2692,69,40,4247,0.5797101449275363,0.014858841010401188,query_1,['GO:0009987'],"['CG12236', 'Upf2', 'eIF2Bdelta', 'mr', 'Mvb12', 'l(3)72Dp', 'CAH2', 'aop', 'MED27', 'Edem2', 'Drep4', 'ohgt', 'mgr', 'Ssdp', 'Nelf-A', 'Nop56', 'CG13601', 'pygo', 'mrj', 'fus', 'ttv', 'AGBE', 'NAT1', 'Oda', 'mms4', 'CG18011', 'Gasz', 'CG5504', 'CG17528', 'larp', 'Alp12', 'foxo', 'CG11360', 'dan', 'Gapdh2', 'und', 'CG9650', 'rut', 'ctp', 'hep']","[['ISS', 'IBA'], ['IDA', 'IMP', 'IBA', 'IEA'], ['ISS', 'IEA'], ['ISS', 'IBA', 'IEA'], ['IBA'], ['IBA', 'IEA'], ['IDA', 'IBA'], ['IDA', 'IMP', 'IGI', 'IBA', 'IEA'], ['IDA', 'IBA', 'IC', 'IEA'], ['IMP', 'IGI', 'IBA', 'IEA'], ['IDA', 'IBA', 'TAS', 'IEA'], ['ISS', 'IBA', 'IEA'], ['IEA'], ['IMP', 'IGI', 'IBA'], ['IDA', 'ISS', 'IBA', 'IEA'], ['ISS'], ['IBA'], ['IDA', 'IPI', 'IMP', 'IGI'], ['ISS', 'IBA'], ['IDA', 'IBA', 'IEA'], ['IMP', 'ISS', 'IEA'], ['IBA', 'NAS', 'IEA'], ['ISS', 'IBA', 'IEA'], ['IBA'], ['IBA', 'IEA'], ['ISS', 'IBA', 'IEA'], ['IMP'], ['IEA'], ['ISS', 'IBA', 'IEA'], ['IMP', 'IBA', 'IEA'], ['ISS'], ['IDA', 'IMP', 'IBA', 'IEA'], ['HMP', 'IEA'], ['IMP'], ['IGI', 'IEP', 'ISS', 'IBA', 'IEA'], ['IEA'], ['IBA'], ['IDA', 'IBA', 'IEA'], ['IMP', 'IEA'], ['IMP', 'IEA']]"
GO:BP,GO:0019637,organophosphate metabolic process,0.8894243110610178,False,"""The chemical reactions and pathways involving organophosphates, any phosphate-containing organic compound."" [ISBN:0198506732]",206,69,2,4247,0.028985507246376812,0.009708737864077669,query_1,['GO:0006793'],"['Gapdh2', 'rut']","[['IGI', 'IEP', 'ISS', 'IBA', 'IEA'], ['IDA', 'IBA', 'IEA']]"
GO:BP,GO:0098542,defense response to other organism,0.8898292477978378,False,"""Reactions triggered in response to the presence of another organism that act to protect the cell or organism from damage caused by that organism."" [GOC:dos]",207,69,2,4247,0.028985507246376812,0.00966183574879227,query_1,"['GO:0006952', 'GO:0051707']","['foxo', 'hep']","[['IMP'], ['IDA', 'IMP', 'IGI']]"
GO:BP,GO:0006397,mRNA processing,0.8929811432784617,False,"""Any process involved in the conversion of a primary mRNA transcript into one or more mature mRNA(s) prior to translation into polypeptide."" [GOC:mah]",209,69,2,4247,0.028985507246376812,0.009569377990430622,query_1,"['GO:0006396', 'GO:0016071']","['fus', 'CG11360']","[['IEA'], ['HMP']]"
GO:BP,GO:0007350,blastoderm segmentation,0.8945694098449555,False,"""The hierarchical steps resulting in the progressive subdivision of the anterior/posterior axis of the embryo."" [http://fly.ebi.ac.uk/allied-data/lk/interactive-fly/aimain/1aahome.htm, ISBN:0879694238]",120,69,1,4247,0.014492753623188406,0.008333333333333333,query_1,"['GO:0009880', 'GO:0035282']",['pygo'],"[['IMP', 'IEA']]"
GO:BP,GO:0006952,defense response,0.8953294052729674,False,"""Reactions, triggered in response to the presence of a foreign body or the occurrence of an injury, which result in restriction of damage to the organism attacked or prevention/recovery from the infection caused by the attack."" [GOC:go_curators]",211,69,2,4247,0.028985507246376812,0.009478672985781991,query_1,['GO:0006950'],"['foxo', 'hep']","[['IMP'], ['IDA', 'IMP', 'IGI']]"
GO:BP,GO:0051603,proteolysis involved in protein catabolic process,0.8964672758223466,False,"""The hydrolysis of a peptide bond or bonds within a protein as part of the chemical reactions and pathways resulting in the breakdown of a protein by individual cells."" [GOC:ai, GOC:dph, GOC:tb]",212,69,2,4247,0.028985507246376812,0.009433962264150943,query_1,"['GO:0006508', 'GO:0030163']","['mr', 'Edem2']","[['ISS', 'IEA'], ['IMP', 'IGI', 'IBA', 'IEA']]"
GO:BP,GO:0010256,endomembrane system organization,0.8971179334956387,False,"""A process that is carried out at the cellular level which results in the assembly, arrangement of constituent parts, or disassembly of the endomembrane system."" [GOC:mah, GOC:sm]",122,69,1,4247,0.014492753623188406,0.00819672131147541,query_1,['GO:0016043'],['Cip4'],"[['IDA', 'IMP']]"
GO:BP,GO:0036211,protein modification process,0.9009341719603173,False,"""The covalent alteration of one or more amino acids occurring in proteins, peptides and nascent polypeptides (co-translational, post-translational modifications). Includes the modification of charged tRNAs that are destined to occur in a protein (pre-translation modification)."" [GOC:bf, GOC:jl]",526,69,6,4247,0.08695652173913043,0.011406844106463879,query_1,"['GO:0019538', 'GO:0043412']","['mr', 'Edem2', 'ohgt', 'ttv', 'CG17528', 'hep']","[['IBA'], ['IBA', 'IEA'], ['ISS', 'IBA', 'IEA'], ['IEA'], ['ISS', 'IBA', 'IEA'], ['IEA']]"
GO:BP,GO:0006281,DNA repair,0.901697635901977,False,"""The process of restoring DNA after damage. Genomes are subject to damage by chemical and physical agents in the environment (e.g. UV and ionizing radiations, chemical mutagens, fungal and bacterial toxins, etc.) and by free radicals or alkylating agents endogenously generated in metabolism. DNA is also damaged because of errors during its replication. A variety of different DNA repair pathways have been reported that include direct reversal, base excision repair, nucleotide excision repair, photoreactivation, bypass, double-strand break repair pathway, and mismatch repair pathway."" [PMID:11563486]",125,69,1,4247,0.014492753623188406,0.008,query_1,"['GO:0006259', 'GO:0006974']",['mms4'],"[['IBA', 'IEA']]"
GO:BP,GO:0006811,monoatomic ion transport,0.901697635901977,False,"""The directed movement of a monoatomic ion into, out of or within a cell, or between cells, by means of some agent such as a transporter or pore. Monatomic ions (also called simple ions) are ions consisting of exactly one atom."" [GOC:ai]",125,69,1,4247,0.014492753623188406,0.008,query_1,['GO:0006810'],['hoe1'],[['IEA']]
GO:BP,GO:0042127,regulation of cell population proliferation,0.9031462254181649,False,"""Any process that modulates the frequency, rate or extent of cell proliferation."" [GOC:jl]",126,69,1,4247,0.014492753623188406,0.007936507936507936,query_1,"['GO:0008283', 'GO:0050794']",['foxo'],[['IMP']]
GO:BP,GO:0051707,response to other organism,0.9042515780427649,False,"""Any process that results in a change in state or activity of a cell or an organism (in terms of movement, secretion, enzyme production, gene expression, etc.) as a result of a stimulus from another living organism."" [GOC:ai]",221,69,2,4247,0.028985507246376812,0.00904977375565611,query_1,"['GO:0043207', 'GO:0044419']","['foxo', 'hep']","[['IDA', 'IMP'], ['IDA', 'IMP', 'IGI']]"
GO:BP,GO:0006508,proteolysis,0.9042515780427649,False,"""The hydrolysis of proteins into smaller polypeptides and/or amino acids by cleavage of their peptide bonds."" [GOC:bf, GOC:mah]",303,69,3,4247,0.043478260869565216,0.009900990099009901,query_1,['GO:0019538'],"['mr', 'Edem2', 'und']","[['ISS', 'IEA'], ['IMP', 'IGI', 'IBA', 'IEA'], ['IEA']]"
GO:BP,GO:0006629,lipid metabolic process,0.9042515780427649,False,"""The chemical reactions and pathways involving lipids, compounds soluble in an organic solvent but not, or sparingly, in an aqueous solvent. Includes fatty acids; neutral fats, other fatty-acid esters, and soaps; long-chain (fatty) alcohols and waxes; sphingoids and other long-chain bases; glycolipids, phospholipids and sphingolipids; and carotenes, polyprenols, sterols, terpenes and other isoprenoids."" [GOC:ma]",219,69,2,4247,0.028985507246376812,0.0091324200913242,query_1,['GO:0044238'],"['CG13601', 'foxo']","[['IBA'], ['IMP']]"
GO:BP,GO:0043207,response to external biotic stimulus,0.9042515780427649,False,"""Any process that results in a change in state or activity of a cell or an organism (in terms of movement, secretion, enzyme production, gene expression, etc.) as a result of an external biotic stimulus, an external stimulus caused by, or produced by living things."" [GOC:go_curators]",221,69,2,4247,0.028985507246376812,0.00904977375565611,query_1,"['GO:0009605', 'GO:0009607']","['foxo', 'hep']","[['IDA', 'IMP'], ['IDA', 'IMP', 'IGI']]"
GO:BP,GO:0016310,phosphorylation,0.9042515780427649,False,"""The process of introducing a phosphate group into a molecule, usually with the formation of a phosphoric ester, a phosphoric anhydride or a phosphoric amide."" [ISBN:0198506732]",220,69,2,4247,0.028985507246376812,0.00909090909090909,query_1,['GO:0006796'],"['CG17528', 'hep']","[['ISS', 'IBA', 'IEA'], ['IEA']]"
GO:BP,GO:0009607,response to biotic stimulus,0.9042515780427649,False,"""Any process that results in a change in state or activity of a cell or an organism (in terms of movement, secretion, enzyme production, gene expression, etc.) as a result of a biotic stimulus, a stimulus caused or produced by a living organism."" [GOC:hb]",221,69,2,4247,0.028985507246376812,0.00904977375565611,query_1,['GO:0050896'],"['foxo', 'hep']","[['IDA', 'IMP'], ['IDA', 'IMP', 'IGI']]"
GO:BP,GO:0043161,proteasome-mediated ubiquitin-dependent protein catabolic process,0.9064375954455712,False,"""The chemical reactions and pathways resulting in the breakdown of a protein or peptide by hydrolysis of its peptide bonds, initiated by the covalent attachment of ubiquitin, and mediated by the proteasome."" [GOC:go_curators]",130,69,1,4247,0.014492753623188406,0.007692307692307693,query_1,"['GO:0006511', 'GO:0010498']",['mr'],[['ISS']]
GO:BP,GO:0021700,developmental maturation,0.9077022018382502,False,"""A developmental process, independent of morphogenetic (shape) change, that is required for an anatomical structure, cell or cellular component to attain its fully functional state."" [GO_REF:0000021, GOC:cls, GOC:dgh, GOC:dph, GOC:jid]",131,69,1,4247,0.014492753623188406,0.007633587786259542,query_1,['GO:0032502'],['ctp'],[['IMP']]
GO:BP,GO:0090407,organophosphate biosynthetic process,0.9087107575900027,False,"""The chemical reactions and pathways resulting in the biosynthesis of deoxyribose phosphate, the phosphorylated sugar 2-deoxy-erythro-pentose."" [GOC:chem_mtg]",133,69,1,4247,0.014492753623188406,0.007518796992481203,query_1,"['GO:0009058', 'GO:0019637']",['rut'],"[['IDA', 'IBA', 'IEA']]"
GO:BP,GO:0035295,tube development,0.9087107575900027,False,"""The process whose specific outcome is the progression of a tube over time, from its initial formation to a mature structure. Epithelial and endothelial tubes transport gases, liquids and cells from one site to another and form the basic structure of many organs and tissues including lung and trachea, kidney, the mammary gland, the vascular system and the gastrointestinal and urinary-genital tracts."" [PMID:12526790]",133,69,1,4247,0.014492753623188406,0.007518796992481203,query_1,"['GO:0007275', 'GO:0048856']",['Cad99C'],[['IMP']]
GO:BP,GO:0043067,regulation of programmed cell death,0.9087107575900027,False,"""Any process that modulates the frequency, rate or extent of programmed cell death, cell death resulting from activation of endogenous cellular processes."" [GOC:jl]",133,69,1,4247,0.014492753623188406,0.007518796992481203,query_1,"['GO:0012501', 'GO:0050794']",['hep'],"[['IMP', 'IGI']]"
GO:BP,GO:0007424,open tracheal system development,0.9087107575900027,False,"""The process whose specific outcome is the progression of an open tracheal system over time, from its formation to the mature structure. An open tracheal system is a respiratory system, a branched network of epithelial tubes that supplies oxygen to target tissues via spiracles. An example of this is found in Drosophila melanogaster."" [GOC:mtg_sensu, PMID:8625828]",133,69,1,4247,0.014492753623188406,0.007518796992481203,query_1,['GO:0060541'],['aop'],[['IMP']]
GO:BP,GO:1902531,regulation of intracellular signal transduction,0.9094885825388721,False,"""Any process that modulates the frequency, rate or extent of intracellular signal transduction."" [GOC:dph, GOC:signaling, GOC:tb, GOC:TermGenie]",228,69,2,4247,0.028985507246376812,0.008771929824561403,query_1,"['GO:0009966', 'GO:0035556']","['Sur-8', 'rut']","[['HGI'], ['IMP']]"
GO:BP,GO:0009605,response to external stimulus,0.9094885825388721,False,"""Any process that results in a change in state or activity of a cell or an organism (in terms of movement, secretion, enzyme production, gene expression, etc.) as a result of an external stimulus."" [GOC:hb]",312,69,3,4247,0.043478260869565216,0.009615384615384616,query_1,['GO:0050896'],"['Nup205', 'foxo', 'hep']","[['IMP'], ['IDA', 'IMP'], ['IDA', 'IMP', 'IGI']]"
GO:BP,GO:0060541,respiratory system development,0.9102944187030789,False,"""The progression of the respiratory system over time from its formation to its mature structure. The respiratory system carries out respiratory gaseous exchange."" [GOC:dph]",135,69,1,4247,0.014492753623188406,0.007407407407407408,query_1,['GO:0048731'],['aop'],[['IMP']]
GO:BP,GO:0007417,central nervous system development,0.9199722455618455,False,"""The process whose specific outcome is the progression of the central nervous system over time, from its formation to the mature structure. The central nervous system is the core nervous system that serves an integrating and coordinating function. In vertebrates it consists of the brain and spinal cord. In those invertebrates with a central nervous system it typically consists of a brain, cerebral ganglia and a nerve cord."" [GOC:bf, GOC:jid, ISBN:0582227089]",141,69,1,4247,0.014492753623188406,0.0070921985815602835,query_1,"['GO:0007399', 'GO:0048731']",['dan'],[['IMP']]
GO:BP,GO:0051301,cell division,0.9199888913303977,False,"""The process resulting in division and partitioning of components of a cell to form more cells; may or may not be accompanied by the physical separation of a cell into distinct, individually membrane-bounded daughter cells."" [GOC:di, GOC:go_curators, GOC:pr]",237,69,2,4247,0.028985507246376812,0.008438818565400843,query_1,['GO:0009987'],"['mr', 'mgr']","[['IEA'], ['IMP']]"
GO:BP,GO:0051246,regulation of protein metabolic process,0.9244367099463582,False,"""Any process that modulates the frequency, rate or extent of the chemical reactions and pathways involving a protein."" [GOC:ai]",241,69,2,4247,0.028985507246376812,0.008298755186721992,query_1,"['GO:0019538', 'GO:0060255', 'GO:0080090']","['Oda', 'larp']","[['IBA'], ['IMP', 'IBA']]"
GO:BP,GO:0044085,cellular component biogenesis,0.9259596189022883,False,"""A process that results in the biosynthesis of constituent macromolecules, assembly, and arrangement of constituent parts of a cellular component. Includes biosynthesis of constituent macromolecules, and those macromolecular modifications that are involved in synthesis or assembly of the cellular component."" [GOC:jl, GOC:mah]",784,69,9,4247,0.13043478260869565,0.011479591836734694,query_1,['GO:0071840'],"['mr', 'Cip4', 'mgr', 'Past1', 'Nop56', 'larp', 'Cad99C', 'ctp', 'hep']","[['IMP'], ['IDA', 'IMP'], ['IMP', 'IBA'], ['IBA'], ['ISS'], ['IMP'], ['IMP'], ['IMP'], ['IMP']]"
GO:BP,GO:0043933,protein-containing complex organization,0.9260746833990072,False,"""Any process in which macromolecules aggregate, disaggregate, or are modified, resulting in the formation, disassembly, or alteration of a protein complex."" [GOC:mah]",330,69,3,4247,0.043478260869565216,0.00909090909090909,query_1,['GO:0016043'],"['Cip4', 'Nup205', 'mgr']","[['IDA'], ['ISS', 'IBA'], ['IBA']]"
GO:BP,GO:0033554,cellular response to stress,0.9264292488011716,False,"""Any process that results in a change in state or activity of a cell (in terms of movement, secretion, enzyme production, gene expression, etc.) as a result of a stimulus indicating the organism is under stress. The stress is usually, but not necessarily, exogenous (e.g. temperature, humidity, ionizing radiation)."" [GOC:mah]",331,69,3,4247,0.043478260869565216,0.00906344410876133,query_1,"['GO:0006950', 'GO:0051716']","['Edem2', 'mms4', 'foxo']","[['IMP', 'IGI', 'IEP', 'IBA', 'IEA'], ['IBA', 'IEA'], ['IDA', 'IMP', 'IEP']]"
GO:BP,GO:0006915,apoptotic process,0.9265267866697338,False,"""A programmed cell death process which begins when a cell receives an internal (e.g. DNA damage) or external signal (e.g. an extracellular death ligand), and proceeds through a series of biochemical events (signaling pathway phase) which trigger an execution phase. The execution phase is the last step of an apoptotic process, and is typically characterized by rounding-up of the cell, retraction of pseudopodes, reduction of cellular volume (pyknosis), chromatin condensation, nuclear fragmentation (karyorrhexis), plasma membrane blebbing and fragmentation of the cell into apoptotic bodies. When the execution phase is completed, the cell has died."" [GOC:cjm, GOC:dhl, GOC:ecd, GOC:go_curators, GOC:mtg_apoptosis, GOC:tb, ISBN:0198506732, PMID:18846107, PMID:21494263]",148,69,1,4247,0.014492753623188406,0.006756756756756757,query_1,['GO:0012501'],['Drep4'],"[['IDA', 'IBA', 'TAS', 'IEA']]"
GO:BP,GO:0010608,post-transcriptional regulation of gene expression,0.9266095177611438,False,"""Any process that modulates the frequency, rate or extent of gene expression after the production of an RNA transcript."" [GOC:dph, GOC:tb]",149,69,1,4247,0.014492753623188406,0.006711409395973154,query_1,['GO:0010468'],['larp'],"[['IMP', 'IBA', 'IEA']]"
GO:BP,GO:0006396,RNA processing,0.9266095177611438,False,"""Any process involved in the conversion of one or more primary RNA transcripts into one or more mature RNA molecules."" [GOC:mah]",415,69,4,4247,0.057971014492753624,0.00963855421686747,query_1,"['GO:0010467', 'GO:0032774', 'GO:0044238']","['Nop56', 'fus', 'Gasz', 'CG11360']","[['ISS'], ['IDA', 'IBA', 'IEA'], ['IMP'], ['HMP']]"
GO:BP,GO:0042254,ribosome biogenesis,0.9313563740495557,False,"""A cellular process that results in the biosynthesis of constituent macromolecules, assembly, and arrangement of constituent parts of ribosome subunits; includes transport to the sites of protein synthesis."" [GOC:ma, PMID:26404467, Wikipedia:Ribosome_biogenesis]",153,69,1,4247,0.014492753623188406,0.006535947712418301,query_1,['GO:0022613'],['Nop56'],[['ISS']]
GO:BP,GO:0043412,macromolecule modification,0.9325814072073652,False,"""The covalent alteration of one or more monomeric units in a polypeptide, polynucleotide, polysaccharide, or other biological macromolecule, resulting in a change in its properties."" [GOC:go_curators]",579,69,6,4247,0.08695652173913043,0.010362694300518135,query_1,['GO:0043170'],"['mr', 'Edem2', 'ohgt', 'ttv', 'CG17528', 'hep']","[['IBA'], ['IBA', 'IEA'], ['ISS', 'IBA', 'IEA'], ['IEA'], ['ISS', 'IBA', 'IEA'], ['IEA']]"
GO:BP,GO:0006974,DNA damage response,0.9410744103256677,False,"""Any process that results in a change in state or activity of a cell (in terms of movement, secretion, enzyme production, gene expression, etc.) as a result of a stimulus indicating damage to its DNA from environmental insults or errors during metabolism."" [GOC:go_curators]",162,69,1,4247,0.014492753623188406,0.006172839506172839,query_1,['GO:0033554'],['mms4'],"[['IBA', 'IEA']]"
GO:BP,GO:0000377,"RNA splicing, via transesterification reactions with bulged adenosine as nucleophile",0.9474793991588009,False,"""Splicing of RNA via a series of two transesterification reactions with a bulged adenosine residue from the intron branch point as the initiating nucleophile. When the initial RNA for the splicing reaction is a single molecule (cis splicing), the excised intron is released in a lariat structure."" [GOC:krc, PMID:11377794]",170,69,1,4247,0.014492753623188406,0.0058823529411764705,query_1,['GO:0000375'],['CG11360'],[['HMP']]
GO:BP,GO:0000398,"mRNA splicing, via spliceosome",0.9474793991588009,False,"""The joining together of exons from one or more primary transcripts of messenger RNA (mRNA) and the excision of intron sequences, via a spliceosomal mechanism, so that mRNA consisting only of the joined exons is produced."" [GOC:krc, ISBN:0198506732, ISBN:0879695897]",170,69,1,4247,0.014492753623188406,0.0058823529411764705,query_1,"['GO:0000377', 'GO:0006397']",['CG11360'],[['HMP']]
GO:BP,GO:0000375,"RNA splicing, via transesterification reactions",0.9474793991588009,False,"""Splicing of RNA via a series of two transesterification reactions."" [GOC:krc]",170,69,1,4247,0.014492753623188406,0.0058823529411764705,query_1,['GO:0008380'],['CG11360'],[['HMP']]
GO:BP,GO:0006950,response to stress,0.9476284534812944,False,"""Any process that results in a change in state or activity of a cell or an organism (in terms of movement, secretion, enzyme production, gene expression, etc.) as a result of a disturbance in organismal or cellular homeostasis, usually, but not necessarily, exogenous (e.g. temperature, humidity, ionizing radiation)."" [GOC:mah]",606,69,6,4247,0.08695652173913043,0.009900990099009901,query_1,['GO:0050896'],"['Edem2', 'mms4', 'CG5504', 'foxo', 'rut', 'hep']","[['IMP', 'IGI', 'IEP', 'IBA', 'IEA'], ['IBA', 'IEA'], ['IEA'], ['IDA', 'IMP', 'IEP'], ['IMP'], ['IDA', 'IMP', 'IGI', 'IEA']]"
GO:BP,GO:0065003,protein-containing complex assembly,0.9510909533615315,False,"""The aggregation, arrangement and bonding together of a set of macromolecules to form a protein-containing complex."" [GOC:jl]",278,69,2,4247,0.028985507246376812,0.007194244604316547,query_1,"['GO:0022607', 'GO:0043933']","['Cip4', 'mgr']","[['IDA'], ['IBA']]"
GO:BP,GO:0006511,ubiquitin-dependent protein catabolic process,0.9577601385023763,False,"""The chemical reactions and pathways resulting in the breakdown of a protein or peptide by hydrolysis of its peptide bonds, initiated by the covalent attachment of a ubiquitin group, or multiple ubiquitin groups, to the protein."" [GOC:go_curators]",184,69,1,4247,0.014492753623188406,0.005434782608695652,query_1,['GO:0019941'],['mr'],"[['ISS', 'IEA']]"
GO:BP,GO:0019941,modification-dependent protein catabolic process,0.9585773119249925,False,"""The chemical reactions and pathways resulting in the breakdown of a protein or peptide by hydrolysis of its peptide bonds, initiated by the covalent modification of the target protein."" [GOC:go_curators]",186,69,1,4247,0.014492753623188406,0.005376344086021506,query_1,"['GO:0043632', 'GO:0051603']",['mr'],"[['ISS', 'IEA']]"
GO:BP,GO:0043632,modification-dependent macromolecule catabolic process,0.959341783025458,False,"""The chemical reactions and pathways resulting in the breakdown of a macromolecule, initiated by covalent modification of the target molecule."" [GOC:jl]",188,69,1,4247,0.014492753623188406,0.005319148936170213,query_1,['GO:0009057'],['mr'],"[['ISS', 'IEA']]"
GO:BP,GO:0006338,chromatin remodeling,0.9700260323221483,False,"""A dynamic process of chromatin reorganization resulting in changes to chromatin structure. These changes allow DNA metabolic processes such as transcriptional regulation, DNA recombination, DNA repair, and DNA replication."" [GOC:jid, GOC:vw, PMID:12042764, PMID:12697820]",206,69,1,4247,0.014492753623188406,0.0048543689320388345,query_1,['GO:0006325'],['ctp'],[['IMP']]
GO:BP,GO:0022613,ribonucleoprotein complex biogenesis,0.9733399257563138,False,"""A cellular process that results in the biosynthesis of constituent macromolecules, assembly, and arrangement of constituent parts of a complex containing RNA and proteins. Includes the biosynthesis of the constituent RNA and protein molecules, and those macromolecular modifications that are involved in synthesis or assembly of the ribonucleoprotein complex."" [GOC:isa_complete, GOC:mah]",214,69,1,4247,0.014492753623188406,0.004672897196261682,query_1,['GO:0044085'],['Nop56'],[['ISS']]
GO:BP,GO:0006325,chromatin organization,0.9850594188327845,False,"""The assembly or remodeling of chromatin composed of DNA complexed with histones, other associated proteins, and sometimes RNA."" [PMID:20404130]",249,69,1,4247,0.014492753623188406,0.004016064257028112,query_1,['GO:0016043'],['ctp'],[['IMP']]
