tr_id,half_life,r_squared,Actual_D,D
FBtr0306919,3.95E-10,0.001476032,1756169938,1.76E+09
FBtr0301692,1.05E-09,0.004582647,657637768.4,6.58E+08
FBtr0085927,1.73E-09,0.001187272,401562981.1,4.02E+08
FBtr0332393,3.79E-09,0.002115815,183103065.6,1.83E+08
FBtr0089388,1.47E-08,0.055445074,47212569.64,4.72E+07
FBtr0076138,0.001819806,0.463084276,380.890722,3.81E+02
FBtr0301866,0.010625352,0.729561284,65.23521776,6.49E+01
FBtr0070253,0.027471446,0.335833629,25.23155044,2.49E+01
FBtr0337046,0.05539638,0.702219745,12.51249947,1.22E+01
FBtr0299857,0.076509182,0.493145235,9.059660044,8.72E+00
FBtr0076060,0.079610124,0.485749315,8.706771786,8.36E+00
FBtr0445413,0.143773693,0.468744543,4.821098824,4.48E+00
FBtr0335472,0.153882334,0.751147599,4.504397378,4.17E+00
FBtr0303872,0.204377503,0.578536322,3.391504299,3.06E+00
FBtr0445186,0.260231668,0.790795042,2.663577361,2.33E+00
FBtr0301601,0.278005652,0.484585304,2.493284494,2.16E+00
FBtr0071539,0.296346879,0.547897986,2.338972433,2.01E+00
FBtr0086586,0.341486579,0.621898799,2.029793328,1.70E+00
FBtr0339407,0.345423837,0.643515199,2.00665706,1.68E+00
FBtr0340457,0.400960789,0.517787493,1.728715624,1.41E+00
FBtr0343423,0.418525763,0.645875833,1.65616371,1.33E+00
FBtr0342764,0.464428336,0.211156549,1.492473923,1.17E+00
FBtr0073492,0.493744637,0.311879466,1.40385764,1.09E+00
FBtr0088680,0.495578294,0.726446373,1.398663318,1.08E+00
FBtr0306327,0.506930409,0.869645508,1.367341884,1.05E+00
FBtr0071216,0.526284612,0.654744957,1.317057662,1.00E+00
FBtr0302642,0.526780858,0.746729274,1.315816946,1.00E+00
FBtr0332146,0.539254773,0.491360498,1.285379779,9.70E-01
FBtr0310293,0.584300137,0.353793784,1.186286185,8.73E-01
FBtr0071494,0.592176597,0.625569058,1.170507556,8.58E-01
FBtr0073481,0.62467541,0.82501853,1.10961176,7.99E-01
FBtr0305185,0.64313107,0.645000834,1.077769701,7.68E-01
FBtr0081374,0.6481749,0.649771239,1.069382941,7.60E-01
FBtr0344608,0.648320655,0.61731609,1.069142523,7.60E-01
FBtr0345290,0.652766163,0.76293583,1.061861383,7.53E-01
FBtr0302610,0.714016388,0.663200108,0.970772089,6.65E-01
FBtr0333517,0.717756799,0.685569923,0.965713151,6.60E-01
FBtr0330255,0.727069433,0.782679112,0.953343862,6.48E-01
FBtr0100410,0.728757362,0.804209034,0.95113575,6.46E-01
FBtr0078010,0.74299432,0.620061847,0.93291047,6.29E-01
FBtr0087667,0.750834417,0.575222419,0.923169163,6.20E-01
FBtr0300947,0.757732085,0.656663199,0.914765514,6.12E-01
FBtr0082512,0.761691687,0.623847441,0.910010169,6.07E-01
FBtr0083377,0.761704328,0.715744072,0.909995066,6.07E-01
FBtr0081840,0.774470505,0.80712753,0.894994937,5.93E-01
FBtr0078557,0.775619108,0.45848459,0.893669552,5.91E-01
FBtr0071214,0.803108591,0.884144885,0.863080271,5.62E-01
FBtr0346018,0.816891922,0.767524049,0.848517609,5.49E-01
FBtr0072672,0.821996016,0.573967609,0.843248833,5.44E-01
FBtr0077663,0.823856,0.448944401,0.841345066,5.42E-01
FBtr0083750,0.826322752,0.383143499,0.838833469,5.39E-01
FBtr0302703,0.827771804,0.748799186,0.837365053,5.38E-01
FBtr0334502,0.841550942,0.503865681,0.823654453,5.25E-01
FBtr0076729,0.855782224,0.588074942,0.809957441,5.12E-01
FBtr0074036,0.858503277,0.839087718,0.807390256,5.10E-01
FBtr0076999,0.859300871,0.774040345,0.806640845,5.09E-01
FBtr0071834,0.861855875,0.609978819,0.804249528,5.07E-01
FBtr0077460,0.862149465,0.697758298,0.803975654,5.07E-01
FBtr0072922,0.867052621,0.49693396,0.799429197,5.02E-01
FBtr0088633,0.869958315,0.837038778,0.796759073,5.00E-01
FBtr0081991,0.871223515,0.322764279,0.795602011,4.99E-01
FBtr0332479,0.872591441,0.68339685,0.794354778,4.98E-01
FBtr0346337,0.87478865,0.941293834,0.792359595,4.96E-01
FBtr0073661,0.884532465,0.39285718,0.783631136,4.87E-01
FBtr0074870,0.887874041,0.633378488,0.780681886,4.85E-01
FBtr0078312,0.890656847,0.785511957,0.77824269,4.82E-01
FBtr0074677,0.897343988,0.723417195,0.77244311,4.77E-01
FBtr0086483,0.906281354,0.954885184,0.7648256,4.70E-01
FBtr0299749,0.906488174,0.115600532,0.764651101,4.70E-01
FBtr0333934,0.907155956,0.560549438,0.764088221,4.69E-01
FBtr0087547,0.912160502,0.976864206,0.75989607,4.65E-01
FBtr0083484,0.914970039,0.604860356,0.757562708,4.63E-01
FBtr0303455,0.916622021,0.728549168,0.756197391,4.62E-01
FBtr0343344,0.919675732,0.244694714,0.753686497,4.60E-01
FBtr0088457,0.920125135,0.868565985,0.753318385,4.59E-01
FBtr0085849,0.931747637,0.559686626,0.743921587,4.50E-01
FBtr0088456,0.939451146,0.64759497,0.737821422,4.45E-01
FBtr0073359,0.941436573,0.79790651,0.736265406,4.43E-01
FBtr0074085,0.959039199,0.584433128,0.722751668,4.31E-01
FBtr0088119,0.969515865,0.902877688,0.714941555,4.24E-01
FBtr0075384,0.985132325,0.940761392,0.703608199,4.13E-01
FBtr0073966,0.994975669,0.756541352,0.696647368,4.07E-01
FBtr0084756,0.996193381,0.712550678,0.69579581,4.06E-01
FBtr0076204,0.999248544,0.889192418,0.693668442,4.04E-01
FBtr0077330,1.000953063,0.712303949,0.692487197,4.03E-01
FBtr0080166,1.005260543,0.313606882,0.689519931,4.00E-01
FBtr0070497,1.006436413,0.634327288,0.688714331,3.99E-01
FBtr0333350,1.00804726,0.90421741,0.687613774,3.98E-01
FBtr0073409,1.011480447,0.733628071,0.685279861,3.96E-01
FBtr0330380,1.015856614,0.721834728,0.682327773,3.93E-01
FBtr0112889,1.015856614,0.721834728,0.682327773,3.93E-01
FBtr0079642,1.01736514,0.514415609,0.681316032,3.93E-01
FBtr0331185,1.018633393,0.766605311,0.680467757,3.92E-01
FBtr0087149,1.020458417,0.399919499,0.679250785,3.91E-01
FBtr0112577,1.026567203,0.964665052,0.675208772,3.87E-01
FBtr0085582,1.02955909,0.826016431,0.673246623,3.85E-01
FBtr0339984,1.034376763,0.788804979,0.670110935,3.82E-01
FBtr0074097,1.041203609,0.508813837,0.665717228,3.78E-01
FBtr0079492,1.041579164,0.873242326,0.665477195,3.78E-01
FBtr0333291,1.041806958,0.693371594,0.665331687,3.78E-01
FBtr0309204,1.043295054,0.367643398,0.664382696,3.77E-01
FBtr0333877,1.050238661,0.460547869,0.659990158,3.73E-01
FBtr0086243,1.050623446,0.948318928,0.659748441,3.73E-01
FBtr0310295,1.054123151,0.465662867,0.657558066,3.71E-01
FBtr0086322,1.055505681,0.66266948,0.656696779,3.70E-01
FBtr0081764,1.056388044,0.76108406,0.656148263,3.69E-01
FBtr0085267,1.05996395,0.563032983,0.653934675,3.67E-01
FBtr0085584,1.06055031,0.940751167,0.653573125,3.67E-01
FBtr0071217,1.061174047,0.771329721,0.653188968,3.67E-01
FBtr0087453,1.062935224,0.929444781,0.6521067,3.66E-01
FBtr0081712,1.065582,0.904192964,0.650486945,3.64E-01
FBtr0073405,1.071459492,0.843141098,0.646918699,3.61E-01
FBtr0088283,1.07261439,0.680806158,0.646222153,3.60E-01
FBtr0303654,1.077059645,0.391640728,0.643555056,3.58E-01
FBtr0082877,1.079530194,0.940086965,0.642082255,3.57E-01
FBtr0332526,1.081185111,0.593464589,0.64109945,3.56E-01
FBtr0085583,1.081529363,0.89546739,0.640895388,3.56E-01
FBtr0071840,1.082709097,0.672266467,0.64019706,3.55E-01
FBtr0088681,1.091201562,0.833291477,0.635214615,3.50E-01
FBtr0112689,1.093307954,0.858747614,0.633990797,3.49E-01
FBtr0303418,1.099304275,0.631407736,0.630532598,3.46E-01
FBtr0072133,1.100082553,0.948067853,0.630086514,3.46E-01
FBtr0074243,1.102693697,0.846524561,0.628594488,3.44E-01
FBtr0307195,1.105592019,0.741478173,0.626946621,3.43E-01
FBtr0077211,1.107134356,0.660250395,0.626073228,3.42E-01
FBtr0085080,1.109087532,0.982467116,0.624970672,3.41E-01
FBtr0071032,1.109445335,0.720270158,0.624769115,3.41E-01
FBtr0299828,1.109993054,0.464059829,0.624460827,3.41E-01
FBtr0083188,1.112188338,0.793236449,0.62322824,3.40E-01
FBtr0071215,1.112439551,0.883865581,0.623087502,3.39E-01
FBtr0344873,1.119191009,0.676135453,0.619328761,3.36E-01
FBtr0301330,1.119501696,0.932757774,0.619156883,3.36E-01
FBtr0273238,1.119571703,0.792240803,0.619118167,3.36E-01
FBtr0100473,1.122498203,0.652175625,0.617504045,3.34E-01
FBtr0339787,1.12501481,0.927545732,0.616122716,3.33E-01
FBtr0308594,1.125679908,0.917860757,0.615758686,3.33E-01
FBtr0301707,1.126370377,0.394311659,0.615381223,3.33E-01
FBtr0070138,1.133390228,0.858927223,0.611569752,3.29E-01
FBtr0078147,1.13697446,0.555497721,0.609641821,3.27E-01
FBtr0081087,1.13899717,0.690076844,0.608559177,3.26E-01
FBtr0334953,1.139090049,0.421474789,0.608509557,3.26E-01
FBtr0086109,1.14023065,0.474783076,0.607900849,3.26E-01
FBtr0073404,1.14142338,0.916589414,0.607265624,3.25E-01
FBtr0080313,1.143147752,0.493132823,0.606349599,3.24E-01
FBtr0073927,1.147071694,0.80491959,0.604275377,3.23E-01
FBtr0073112,1.154149748,0.500496303,0.600569538,3.19E-01
FBtr0086242,1.156986159,0.912480903,0.599097211,3.18E-01
FBtr0085829,1.158227799,0.906941505,0.598454968,3.17E-01
FBtr0333012,1.160785611,0.728005509,0.597136262,3.16E-01
FBtr0087666,1.162146053,0.933667833,0.596437237,3.16E-01
FBtr0070739,1.163588259,0.931716541,0.595697984,3.15E-01
FBtr0089023,1.164826659,0.962061541,0.595064661,3.14E-01
FBtr0073546,1.16493481,0.699794094,0.595009416,3.14E-01
FBtr0340443,1.166544359,0.719250757,0.594188447,3.14E-01
FBtr0074183,1.169585693,0.871511405,0.592643348,3.12E-01
FBtr0307206,1.169678939,0.571588795,0.592596103,3.12E-01
FBtr0081758,1.169794873,0.612073015,0.592537373,3.12E-01
FBtr0076429,1.169870746,0.962734034,0.592498943,3.12E-01
FBtr0071076,1.172441118,0.628583019,0.591199993,3.11E-01
FBtr0070441,1.175568546,0.63957388,0.589627192,3.09E-01
FBtr0300733,1.177550661,0.864638387,0.5886347,3.09E-01
FBtr0073403,1.178027634,0.474347407,0.588396367,3.08E-01
FBtr0307978,1.183326136,0.689330777,0.585761744,3.06E-01
FBtr0079192,1.183862386,0.831870476,0.585496413,3.06E-01
FBtr0073946,1.186484909,0.588510511,0.584202273,3.05E-01
FBtr0085411,1.18725388,0.758904926,0.583823892,3.04E-01
FBtr0070892,1.191774858,0.839448959,0.581609165,3.02E-01
FBtr0086771,1.193897646,0.548165177,0.580575046,3.01E-01
FBtr0345745,1.196162108,0.857102664,0.579475955,3.00E-01
FBtr0081217,1.196277113,0.5671513,0.579420247,3.00E-01
FBtr0084913,1.199873644,0.976556307,0.577683479,2.99E-01
FBtr0339276,1.201670917,0.679927065,0.576819469,2.98E-01
FBtr0344488,1.203849184,0.934682912,0.575775761,2.97E-01
FBtr0080804,1.203849184,0.934682912,0.575775761,2.97E-01
FBtr0344489,1.207427577,0.768520038,0.574069364,2.96E-01
FBtr0080803,1.207427577,0.768520038,0.574069364,2.96E-01
FBtr0303573,1.208444722,0.774309537,0.573586171,2.95E-01
FBtr0340204,1.222355465,0.933499217,0.567058602,2.89E-01
FBtr0299903,1.223293365,0.678671148,0.566623837,2.89E-01
FBtr0083278,1.224553144,0.942009407,0.566040914,2.88E-01
FBtr0087343,1.228019841,0.727353479,0.564442982,2.87E-01
FBtr0082333,1.233287531,0.464640571,0.5620321,2.85E-01
FBtr0088008,1.243211138,0.813268537,0.557545826,2.81E-01
FBtr0078200,1.244507883,0.596022807,0.556964878,2.80E-01
FBtr0346817,1.24563209,0.805867905,0.556462206,2.80E-01
FBtr0347540,1.24563209,0.805867905,0.556462206,2.80E-01
FBtr0076049,1.246175996,0.571552492,0.556219332,2.80E-01
FBtr0300432,1.248017168,0.523127956,0.555398754,2.79E-01
FBtr0335211,1.248099466,0.878345295,0.555362132,2.79E-01
FBtr0073516,1.249322168,0.627564898,0.554818603,2.79E-01
FBtr0334105,1.250868505,0.973195925,0.554132731,2.78E-01
FBtr0082587,1.250943065,0.939462665,0.554099703,2.78E-01
FBtr0077016,1.251672905,0.860993437,0.553776612,2.78E-01
FBtr0076362,1.253901549,0.753855273,0.552792347,2.77E-01
FBtr0080292,1.255707742,0.922745913,0.551997218,2.76E-01
FBtr0071245,1.255762796,0.956252102,0.551973018,2.76E-01
FBtr0331208,1.256240433,0.563427335,0.551763152,2.76E-01
FBtr0087989,1.256512915,0.913930692,0.551643499,2.76E-01
FBtr0085996,1.259701636,0.867516033,0.550247107,2.75E-01
FBtr0072795,1.26346145,0.920175479,0.548609679,2.73E-01
FBtr0345195,1.267607971,0.676904236,0.546815101,2.72E-01
FBtr0087525,1.268680604,0.776406955,0.546352784,2.71E-01
FBtr0085251,1.269650612,0.508685842,0.545935373,2.71E-01
FBtr0073990,1.274547411,0.65264464,0.543837894,2.69E-01
FBtr0078074,1.277196706,0.886147721,0.542709809,2.68E-01
FBtr0076838,1.277613672,0.826774524,0.542532689,2.68E-01
FBtr0333962,1.277786191,0.478515591,0.542459439,2.68E-01
FBtr0077867,1.27868053,0.961282527,0.54208003,2.67E-01
FBtr0083665,1.279474892,0.68050032,0.54174348,2.67E-01
FBtr0085266,1.282301683,0.898882138,0.540549225,2.66E-01
FBtr0475270,1.284251235,0.464676884,0.539728646,2.65E-01
FBtr0088284,1.285499492,0.801414742,0.539204554,2.65E-01
FBtr0084476,1.289525385,0.58471177,0.53752116,2.63E-01
FBtr0071628,1.290099931,0.74383163,0.537281775,2.63E-01
FBtr0087539,1.291673781,0.916330074,0.536627119,2.63E-01
FBtr0072129,1.294985545,0.623023274,0.535254763,2.61E-01
FBtr0087859,1.297051163,0.766050125,0.534402343,2.61E-01
FBtr0299943,1.302855854,0.590761073,0.532021388,2.59E-01
FBtr0332528,1.304140125,0.643093815,0.531497473,2.58E-01
FBtr0071415,1.306177673,0.56899337,0.530668373,2.57E-01
FBtr0074711,1.308685863,0.730875463,0.529651309,2.57E-01
FBtr0082607,1.3087265,0.972641077,0.529634863,2.57E-01
FBtr0343277,1.309825465,0.409648076,0.529190491,2.56E-01
FBtr0100360,1.312795856,0.83718171,0.52799312,2.55E-01
FBtr0085997,1.312806166,0.392400506,0.527988974,2.55E-01
FBtr0070225,1.313090299,0.663225958,0.527874725,2.55E-01
FBtr0088919,1.314568077,0.516473989,0.527281312,2.55E-01
FBtr0300370,1.314640239,0.977169258,0.527252369,2.55E-01
FBtr0086639,1.314741995,0.983954639,0.527211562,2.54E-01
FBtr0304705,1.317218575,0.828749046,0.52622032,2.54E-01
FBtr0332122,1.319108335,0.536633867,0.525466455,2.53E-01
FBtr0346170,1.320180025,0.5477056,0.525039894,2.53E-01
FBtr0070749,1.322617165,0.967483642,0.524072422,2.52E-01
FBtr0333316,1.325875496,0.319472852,0.522784517,2.51E-01
FBtr0075076,1.326253486,0.979146601,0.52263552,2.51E-01
FBtr0336765,1.328610612,0.89509547,0.521708298,2.50E-01
FBtr0070092,1.330381083,0.93603663,0.521014008,2.49E-01
FBtr0081858,1.330726335,0.968393754,0.520878833,2.49E-01
FBtr0070297,1.331573282,0.500123652,0.520547528,2.49E-01
FBtr0084755,1.331739838,0.577696213,0.520482425,2.49E-01
FBtr0071157,1.332808927,0.901473411,0.520064929,2.48E-01
FBtr0080398,1.333682155,0.905515451,0.519724417,2.48E-01
FBtr0305076,1.333755909,0.519641618,0.519695677,2.48E-01
FBtr0074352,1.335795846,0.501444287,0.518902033,2.47E-01
FBtr0340295,1.336298234,0.487466448,0.51870695,2.47E-01
FBtr0081909,1.336441409,0.43565124,0.51865138,2.47E-01
FBtr0303846,1.337177204,0.937454472,0.518365986,2.47E-01
FBtr0073897,1.337330231,0.873287643,0.518306671,2.47E-01
FBtr0071155,1.337604107,0.933781249,0.518200548,2.47E-01
FBtr0331197,1.33825597,0.779885115,0.517948133,2.46E-01
FBtr0081499,1.338464322,0.911223719,0.517867506,2.46E-01
FBtr0340297,1.342085417,0.678925448,0.516470242,2.45E-01
FBtr0330185,1.342487604,0.723018041,0.516315516,2.45E-01
FBtr0077575,1.342792813,0.335837134,0.516198161,2.45E-01
FBtr0083821,1.344896825,0.858861291,0.515390599,2.44E-01
FBtr0088955,1.345040615,0.772131012,0.515335502,2.44E-01
FBtr0305337,1.345651061,0.941995501,0.515101723,2.44E-01
FBtr0079721,1.346297723,0.492604839,0.514854306,2.44E-01
FBtr0346507,1.346834855,0.933091272,0.514648977,2.44E-01
FBtr0307519,1.346834855,0.933091272,0.514648977,2.44E-01
FBtr0076413,1.347038175,0.657093933,0.514571297,2.44E-01
FBtr0078556,1.349124934,0.956983898,0.513775384,2.43E-01
FBtr0078683,1.350110009,0.906327256,0.51340052,2.43E-01
FBtr0113217,1.351233493,0.783719583,0.512973653,2.42E-01
FBtr0331205,1.3542428,0.788082184,0.511833757,2.41E-01
FBtr0331591,1.354316046,0.394235946,0.511806075,2.41E-01
FBtr0088950,1.354788182,0.930064974,0.511627714,2.41E-01
FBtr0113354,1.35655506,0.913002729,0.510961332,2.40E-01
FBtr0076205,1.357559035,0.973300432,0.510583454,2.40E-01
FBtr0304024,1.357852599,0.419844543,0.510473067,2.40E-01
FBtr0074356,1.359878934,0.912083017,0.509712419,2.39E-01
FBtr0075646,1.364212701,0.763138926,0.508093188,2.38E-01
FBtr0075136,1.365562603,0.654698723,0.507590922,2.38E-01
FBtr0345950,1.366965702,0.591713867,0.507069914,2.37E-01
FBtr0081209,1.370484322,0.654293448,0.505768048,2.36E-01
FBtr0087805,1.374057312,0.712917827,0.504452889,2.35E-01
FBtr0332748,1.377021363,0.560088285,0.503367049,2.34E-01
FBtr0070236,1.377335707,0.86680529,0.503252168,2.34E-01
FBtr0088236,1.380417269,0.651955611,0.502128737,2.33E-01
FBtr0089679,1.381862614,0.716893325,0.501603541,2.32E-01
FBtr0089870,1.38236914,0.93895345,0.501419744,2.32E-01
FBtr0072913,1.384019527,0.955824812,0.500821821,2.32E-01
FBtr0082416,1.386109754,0.640194698,0.500066592,2.31E-01
FBtr0083882,1.387170152,0.874552756,0.499684325,2.31E-01
FBtr0301713,1.388527206,0.874409666,0.499195966,2.30E-01
FBtr0076461,1.388596639,0.898021048,0.499171006,2.30E-01
FBtr0300656,1.388739377,0.916801143,0.499119699,2.30E-01
FBtr0071192,1.390835994,0.615509713,0.498367301,2.30E-01
FBtr0339124,1.391117234,0.857334231,0.498266547,2.30E-01
FBtr0344237,1.392569128,0.730923826,0.497747054,2.29E-01
FBtr0077642,1.392805362,0.620508647,0.497662631,2.29E-01
FBtr0299569,1.392918477,0.6385118,0.497622217,2.29E-01
FBtr0076651,1.394539447,0.885108605,0.497043796,2.29E-01
FBtr0333417,1.394723136,0.345258968,0.496978334,2.28E-01
FBtr0071841,1.396020447,0.891657643,0.496516496,2.28E-01
FBtr0070093,1.400134641,0.784835202,0.495057518,2.27E-01
FBtr0073513,1.401098269,0.610007593,0.494717034,2.27E-01
FBtr0073817,1.403366147,0.777260793,0.493917558,2.26E-01
FBtr0074333,1.404591206,0.789187211,0.493486772,2.25E-01
FBtr0334770,1.40461606,0.772254523,0.49347804,2.25E-01
FBtr0071510,1.407467107,0.539168882,0.492478423,2.25E-01
FBtr0100005,1.407691297,0.880730818,0.49239999,2.25E-01
FBtr0100143,1.407691297,0.880730818,0.49239999,2.25E-01
FBtr0077708,1.407826688,0.52948101,0.492352636,2.25E-01
FBtr0300732,1.410598093,0.812821576,0.49138531,2.24E-01
FBtr0080407,1.411413641,0.654216793,0.491101376,2.23E-01
FBtr0307487,1.412891287,0.923885085,0.490587766,2.23E-01
FBtr0339379,1.414009885,0.848232337,0.490199671,2.23E-01
FBtr0070485,1.417418321,0.925795607,0.489020898,2.22E-01
FBtr0330303,1.41868772,0.776046851,0.488583337,2.21E-01
FBtr0344185,1.420533776,0.899091177,0.487948398,2.21E-01
FBtr0332478,1.421148995,0.878744345,0.487737164,2.21E-01
FBtr0332618,1.428858319,0.950766348,0.485105606,2.18E-01
FBtr0342581,1.43124924,0.842048556,0.48429523,2.18E-01
FBtr0344340,1.432044237,0.495631349,0.484026375,2.17E-01
FBtr0070782,1.433476759,0.440780253,0.483542671,2.17E-01
FBtr0306329,1.434786385,0.537292936,0.483101309,2.17E-01
FBtr0339561,1.437288128,0.415368599,0.482260423,2.16E-01
FBtr0306345,1.438068743,0.307320604,0.481998642,2.16E-01
FBtr0082204,1.439098196,0.927553395,0.481653846,2.15E-01
FBtr0074296,1.439891306,0.91526422,0.481388545,2.15E-01
FBtr0300941,1.445806307,0.953516433,0.479419115,2.14E-01
FBtr0086885,1.446588311,0.80859022,0.479159949,2.13E-01
FBtr0301207,1.447244491,0.969333659,0.478942698,2.13E-01
FBtr0088153,1.448097437,0.650507033,0.478660595,2.13E-01
FBtr0078736,1.448600113,0.681627556,0.478494496,2.13E-01
FBtr0070809,1.448676116,0.896528605,0.478469392,2.13E-01
FBtr0301431,1.448701393,0.830352775,0.478461044,2.13E-01
FBtr0310559,1.449025492,0.622868843,0.478354028,2.13E-01
FBtr0076496,1.452121266,0.933868562,0.477334226,2.12E-01
FBtr0085836,1.453965415,0.93798134,0.476728795,2.11E-01
FBtr0076030,1.454492937,0.921949417,0.476555893,2.11E-01
FBtr0474163,1.463963247,0.94743038,0.473473075,2.09E-01
FBtr0343043,1.463963247,0.94743038,0.473473075,2.09E-01
FBtr0334887,1.464082445,0.913110848,0.473434527,2.09E-01
FBtr0345815,1.467561674,0.46611632,0.47231213,2.08E-01
FBtr0080306,1.468385663,0.977708565,0.472047091,2.07E-01
FBtr0089488,1.469418478,0.837455471,0.471715302,2.07E-01
FBtr0310444,1.469511892,0.713234833,0.471685316,2.07E-01
FBtr0074654,1.471800444,0.734154006,0.470951876,2.06E-01
FBtr0073898,1.472141674,0.856907225,0.470842714,2.06E-01
FBtr0081216,1.472192127,0.670523784,0.470826577,2.06E-01
FBtr0084266,1.472910955,0.7574035,0.470596799,2.06E-01
FBtr0073822,1.474486596,0.486461713,0.470093918,2.06E-01
FBtr0079839,1.476327916,0.758248027,0.469507603,2.05E-01
FBtr0299944,1.476585739,0.852359196,0.469425623,2.05E-01
FBtr0087416,1.478809552,0.380817106,0.468719708,2.05E-01
FBtr0308592,1.48010375,0.772383618,0.46830986,2.04E-01
FBtr0081205,1.480644667,0.706872295,0.468138775,2.04E-01
FBtr0084637,1.480880891,0.581428843,0.468064099,2.04E-01
FBtr0305178,1.483602129,0.857517587,0.467205571,2.03E-01
FBtr0301194,1.484801114,0.917576668,0.4668283,2.03E-01
FBtr0070182,1.485097477,0.871579344,0.466735141,2.03E-01
FBtr0088838,1.486483077,0.549817397,0.466300082,2.03E-01
FBtr0074875,1.487872094,0.956455187,0.465864763,2.02E-01
FBtr0070027,1.488000134,0.777314323,0.465824676,2.02E-01
FBtr0072425,1.488189593,0.675661051,0.465765373,2.02E-01
FBtr0089935,1.488623199,0.775470519,0.465629705,2.02E-01
FBtr0302329,1.490900674,0.959701654,0.464918417,2.01E-01
FBtr0070909,1.492448634,0.40025267,0.464436205,2.01E-01
FBtr0310146,1.494962018,0.597750023,0.463655379,2.00E-01
FBtr0081480,1.496826735,0.948470337,0.463077766,2.00E-01
FBtr0344373,1.500382936,0.862934997,0.461980181,1.99E-01
FBtr0072557,1.501252983,0.786027868,0.461712442,1.99E-01
FBtr0110910,1.505330853,0.844127915,0.460461685,1.98E-01
FBtr0100590,1.505360135,0.72415137,0.460452728,1.98E-01
FBtr0084050,1.505534374,0.482879837,0.460399438,1.98E-01
FBtr0305354,1.508781684,0.549957205,0.459408533,1.97E-01
FBtr0332505,1.511750598,0.383392589,0.458506305,1.96E-01
FBtr0331584,1.513380324,0.523810246,0.458012549,1.96E-01
FBtr0333231,1.513935454,0.691230877,0.457844605,1.96E-01
FBtr0080285,1.514186678,0.418895555,0.457768643,1.95E-01
FBtr0310558,1.516591695,0.860138507,0.457042712,1.95E-01
FBtr0080773,1.516965713,0.468048269,0.456930025,1.95E-01
FBtr0343331,1.517003795,0.658744667,0.456918554,1.95E-01
FBtr0074090,1.517016149,0.495371975,0.456914833,1.95E-01
FBtr0075941,1.517271535,0.935051227,0.456837926,1.95E-01
FBtr0073596,1.518219008,0.575674473,0.456552827,1.94E-01
FBtr0301133,1.52397815,0.47360974,0.454827506,1.93E-01
FBtr0073805,1.525664401,0.918133517,0.454324805,1.93E-01
FBtr0340318,1.526247868,0.375610108,0.454151121,1.92E-01
FBtr0342741,1.529786084,0.455395754,0.453100723,1.92E-01
FBtr0100599,1.529824941,0.89892543,0.453089214,1.92E-01
FBtr0300850,1.531481408,0.930625354,0.452599148,1.91E-01
FBtr0080161,1.532677758,0.92298425,0.452245866,1.91E-01
FBtr0073480,1.534144794,0.916358663,0.451813403,1.91E-01
FBtr0075341,1.534351538,0.75427158,0.451752524,1.91E-01
FBtr0344433,1.536170227,0.919138925,0.45121769,1.90E-01
FBtr0070447,1.536622374,0.788610424,0.45108492,1.90E-01
FBtr0300278,1.536666238,0.904900035,0.451072044,1.90E-01
FBtr0076513,1.538531928,0.52525682,0.450525054,1.90E-01
FBtr0076297,1.539432153,0.387840371,0.450261598,1.89E-01
FBtr0072347,1.540123399,0.59876318,0.450059509,1.89E-01
FBtr0300214,1.54180471,0.486918715,0.449568727,1.89E-01
FBtr0110791,1.542861803,0.460631577,0.449260705,1.88E-01
FBtr0088949,1.544471335,0.812630567,0.448792519,1.88E-01
FBtr0084775,1.545296967,0.540570045,0.448552735,1.88E-01
FBtr0072268,1.547814832,0.958120281,0.447823064,1.87E-01
FBtr0074039,1.547822517,0.503261201,0.44782084,1.87E-01
FBtr0085585,1.551311339,0.333425364,0.446813714,1.86E-01
FBtr0072099,1.552003768,0.595331431,0.446614367,1.86E-01
FBtr0302453,1.555353059,0.906501721,0.44565263,1.85E-01
FBtr0079027,1.558063612,0.680762729,0.444877331,1.85E-01
FBtr0086585,1.559857383,0.320431172,0.44436574,1.84E-01
FBtr0076393,1.562505325,0.932408044,0.443612684,1.84E-01
FBtr0072151,1.563413353,0.762521798,0.443355034,1.84E-01
FBtr0472669,1.565656375,0.897878437,0.442719866,1.83E-01
FBtr0089647,1.565656375,0.897878437,0.442719866,1.83E-01
FBtr0071092,1.568184696,0.593467805,0.442006087,1.83E-01
FBtr0332129,1.569130318,0.530471812,0.441739716,1.82E-01
FBtr0088924,1.571148365,0.803037339,0.441172327,1.82E-01
FBtr0300496,1.571609472,0.84918075,0.441042888,1.82E-01
FBtr0301668,1.572378233,0.648782005,0.440827255,1.82E-01
FBtr0082334,1.573791962,0.875978223,0.440431262,1.81E-01
FBtr0074292,1.573908624,0.890614813,0.440398617,1.81E-01
FBtr0301583,1.574944899,0.752715877,0.440108845,1.81E-01
FBtr0089642,1.575842972,0.683863639,0.439858027,1.81E-01
FBtr0346508,1.581126132,0.744872116,0.43838829,1.80E-01
FBtr0346525,1.581126132,0.744872116,0.43838829,1.80E-01
FBtr0073723,1.582044827,0.85920146,0.438133717,1.79E-01
FBtr0100531,1.583192464,0.828786261,0.437816119,1.79E-01
FBtr0081752,1.585423328,0.641817738,0.437200064,1.79E-01
FBtr0346539,1.588460986,0.535395938,0.436363994,1.78E-01
FBtr0070721,1.589176306,0.9256731,0.436167578,1.78E-01
FBtr0070368,1.590225385,0.875905688,0.435879836,1.78E-01
FBtr0076745,1.590489658,0.890091017,0.435807411,1.77E-01
FBtr0088948,1.592463265,0.924787202,0.435267297,1.77E-01
FBtr0086627,1.592926438,0.919060447,0.435140735,1.77E-01
FBtr0089760,1.593084532,0.958397983,0.435097552,1.77E-01
FBtr0077987,1.594794834,0.735291143,0.434630942,1.76E-01
FBtr0345229,1.59518538,0.828976156,0.434524532,1.76E-01
FBtr0082231,1.596035042,0.88056231,0.434293209,1.76E-01
FBtr0079637,1.596339037,0.930111744,0.434210506,1.76E-01
FBtr0089221,1.596518575,0.512804443,0.434161676,1.76E-01
FBtr0080590,1.597128739,0.80483472,0.43399581,1.76E-01
FBtr0302182,1.598130647,0.884557365,0.433723727,1.76E-01
FBtr0335020,1.598446071,0.918203203,0.43363814,1.76E-01
FBtr0331410,1.600602513,0.925720185,0.433053912,1.75E-01
FBtr0072237,1.60176771,0.973035166,0.43273889,1.75E-01
FBtr0303580,1.602568306,0.473120157,0.432522706,1.75E-01
FBtr0085366,1.605596279,0.632783552,0.431707017,1.74E-01
FBtr0083483,1.608939821,0.948821438,0.430809886,1.73E-01
FBtr0072565,1.609119289,0.662385965,0.430761837,1.73E-01
FBtr0076689,1.612400731,0.932512287,0.429885181,1.73E-01
FBtr0334308,1.61454977,0.809930553,0.429312985,1.72E-01
FBtr0076392,1.614607095,0.642891689,0.429297742,1.72E-01
FBtr0085216,1.616880321,0.915653577,0.428694178,1.72E-01
FBtr0309104,1.617351112,0.83429388,0.428569391,1.72E-01
FBtr0335476,1.617660539,0.906505909,0.428487414,1.72E-01
FBtr0083745,1.618355971,0.942565277,0.428303286,1.71E-01
FBtr0087593,1.619038217,0.344936328,0.428122804,1.71E-01
FBtr0079223,1.619394565,0.896900438,0.428028595,1.71E-01
FBtr0082413,1.620146795,0.962940174,0.427829863,1.71E-01
FBtr0345109,1.620502593,0.458829695,0.427735928,1.71E-01
FBtr0071143,1.620803667,0.915631684,0.427656474,1.71E-01
FBtr0087202,1.62150794,0.421840223,0.427470729,1.71E-01
FBtr0303029,1.622034446,0.412196762,0.427331973,1.71E-01
FBtr0309862,1.623509338,0.565451161,0.42694376,1.70E-01
FBtr0089549,1.624736416,0.895390199,0.426621312,1.70E-01
FBtr0079901,1.62655707,0.67809859,0.426143781,1.70E-01
FBtr0088674,1.6266751,0.723013095,0.426112861,1.70E-01
FBtr0079840,1.628179298,0.950159284,0.425719195,1.69E-01
FBtr0331376,1.630035348,0.941374026,0.425234447,1.69E-01
FBtr0073127,1.63112049,0.946118974,0.42495155,1.69E-01
FBtr0074777,1.63145306,0.92891248,0.424864924,1.69E-01
FBtr0301911,1.634841568,0.577237747,0.423984314,1.68E-01
FBtr0083289,1.635271327,0.870288893,0.423872888,1.68E-01
FBtr0100321,1.641374652,0.963823567,0.42229675,1.67E-01
FBtr0076139,1.642809286,0.87400892,0.421927966,1.66E-01
FBtr0300256,1.643982927,0.773499723,0.421626751,1.66E-01
FBtr0076217,1.644252813,0.951558706,0.421557546,1.66E-01
FBtr0074112,1.644460185,0.902869959,0.421504386,1.66E-01
FBtr0302184,1.648151136,0.672130736,0.420560448,1.65E-01
FBtr0332710,1.651120543,0.907154717,0.419804104,1.65E-01
FBtr0080091,1.651577445,0.500839077,0.419687967,1.64E-01
FBtr0310501,1.652336635,0.941871574,0.419495135,1.64E-01
FBtr0305968,1.656073986,0.859075991,0.418548438,1.64E-01
FBtr0070207,1.659894125,0.897225979,0.417585176,1.63E-01
FBtr0083295,1.660115879,0.670851238,0.417529396,1.63E-01
FBtr0086938,1.660524039,0.667254602,0.417426767,1.63E-01
FBtr0089489,1.661245934,0.91142656,0.417245374,1.62E-01
FBtr0074492,1.671303567,0.639314543,0.414734459,1.60E-01
FBtr0331395,1.674545014,0.280737177,0.41393165,1.60E-01
FBtr0070284,1.674999492,0.445060693,0.413819338,1.60E-01
FBtr0100589,1.676208387,0.920290999,0.413520888,1.60E-01
FBtr0301429,1.676304775,0.929833091,0.41349711,1.59E-01
FBtr0070370,1.677957168,0.582252097,0.413089913,1.59E-01
FBtr0081502,1.680962505,0.951112061,0.412351363,1.59E-01
FBtr0070234,1.681853319,0.825349719,0.412132956,1.58E-01
FBtr0075150,1.684499046,0.581720748,0.411485647,1.58E-01
FBtr0340289,1.6853179,0.668171895,0.411285717,1.58E-01
FBtr0078104,1.686065555,0.748912451,0.41110334,1.58E-01
FBtr0334588,1.687053035,0.469922141,0.410862709,1.57E-01
FBtr0076104,1.687654164,0.610127697,0.410716363,1.57E-01
FBtr0079885,1.687844713,0.577790261,0.410669995,1.57E-01
FBtr0307528,1.68817977,0.575766567,0.410588489,1.57E-01
FBtr0089743,1.690696088,0.753837643,0.409977397,1.57E-01
FBtr0081459,1.690848301,0.769925787,0.40994049,1.57E-01
FBtr0088375,1.691330134,0.899660646,0.409823704,1.57E-01
FBtr0076260,1.691968881,0.771405739,0.409668989,1.56E-01
FBtr0072713,1.695581641,0.942491114,0.408796111,1.56E-01
FBtr0078083,1.696626777,0.916060883,0.408544289,1.56E-01
FBtr0335473,1.696666431,0.852525825,0.408534741,1.56E-01
FBtr0074596,1.698086919,0.738757167,0.408192992,1.55E-01
FBtr0081479,1.698562722,0.795874475,0.408078649,1.55E-01
FBtr0076363,1.701007954,0.802182304,0.407492028,1.55E-01
FBtr0074334,1.701190591,0.8988734,0.40744828,1.55E-01
FBtr0077979,1.702340723,0.827878272,0.407173001,1.54E-01
FBtr0304801,1.702901989,0.806698379,0.407038799,1.54E-01
FBtr0073561,1.704550206,0.888440722,0.406645212,1.54E-01
FBtr0336458,1.706002249,0.877619846,0.406299101,1.54E-01
FBtr0302315,1.708935318,0.719860659,0.405601765,1.53E-01
FBtr0079128,1.709197848,0.805811444,0.405539465,1.53E-01
FBtr0074675,1.710599416,0.744801102,0.405207189,1.53E-01
FBtr0081246,1.711751589,0.775581318,0.404934445,1.53E-01
FBtr0079681,1.712369093,0.753869028,0.404788421,1.53E-01
FBtr0300735,1.715566644,0.643057713,0.404033957,1.52E-01
FBtr0305966,1.716869451,0.85969885,0.403727366,1.52E-01
FBtr0081150,1.71877306,0.477156523,0.403280222,1.51E-01
FBtr0082330,1.718974326,0.523882049,0.403233003,1.51E-01
FBtr0072775,1.720970417,0.869203294,0.402765308,1.51E-01
FBtr0074616,1.721442695,0.599886883,0.40265481,1.51E-01
FBtr0345253,1.723896416,0.757771371,0.402081688,1.50E-01
FBtr0087825,1.725106697,0.91765071,0.4017996,1.50E-01
FBtr0083358,1.725337019,0.890640425,0.401745962,1.50E-01
FBtr0073086,1.726008194,0.465131739,0.401589739,1.50E-01
FBtr0331572,1.728185137,0.699925843,0.401083869,1.50E-01
FBtr0075825,1.728605622,0.748924188,0.400986305,1.50E-01
FBtr0082515,1.730639572,0.933895726,0.400515042,1.49E-01
FBtr0071289,1.732341528,0.884033768,0.400121552,1.49E-01
FBtr0329999,1.733069593,0.781016141,0.39995346,1.49E-01
FBtr0077212,1.733991012,0.928962824,0.39974093,1.49E-01
FBtr0339440,1.736130452,0.433791608,0.399248328,1.48E-01
FBtr0077830,1.736566263,0.785369859,0.399148132,1.48E-01
FBtr0075141,1.738915982,0.57666843,0.398608781,1.48E-01
FBtr0077886,1.739330995,0.902667124,0.398513671,1.48E-01
FBtr0310143,1.740699626,0.518304672,0.398200339,1.47E-01
FBtr0300944,1.740732303,0.818286372,0.398192864,1.47E-01
FBtr0331976,1.7411987,0.382997658,0.398086204,1.47E-01
FBtr0110879,1.741914994,0.941479676,0.397922507,1.47E-01
FBtr0088944,1.743128921,0.741903771,0.39764539,1.47E-01
FBtr0345640,1.744937242,0.521740012,0.397233301,1.47E-01
FBtr0070245,1.746358071,0.803931062,0.396910114,1.46E-01
FBtr0074887,1.7468356,0.410443071,0.396801611,1.46E-01
FBtr0345204,1.747548481,0.341484051,0.396639743,1.46E-01
FBtr0072831,1.748741104,0.564006784,0.396369239,1.46E-01
FBtr0086971,1.7487641,0.481213321,0.396364027,1.46E-01
FBtr0082482,1.749598152,0.848195214,0.396175076,1.46E-01
FBtr0076501,1.750862511,0.329832215,0.395888984,1.46E-01
FBtr0303234,1.751796012,0.832789993,0.395678022,1.45E-01
FBtr0085199,1.752115902,0.886428136,0.395605781,1.45E-01
FBtr0079270,1.752291354,0.484334543,0.395566171,1.45E-01
FBtr0077744,1.753739971,0.895424816,0.395239427,1.45E-01
FBtr0082833,1.755171272,0.690739377,0.394917118,1.45E-01
FBtr0340148,1.755685235,0.798096359,0.394801509,1.45E-01
FBtr0334035,1.756418214,0.747025326,0.394636753,1.45E-01
FBtr0084297,1.756532791,0.819443545,0.394611011,1.45E-01
FBtr0307383,1.756858059,0.762627639,0.394537952,1.45E-01
FBtr0083563,1.758295339,0.922198396,0.394215446,1.44E-01
FBtr0334888,1.758481194,0.864882997,0.394173781,1.44E-01
FBtr0331811,1.758831248,0.621022764,0.39409533,1.44E-01
FBtr0336520,1.760070563,0.730091344,0.393817836,1.44E-01
FBtr0304887,1.760155838,0.76278694,0.393798757,1.44E-01
FBtr0075327,1.76162379,0.376563994,0.393470606,1.44E-01
FBtr0083690,1.764330382,0.498835634,0.392866998,1.43E-01
FBtr0331744,1.768469508,0.88234378,0.391947488,1.43E-01
FBtr0445187,1.769438358,0.598363593,0.391732878,1.42E-01
FBtr0074178,1.770197095,0.75175455,0.391564975,1.42E-01
FBtr0074384,1.770398975,0.916977377,0.391520324,1.42E-01
FBtr0078997,1.770656109,0.660659332,0.391463468,1.42E-01
FBtr0085367,1.77142469,0.653358923,0.391293621,1.42E-01
FBtr0340363,1.772835517,0.681444802,0.390982228,1.42E-01
FBtr0310341,1.775167104,0.369285214,0.390468694,1.41E-01
FBtr0073040,1.778036489,0.919067491,0.389838558,1.41E-01
FBtr0077453,1.780777227,0.949786984,0.38923857,1.40E-01
FBtr0308353,1.780955548,0.479715558,0.389199596,1.40E-01
FBtr0076771,1.782870625,0.761735585,0.388781536,1.40E-01
FBtr0080008,1.786021193,0.564935873,0.38809572,1.40E-01
FBtr0474232,1.786021193,0.564935873,0.38809572,1.40E-01
FBtr0071397,1.787582666,0.627640737,0.387756714,1.39E-01
FBtr0300822,1.787636942,0.669122266,0.387744941,1.39E-01
FBtr0290316,1.787968154,0.859830704,0.387673113,1.39E-01
FBtr0070825,1.788702029,0.550830868,0.387514057,1.39E-01
FBtr0076181,1.789990846,0.355970595,0.387235042,1.39E-01
FBtr0078066,1.790952463,0.93515003,0.387027124,1.39E-01
FBtr0290234,1.792567562,0.927284829,0.386678413,1.38E-01
FBtr0072914,1.795315195,0.598485358,0.386086623,1.38E-01
FBtr0308597,1.796035964,0.285979818,0.385931682,1.38E-01
FBtr0305154,1.796724009,0.929298811,0.385783892,1.38E-01
FBtr0081445,1.799545911,0.742931285,0.385178937,1.37E-01
FBtr0070390,1.799821407,0.836609537,0.385119978,1.37E-01
FBtr0074042,1.800212952,0.827914489,0.385036215,1.37E-01
FBtr0474150,1.800212952,0.827914489,0.385036215,1.37E-01
FBtr0082519,1.80034622,0.910025021,0.385007713,1.37E-01
FBtr0089330,1.804707165,0.758620525,0.38407737,1.36E-01
FBtr0074385,1.806666247,0.933840501,0.38366089,1.36E-01
FBtr0076548,1.809394987,0.955819269,0.383082293,1.36E-01
FBtr0087675,1.810663622,0.867339474,0.382813888,1.36E-01
FBtr0082891,1.811162784,0.880941091,0.382708383,1.35E-01
FBtr0330098,1.811213928,0.815116548,0.382697576,1.35E-01
FBtr0071758,1.814412322,0.931421028,0.382022968,1.35E-01
FBtr0081259,1.815585844,0.79275583,0.381776044,1.35E-01
FBtr0337015,1.815887212,0.569718841,0.381712684,1.35E-01
FBtr0340314,1.818502344,0.812618506,0.381163754,1.34E-01
FBtr0070482,1.818573257,0.857998481,0.381148891,1.34E-01
FBtr0086172,1.818829963,0.526171824,0.381095097,1.34E-01
FBtr0074577,1.81908816,0.662785342,0.381041005,1.34E-01
FBtr0339756,1.819283946,0.713338208,0.380999998,1.34E-01
FBtr0309322,1.819368925,0.482520484,0.380982203,1.34E-01
FBtr0072667,1.819609141,0.949891906,0.380931907,1.34E-01
FBtr0079960,1.820689277,0.720112156,0.380705917,1.34E-01
FBtr0302666,1.821106659,0.445048711,0.380618662,1.34E-01
FBtr0079748,1.82116923,0.893731904,0.380605585,1.34E-01
FBtr0082406,1.82253627,0.757782512,0.380320102,1.34E-01
FBtr0346608,1.822801516,0.464665849,0.38026476,1.34E-01
FBtr0076488,1.823118695,0.809513798,0.380198603,1.34E-01
FBtr0087278,1.825279921,0.82000291,0.379748428,1.33E-01
FBtr0300128,1.826012048,0.922210861,0.37959617,1.33E-01
FBtr0331646,1.826423706,0.452748345,0.379510613,1.33E-01
FBtr0075393,1.827930022,0.795154843,0.379197875,1.33E-01
FBtr0330137,1.827930022,0.795154843,0.379197875,1.33E-01
FBtr0302609,1.828696727,0.690261835,0.379038892,1.33E-01
FBtr0086126,1.829294854,0.917323939,0.378914957,1.33E-01
FBtr0071756,1.830102043,0.774912164,0.378747832,1.32E-01
FBtr0077815,1.830422267,0.77060529,0.378681571,1.32E-01
FBtr0086970,1.831685206,0.631539257,0.378420472,1.32E-01
FBtr0081442,1.831797527,0.80960845,0.378397268,1.32E-01
FBtr0072987,1.833101185,0.398396502,0.378128161,1.32E-01
FBtr0078837,1.834033119,0.877654746,0.377936022,1.32E-01
FBtr0333085,1.834195943,0.32683054,0.377902472,1.32E-01
FBtr0333909,1.837748918,0.824005699,0.377171862,1.31E-01
FBtr0334160,1.838300022,0.615681292,0.377058789,1.31E-01
FBtr0300751,1.839933451,0.785619615,0.37672405,1.31E-01
FBtr0347425,1.840002614,0.533158233,0.376709889,1.31E-01
FBtr0347424,1.840002614,0.533158233,0.376709889,1.31E-01
FBtr0088692,1.841606958,0.635084384,0.376381713,1.31E-01
FBtr0082715,1.842630006,0.888009064,0.376172741,1.30E-01
FBtr0079872,1.843680222,0.860993516,0.375958462,1.30E-01
FBtr0330046,1.844373588,0.679591436,0.375817126,1.30E-01
FBtr0089521,1.844373588,0.679591436,0.375817126,1.30E-01
FBtr0300973,1.846073881,0.789207666,0.375470986,1.30E-01
FBtr0300975,1.846073881,0.789207666,0.375470986,1.30E-01
FBtr0073798,1.848006369,0.887403895,0.37507835,1.30E-01
FBtr0301139,1.848617736,0.745120019,0.374954306,1.30E-01
FBtr0070334,1.849993594,0.772930605,0.374675449,1.29E-01
FBtr0079268,1.850600819,0.915774158,0.374552509,1.29E-01
FBtr0071757,1.852583449,0.643638081,0.374151664,1.29E-01
FBtr0073992,1.853252531,0.330398639,0.374016584,1.29E-01
FBtr0088676,1.855283429,0.652759547,0.373607164,1.29E-01
FBtr0111006,1.856347014,0.546746394,0.373393108,1.28E-01
FBtr0073774,1.857236052,0.630190235,0.373214369,1.28E-01
FBtr0073244,1.857802024,0.813797623,0.37310067,1.28E-01
FBtr0310296,1.858084518,0.424302653,0.373043946,1.28E-01
FBtr0332728,1.859123773,0.531017099,0.372835413,1.28E-01
FBtr0082233,1.865730539,0.84632738,0.37151516,1.27E-01
FBtr0074946,1.867409638,0.941456488,0.371181109,1.27E-01
FBtr0077080,1.871158605,0.941916221,0.370437428,1.26E-01
FBtr0088458,1.872405791,0.820040042,0.370190684,1.26E-01
FBtr0079710,1.874230153,0.522539653,0.369830343,1.26E-01
FBtr0100591,1.876907721,0.770501706,0.369302749,1.25E-01
FBtr0006151,1.876907721,0.770501706,0.369302749,1.25E-01
FBtr0299558,1.878484944,0.902322911,0.368992673,1.25E-01
FBtr0079403,1.879651644,0.816058179,0.368763639,1.25E-01
FBtr0337051,1.879891669,0.593463808,0.368716555,1.25E-01
FBtr0083114,1.880977552,0.607089959,0.368503696,1.25E-01
FBtr0076011,1.882875442,0.891285494,0.368132254,1.24E-01
FBtr0347063,1.883216117,0.509513224,0.368065659,1.24E-01
FBtr0334531,1.883233484,0.611158122,0.368062264,1.24E-01
FBtr0329974,1.886609866,0.903721172,0.36740356,1.24E-01
FBtr0303997,1.887136539,0.514495275,0.367301023,1.24E-01
FBtr0100379,1.887961515,0.456032404,0.367140524,1.24E-01
FBtr0077243,1.887981002,0.608123739,0.367136735,1.24E-01
FBtr0300382,1.888776863,0.898537384,0.366982037,1.24E-01
FBtr0321282,1.889576973,0.699475416,0.366826645,1.23E-01
FBtr0084252,1.890692445,0.68869281,0.366610224,1.23E-01
FBtr0334895,1.891113016,0.851782154,0.366528692,1.23E-01
FBtr0072755,1.891329061,0.485955793,0.366486824,1.23E-01
FBtr0300011,1.891879434,0.540773468,0.366380208,1.23E-01
FBtr0087804,1.892136641,0.573132579,0.366330404,1.23E-01
FBtr0087975,1.892600402,0.924142301,0.366240639,1.23E-01
FBtr0346336,1.896850698,0.799689163,0.365419999,1.22E-01
FBtr0332493,1.902565495,0.867549176,0.364322375,1.22E-01
FBtr0088632,1.902825917,0.952509028,0.364272514,1.22E-01
FBtr0303886,1.903782959,0.801027302,0.364089392,1.21E-01
FBtr0087806,1.906273208,0.565808955,0.363613766,1.21E-01
FBtr0086750,1.909049322,0.618575978,0.363085004,1.21E-01
FBtr0078203,1.909645391,0.756229118,0.362971672,1.21E-01
FBtr0082755,1.910651783,0.325294889,0.362780485,1.20E-01
FBtr0303341,1.912560782,0.803855748,0.36241838,1.20E-01
FBtr0070827,1.913895322,0.726582155,0.362165669,1.20E-01
FBtr0079878,1.916175219,0.918568796,0.361734759,1.20E-01
FBtr0079384,1.917176504,0.36567306,0.361545835,1.19E-01
FBtr0084034,1.919343719,0.848611449,0.361137598,1.19E-01
FBtr0083409,1.921358504,0.568708589,0.3607589,1.19E-01
FBtr0089648,1.921804309,0.838349923,0.360675214,1.19E-01
FBtr0076706,1.921914766,0.783291071,0.360654485,1.19E-01
FBtr0074924,1.92301475,0.926407109,0.360448187,1.19E-01
FBtr0085825,1.924025741,0.77889596,0.360258788,1.19E-01
FBtr0305988,1.924478054,0.341427791,0.360174115,1.18E-01
FBtr0077246,1.925982988,0.53323615,0.359892681,1.18E-01
FBtr0084356,1.926374884,0.871189481,0.359819465,1.18E-01
FBtr0070558,1.928301197,0.675205256,0.359460017,1.18E-01
FBtr0333147,1.928629819,0.596893788,0.359398768,1.18E-01
FBtr0305184,1.929118737,0.826851891,0.359307681,1.18E-01
FBtr0085795,1.930128235,0.834972101,0.359119756,1.18E-01
FBtr0070338,1.930733769,0.66468407,0.359007126,1.18E-01
FBtr0073600,1.930951777,0.853054453,0.358966593,1.18E-01
FBtr0075041,1.931022528,0.755168885,0.358953441,1.18E-01
FBtr0345317,1.931866133,0.941814837,0.358796693,1.17E-01
FBtr0331632,1.932590458,0.586830101,0.358662218,1.17E-01
FBtr0331717,1.932731505,0.918878206,0.358636044,1.17E-01
FBtr0079608,1.934957284,0.885359913,0.358223505,1.17E-01
FBtr0071538,1.936375144,0.656038349,0.357961205,1.17E-01
FBtr0076674,1.937180594,0.389032419,0.357812371,1.17E-01
FBtr0088478,1.939205677,0.93061943,0.357438712,1.16E-01
FBtr0084477,1.940528633,0.534759182,0.357195029,1.16E-01
FBtr0332727,1.940716662,0.90525272,0.357160421,1.16E-01
FBtr0335004,1.941711949,0.62756943,0.356977347,1.16E-01
FBtr0332423,1.942662324,0.886587096,0.356802709,1.16E-01
FBtr0304052,1.945237658,0.8681552,0.356330332,1.16E-01
FBtr0070947,1.946304445,0.640345228,0.356135024,1.15E-01
FBtr0300255,1.947477134,0.586720647,0.355920575,1.15E-01
FBtr0347187,1.94791585,0.464016536,0.355840413,1.15E-01
FBtr0339281,1.952298663,0.596822561,0.355041569,1.15E-01
FBtr0074922,1.952487664,0.932563874,0.355007201,1.15E-01
FBtr0301277,1.952843251,0.700753162,0.354942559,1.15E-01
FBtr0445725,1.953408354,0.799385384,0.354839877,1.15E-01
FBtr0086245,1.953780488,0.878726822,0.354772291,1.14E-01
FBtr0335218,1.954323673,0.948240561,0.354673686,1.14E-01
FBtr0345318,1.955007935,0.827880919,0.354549549,1.14E-01
FBtr0329951,1.956717549,0.690579656,0.354239773,1.14E-01
FBtr0079272,1.956717549,0.690579656,0.354239773,1.14E-01
FBtr0087759,1.95844832,0.697705152,0.353926715,1.14E-01
FBtr0085702,1.958952532,0.866866525,0.353835618,1.14E-01
FBtr0333084,1.959985853,0.93447683,0.353649073,1.14E-01
FBtr0075783,1.960049286,0.64520791,0.353637628,1.14E-01
FBtr0082002,1.961349265,0.70764324,0.353403238,1.13E-01
FBtr0087865,1.961621228,0.92672143,0.353354241,1.13E-01
FBtr0077351,1.962646908,0.802877363,0.353169578,1.13E-01
FBtr0077120,1.96352967,0.680034958,0.3530108,1.13E-01
FBtr0334706,1.964320824,0.950585527,0.352868621,1.13E-01
FBtr0310139,1.964598904,0.286259394,0.352818674,1.13E-01
FBtr0346437,1.965026775,0.485827713,0.35274185,1.13E-01
FBtr0079263,1.965517599,0.852331815,0.352653765,1.13E-01
FBtr0070337,1.965875057,0.802066008,0.352589641,1.13E-01
FBtr0081285,1.966513207,0.869454729,0.352475223,1.13E-01
FBtr0330036,1.966677875,0.712679715,0.35244571,1.13E-01
FBtr0083859,1.966677875,0.712679715,0.35244571,1.13E-01
FBtr0088137,1.966743705,0.950191208,0.352433913,1.13E-01
FBtr0084569,1.968164562,0.429460793,0.352179484,1.13E-01
FBtr0074579,1.968261685,0.826019927,0.352162106,1.13E-01
FBtr0085383,1.968273647,0.886780122,0.352159966,1.13E-01
FBtr0301044,1.971497543,0.938336548,0.351584096,1.12E-01
FBtr0072679,1.97190801,0.921272193,0.351510911,1.12E-01
FBtr0082627,1.975507505,0.425271454,0.350870436,1.12E-01
FBtr0077218,1.97596516,0.45073193,0.350789171,1.12E-01
FBtr0072013,1.976740995,0.888438606,0.350651493,1.11E-01
FBtr0347274,1.98292738,0.944385904,0.349557522,1.11E-01
FBtr0076870,1.984265471,0.851278312,0.349321797,1.10E-01
FBtr0078131,1.985084521,0.905503986,0.349177666,1.10E-01
FBtr0330035,1.985365925,0.691237748,0.349128174,1.10E-01
FBtr0071640,1.985703493,0.897837989,0.349068823,1.10E-01
FBtr0100282,1.986182841,0.946905812,0.348984578,1.10E-01
FBtr0330006,1.987071583,0.880139476,0.34882849,1.10E-01
FBtr0081946,1.988396996,0.748067822,0.348595971,1.10E-01
FBtr0085695,1.990410256,0.811275672,0.348243373,1.10E-01
FBtr0339403,1.990668777,0.538411065,0.348198148,1.10E-01
FBtr0085458,1.990839942,0.907324399,0.348168211,1.10E-01
FBtr0333247,1.992238525,0.367408497,0.347923791,1.09E-01
FBtr0334673,1.99855049,0.671773632,0.346824953,1.09E-01
FBtr0073434,2.000056128,0.927305833,0.346563864,1.08E-01
FBtr0084481,2.000603083,0.929651938,0.346469116,1.08E-01
FBtr0100593,2.001384899,0.489916114,0.346333772,1.08E-01
FBtr0100187,2.001384899,0.489916114,0.346333772,1.08E-01
FBtr0273230,2.003266443,0.643855897,0.346008482,1.08E-01
FBtr0072132,2.004202314,0.758160502,0.345846912,1.08E-01
FBtr0077243,2.005024234,0.322247446,0.345705139,1.08E-01
FBtr0086115,2.010697071,0.707620358,0.344729791,1.07E-01
FBtr0087897,2.011957245,0.663697459,0.344513872,1.07E-01
FBtr0300401,2.012526152,0.877194663,0.344416484,1.07E-01
FBtr0070584,2.014869197,0.853322786,0.34401597,1.07E-01
FBtr0074697,2.014992516,0.498311139,0.343994916,1.07E-01
FBtr0330297,2.015778424,0.622914561,0.343860799,1.07E-01
FBtr0084897,2.016398443,0.759863758,0.343755066,1.06E-01
FBtr0330375,2.016398443,0.759863758,0.343755066,1.06E-01
FBtr0085436,2.017999213,0.669131461,0.343482384,1.06E-01
FBtr0114548,2.021878551,0.599303325,0.342823351,1.06E-01
FBtr0074998,2.022657966,0.793203179,0.342691247,1.06E-01
FBtr0088136,2.025503826,0.95440602,0.342209761,1.05E-01
FBtr0332572,2.028818458,0.929067571,0.341650668,1.05E-01
FBtr0334074,2.030532103,0.905187735,0.341362335,1.05E-01
FBtr0339682,2.031564644,0.805291849,0.341188838,1.05E-01
FBtr0072434,2.033684033,0.928431723,0.340833271,1.04E-01
FBtr0273368,2.034218887,0.551457887,0.340743656,1.04E-01
FBtr0079745,2.034365488,0.76561661,0.340719101,1.04E-01
FBtr0300402,2.034786279,0.860305208,0.340648641,1.04E-01
FBtr0088888,2.035272244,0.804971784,0.340567304,1.04E-01
FBtr0081208,2.036336947,0.926882326,0.340389237,1.04E-01
FBtr0343648,2.036946803,0.824321375,0.340287326,1.04E-01
FBtr0077504,2.037119185,0.916585908,0.340258531,1.04E-01
FBtr0113195,2.037354794,0.744145188,0.340219182,1.04E-01
FBtr0336997,2.039144585,0.534741625,0.339920566,1.04E-01
FBtr0110795,2.03994261,0.793895198,0.339787589,1.04E-01
FBtr0336766,2.04014742,0.823314318,0.339753477,1.04E-01
FBtr0301503,2.041234125,0.668677392,0.339572601,1.03E-01
FBtr0300997,2.042450025,0.67832349,0.339370448,1.03E-01
FBtr0086108,2.042780958,0.940843771,0.33931547,1.03E-01
FBtr0075232,2.044574867,0.786715997,0.339017755,1.03E-01
FBtr0079084,2.045770044,0.957100037,0.338819694,1.03E-01
FBtr0301682,2.0464089,0.358462979,0.33871392,1.03E-01
FBtr0299661,2.047176799,0.963693395,0.338586868,1.03E-01
FBtr0330167,2.048192044,0.866205058,0.338419038,1.03E-01
FBtr0085088,2.048192044,0.866205058,0.338419038,1.03E-01
FBtr0071158,2.048220643,0.949127119,0.338414312,1.03E-01
FBtr0303868,2.048862142,0.651239789,0.338308355,1.03E-01
FBtr0074557,2.049573508,0.686806333,0.338190935,1.02E-01
FBtr0345606,2.049793551,0.676997872,0.33815463,1.02E-01
FBtr0080263,2.054067093,0.929902272,0.337451091,1.02E-01
FBtr0335019,2.056918004,0.886472759,0.33698338,1.02E-01
FBtr0339544,2.057863829,0.638475783,0.336828497,1.01E-01
FBtr0088701,2.059578194,0.751696677,0.336548126,1.01E-01
FBtr0331172,2.059621533,0.69155303,0.336541044,1.01E-01
FBtr0075025,2.060165299,0.950958221,0.336452216,1.01E-01
FBtr0110803,2.060678681,0.342824439,0.336368395,1.01E-01
FBtr0340365,2.061572572,0.939885627,0.336222547,1.01E-01
FBtr0087259,2.061813005,0.824264353,0.336183339,1.01E-01
FBtr0071632,2.061879879,0.744030243,0.336172435,1.01E-01
FBtr0330236,2.061879879,0.744030243,0.336172435,1.01E-01
FBtr0339695,2.06198956,0.834152833,0.336154554,1.01E-01
FBtr0301708,2.065522289,0.937233157,0.335579618,1.01E-01
FBtr0345789,2.071981269,0.790924067,0.334533517,9.99E-02
FBtr0076814,2.072355068,0.591757477,0.334473176,9.98E-02
FBtr0076396,2.072851113,0.916114133,0.334393134,9.98E-02
FBtr0083616,2.074371471,0.752150775,0.334148049,9.96E-02
FBtr0331264,2.07538395,0.34133897,0.333985035,9.95E-02
FBtr0331271,2.07538395,0.34133897,0.333985035,9.95E-02
FBtr0071018,2.07661311,0.882243236,0.333787347,9.93E-02
FBtr0070140,2.080285034,0.809949304,0.333198177,9.89E-02
FBtr0346613,2.080411752,0.810053207,0.333177882,9.89E-02
FBtr0339434,2.080645295,0.531363933,0.333140484,9.89E-02
FBtr0081228,2.081252689,0.861145831,0.33304326,9.88E-02
FBtr0113781,2.082994295,0.8635758,0.3327648,9.86E-02
FBtr0070847,2.085574627,0.67934465,0.332353094,9.83E-02
FBtr0077562,2.086927752,0.620162303,0.332137603,9.82E-02
FBtr0343126,2.087321744,0.845451005,0.33207491,9.81E-02
FBtr0085304,2.088726206,0.907638929,0.331851623,9.80E-02
FBtr0300017,2.090013906,0.717125785,0.331647162,9.78E-02
FBtr0343535,2.0904765,0.870654074,0.331573773,9.78E-02
FBtr0071988,2.09150791,0.919059523,0.33141026,9.77E-02
FBtr0089069,2.091632585,0.739215037,0.331390506,9.77E-02
FBtr0301480,2.092651404,0.761843823,0.331229167,9.75E-02
FBtr0339150,2.092930577,0.665360397,0.331184984,9.75E-02
FBtr0087784,2.093577675,0.911233027,0.331082619,9.74E-02
FBtr0087606,2.09395942,0.779508637,0.331022261,9.74E-02
FBtr0339700,2.094261797,0.772642448,0.330974466,9.74E-02
FBtr0077713,2.094799682,0.619527891,0.330889482,9.73E-02
FBtr0113333,2.094841311,0.650026764,0.330882906,9.73E-02
FBtr0340298,2.096531819,0.865412274,0.330616103,9.71E-02
FBtr0302730,2.097373606,0.746539452,0.33048341,9.70E-02
FBtr0071316,2.098600078,0.476468928,0.330290267,9.69E-02
FBtr0304051,2.099086136,0.83433512,0.330213786,9.68E-02
FBtr0334276,2.099575893,0.830491433,0.330136759,9.68E-02
FBtr0305216,2.101396603,0.585031482,0.329850719,9.66E-02
FBtr0076500,2.102294024,0.899367381,0.329709913,9.65E-02
FBtr0273304,2.103086033,0.457923099,0.329585747,9.64E-02
FBtr0087848,2.1046597,0.637448803,0.329339313,9.62E-02
FBtr0302907,2.104993154,0.968418865,0.329287142,9.62E-02
FBtr0084892,2.10670943,0.777522148,0.329018882,9.60E-02
FBtr0089970,2.106763072,0.902130765,0.329010504,9.60E-02
FBtr0071249,2.106918433,0.785381945,0.328986243,9.60E-02
FBtr0080222,2.108370057,0.956951896,0.328759735,9.58E-02
FBtr0073652,2.109435403,0.942743233,0.328593698,9.57E-02
FBtr0301626,2.109499631,0.451799085,0.328583694,9.57E-02
FBtr0344139,2.109737354,0.624183947,0.328546669,9.57E-02
FBtr0333387,2.110359697,0.912061706,0.328449781,9.56E-02
FBtr0077739,2.111813917,0.801794917,0.328223607,9.54E-02
FBtr0308851,2.11304307,0.257693992,0.32803268,9.53E-02
FBtr0073827,2.114023025,0.866306186,0.32788062,9.52E-02
FBtr0310441,2.115847963,0.880934734,0.32759782,9.50E-02
FBtr0301269,2.119365073,0.626486333,0.327054168,9.46E-02
FBtr0306813,2.123953781,0.67190507,0.326347582,9.41E-02
FBtr0076271,2.126635532,0.639914116,0.325936048,9.38E-02
FBtr0082522,2.126946199,0.525539598,0.325888441,9.38E-02
FBtr0078986,2.127175415,0.800848597,0.325853324,9.38E-02
FBtr0084910,2.127561576,0.531265456,0.325794181,9.37E-02
FBtr0076272,2.127857053,0.732491038,0.32574894,9.37E-02
FBtr0075422,2.127983754,0.594590841,0.325729545,9.37E-02
FBtr0075772,2.128354827,0.8064765,0.325672755,9.37E-02
FBtr0333696,2.129107656,0.634750919,0.325557601,9.36E-02
FBtr0073505,2.129357289,0.932325767,0.325519435,9.35E-02
FBtr0080419,2.129673232,0.42109526,0.325471143,9.35E-02
FBtr0339571,2.131118066,0.660313696,0.325250483,9.34E-02
FBtr0078803,2.131852675,0.924738735,0.325138406,9.33E-02
FBtr0300000,2.131936216,0.889460327,0.325125665,9.33E-02
FBtr0343377,2.133264587,0.552570429,0.324923211,9.31E-02
FBtr0072015,2.135454668,0.65717873,0.324589977,9.29E-02
FBtr0075452,2.135756385,0.544800683,0.324544122,9.29E-02
FBtr0085856,2.138327323,0.942019891,0.324153918,9.26E-02
FBtr0331644,2.139646899,0.755184091,0.323954004,9.25E-02
FBtr0300339,2.140883074,0.317100378,0.323766949,9.23E-02
FBtr0083732,2.141069711,0.884124577,0.323738726,9.23E-02
FBtr0333428,2.141380212,0.758920778,0.323691784,9.23E-02
FBtr0339839,2.141602547,0.536828009,0.323658179,9.23E-02
FBtr0086746,2.143238001,0.815877558,0.323411203,9.21E-02
FBtr0110942,2.144343507,0.688950398,0.32324447,9.20E-02
FBtr0076514,2.144675911,0.7079853,0.32319437,9.19E-02
FBtr0072604,2.145710622,0.424053186,0.323038519,9.18E-02
FBtr0075229,2.148789248,0.594749976,0.322575693,9.15E-02
FBtr0342837,2.148981825,0.840370265,0.322546786,9.15E-02
FBtr0088078,2.149006749,0.771373451,0.322543045,9.15E-02
FBtr0083277,2.151060457,0.885893269,0.3222351,9.13E-02
FBtr0299942,2.152489048,0.892781261,0.322021235,9.11E-02
FBtr0079947,2.153611732,0.887820976,0.321853364,9.10E-02
FBtr0309246,2.153759917,0.899725416,0.32183122,9.10E-02
FBtr0332870,2.154923001,0.959004388,0.321657516,9.09E-02
FBtr0071009,2.156671725,0.399363284,0.321396702,9.07E-02
FBtr0342870,2.157801777,0.297191805,0.321228385,9.06E-02
FBtr0081958,2.160734359,0.798631289,0.320792409,9.03E-02
FBtr0073431,2.163908701,0.894262603,0.320321823,9.00E-02
FBtr0077513,2.164792854,0.898793378,0.320190996,8.99E-02
FBtr0077243,2.16586211,0.398526554,0.320032922,8.98E-02
FBtr0076732,2.167072988,0.29287844,0.3198541,8.96E-02
FBtr0078946,2.167894196,0.896540069,0.319732938,8.96E-02
FBtr0070442,2.168079283,0.791080558,0.319705643,8.95E-02
FBtr0332642,2.170688212,0.580427194,0.319321392,8.93E-02
FBtr0342744,2.171619157,0.398034661,0.319184503,8.92E-02
FBtr0080707,2.173161214,0.602463189,0.318958012,8.90E-02
FBtr0330714,2.176596346,0.874578462,0.318454628,8.87E-02
FBtr0340541,2.178922889,0.55414102,0.318114599,8.84E-02
FBtr0079869,2.180472237,0.932739015,0.31788856,8.83E-02
FBtr0307525,2.180857502,0.650039973,0.317832403,8.83E-02
FBtr0336864,2.180966288,0.61865187,0.31781655,8.82E-02
FBtr0100020,2.181532566,0.767603784,0.317734051,8.82E-02
FBtr0306138,2.182570547,0.456548548,0.317582944,8.81E-02
FBtr0084290,2.182672603,0.421043815,0.317568095,8.81E-02
FBtr0300254,2.18345021,0.72456539,0.317454997,8.80E-02
FBtr0088889,2.185215561,0.423367282,0.317198538,8.78E-02
FBtr0301847,2.186373818,0.951861142,0.317030498,8.77E-02
FBtr0085995,2.187973607,0.664241292,0.316798694,8.76E-02
FBtr0089345,2.188207971,0.831333524,0.316764764,8.75E-02
FBtr0073771,2.18876264,0.82690647,0.31668449,8.75E-02
FBtr0305580,2.1891265,0.709718425,0.316631853,8.74E-02
FBtr0084550,2.189626738,0.923802862,0.316559516,8.74E-02
FBtr0304890,2.191742578,0.926540618,0.316253919,8.72E-02
FBtr0333929,2.192533354,0.82173719,0.316139857,8.71E-02
FBtr0070007,2.193123795,0.653672132,0.316054744,8.70E-02
FBtr0342951,2.193304386,0.825726082,0.316028721,8.70E-02
FBtr0340477,2.194039431,0.788202623,0.315922846,8.70E-02
FBtr0074030,2.196918206,0.914071835,0.31550887,8.67E-02
FBtr0334672,2.197377935,0.728239314,0.31544286,8.66E-02
FBtr0071237,2.202806886,0.382803657,0.314665432,8.61E-02
FBtr0300730,2.205620924,0.859626166,0.314263967,8.58E-02
FBtr0340278,2.206824278,0.518209017,0.314092602,8.57E-02
FBtr0074290,2.206943572,0.521111949,0.314075625,8.57E-02
FBtr0071484,2.207103088,0.461821809,0.314052925,8.57E-02
FBtr0077517,2.207573914,0.90134444,0.313985945,8.56E-02
FBtr0342654,2.207577585,0.816158122,0.313985422,8.56E-02
FBtr0332149,2.21024543,0.86425131,0.313606431,8.54E-02
FBtr0072014,2.210874781,0.742669529,0.313517159,8.53E-02
FBtr0082630,2.21115645,0.966584078,0.313477222,8.53E-02
FBtr0075354,2.211909051,0.768956745,0.313370561,8.52E-02
FBtr0084628,2.212631091,0.897099372,0.3132683,8.52E-02
FBtr0330237,2.215117398,0.827644394,0.312916679,8.49E-02
FBtr0072290,2.215117398,0.827644394,0.312916679,8.49E-02
FBtr0070161,2.215321942,0.81920101,0.312887787,8.49E-02
FBtr0076620,2.215515714,0.90183305,0.312860422,8.49E-02
FBtr0072391,2.216798777,0.908472905,0.312679341,8.48E-02
FBtr0309236,2.219266284,0.474962094,0.312331686,8.45E-02
FBtr0070640,2.221106734,0.572509428,0.312072882,8.43E-02
FBtr0078016,2.222684801,0.794819138,0.311851316,8.42E-02
FBtr0084776,2.222832591,0.665214373,0.311830582,8.42E-02
FBtr0330000,2.22316641,0.459716722,0.311783759,8.42E-02
FBtr0086780,2.22316641,0.459716722,0.311783759,8.42E-02
FBtr0071582,2.224067224,0.713823353,0.311657477,8.41E-02
FBtr0082414,2.224650052,0.444610402,0.311575827,8.40E-02
FBtr0346120,2.226454292,0.555685225,0.311323337,8.38E-02
FBtr0303857,2.227553429,0.676261555,0.311169722,8.37E-02
FBtr0100594,2.227731127,0.789858983,0.311144901,8.37E-02
FBtr0301244,2.228766611,0.872146839,0.311000343,8.36E-02
FBtr0085704,2.230484402,0.403181741,0.310760828,8.35E-02
FBtr0332383,2.231633673,0.912810372,0.310600789,8.34E-02
FBtr0339113,2.231685058,0.73345982,0.310593638,8.34E-02
FBtr0082385,2.232005091,0.830675989,0.310549104,8.33E-02
FBtr0080824,2.234654939,0.786484148,0.310180855,8.31E-02
FBtr0075786,2.235529367,0.637286625,0.310059528,8.30E-02
FBtr0086226,2.235662619,0.824387263,0.310041048,8.30E-02
FBtr0302698,2.235781363,0.762394815,0.310024581,8.30E-02
FBtr0076544,2.239311902,0.895734357,0.309535791,8.26E-02
FBtr0331401,2.240725603,0.333440228,0.309340501,8.25E-02
FBtr0332496,2.240794322,0.336653062,0.309331014,8.25E-02
FBtr0082520,2.242034292,0.827431935,0.309159937,8.24E-02
FBtr0307092,2.244616954,0.856197658,0.308804217,8.22E-02
FBtr0081005,2.247846274,0.934271665,0.30836058,8.19E-02
FBtr0088043,2.247882608,0.89975531,0.308355596,8.19E-02
FBtr0113015,2.250642496,0.570013355,0.307977469,8.16E-02
FBtr0304802,2.251310311,0.874303405,0.307886113,8.15E-02
FBtr0332977,2.252346808,0.621726273,0.307744428,8.15E-02
FBtr0088902,2.253429867,0.53227728,0.307596518,8.14E-02
FBtr0113019,2.254820622,0.877880504,0.307406795,8.12E-02
FBtr0073547,2.255615836,0.417427555,0.307298419,8.12E-02
FBtr0081613,2.256200932,0.647681927,0.307218728,8.11E-02
FBtr0088255,2.256793957,0.774821962,0.307137999,8.10E-02
FBtr0083094,2.257602086,0.600058334,0.307028056,8.10E-02
FBtr0087887,2.258475495,0.494053266,0.306909321,8.09E-02
FBtr0332104,2.261260725,0.608524477,0.306531296,8.06E-02
FBtr0081867,2.263072364,0.789501494,0.306285911,8.05E-02
FBtr0081465,2.263470963,0.751160837,0.306231974,8.04E-02
FBtr0305569,2.264753912,0.637888898,0.306058498,8.03E-02
FBtr0085819,2.266520389,0.692388383,0.305819963,8.02E-02
FBtr0077814,2.26756806,0.933672533,0.305678666,8.01E-02
FBtr0079862,2.268498578,0.847851295,0.30555328,8.00E-02
FBtr0075605,2.269622868,0.753155305,0.30540192,7.99E-02
FBtr0082392,2.272058131,0.475992417,0.30507458,7.97E-02
FBtr0077243,2.272830464,0.305711699,0.304970913,7.96E-02
FBtr0088882,2.275421455,0.800880187,0.304623646,7.94E-02
FBtr0344030,2.275606644,0.724989697,0.304598856,7.94E-02
FBtr0302651,2.276733183,0.886561358,0.304448139,7.93E-02
FBtr0307181,2.27701356,0.371047753,0.304410651,7.92E-02
FBtr0085676,2.278367215,0.771930384,0.304229791,7.91E-02
FBtr0072663,2.278495789,0.750263334,0.304212623,7.91E-02
FBtr0087738,2.278735974,0.818274792,0.304180558,7.91E-02
FBtr0072315,2.27874023,0.930868279,0.30417999,7.91E-02
FBtr0307306,2.279023993,0.807701909,0.304142116,7.91E-02
FBtr0344910,2.279523266,0.615861689,0.304075502,7.90E-02
FBtr0079932,2.280441513,0.564938798,0.303953062,7.89E-02
FBtr0071038,2.282212733,0.376929912,0.303717165,7.88E-02
FBtr0080197,2.285422674,0.909420165,0.303290585,7.85E-02
FBtr0333695,2.289728662,0.41097313,0.302720227,7.81E-02
FBtr0113069,2.291064226,0.914663634,0.302543758,7.80E-02
FBtr0330651,2.294366383,0.689901605,0.302108323,7.77E-02
FBtr0087684,2.294878297,0.65786553,0.302040932,7.77E-02
FBtr0077159,2.297113589,0.323090518,0.30174702,7.75E-02
FBtr0085390,2.29869549,0.8704479,0.301539366,7.73E-02
FBtr0077910,2.298852791,0.637729718,0.301518733,7.73E-02
FBtr0075785,2.29980663,0.842510426,0.301393679,7.73E-02
FBtr0087344,2.301549137,0.807527953,0.301165493,7.71E-02
FBtr0081233,2.301665864,0.89501537,0.30115022,7.71E-02
FBtr0079900,2.302342506,0.772515275,0.301061714,7.70E-02
FBtr0332982,2.303268155,0.636454001,0.300940722,7.70E-02
FBtr0344290,2.303871145,0.797337913,0.300861957,7.69E-02
FBtr0113374,2.306987608,0.732488778,0.300455528,7.66E-02
FBtr0333392,2.308308974,0.437955298,0.300283536,7.65E-02
FBtr0339552,2.309951165,0.483214235,0.300070058,7.64E-02
FBtr0078319,2.310119788,0.774567459,0.300048155,7.64E-02
FBtr0075782,2.311551823,0.956497302,0.299862272,7.63E-02
FBtr0344326,2.312591368,0.729647784,0.299727479,7.62E-02
FBtr0087148,2.315742965,0.465251222,0.299319567,7.59E-02
FBtr0340093,2.31884374,0.546074886,0.298919314,7.56E-02
FBtr0080148,2.319681973,0.83781859,0.298811298,7.56E-02
FBtr0308085,2.320640332,0.394260841,0.298687897,7.55E-02
FBtr0084384,2.321881697,0.908017758,0.298528207,7.54E-02
FBtr0078231,2.326120395,0.373210946,0.297984224,7.50E-02
FBtr0078267,2.326903286,0.859934616,0.297883966,7.50E-02
FBtr0085705,2.326974438,0.410622778,0.297874858,7.50E-02
FBtr0088683,2.328386501,0.842409395,0.29769421,7.48E-02
FBtr0339461,2.329470218,0.711771475,0.297555717,7.48E-02
FBtr0340004,2.332193624,0.444567671,0.297208248,7.45E-02
FBtr0086464,2.334605606,0.825339989,0.296901189,7.43E-02
FBtr0305198,2.338007944,0.391352594,0.29646913,7.40E-02
FBtr0079052,2.340367848,0.81427803,0.296170186,7.39E-02
FBtr0072865,2.341104176,0.75348947,0.296077034,7.38E-02
FBtr0083733,2.341954753,0.954175103,0.295969501,7.37E-02
FBtr0300719,2.342109117,0.441054406,0.295949995,7.37E-02
FBtr0306655,2.342470863,0.538116596,0.295904291,7.37E-02
FBtr0343624,2.344240009,0.520348455,0.295680979,7.35E-02
FBtr0075776,2.344661758,0.807713116,0.295627793,7.35E-02
FBtr0335518,2.346302712,0.854052641,0.295421037,7.34E-02
FBtr0336918,2.348505447,0.89852187,0.295143953,7.32E-02
FBtr0339708,2.348708619,0.80646436,0.295118422,7.32E-02
FBtr0071541,2.351299428,0.883562508,0.294793242,7.30E-02
FBtr0077519,2.35468425,0.787261603,0.294369481,7.27E-02
FBtr0077677,2.357201407,0.892081112,0.294055136,7.25E-02
FBtr0073287,2.361338751,0.751355823,0.293539917,7.22E-02
FBtr0344265,2.362229641,0.838978586,0.293429211,7.21E-02
FBtr0112520,2.363440926,0.926141457,0.293278826,7.20E-02
FBtr0110909,2.367338208,0.523060847,0.29279601,7.17E-02
FBtr0088719,2.369952083,0.586132434,0.292473078,7.15E-02
FBtr0084452,2.371597247,0.808659256,0.292270191,7.14E-02
FBtr0073763,2.375057869,0.919957221,0.291844333,7.11E-02
FBtr0079886,2.375676097,0.656213817,0.291768386,7.10E-02
FBtr0073662,2.375770098,0.640534208,0.291756842,7.10E-02
FBtr0089480,2.376471659,0.684362312,0.291670712,7.10E-02
FBtr0085828,2.377142355,0.899028655,0.291588419,7.09E-02
FBtr0081507,2.377263605,0.431232245,0.291573547,7.09E-02
FBtr0082360,2.377500987,0.944571746,0.291544434,7.09E-02
FBtr0334339,2.378138293,0.854563947,0.291466305,7.08E-02
FBtr0088997,2.378276193,0.881519049,0.291449405,7.08E-02
FBtr0071169,2.378681471,0.861414601,0.291399748,7.08E-02
FBtr0332873,2.378951962,0.645604692,0.291366615,7.08E-02
FBtr0303031,2.382502363,0.703446699,0.290932421,7.05E-02
FBtr0332597,2.387635269,0.774250268,0.290306978,7.01E-02
FBtr0301478,2.389400481,0.756886578,0.290092509,7.00E-02
FBtr0082730,2.389655249,0.886277292,0.290061581,6.99E-02
FBtr0339116,2.389855478,0.632401506,0.290037279,6.99E-02
FBtr0070848,2.390335804,0.711168331,0.289978998,6.99E-02
FBtr0089979,2.392232913,0.8577968,0.289749036,6.97E-02
FBtr0075275,2.395657787,0.743741798,0.289334806,6.95E-02
FBtr0473587,2.396036021,0.134221282,0.289289132,6.95E-02
FBtr0344554,2.398661045,0.902893366,0.288972542,6.93E-02
FBtr0310386,2.399860736,0.746828735,0.288828085,6.92E-02
FBtr0078391,2.399970055,0.838182113,0.288814929,6.92E-02
FBtr0085264,2.400262355,0.632166287,0.288779757,6.91E-02
FBtr0073696,2.404865697,0.83360218,0.288226981,6.88E-02
FBtr0332057,2.407621241,0.520581253,0.287897103,6.86E-02
FBtr0332705,2.408851028,0.585885041,0.287750123,6.85E-02
FBtr0078631,2.410405177,0.850255964,0.287564592,6.84E-02
FBtr0071503,2.413418637,0.898299166,0.287205531,6.81E-02
FBtr0340440,2.415244354,0.597193349,0.286988428,6.80E-02
FBtr0082240,2.420009065,0.851101063,0.286423382,6.77E-02
FBtr0301931,2.421987139,0.864688144,0.286189456,6.75E-02
FBtr0077629,2.423230479,0.667828,0.286042614,6.74E-02
FBtr0079640,2.424114171,0.836375063,0.285938339,6.73E-02
FBtr0079887,2.424392622,0.829071212,0.285905498,6.73E-02
FBtr0074031,2.424855831,0.906678917,0.285850883,6.73E-02
FBtr0310425,2.425671262,0.611367645,0.285754789,6.72E-02
FBtr0070478,2.425958011,0.564942506,0.285721013,6.72E-02
FBtr0335133,2.427105763,0.811619298,0.285585899,6.71E-02
FBtr0084213,2.427193652,0.92463981,0.285575558,6.71E-02
FBtr0075056,2.431567696,0.916229887,0.285061848,6.68E-02
FBtr0082626,2.436484251,0.910552051,0.284486625,6.64E-02
FBtr0074115,2.437689034,0.460889906,0.284346022,6.64E-02
FBtr0078821,2.438403253,0.879553592,0.284262736,6.63E-02
FBtr0070740,2.439252622,0.944879131,0.284163753,6.62E-02
FBtr0081997,2.44154877,0.544825638,0.283896512,6.61E-02
FBtr0342740,2.442208265,0.700512085,0.283819849,6.60E-02
FBtr0073429,2.443143295,0.901782753,0.283711226,6.60E-02
FBtr0079026,2.444214816,0.862890305,0.28358685,6.59E-02
FBtr0336769,2.447906548,0.917668267,0.283159168,6.56E-02
FBtr0075390,2.448297825,0.87474869,0.283113914,6.56E-02
FBtr0088499,2.451550184,0.710194303,0.28273832,6.54E-02
FBtr0339517,2.451550184,0.710194303,0.28273832,6.54E-02
FBtr0075982,2.453314482,0.856848479,0.282534989,6.52E-02
FBtr0331682,2.456385402,0.638181755,0.28218177,6.50E-02
FBtr0113149,2.457928085,0.637173108,0.282004663,6.49E-02
FBtr0079658,2.458377192,0.506624105,0.281953145,6.49E-02
FBtr0081418,2.459256338,0.726866104,0.281852351,6.48E-02
FBtr0335046,2.45931672,0.686564824,0.281845431,6.48E-02
FBtr0087359,2.46129941,0.733103236,0.281618391,6.47E-02
FBtr0302330,2.462636525,0.936043406,0.281465484,6.46E-02
FBtr0084294,2.463851029,0.674939081,0.281326741,6.45E-02
FBtr0300775,2.465445779,0.792483685,0.281144768,6.44E-02
FBtr0079879,2.470863059,0.537544402,0.280528368,6.40E-02
FBtr0335406,2.471222974,0.82450399,0.280487511,6.40E-02
FBtr0075154,2.474822393,0.795298367,0.280079566,6.37E-02
FBtr0332869,2.475363758,0.886597454,0.280018312,6.37E-02
FBtr0345218,2.475504081,0.752037957,0.280002439,6.37E-02
FBtr0078390,2.475696927,0.82639259,0.279980628,6.36E-02
FBtr0333025,2.476469773,0.70426943,0.279893253,6.36E-02
FBtr0473379,2.476742066,0.48781669,0.279862481,6.36E-02
FBtr0071537,2.476870162,0.882083343,0.279848008,6.36E-02
FBtr0347160,2.478736698,0.49373363,0.279637277,6.34E-02
FBtr0331287,2.482069135,0.64038554,0.279261835,6.32E-02
FBtr0089329,2.482413651,0.869271489,0.279223078,6.32E-02
FBtr0330253,2.482656699,0.750910978,0.279195743,6.32E-02
FBtr0075633,2.483095387,0.590563809,0.279146417,6.31E-02
FBtr0078423,2.489074213,0.728298208,0.2784759,6.27E-02
FBtr0339953,2.490362102,0.695356892,0.278331886,6.26E-02
FBtr0076613,2.492024936,0.939288433,0.278146166,6.25E-02
FBtr0074294,2.49254884,0.949691905,0.278087703,6.25E-02
FBtr0303768,2.493739641,0.489676215,0.277954911,6.24E-02
FBtr0083803,2.493948684,0.774470963,0.277931613,6.24E-02
FBtr0113361,2.494910671,0.796542118,0.277824448,6.23E-02
FBtr0330054,2.495625864,0.439972659,0.27774483,6.23E-02
FBtr0085830,2.498302945,0.880873235,0.277447209,6.21E-02
FBtr0080361,2.499021745,0.667926832,0.277367407,6.21E-02
FBtr0100540,2.499102907,0.479928582,0.277358399,6.20E-02
FBtr0071168,2.500655008,0.884310672,0.277186249,6.19E-02
FBtr0306255,2.503358938,0.626570511,0.276886854,6.18E-02
FBtr0273423,2.503932521,0.609906802,0.276823427,6.17E-02
FBtr0332813,2.504576377,0.184163457,0.276752263,6.17E-02
FBtr0084114,2.5067654,0.505731298,0.27651059,6.15E-02
FBtr0079185,2.506831064,0.382025813,0.276503347,6.15E-02
FBtr0079800,2.507337633,0.52775727,0.276447484,6.15E-02
FBtr0079911,2.508311157,0.825732698,0.27634019,6.14E-02
FBtr0082978,2.509540888,0.844873294,0.276204777,6.13E-02
FBtr0111166,2.510423723,0.84799882,0.276107644,6.13E-02
FBtr0304803,2.512398179,0.864665301,0.275890656,6.12E-02
FBtr0330025,2.512864412,0.69876498,0.275839467,6.11E-02
FBtr0077161,2.514698025,0.226696835,0.275638337,6.10E-02
FBtr0089745,2.515997775,0.744122206,0.275495943,6.09E-02
FBtr0336633,2.516914622,0.969980066,0.275395587,6.09E-02
FBtr0081206,2.517164219,0.952112746,0.27536828,6.08E-02
FBtr0075152,2.517605552,0.832825945,0.275320008,6.08E-02
FBtr0070582,2.518407641,0.693909877,0.275232321,6.08E-02
FBtr0075756,2.518488246,0.736446061,0.275223512,6.08E-02
FBtr0339514,2.520419345,0.873837894,0.275012641,6.06E-02
FBtr0077121,2.521792079,0.724000498,0.274862938,6.05E-02
FBtr0331547,2.521911185,0.90604602,0.274849957,6.05E-02
FBtr0075344,2.522410821,0.489808347,0.274795515,6.05E-02
FBtr0301229,2.522885526,0.397853284,0.27474381,6.05E-02
FBtr0084534,2.522997736,0.671584102,0.27473159,6.05E-02
FBtr0070624,2.524975613,0.428106083,0.274516386,6.03E-02
FBtr0076836,2.524992949,0.653204766,0.274514501,6.03E-02
FBtr0080534,2.526052572,0.892396384,0.274399349,6.03E-02
FBtr0080830,2.526969383,0.896576028,0.274299794,6.02E-02
FBtr0303152,2.528211008,0.940042501,0.274165083,6.01E-02
FBtr0088469,2.528871226,0.96372537,0.274093506,6.01E-02
FBtr0081104,2.530055298,0.313110069,0.27396523,6.00E-02
FBtr0302643,2.53019887,0.654566898,0.273949684,6.00E-02
FBtr0340429,2.531060585,0.86860113,0.273856416,5.99E-02
FBtr0334663,2.532388561,0.786261244,0.273712807,5.98E-02
FBtr0339837,2.533414457,0.892527713,0.273601968,5.98E-02
FBtr0330257,2.534122801,0.659304316,0.27352549,5.97E-02
FBtr0299615,2.536573752,0.917091552,0.273261197,5.96E-02
FBtr0077751,2.537076007,0.8785225,0.273207101,5.95E-02
FBtr0078114,2.538155406,0.480101707,0.273090914,5.95E-02
FBtr0072262,2.538827351,0.923866392,0.273018636,5.94E-02
FBtr0301698,2.540254853,0.927464611,0.272865213,5.93E-02
FBtr0114550,2.542532614,0.800475025,0.272620763,5.92E-02
FBtr0084510,2.543068436,0.509684529,0.272563322,5.91E-02
FBtr0071313,2.543713277,0.542967229,0.272494226,5.91E-02
FBtr0343021,2.544841397,0.521289767,0.27237343,5.90E-02
FBtr0077243,2.544842324,0.296565555,0.272373331,5.90E-02
FBtr0088155,2.544877756,0.95586973,0.272369539,5.90E-02
FBtr0082661,2.545853609,0.428649883,0.272265137,5.90E-02
FBtr0333003,2.5464732,0.849286973,0.272198891,5.89E-02
FBtr0091446,2.547126045,0.885716057,0.272129125,5.89E-02
FBtr0070953,2.547485567,0.894362305,0.272090719,5.89E-02
FBtr0077243,2.548355515,0.148347678,0.271997834,5.88E-02
FBtr0077243,2.548355515,0.148347678,0.271997834,5.88E-02
FBtr0070146,2.551443609,0.843545674,0.271668626,5.86E-02
FBtr0342889,2.55170535,0.557964866,0.27164076,5.86E-02
FBtr0075876,2.551821253,0.855919699,0.271628422,5.86E-02
FBtr0309202,2.552327413,0.903732741,0.271574555,5.86E-02
FBtr0070296,2.554290828,0.635759679,0.271365803,5.84E-02
FBtr0077247,2.554560229,0.898725641,0.271337185,5.84E-02
FBtr0087682,2.555840733,0.724698367,0.271201242,5.83E-02
FBtr0078238,2.559318201,0.796117057,0.270832748,5.81E-02
FBtr0070963,2.561638417,0.820999137,0.27058744,5.80E-02
FBtr0075604,2.561761651,0.72412935,0.270574423,5.80E-02
FBtr0073704,2.562156828,0.91388113,0.270532691,5.79E-02
FBtr0308830,2.56238341,0.412397991,0.270508768,5.79E-02
FBtr0335407,2.56277071,0.295007856,0.270467888,5.79E-02
FBtr0081981,2.563100528,0.917821534,0.270433084,5.79E-02
FBtr0333907,2.563342507,0.615614431,0.270407555,5.79E-02
FBtr0330179,2.564871744,0.815405239,0.270246332,5.78E-02
FBtr0073293,2.564871744,0.815405239,0.270246332,5.78E-02
FBtr0088844,2.565479572,0.555158683,0.270182304,5.77E-02
FBtr0083817,2.566058719,0.761174491,0.270121325,5.77E-02
FBtr0300127,2.568712712,0.68445442,0.269842235,5.75E-02
FBtr0077676,2.57131636,0.927888538,0.269569,5.74E-02
FBtr0073773,2.573427812,0.827631536,0.269347824,5.72E-02
FBtr0300567,2.575454635,0.942962429,0.269135853,5.71E-02
FBtr0077243,2.576272484,0.500473631,0.269050415,5.71E-02
FBtr0073482,2.57727993,0.896577708,0.268945244,5.70E-02
FBtr0077243,2.578034948,0.37904815,0.26886648,5.69E-02
FBtr0080994,2.579615024,0.832653752,0.268701792,5.69E-02
FBtr0072219,2.580953348,0.874678319,0.26856246,5.68E-02
FBtr0088699,2.584288585,0.7182732,0.268215858,5.66E-02
FBtr0100532,2.584590616,0.848888866,0.268184515,5.65E-02
FBtr0072235,2.585478296,0.791119868,0.268092438,5.65E-02
FBtr0331689,2.588001113,0.944394988,0.267831098,5.63E-02
FBtr0076663,2.590092782,0.884112315,0.267614807,5.62E-02
FBtr0088781,2.592267539,0.883405141,0.267390294,5.61E-02
FBtr0071277,2.592612315,0.609529801,0.267354736,5.61E-02
FBtr0088822,2.59394363,0.726774645,0.267217519,5.60E-02
FBtr0070648,2.595201889,0.894898475,0.267087961,5.59E-02
FBtr0331716,2.596065122,0.595109925,0.26699915,5.59E-02
FBtr0077243,2.596205909,0.335753412,0.266984671,5.58E-02
FBtr0307520,2.596988362,0.921649678,0.266904231,5.58E-02
FBtr0074238,2.598027479,0.748375985,0.266797479,5.57E-02
FBtr0077961,2.598454302,0.752898841,0.266753654,5.57E-02
FBtr0077243,2.602409256,0.453151592,0.266348261,5.55E-02
FBtr0345794,2.602583796,0.667775565,0.266330399,5.55E-02
FBtr0343622,2.604747421,0.394998482,0.266109172,5.53E-02
FBtr0330633,2.605491698,0.367619713,0.266033156,5.53E-02
FBtr0330632,2.605491698,0.367619713,0.266033156,5.53E-02
FBtr0345392,2.606055562,0.969703921,0.265975596,5.53E-02
FBtr0344137,2.606527108,0.927257465,0.265927478,5.52E-02
FBtr0304117,2.606887569,0.386351251,0.265890708,5.52E-02
FBtr0332154,2.607054984,0.483532262,0.265873633,5.52E-02
FBtr0085437,2.611102692,0.605123083,0.265461478,5.50E-02
FBtr0078194,2.612197941,0.847510969,0.265350175,5.49E-02
FBtr0071070,2.612706461,0.909694339,0.265298529,5.49E-02
FBtr0072792,2.61284495,0.565631355,0.265284467,5.48E-02
FBtr0072317,2.612875584,0.635564319,0.265281357,5.48E-02
FBtr0113114,2.613826959,0.394195372,0.2651848,5.48E-02
FBtr0301613,2.615013786,0.775778676,0.265064446,5.47E-02
FBtr0070639,2.616050969,0.950385962,0.264959356,5.47E-02
FBtr0078530,2.618203236,0.686324582,0.264741549,5.45E-02
FBtr0070849,2.619293091,0.915373638,0.264631393,5.45E-02
FBtr0345254,2.621237322,0.760486846,0.26443511,5.44E-02
FBtr0076560,2.623582919,0.899579188,0.264198694,5.42E-02
FBtr0304037,2.625852002,0.739156792,0.263970391,5.41E-02
FBtr0076555,2.627110596,0.783526525,0.263843929,5.40E-02
FBtr0082865,2.629668249,0.871689116,0.26358731,5.39E-02
FBtr0303227,2.630310743,0.567753067,0.263522925,5.38E-02
FBtr0340341,2.634368123,0.84669514,0.263117054,5.36E-02
FBtr0082086,2.634546302,0.741204286,0.263099259,5.36E-02
FBtr0113360,2.637631625,0.85318414,0.262791504,5.34E-02
FBtr0290010,2.639581662,0.846339114,0.262597362,5.33E-02
FBtr0081954,2.640367007,0.965526406,0.262519255,5.32E-02
FBtr0081956,2.640367007,0.965526406,0.262519255,5.32E-02
FBtr0339432,2.640620364,0.81876962,0.262494068,5.32E-02
FBtr0336759,2.641946482,0.289779366,0.26236231,5.32E-02
FBtr0112691,2.642076853,0.525107608,0.262349363,5.31E-02
FBtr0335480,2.643669825,0.880814189,0.262191282,5.31E-02
FBtr0089982,2.644100593,0.704762525,0.262148567,5.30E-02
FBtr0330290,2.648763052,0.923047463,0.261687122,5.28E-02
FBtr0085694,2.648763052,0.923047463,0.261687122,5.28E-02
FBtr0333914,2.648777051,0.810132284,0.261685739,5.28E-02
FBtr0073688,2.648834516,0.939247882,0.261680062,5.28E-02
FBtr0307552,2.65188888,0.393624946,0.261378667,5.26E-02
FBtr0088572,2.653682073,0.797181718,0.261202044,5.25E-02
FBtr0071190,2.654373211,0.863568132,0.261134033,5.24E-02
FBtr0332941,2.655571637,0.39057016,0.261016186,5.24E-02
FBtr0339607,2.656495284,0.896393938,0.260925432,5.23E-02
FBtr0334092,2.65916095,0.620002224,0.260663869,5.22E-02
FBtr0083746,2.65968183,0.878018447,0.260612819,5.21E-02
FBtr0085855,2.659764464,0.707297052,0.260604723,5.21E-02
FBtr0085675,2.660024526,0.575712896,0.260579244,5.21E-02
FBtr0089714,2.660250439,0.354167581,0.260557115,5.21E-02
FBtr0344784,2.66119879,0.736161028,0.260464263,5.21E-02
FBtr0339969,2.66213117,0.910887507,0.260373038,5.20E-02
FBtr0100427,2.666256954,0.506406962,0.259970135,5.18E-02
FBtr0081944,2.668980065,0.886344485,0.259704892,5.16E-02
FBtr0305587,2.669310671,0.553081618,0.259672727,5.16E-02
FBtr0073177,2.669643949,0.55125044,0.259640309,5.16E-02
FBtr0112519,2.670143149,0.947275454,0.259591768,5.16E-02
FBtr0076364,2.670773818,0.934282235,0.259530469,5.15E-02
FBtr0329851,2.67144994,0.527029664,0.259464784,5.15E-02
FBtr0339699,2.672702508,0.864686988,0.259343185,5.14E-02
FBtr0114372,2.674230216,0.920727467,0.25919503,5.13E-02
FBtr0310439,2.678429248,0.311659077,0.258788684,5.11E-02
FBtr0070052,2.678834894,0.377614494,0.258749497,5.11E-02
FBtr0301388,2.679778967,0.545601679,0.25865834,5.10E-02
FBtr0332620,2.681148492,0.921051772,0.258526218,5.10E-02
FBtr0333052,2.681719385,0.496765737,0.258471182,5.09E-02
FBtr0302561,2.681751686,0.92463273,0.258468069,5.09E-02
FBtr0088179,2.683944925,0.765004984,0.258256857,5.08E-02
FBtr0075632,2.684832564,0.911002948,0.258171474,5.08E-02
FBtr0071221,2.685192782,0.632552278,0.25813684,5.07E-02
FBtr0333885,2.685232412,0.708528519,0.258133031,5.07E-02
FBtr0300210,2.685577121,1.59E-07,0.258099898,5.07E-02
FBtr0088176,2.686079651,0.865701607,0.258051611,5.07E-02
FBtr0081447,2.686217293,0.915898527,0.258038388,5.07E-02
FBtr0335475,2.68883071,0.618127018,0.257787587,5.05E-02
FBtr0333931,2.690106182,0.712767161,0.257665361,5.05E-02
FBtr0082624,2.690312015,0.673610672,0.257645647,5.05E-02
FBtr0077978,2.690915846,0.795415492,0.257587833,5.04E-02
FBtr0334773,2.691658887,0.744319652,0.257516725,5.04E-02
FBtr0113000,2.692327923,0.336412465,0.257452732,5.04E-02
FBtr0331756,2.693463647,0.538925611,0.257344175,5.03E-02
FBtr0334079,2.694652504,0.879448352,0.257230637,5.02E-02
FBtr0300276,2.695473359,0.939639177,0.257152302,5.02E-02
FBtr0339431,2.695929016,0.488058098,0.257108839,5.02E-02
FBtr0303033,2.699895082,0.714985969,0.256731154,4.99E-02
FBtr0087521,2.700925341,0.930677423,0.256633225,4.99E-02
FBtr0083266,2.702217785,0.724670378,0.25651048,4.98E-02
FBtr0070946,2.703442211,0.902740153,0.256394303,4.98E-02
FBtr0073968,2.704095196,0.777064466,0.256332389,4.97E-02
FBtr0080408,2.705595937,0.901860537,0.256190206,4.96E-02
FBtr0301632,2.706649851,0.823598546,0.256090451,4.96E-02
FBtr0082922,2.707680821,0.487711489,0.255992942,4.95E-02
FBtr0343268,2.707781109,0.801816183,0.255983461,4.95E-02
FBtr0075543,2.707992503,0.787930014,0.255963478,4.95E-02
FBtr0078991,2.709858193,0.640538895,0.255787252,4.94E-02
FBtr0308829,2.710472071,0.869618313,0.25572932,4.94E-02
FBtr0087213,2.710479712,0.162444985,0.255728599,4.94E-02
FBtr0080092,2.711825186,0.332432502,0.255601719,4.93E-02
FBtr0079297,2.715790459,0.806361046,0.25522852,4.91E-02
FBtr0072060,2.715927903,0.704086761,0.255215604,4.91E-02
FBtr0333349,2.717305195,0.419264083,0.255086246,4.90E-02
FBtr0339678,2.718056199,0.803426301,0.255015765,4.90E-02
FBtr0339676,2.718056199,0.803426301,0.255015765,4.90E-02
FBtr0302577,2.719180746,0.464637063,0.2549103,4.89E-02
FBtr0074814,2.720631347,0.604342364,0.254774386,4.88E-02
FBtr0474236,2.721021758,0.887386344,0.254737831,4.88E-02
FBtr0075326,2.721021758,0.887386344,0.254737831,4.88E-02
FBtr0075652,2.721998194,0.73042216,0.254646451,4.88E-02
FBtr0331189,2.724081839,0.686395062,0.254451673,4.87E-02
FBtr0071699,2.725407866,0.457742732,0.254327871,4.86E-02
FBtr0332148,2.727020652,0.563797634,0.254177459,4.85E-02
FBtr0088128,2.727267143,0.78175442,0.254154487,4.85E-02
FBtr0077243,2.728693469,0.571172416,0.254021636,4.84E-02
FBtr0070491,2.729005227,0.875850805,0.253992617,4.84E-02
FBtr0076146,2.72953415,0.740761262,0.253943399,4.84E-02
FBtr0070346,2.730443509,0.934065806,0.253858825,4.83E-02
FBtr0308239,2.73376694,0.287705418,0.25355021,4.82E-02
FBtr0077456,2.734359021,0.791230014,0.253495307,4.81E-02
FBtr0082660,2.736419353,0.937728657,0.253304443,4.80E-02
FBtr0085484,2.737407654,0.91357026,0.253212991,4.80E-02
FBtr0300005,2.740639184,0.841959686,0.252914424,4.78E-02
FBtr0070701,2.7421527,0.843636022,0.252774829,4.77E-02
FBtr0112489,2.743104348,0.659183423,0.252687136,4.77E-02
FBtr0073380,2.74430636,0.75062497,0.252576458,4.76E-02
FBtr0082870,2.744385082,0.724335299,0.252569213,4.76E-02
FBtr0087207,2.744676953,0.849507475,0.252542355,4.76E-02
FBtr0077173,2.744735316,0.550544413,0.252536985,4.76E-02
FBtr0078669,2.748111369,0.250572524,0.252226743,4.74E-02
FBtr0290116,2.752244874,0.498982834,0.251847932,4.72E-02
FBtr0336772,2.75398155,0.560545089,0.251689116,4.71E-02
FBtr0074893,2.754217883,0.679067772,0.251667519,4.71E-02
FBtr0330003,2.754473839,0.680890664,0.251644133,4.71E-02
FBtr0346959,2.754473839,0.680890664,0.251644133,4.71E-02
FBtr0345079,2.759459443,0.346786438,0.251189479,4.69E-02
FBtr0303911,2.75967222,0.703747843,0.251170112,4.69E-02
FBtr0071303,2.761206241,0.822282915,0.251030571,4.68E-02
FBtr0474151,2.761206241,0.822282915,0.251030571,4.68E-02
FBtr0076223,2.761786444,0.767243009,0.250977834,4.67E-02
FBtr0333948,2.762928308,0.598091995,0.25087411,4.67E-02
FBtr0077243,2.764051064,0.714031776,0.250772205,4.66E-02
FBtr0307288,2.764583485,0.504050052,0.25072391,4.66E-02
FBtr0078894,2.764741373,0.406789009,0.250709592,4.66E-02
FBtr0077678,2.764762069,0.673414,0.250707715,4.66E-02
FBtr0085069,2.767686981,0.735622937,0.250442765,4.65E-02
FBtr0071273,2.768840939,0.662715277,0.250338389,4.64E-02
FBtr0082832,2.769044582,0.778246912,0.250319979,4.64E-02
FBtr0081881,2.769268443,0.740456548,0.250299743,4.64E-02
FBtr0085812,2.769899729,0.635456279,0.250242698,4.63E-02
FBtr0075155,2.770388524,0.891194668,0.250198546,4.63E-02
FBtr0308211,2.770833623,0.715559858,0.250158355,4.63E-02
FBtr0072320,2.772352416,0.899796111,0.250021309,4.62E-02
FBtr0301140,2.773272486,0.634339518,0.249938361,4.62E-02
FBtr0085827,2.773811625,0.893013119,0.249889781,4.61E-02
FBtr0072307,2.774004628,0.709478959,0.249872395,4.61E-02
FBtr0334158,2.774798691,0.909086638,0.249800889,4.61E-02
FBtr0084538,2.776175623,0.544041553,0.249676993,4.60E-02
FBtr0113436,2.777017308,0.90624069,0.249601318,4.60E-02
FBtr0070411,2.77791286,0.627369864,0.249520851,4.59E-02
FBtr0306253,2.780108804,0.353204267,0.24932376,4.58E-02
FBtr0310419,2.782206117,0.88404858,0.249135812,4.57E-02
FBtr0076612,2.783027554,0.670712892,0.249062277,4.57E-02
FBtr0086797,2.783243135,0.869232544,0.249042986,4.57E-02
FBtr0077906,2.78679801,0.468549683,0.248725303,4.55E-02
FBtr0113768,2.788796275,0.313543186,0.248547083,4.54E-02
FBtr0310649,2.790136104,0.934070699,0.248427731,4.54E-02
FBtr0071248,2.793317545,0.743628866,0.248144785,4.52E-02
FBtr0074365,2.793419176,0.744342567,0.248135757,4.52E-02
FBtr0100375,2.795899658,0.78351329,0.247915614,4.51E-02
FBtr0085416,2.796044538,0.882890536,0.247902768,4.51E-02
FBtr0071039,2.796241929,0.873332541,0.247885268,4.51E-02
FBtr0340271,2.797698805,0.879692567,0.247756184,4.50E-02
FBtr0076517,2.79771487,0.912925278,0.247754762,4.50E-02
FBtr0305989,2.80081126,0.51538923,0.24748086,4.48E-02
FBtr0076510,2.801065175,0.757580468,0.247458426,4.48E-02
FBtr0085064,2.801199648,0.682837328,0.247446547,4.48E-02
FBtr0085382,2.806292297,0.912705674,0.2469975,4.46E-02
FBtr0086280,2.80646085,0.666174015,0.246982665,4.46E-02
FBtr0334968,2.806650855,0.309688447,0.246965945,4.46E-02
FBtr0077312,2.807807291,0.91215942,0.246864228,4.45E-02
FBtr0070063,2.807863521,0.839221143,0.246859285,4.45E-02
FBtr0074622,2.808524281,0.910933015,0.246801206,4.45E-02
FBtr0080826,2.808771125,0.567376798,0.246779517,4.45E-02
FBtr0079648,2.809486989,0.927883071,0.246716637,4.44E-02
FBtr0303509,2.811329414,0.791848264,0.246554949,4.43E-02
FBtr0077243,2.811856371,0.332453155,0.246508743,4.43E-02
FBtr0300293,2.812429107,0.815886038,0.246458543,4.43E-02
FBtr0074686,2.813184571,0.814950978,0.246392358,4.43E-02
FBtr0332157,2.813184845,0.618352853,0.246392334,4.43E-02
FBtr0301926,2.813281847,0.746821188,0.246383839,4.42E-02
FBtr0076983,2.816222721,0.94576934,0.246126549,4.41E-02
FBtr0084231,2.817246417,0.942438019,0.246037115,4.41E-02
FBtr0073543,2.820236733,0.24273353,0.24577624,4.39E-02
FBtr0086053,2.820478926,0.286297629,0.245755136,4.39E-02
FBtr0084506,2.820836565,0.891532959,0.245723977,4.39E-02
FBtr0089511,2.821497064,0.630629353,0.245666455,4.39E-02
FBtr0086905,2.82150562,0.694846438,0.24566571,4.39E-02
FBtr0082083,2.822379111,0.70068471,0.245589679,4.38E-02
FBtr0100199,2.825778536,0.74216186,0.245294234,4.37E-02
FBtr0100402,2.827335212,0.288881726,0.245159179,4.36E-02
FBtr0321283,2.828421251,0.825271163,0.245065045,4.35E-02
FBtr0088659,2.829857504,0.730064237,0.244940666,4.35E-02
FBtr0100641,2.831900185,0.921339163,0.244763987,4.34E-02
FBtr0077768,2.834666969,0.92654987,0.244525085,4.33E-02
FBtr0071246,2.835011543,0.642860199,0.244495365,4.32E-02
FBtr0074576,2.837402903,0.854360012,0.244289304,4.31E-02
FBtr0077118,2.83760431,0.927436216,0.244271965,4.31E-02
FBtr0070481,2.839621146,0.924962355,0.244098471,4.30E-02
FBtr0087244,2.840372395,0.864624998,0.24403391,4.30E-02
FBtr0333876,2.842568766,0.571069661,0.243845352,4.29E-02
FBtr0308248,2.844980799,0.713804873,0.243638615,4.28E-02
FBtr0074653,2.845304193,0.831103238,0.243610923,4.28E-02
FBtr0071315,2.845407283,0.748946344,0.243602097,4.28E-02
FBtr0072087,2.846704457,0.900200669,0.243491093,4.27E-02
FBtr0475196,2.846704457,0.900200669,0.243491093,4.27E-02
FBtr0082831,2.851637836,0.870089146,0.24306985,4.25E-02
FBtr0075595,2.85359483,0.694588289,0.242903153,4.24E-02
FBtr0309372,2.854957762,0.512593006,0.242787193,4.23E-02
FBtr0113322,2.855080627,0.840736504,0.242776745,4.23E-02
FBtr0082352,2.858767051,0.698323509,0.24246368,4.22E-02
FBtr0079029,2.858837587,0.892953494,0.242457698,4.22E-02
FBtr0300820,2.860203883,0.754092866,0.242341878,4.21E-02
FBtr0330329,2.862237102,0.832964534,0.242169728,4.20E-02
FBtr0078950,2.863601705,0.731656847,0.242054326,4.19E-02
FBtr0070723,2.864959726,0.704758039,0.24193959,4.19E-02
FBtr0346569,2.869703199,0.760183715,0.241539676,4.17E-02
FBtr0089517,2.873649145,0.649154885,0.241208006,4.15E-02
FBtr0076491,2.874175961,0.682180882,0.241163794,4.15E-02
FBtr0078314,2.874773387,0.354800052,0.241113677,4.15E-02
FBtr0075494,2.875931531,0.921629244,0.24101658,4.14E-02
FBtr0299754,2.876037278,0.890301504,0.241007718,4.14E-02
FBtr0331571,2.876834604,0.652598513,0.240940921,4.14E-02
FBtr0301825,2.878433106,0.678131665,0.240807118,4.13E-02
FBtr0070750,2.87844068,0.424715534,0.240806484,4.13E-02
FBtr0077243,2.880148463,0.321840446,0.240663698,4.12E-02
FBtr0072233,2.880918767,0.867658967,0.240599349,4.12E-02
FBtr0086225,2.881415456,0.871029359,0.240557876,4.12E-02
FBtr0339255,2.882421815,0.662588239,0.240473888,4.11E-02
FBtr0342952,2.882636492,0.795689303,0.240455979,4.11E-02
FBtr0300184,2.88332378,0.798943988,0.240398663,4.11E-02
FBtr0070317,2.884617129,0.899023724,0.240290877,4.10E-02
FBtr0347105,2.885464495,0.818311232,0.240220312,4.10E-02
FBtr0076720,2.886111733,0.278577043,0.24016644,4.10E-02
FBtr0086628,2.887175094,0.569620582,0.240077986,4.09E-02
FBtr0080976,2.887530732,0.759786952,0.240048417,4.09E-02
FBtr0299831,2.888309525,0.663658601,0.239983691,4.09E-02
FBtr0074827,2.888664206,0.6659422,0.239954225,4.08E-02
FBtr0071535,2.890021502,0.724809885,0.239841531,4.08E-02
FBtr0072242,2.891811045,0.667087098,0.239693109,4.07E-02
FBtr0088505,2.89325481,0.907085055,0.2395735,4.06E-02
FBtr0089513,2.893568385,0.956099921,0.239547537,4.06E-02
FBtr0077243,2.896846049,0.260955804,0.239276499,4.05E-02
FBtr0070457,2.898364623,0.904698889,0.239151132,4.04E-02
FBtr0079876,2.898468996,0.742136112,0.23914252,4.04E-02
FBtr0307902,2.899721092,0.49575092,0.239039259,4.04E-02
FBtr0345605,2.900623565,0.328598439,0.238964886,4.03E-02
FBtr0074082,2.901676235,0.485193745,0.238878195,4.03E-02
FBtr0077365,2.902115137,0.824347612,0.238842068,4.03E-02
FBtr0077243,2.905659951,0.289571056,0.238550688,4.01E-02
FBtr0088700,2.906839823,0.945022045,0.238453861,4.01E-02
FBtr0077243,2.907616889,0.390416807,0.238390134,4.00E-02
FBtr0089924,2.910888275,0.250781995,0.238122221,3.99E-02
FBtr0304035,2.913144633,0.518009559,0.237937785,3.98E-02
FBtr0301299,2.913931297,0.747039498,0.237873549,3.98E-02
FBtr0083508,2.913962605,0.930205431,0.237870994,3.98E-02
FBtr0082167,2.915466155,0.880509665,0.23774832,3.97E-02
FBtr0089341,2.918325813,0.921950635,0.237515351,3.96E-02
FBtr0333475,2.919567054,0.80390361,0.237414373,3.95E-02
FBtr0087546,2.921206427,0.698235472,0.237281136,3.95E-02
FBtr0074075,2.922070542,0.90881084,0.237210968,3.94E-02
FBtr0078389,2.922334384,0.830961058,0.237189551,3.94E-02
FBtr0087487,2.92403123,0.836643146,0.237051907,3.93E-02
FBtr0070377,2.925926168,0.608726755,0.236898384,3.93E-02
FBtr0079576,2.925951487,0.865669353,0.236896334,3.93E-02
FBtr0339501,2.925974754,0.794379337,0.23689445,3.93E-02
FBtr0301132,2.926703693,0.879039758,0.236835448,3.92E-02
FBtr0334907,2.927400353,0.558149668,0.236779086,3.92E-02
FBtr0083829,2.92810344,0.676130997,0.236722232,3.92E-02
FBtr0339489,2.928798932,0.93879477,0.236666018,3.91E-02
FBtr0077956,2.929725779,0.667192076,0.236591146,3.91E-02
FBtr0340227,2.9298715,0.844156294,0.236579379,3.91E-02
FBtr0333348,2.930883345,0.769510504,0.236497704,3.91E-02
FBtr0070369,2.931312779,0.744723425,0.236463057,3.90E-02
FBtr0071700,2.931633548,0.716458265,0.236437184,3.90E-02
FBtr0081880,2.932688643,0.837740878,0.236352121,3.90E-02
FBtr0342704,2.933638784,0.72475678,0.236275572,3.89E-02
FBtr0082074,2.937805952,0.877040073,0.235940424,3.88E-02
FBtr0077243,2.938567422,0.294405993,0.235879284,3.87E-02
FBtr0072269,2.939743765,0.218940518,0.235784897,3.87E-02
FBtr0078994,2.940352524,0.723419033,0.235736081,3.87E-02
FBtr0085140,2.940384287,0.566940696,0.235733534,3.87E-02
FBtr0336666,2.941081424,0.772256925,0.235677658,3.86E-02
FBtr0332042,2.94276504,0.702647894,0.235542821,3.86E-02
FBtr0300596,2.942847918,0.715227485,0.235536188,3.86E-02
FBtr0332664,2.944914504,0.477748957,0.235370901,3.85E-02
FBtr0452121,2.947951804,0.766875879,0.235128396,3.84E-02
FBtr0112996,2.947951804,0.766875879,0.235128396,3.84E-02
FBtr0336830,2.950443565,0.771144295,0.234929822,3.83E-02
FBtr0302512,2.950823155,0.923398723,0.234899601,3.82E-02
FBtr0344530,2.950823155,0.923398723,0.234899601,3.82E-02
FBtr0300130,2.951185869,0.604122211,0.23487073,3.82E-02
FBtr0084743,2.95370881,0.914834109,0.234670113,3.81E-02
FBtr0075899,2.954834774,0.896156955,0.23458069,3.81E-02
FBtr0078995,2.955932819,0.860808883,0.23449355,3.80E-02
FBtr0077243,2.956804373,0.334244703,0.23442443,3.80E-02
FBtr0303164,2.959671148,0.312190059,0.234197364,3.79E-02
FBtr0305309,2.961255016,0.330613409,0.2340721,3.78E-02
FBtr0077346,2.961362925,0.666204396,0.234063571,3.78E-02
FBtr0340368,2.961487995,0.926761311,0.234053686,3.78E-02
FBtr0073173,2.96298083,0.947152965,0.233935763,3.78E-02
FBtr0343275,2.963833091,0.807524014,0.233868494,3.77E-02
FBtr0075563,2.964773104,0.487249342,0.233794343,3.77E-02
FBtr0070055,2.966139506,0.362206853,0.233686642,3.76E-02
FBtr0339356,2.96622715,0.800796523,0.233679737,3.76E-02
FBtr0071236,2.966899694,0.90499459,0.233626766,3.76E-02
FBtr0085110,2.967680622,0.911645051,0.233565288,3.76E-02
FBtr0078727,2.967965895,0.921833357,0.233542839,3.76E-02
FBtr0334075,2.968418908,0.504174427,0.233507198,3.75E-02
FBtr0081441,2.968834778,0.932112837,0.233474488,3.75E-02
FBtr0086543,2.968949058,0.306106811,0.233465501,3.75E-02
FBtr0074072,2.969710494,0.319755269,0.233405641,3.75E-02
FBtr0072435,2.970905273,0.700161839,0.233311774,3.74E-02
FBtr0307284,2.972644497,0.57495692,0.233175269,3.74E-02
FBtr0089482,2.973883145,0.615296697,0.23307815,3.73E-02
FBtr0076103,2.97566916,0.902268395,0.232938255,3.73E-02
FBtr0078230,2.976539725,0.636958428,0.232870126,3.72E-02
FBtr0087519,2.977798723,0.598207618,0.23277167,3.72E-02
FBtr0289956,2.980494185,0.712755328,0.232561159,3.71E-02
FBtr0076664,2.981139504,0.488785555,0.232510817,3.70E-02
FBtr0300891,2.982144805,0.020868321,0.232432436,3.70E-02
FBtr0330373,2.982586456,0.744106113,0.232398018,3.70E-02
FBtr0273324,2.982586456,0.744106113,0.232398018,3.70E-02
FBtr0110850,2.983544583,0.828578064,0.232323386,3.70E-02
FBtr0110974,2.984262199,0.841578659,0.23226752,3.69E-02
FBtr0085861,2.984901389,0.407765345,0.232217782,3.69E-02
FBtr0445185,2.988766926,0.626913633,0.231917442,3.67E-02
FBtr0273306,2.988786641,0.546137904,0.231915912,3.67E-02
FBtr0072153,2.994136002,0.681678346,0.231501568,3.65E-02
FBtr0079847,2.994977227,0.836539405,0.231436545,3.65E-02
FBtr0340016,3.000347831,0.674818622,0.231022275,3.63E-02
FBtr0305618,3.001537836,0.873974948,0.230930682,3.63E-02
FBtr0081007,3.003754015,0.690160529,0.230760301,3.62E-02
FBtr0083618,3.004714964,0.927331258,0.230686501,3.61E-02
FBtr0084074,3.005793981,0.961178578,0.230603689,3.61E-02
FBtr0073770,3.007214472,0.886258162,0.230494761,3.60E-02
FBtr0082410,3.008166718,0.729232081,0.230421797,3.60E-02
FBtr0300624,3.00983499,0.856247099,0.23029408,3.59E-02
FBtr0084974,3.00983499,0.856247099,0.23029408,3.59E-02
FBtr0085352,3.012021393,0.869123769,0.230126912,3.59E-02
FBtr0110897,3.012461964,0.920935067,0.230093256,3.58E-02
FBtr0072832,3.012717722,0.860812926,0.230073722,3.58E-02
FBtr0113087,3.012872671,0.696828511,0.23006189,3.58E-02
FBtr0078407,3.013819038,0.843139359,0.229989648,3.58E-02
FBtr0340349,3.016302722,0.743064599,0.22980027,3.57E-02
FBtr0075771,3.01889364,0.930105494,0.229603048,3.56E-02
FBtr0086799,3.019344114,0.939814447,0.229568792,3.56E-02
FBtr0333142,3.022988325,0.94310334,0.229292047,3.55E-02
FBtr0332415,3.023594339,0.519433787,0.22924609,3.54E-02
FBtr0087147,3.023834099,0.442794741,0.229227913,3.54E-02
FBtr0083804,3.025889924,0.867092659,0.229072173,3.53E-02
FBtr0310044,3.026182298,0.83417475,0.229050041,3.53E-02
FBtr0113113,3.02935811,0.926734556,0.228809918,3.52E-02
FBtr0300572,3.029726506,0.242229614,0.228782096,3.52E-02
FBtr0334685,3.032174022,0.737286614,0.228597427,3.51E-02
FBtr0100320,3.033115667,0.888003092,0.228526458,3.51E-02
FBtr0088549,3.033484831,0.454235895,0.228498647,3.51E-02
FBtr0331648,3.033562864,0.612469385,0.22849277,3.51E-02
FBtr0087350,3.034062898,0.524466019,0.228455112,3.50E-02
FBtr0346142,3.034700953,0.696147985,0.228407079,3.50E-02
FBtr0300429,3.035555348,0.348168315,0.228342791,3.50E-02
FBtr0081824,3.037906937,0.746415413,0.228166035,3.49E-02
FBtr0077655,3.038386342,0.718527584,0.228130034,3.49E-02
FBtr0081388,3.038424831,0.874375994,0.228127145,3.49E-02
FBtr0088438,3.040925319,0.780064207,0.22793956,3.48E-02
FBtr0085533,3.042155675,0.852694647,0.227847374,3.47E-02
FBtr0299876,3.042711364,0.582820035,0.227805762,3.47E-02
FBtr0070025,3.043871704,0.915047787,0.227718921,3.47E-02
FBtr0333544,3.043883751,0.881100513,0.22771802,3.47E-02
FBtr0071856,3.044057248,0.852221242,0.227705041,3.47E-02
FBtr0087586,3.044291519,0.641834636,0.227687518,3.47E-02
FBtr0301535,3.045465682,0.328620717,0.227599734,3.46E-02
FBtr0072833,3.045728821,0.943260245,0.227580071,3.46E-02
FBtr0100278,3.046111712,0.841986142,0.227551464,3.46E-02
FBtr0306336,3.04853433,0.871580554,0.227370633,3.45E-02
FBtr0343406,3.050626538,0.474394572,0.227214696,3.44E-02
FBtr0301068,3.051291029,0.828867308,0.227165214,3.44E-02
FBtr0299614,3.05285856,0.945397047,0.227048573,3.44E-02
FBtr0303457,3.053587032,0.942382629,0.226994408,3.43E-02
FBtr0088626,3.054114429,0.297939036,0.22695521,3.43E-02
FBtr0080394,3.054130728,0.332914227,0.226953999,3.43E-02
FBtr0089067,3.054384917,0.612999974,0.226935111,3.43E-02
FBtr0110812,3.058210462,0.923427592,0.226651236,3.42E-02
FBtr0085992,3.059458676,0.706213135,0.226558765,3.41E-02
FBtr0079988,3.060542891,0.916475674,0.226478506,3.41E-02
FBtr0085265,3.060789449,0.822041111,0.226460262,3.41E-02
FBtr0303459,3.061074766,0.907643176,0.226439154,3.41E-02
FBtr0333224,3.061591105,0.782012661,0.226400965,3.40E-02
FBtr0071731,3.062154744,0.603774763,0.226359292,3.40E-02
FBtr0077243,3.062183574,0.366516223,0.226357161,3.40E-02
FBtr0111192,3.063454529,0.797281224,0.226263251,3.40E-02
FBtr0329977,3.063900801,0.572413172,0.226230294,3.40E-02
FBtr0089925,3.064118875,0.873600468,0.226214194,3.40E-02
FBtr0088861,3.064147458,0.489202663,0.226212084,3.40E-02
FBtr0074368,3.064406091,0.384184086,0.226192991,3.39E-02
FBtr0300277,3.066976861,0.679754207,0.226003394,3.39E-02
FBtr0077662,3.070291648,0.82746907,0.225759394,3.37E-02
FBtr0333498,3.070436534,0.92243659,0.225748741,3.37E-02
FBtr0089904,3.072099676,0.223886438,0.225626527,3.37E-02
FBtr0302285,3.072719296,0.843897431,0.225581029,3.36E-02
FBtr0330617,3.073128519,0.694322873,0.22555099,3.36E-02
FBtr0087880,3.073478202,0.938533528,0.225525328,3.36E-02
FBtr0087007,3.074139833,0.926748987,0.22547679,3.36E-02
FBtr0078462,3.077392907,0.895195959,0.225238441,3.35E-02
FBtr0330672,3.077890471,0.898169529,0.225202029,3.35E-02
FBtr0072798,3.081506824,0.928808085,0.22493774,3.33E-02
FBtr0073558,3.084408996,0.730279611,0.224726092,3.32E-02
FBtr0301452,3.085399326,0.819828023,0.224653961,3.32E-02
FBtr0082031,3.087033695,0.898522471,0.224535023,3.31E-02
FBtr0079877,3.087455249,0.741718596,0.224504365,3.31E-02
FBtr0321284,3.088154746,0.815496253,0.224453513,3.31E-02
FBtr0087535,3.088341917,0.716307354,0.22443991,3.31E-02
FBtr0303885,3.088595381,0.210868037,0.224421491,3.31E-02
FBtr0073974,3.088941648,0.804410429,0.224396334,3.31E-02
FBtr0300617,3.090851467,0.796357176,0.22425768,3.30E-02
FBtr0084693,3.09095247,0.624600403,0.224250352,3.30E-02
FBtr0343791,3.092468312,0.413245982,0.224140431,3.30E-02
FBtr0299938,3.092468312,0.413245982,0.224140431,3.30E-02
FBtr0308576,3.094871099,0.831544409,0.223966414,3.29E-02
FBtr0301275,3.096968647,0.863535708,0.223814723,3.28E-02
FBtr0273245,3.097419647,0.735238874,0.223782135,3.28E-02
FBtr0331991,3.09783593,0.910032641,0.223752063,3.28E-02
FBtr0088437,3.098733851,0.939075288,0.223687226,3.27E-02
FBtr0343357,3.103106939,0.653848018,0.223371993,3.26E-02
FBtr0079431,3.103345574,0.785519056,0.223354816,3.26E-02
FBtr0078095,3.103718281,0.542307826,0.223327995,3.26E-02
FBtr0331232,3.104748951,0.90750863,0.223253858,3.25E-02
FBtr0330292,3.108851883,0.912516123,0.222959217,3.24E-02
FBtr0085415,3.108851883,0.912516123,0.222959217,3.24E-02
FBtr0302404,3.109004333,0.451987081,0.222948284,3.24E-02
FBtr0076775,3.109972886,0.904408393,0.22287885,3.24E-02
FBtr0073575,3.110370459,0.728228543,0.222850361,3.23E-02
FBtr0335504,3.11270723,0.741594345,0.222683063,3.23E-02
FBtr0070826,3.11337704,0.903726437,0.222635155,3.22E-02
FBtr0334455,3.115135137,0.915504315,0.222509506,3.22E-02
FBtr0078224,3.117307291,0.735335947,0.22235446,3.21E-02
FBtr0340120,3.118637698,0.717826124,0.222259604,3.21E-02
FBtr0085857,3.123560353,0.798560093,0.221909329,3.19E-02
FBtr0330114,3.123560353,0.798560093,0.221909329,3.19E-02
FBtr0114586,3.128058758,0.916506473,0.221590205,3.18E-02
FBtr0100485,3.128734828,0.801544582,0.221542323,3.17E-02
FBtr0081099,3.129591673,0.884342968,0.221481667,3.17E-02
FBtr0087538,3.131864457,0.844196586,0.221320938,3.16E-02
FBtr0306237,3.133812054,0.770211817,0.221183392,3.16E-02
FBtr0075939,3.13662756,0.478625837,0.220984853,3.15E-02
FBtr0071151,3.138541186,0.773049271,0.220850115,3.14E-02
FBtr0334093,3.139662173,0.836662594,0.220771262,3.14E-02
FBtr0073933,3.140252148,0.929150941,0.220729785,3.14E-02
FBtr0088900,3.144328941,0.910747331,0.220443597,3.12E-02
FBtr0077574,3.14521745,0.675911385,0.220381322,3.12E-02
FBtr0299743,3.145499264,0.615860045,0.220361578,3.12E-02
FBtr0073772,3.146804678,0.742542627,0.220270163,3.11E-02
FBtr0111024,3.147859097,0.859394696,0.220196381,3.11E-02
FBtr0336476,3.148887749,0.791203348,0.220124449,3.11E-02
FBtr0100581,3.149327203,0.591235279,0.220093733,3.11E-02
FBtr0307394,3.149660233,0.597163015,0.220070461,3.10E-02
FBtr0339689,3.149900991,0.374602902,0.220053641,3.10E-02
FBtr0071340,3.150481981,0.8893039,0.22001306,3.10E-02
FBtr0082652,3.153831863,0.797183273,0.21977937,3.09E-02
FBtr0073769,3.15471835,0.165762743,0.219717611,3.09E-02
FBtr0073560,3.154758935,0.753487586,0.219714785,3.09E-02
FBtr0301516,3.155347242,0.87088944,0.21967382,3.09E-02
FBtr0345683,3.155470537,0.22419813,0.219665236,3.09E-02
FBtr0339310,3.155733243,0.896735861,0.21964695,3.08E-02
FBtr0071166,3.156396396,0.90246179,0.219600802,3.08E-02
FBtr0081131,3.157944089,0.83579778,0.219493177,3.08E-02
FBtr0070937,3.158909695,0.629770455,0.219426083,3.07E-02
FBtr0086299,3.159651744,0.433071638,0.21937455,3.07E-02
FBtr0345287,3.164718005,0.52836627,0.219023363,3.06E-02
FBtr0310140,3.167807981,0.787657653,0.218809721,3.05E-02
FBtr0081612,3.171920873,0.703889479,0.218526,3.03E-02
FBtr0339446,3.175150644,0.732154592,0.218303715,3.02E-02
FBtr0084453,3.175747828,0.606358373,0.218262664,3.02E-02
FBtr0081439,3.177579266,0.837053439,0.218136865,3.02E-02
FBtr0083478,3.180246917,0.916133744,0.217953888,3.01E-02
FBtr0077243,3.184035413,0.230969742,0.217694558,2.99E-02
FBtr0073611,3.184707982,0.836938866,0.217648583,2.99E-02
FBtr0084808,3.186078879,0.921732537,0.217554934,2.99E-02
FBtr0084710,3.188118026,0.900797627,0.217415784,2.98E-02
FBtr0082338,3.188218856,0.958530643,0.217408908,2.98E-02
FBtr0084324,3.188779889,0.810161622,0.217370657,2.98E-02
FBtr0079590,3.190563001,0.473144456,0.217249175,2.97E-02
FBtr0071107,3.193048386,0.912548524,0.217080074,2.97E-02
FBtr0077203,3.193737458,0.858994309,0.217033238,2.96E-02
FBtr0070492,3.19964368,0.791506338,0.216632616,2.95E-02
FBtr0087976,3.199957524,0.839176929,0.216611369,2.95E-02
FBtr0331188,3.20019189,0.429212953,0.216595506,2.94E-02
FBtr0307894,3.20209643,0.594105709,0.216466679,2.94E-02
FBtr0305257,3.202265796,0.265305592,0.21645523,2.94E-02
FBtr0075548,3.202743242,0.902827473,0.216422962,2.94E-02
FBtr0089725,3.203718405,0.808705176,0.216357087,2.93E-02
FBtr0081092,3.206143585,0.565183965,0.216193431,2.93E-02
FBtr0083123,3.207383884,0.938595296,0.216109828,2.92E-02
FBtr0084112,3.208560917,0.504675066,0.21603055,2.92E-02
FBtr0078775,3.208736785,0.718412162,0.21601871,2.92E-02
FBtr0077081,3.20944018,0.504544174,0.215971366,2.92E-02
FBtr0331611,3.209774149,0.403372196,0.215948895,2.92E-02
FBtr0273248,3.211763921,0.758371223,0.215815109,2.91E-02
FBtr0079342,3.211864033,0.870570254,0.215808382,2.91E-02
FBtr0079323,3.212593405,0.275920736,0.215759386,2.91E-02
FBtr0086185,3.212849137,0.799751491,0.215742212,2.91E-02
FBtr0333721,3.214785199,0.4437635,0.215612284,2.90E-02
FBtr0084000,3.215607275,0.94840149,0.215557163,2.90E-02
FBtr0071239,3.218244109,0.846802009,0.215380548,2.89E-02
FBtr0110939,3.218667892,0.239163561,0.21535219,2.89E-02
FBtr0344236,3.218953596,0.435675729,0.215333076,2.89E-02
FBtr0332395,3.223011252,0.791655459,0.21506198,2.88E-02
FBtr0100639,3.223924298,0.271047945,0.215001072,2.87E-02
FBtr0074087,3.224159703,0.838140068,0.214985374,2.87E-02
FBtr0083251,3.225928835,0.770261059,0.214867474,2.87E-02
FBtr0112861,3.226915296,0.402890657,0.21480179,2.86E-02
FBtr0075671,3.227231752,0.518490307,0.214780727,2.86E-02
FBtr0305256,3.227622457,0.87094996,0.214754727,2.86E-02
FBtr0070625,3.229139837,0.534689181,0.214653814,2.86E-02
FBtr0305357,3.229272661,0.223937381,0.214644985,2.86E-02
FBtr0347104,3.22964275,0.815388261,0.214620388,2.86E-02
FBtr0078472,3.233456759,0.516545892,0.214367234,2.84E-02
FBtr0113220,3.234040543,0.584713162,0.214328538,2.84E-02
FBtr0100583,3.234988195,0.674053243,0.214265753,2.84E-02
FBtr0078458,3.236274842,0.844507638,0.214180567,2.84E-02
FBtr0074441,3.23840682,0.703765675,0.214039563,2.83E-02
FBtr0085769,3.238633841,0.795607205,0.214024559,2.83E-02
FBtr0072587,3.242414872,0.940097419,0.213774982,2.82E-02
FBtr0303870,3.245024207,0.27095811,0.213603085,2.81E-02
FBtr0331442,3.245318489,0.228799507,0.213583715,2.81E-02
FBtr0331378,3.24551494,0.892225136,0.213570787,2.81E-02
FBtr0308092,3.256576749,0.751588796,0.212845338,2.78E-02
FBtr0070950,3.257596908,0.926878427,0.212778683,2.77E-02
FBtr0075697,3.25762803,0.925887249,0.21277665,2.77E-02
FBtr0333698,3.257739382,0.901091017,0.212769378,2.77E-02
FBtr0075695,3.259319617,0.227113126,0.212666219,2.77E-02
FBtr0073475,3.259579277,0.780530733,0.212649278,2.77E-02
FBtr0300283,3.261767965,0.67799003,0.212506588,2.76E-02
FBtr0072346,3.261825671,0.789091564,0.212502828,2.76E-02
FBtr0333499,3.26539479,0.380221487,0.21227056,2.75E-02
FBtr0331179,3.26714146,0.852073457,0.212157076,2.75E-02
FBtr0074464,3.269161777,0.926142235,0.212025965,2.74E-02
FBtr0307342,3.272628099,0.87557098,0.21180139,2.73E-02
FBtr0085793,3.275488471,0.660654702,0.211616431,2.72E-02
FBtr0073705,3.276140579,0.908074003,0.211574309,2.72E-02
FBtr0303034,3.276475768,0.645170984,0.211552665,2.72E-02
FBtr0084002,3.276833188,0.785763296,0.21152959,2.72E-02
FBtr0339499,3.28237757,0.735292227,0.211172288,2.70E-02
FBtr0081918,3.28258125,0.919764659,0.211159185,2.70E-02
FBtr0077340,3.282822761,0.474398873,0.21114365,2.70E-02
FBtr0079747,3.283253053,0.586662535,0.211115978,2.70E-02
FBtr0114521,3.283716109,0.947427375,0.211086208,2.70E-02
FBtr0070914,3.284590956,0.882007223,0.211029985,2.70E-02
FBtr0078699,3.285780531,0.856589059,0.210953584,2.69E-02
FBtr0334553,3.287384957,0.783086133,0.210850627,2.69E-02
FBtr0113379,3.290359169,0.828658378,0.210660036,2.68E-02
FBtr0081006,3.291678806,0.823370956,0.210575582,2.68E-02
FBtr0300598,3.292880351,0.850326657,0.210498745,2.67E-02
FBtr0078406,3.294100073,0.887752532,0.210420802,2.67E-02
FBtr0074008,3.295211482,0.78570743,0.210349832,2.67E-02
FBtr0330405,3.295211482,0.78570743,0.210349832,2.67E-02
FBtr0344620,3.295615039,0.838354553,0.210324074,2.67E-02
FBtr0300439,3.295615039,0.838354553,0.210324074,2.67E-02
FBtr0331194,3.295965609,0.518397398,0.210301703,2.67E-02
FBtr0080196,3.29657964,0.673287094,0.210262532,2.66E-02
FBtr0075509,3.297491513,0.518725962,0.210204387,2.66E-02
FBtr0307329,3.29963176,0.709821709,0.210068041,2.66E-02
FBtr0081185,3.301644505,0.919194093,0.20993998,2.65E-02
FBtr0310327,3.30196762,0.431867961,0.209919436,2.65E-02
FBtr0340452,3.302447468,0.67660393,0.209888935,2.65E-02
FBtr0088578,3.303108042,0.819896008,0.20984696,2.65E-02
FBtr0333863,3.305505503,0.271649997,0.209694759,2.64E-02
FBtr0072401,3.31075224,0.186364181,0.209362444,2.62E-02
FBtr0088842,3.318048832,0.854547814,0.208902043,2.61E-02
FBtr0079543,3.319486049,0.865066322,0.208811596,2.60E-02
FBtr0076454,3.321157599,0.701375977,0.208706501,2.60E-02
FBtr0339102,3.32122198,0.737979632,0.208702455,2.60E-02
FBtr0089516,3.322127558,0.917905636,0.208645565,2.59E-02
FBtr0330379,3.322314128,0.610331217,0.208633848,2.59E-02
FBtr0085385,3.322314128,0.610331217,0.208633848,2.59E-02
FBtr0073964,3.322437321,0.918082232,0.208626112,2.59E-02
FBtr0344317,3.323899935,0.946766346,0.20853431,2.59E-02
FBtr0078561,3.324647857,0.315843162,0.208487398,2.59E-02
FBtr0346202,3.324734292,0.459298252,0.208481978,2.59E-02
FBtr0100479,3.325557272,0.877984898,0.208430384,2.58E-02
FBtr0075961,3.326516255,0.867955265,0.208370297,2.58E-02
FBtr0100381,3.328358147,0.378815154,0.208254986,2.58E-02
FBtr0078289,3.329172642,0.88059188,0.208204036,2.58E-02
FBtr0344365,3.329807738,0.452459145,0.208164325,2.57E-02
FBtr0333474,3.330829792,0.59337356,0.208100451,2.57E-02
FBtr0113403,3.333795185,0.737071175,0.207915346,2.56E-02
FBtr0089724,3.335512163,0.852979611,0.20780832,2.56E-02
FBtr0075161,3.336591288,0.903014522,0.207741111,2.56E-02
FBtr0329989,3.341452322,0.625539705,0.207438896,2.54E-02
FBtr0076301,3.341701022,0.613850981,0.207423458,2.54E-02
FBtr0070371,3.344237144,0.725249533,0.207266157,2.54E-02
FBtr0081611,3.344382905,0.804848507,0.207257123,2.54E-02
FBtr0076670,3.344663156,0.638813295,0.207239757,2.53E-02
FBtr0071607,3.34646496,0.826137238,0.207128175,2.53E-02
FBtr0310335,3.346633434,0.540891808,0.207117748,2.53E-02
FBtr0070493,3.34712066,0.891495796,0.207087599,2.53E-02
FBtr0075997,3.347678955,0.934016289,0.207053063,2.53E-02
FBtr0346181,3.349390788,0.846069542,0.20694724,2.52E-02
FBtr0306169,3.35410728,0.691479976,0.206656234,2.51E-02
FBtr0301117,3.354256946,0.589132513,0.206647014,2.51E-02
FBtr0079789,3.355741239,0.919640823,0.206555611,2.51E-02
FBtr0347557,3.355746394,0.827609708,0.206555293,2.51E-02
FBtr0112902,3.357074404,0.903611861,0.206473583,2.50E-02
FBtr0300581,3.357146968,0.753537397,0.20646912,2.50E-02
FBtr0301073,3.358198468,0.563041997,0.206404472,2.50E-02
FBtr0343367,3.359258243,0.718981984,0.206339355,2.50E-02
FBtr0300499,3.359798445,0.722774185,0.206306179,2.49E-02
FBtr0305548,3.361318506,0.616542374,0.206212883,2.49E-02
FBtr0080975,3.363798461,0.794921586,0.206060853,2.48E-02
FBtr0075062,3.364237276,0.711091071,0.206033976,2.48E-02
FBtr0306614,3.3642507,0.73462232,0.206033153,2.48E-02
FBtr0339253,3.364806022,0.741765289,0.20599915,2.48E-02
FBtr0076667,3.36745218,0.890711609,0.205837275,2.48E-02
FBtr0290103,3.367878547,0.858126795,0.205811216,2.47E-02
FBtr0076475,3.372104986,0.640736442,0.205553262,2.46E-02
FBtr0086882,3.375254343,0.338819041,0.205361466,2.46E-02
FBtr0112873,3.377518607,0.788535699,0.205223793,2.45E-02
FBtr0332944,3.380796169,0.820492876,0.205024836,2.44E-02
FBtr0084293,3.387841416,0.846179972,0.204598473,2.42E-02
FBtr0100334,3.391913277,0.912030886,0.20435286,2.41E-02
FBtr0301290,3.394291888,0.752093036,0.204209657,2.41E-02
FBtr0330096,3.394291888,0.752093036,0.204209657,2.41E-02
FBtr0333332,3.394521247,0.363994539,0.204195859,2.41E-02
FBtr0082070,3.394724707,0.815175428,0.20418362,2.41E-02
FBtr0089510,3.395198007,0.866394581,0.204155157,2.41E-02
FBtr0081882,3.395965796,0.886993972,0.204108999,2.40E-02
FBtr0112688,3.397157783,0.846593601,0.204037382,2.40E-02
FBtr0072375,3.397796064,0.546823601,0.203999053,2.40E-02
FBtr0307327,3.401953978,0.925755141,0.203749723,2.39E-02
FBtr0083682,3.402557982,0.82438779,0.203713554,2.39E-02
FBtr0303292,3.404082009,0.404744035,0.203622351,2.38E-02
FBtr0344116,3.404111129,0.80491013,0.203620609,2.38E-02
FBtr0110971,3.405069561,0.901111891,0.203563295,2.38E-02
FBtr0070987,3.405151006,0.948775156,0.203558426,2.38E-02
FBtr0330084,3.405276708,0.693239944,0.203550912,2.38E-02
FBtr0302405,3.40593363,0.450293987,0.203511652,2.38E-02
FBtr0301599,3.407507885,0.943691187,0.203417631,2.37E-02
FBtr0345987,3.410648746,0.772454161,0.203230304,2.37E-02
FBtr0307158,3.410779191,0.70183142,0.203222531,2.37E-02
FBtr0073348,3.411315088,0.633710442,0.203190606,2.37E-02
FBtr0299648,3.411984003,0.906367754,0.203150771,2.36E-02
FBtr0070843,3.412254924,0.689730144,0.203134641,2.36E-02
FBtr0342974,3.413823956,0.570703263,0.203041278,2.36E-02
FBtr0340200,3.413906423,0.328490193,0.203036374,2.36E-02
FBtr0085137,3.415090943,0.942546228,0.202965951,2.36E-02
FBtr0082351,3.416704771,0.839977215,0.202870083,2.35E-02
FBtr0082183,3.420303834,0.491465237,0.20265661,2.34E-02
FBtr0086120,3.421645728,0.849294831,0.202577133,2.34E-02
FBtr0088262,3.428590071,0.472152689,0.202166828,2.32E-02
FBtr0073456,3.428819112,0.918271405,0.202153324,2.32E-02
FBtr0085139,3.430858986,0.789543286,0.20203313,2.32E-02
FBtr0072154,3.432784913,0.677393683,0.201919782,2.31E-02
FBtr0336699,3.43294971,0.571351953,0.201910089,2.31E-02
FBtr0344391,3.433304622,0.894811184,0.201889217,2.31E-02
FBtr0100228,3.433749145,0.782518567,0.201863081,2.31E-02
FBtr0080930,3.433878568,0.869686201,0.201855472,2.31E-02
FBtr0333073,3.434191638,0.865036104,0.201837071,2.31E-02
FBtr0087449,3.435189196,0.893965433,0.201778458,2.31E-02
FBtr0345383,3.435300742,0.871335159,0.201771907,2.31E-02
FBtr0113214,3.435348713,0.939830446,0.201769089,2.31E-02
FBtr0081329,3.43553696,0.883770163,0.201758033,2.31E-02
FBtr0078222,3.437489943,0.716961043,0.201643406,2.30E-02
FBtr0335023,3.438635237,0.415784114,0.201576245,2.30E-02
FBtr0088831,3.438933476,0.715090835,0.201558764,2.30E-02
FBtr0072343,3.439204387,0.516541618,0.201542887,2.30E-02
FBtr0113298,3.439480829,0.830727623,0.201526688,2.30E-02
FBtr0086552,3.440762073,0.877483339,0.201451645,2.29E-02
FBtr0078392,3.440800925,0.716750574,0.201449371,2.29E-02
FBtr0339548,3.441942018,0.754828306,0.201382585,2.29E-02
FBtr0334302,3.442673833,0.868468517,0.201339777,2.29E-02
FBtr0073441,3.444344339,0.818840432,0.201242127,2.29E-02
FBtr0087683,3.444484259,0.614010339,0.201233952,2.29E-02
FBtr0304792,3.44478284,0.722532544,0.20121651,2.28E-02
FBtr0307529,3.444897659,0.413806439,0.201209803,2.28E-02
FBtr0336843,3.445480424,0.824266024,0.201175771,2.28E-02
FBtr0074367,3.445965608,0.775895525,0.201147446,2.28E-02
FBtr0077674,3.446114843,0.605567184,0.201138735,2.28E-02
FBtr0070008,3.448468232,0.820774171,0.201001469,2.28E-02
FBtr0344012,3.449549889,0.437542379,0.200938442,2.27E-02
FBtr0346622,3.451489971,0.581356509,0.200825495,2.27E-02
FBtr0071658,3.453195785,0.663895788,0.200726291,2.27E-02
FBtr0088436,3.453480623,0.83523131,0.200709735,2.26E-02
FBtr0299964,3.455437422,0.903613965,0.200596074,2.26E-02
FBtr0070486,3.456389189,0.401609925,0.200540837,2.26E-02
FBtr0075971,3.45795769,0.487432159,0.200449873,2.25E-02
FBtr0086591,3.458940946,0.814173099,0.200392892,2.25E-02
FBtr0080863,3.459347193,0.593710645,0.200369359,2.25E-02
FBtr0076537,3.459654515,0.835154548,0.20035156,2.25E-02
FBtr0333277,3.46030624,0.180591257,0.200313826,2.25E-02
FBtr0074684,3.460825253,0.829279064,0.200283785,2.25E-02
FBtr0340003,3.465131944,0.439141694,0.200034859,2.24E-02
FBtr0075956,3.468199629,0.595375486,0.199857925,2.23E-02
FBtr0073160,3.468811844,0.544642189,0.199822652,2.23E-02
FBtr0343640,3.469343908,0.369391079,0.199792006,2.23E-02
FBtr0343355,3.469571876,0.701088287,0.199778879,2.23E-02
FBtr0079446,3.470093569,0.616219616,0.199748844,2.23E-02
FBtr0308838,3.47071255,0.860826514,0.19971322,2.22E-02
FBtr0332090,3.472269115,0.794339053,0.199623692,2.22E-02
FBtr0082072,3.472678588,0.376301628,0.199600154,2.22E-02
FBtr0087234,3.472822673,0.75264852,0.199591873,2.22E-02
FBtr0084870,3.473658578,0.692131172,0.199543843,2.22E-02
FBtr0070402,3.474209544,0.850169472,0.199512197,2.22E-02
FBtr0077367,3.474672173,0.927409556,0.199485634,2.22E-02
FBtr0089503,3.477958375,0.650475285,0.199297147,2.21E-02
FBtr0113169,3.479439779,0.380337233,0.199212294,2.20E-02
FBtr0075449,3.47945326,0.901858106,0.199211522,2.20E-02
FBtr0290107,3.482016167,0.915653065,0.199064894,2.20E-02
FBtr0330372,3.483278779,0.94128007,0.198992738,2.20E-02
FBtr0306748,3.483278779,0.94128007,0.198992738,2.20E-02
FBtr0340445,3.483336353,0.370847055,0.198989449,2.20E-02
FBtr0076821,3.483565477,0.865398119,0.198976361,2.20E-02
FBtr0113454,3.483963268,0.732564038,0.198953642,2.19E-02
FBtr0088827,3.484191564,0.942729112,0.198940606,2.19E-02
FBtr0112717,3.48604473,0.856560193,0.19883485,2.19E-02
FBtr0087451,3.486872594,0.634631968,0.198787642,2.19E-02
FBtr0077498,3.48871305,0.822032936,0.198682772,2.18E-02
FBtr0087828,3.488876341,0.912892563,0.198673473,2.18E-02
FBtr0084206,3.490301959,0.938743396,0.198592325,2.18E-02
FBtr0308227,3.494256438,0.619819853,0.198367576,2.17E-02
FBtr0072916,3.496034607,0.755398378,0.198266682,2.17E-02
FBtr0332273,3.497130609,0.315565656,0.198204545,2.16E-02
FBtr0300707,3.497658984,0.812014925,0.198174603,2.16E-02
FBtr0082077,3.498933354,0.924809025,0.198102424,2.16E-02
FBtr0087418,3.501589858,0.90613806,0.197952133,2.15E-02
FBtr0082082,3.504287718,0.792969977,0.197799735,2.15E-02
FBtr0100408,3.504688503,0.537230802,0.197777115,2.15E-02
FBtr0075453,3.504802501,0.840870373,0.197770682,2.15E-02
FBtr0085145,3.507178653,0.864028414,0.19763669,2.14E-02
FBtr0080020,3.508806707,0.861984262,0.197544988,2.14E-02
FBtr0083801,3.509422245,0.459670126,0.19751034,2.14E-02
FBtr0071993,3.511474254,0.940748218,0.19739492,2.13E-02
FBtr0344009,3.513317343,0.927062089,0.197291367,2.13E-02
FBtr0474124,3.514132213,0.763450547,0.197245618,2.13E-02
FBtr0071609,3.514132213,0.763450547,0.197245618,2.13E-02
FBtr0079219,3.514422443,0.821328397,0.197229329,2.13E-02
FBtr0082623,3.514564831,0.770012995,0.197221339,2.13E-02
FBtr0070708,3.515689666,0.906135511,0.197158238,2.12E-02
FBtr0344071,3.516734522,0.572178283,0.197099661,2.12E-02
FBtr0344072,3.516734522,0.572178283,0.197099661,2.12E-02
FBtr0080309,3.519471346,0.911393872,0.196946391,2.12E-02
FBtr0331647,3.520477982,0.542766544,0.196890077,2.11E-02
FBtr0078399,3.522367967,0.724185185,0.196784432,2.11E-02
FBtr0087242,3.526691048,0.642086374,0.19654321,2.10E-02
FBtr0070933,3.528311285,0.885483518,0.196452956,2.10E-02
FBtr0073638,3.530953392,0.299806131,0.196305956,2.09E-02
FBtr0073419,3.532807951,0.897629046,0.196202904,2.09E-02
FBtr0073634,3.533316751,0.546534829,0.196174651,2.09E-02
FBtr0339775,3.534528437,0.304670918,0.1961074,2.08E-02
FBtr0340059,3.535480317,0.9309443,0.1960546,2.08E-02
FBtr0339815,3.536299351,0.757581536,0.196009193,2.08E-02
FBtr0082609,3.536719511,0.389157577,0.195985907,2.08E-02
FBtr0070376,3.54040187,0.83094061,0.195782063,2.07E-02
FBtr0336754,3.541824159,0.510948603,0.195703442,2.07E-02
FBtr0084161,3.542418215,0.783934751,0.195670623,2.07E-02
FBtr0076668,3.542802294,0.877868799,0.195649411,2.07E-02
FBtr0304707,3.543140167,0.284352655,0.195630754,2.06E-02
FBtr0112834,3.54365582,0.923394551,0.195602286,2.06E-02
FBtr0075137,3.544468099,0.934310936,0.195557461,2.06E-02
FBtr0074487,3.545884365,0.939380243,0.195479353,2.06E-02
FBtr0083995,3.546928296,0.678289303,0.195421819,2.06E-02
FBtr0071755,3.548192686,0.828472902,0.195352181,2.05E-02
FBtr0075162,3.552213928,0.513794848,0.195131035,2.05E-02
FBtr0082290,3.552735587,0.872126462,0.195102383,2.04E-02
FBtr0072768,3.55358704,0.492280222,0.195055636,2.04E-02
FBtr0077243,3.553782468,0.365914888,0.19504491,2.04E-02
FBtr0089711,3.55553725,0.918074968,0.194948648,2.04E-02
FBtr0329946,3.557899456,0.503314826,0.194819215,2.03E-02
FBtr0079544,3.557899456,0.503314826,0.194819215,2.03E-02
FBtr0077243,3.558678218,0.45279607,0.194776582,2.03E-02
FBtr0074259,3.561239651,0.738631915,0.194636489,2.03E-02
FBtr0070386,3.561620166,0.762097952,0.194615694,2.03E-02
FBtr0077243,3.562977142,0.562598966,0.194541574,2.02E-02
FBtr0332075,3.567723844,0.869728175,0.194282745,2.01E-02
FBtr0305151,3.570882888,0.595008391,0.194110869,2.01E-02
FBtr0076498,3.57172941,0.869662343,0.194064864,2.00E-02
FBtr0078417,3.572377102,0.914231211,0.194029678,2.00E-02
FBtr0273434,3.573811098,0.840389421,0.193951824,2.00E-02
FBtr0302375,3.574000257,0.668496358,0.193941559,2.00E-02
FBtr0076208,3.574917343,0.479910785,0.193891806,2.00E-02
FBtr0077243,3.577189745,0.369729178,0.193768637,1.99E-02
FBtr0075363,3.577557073,0.80092075,0.193748742,1.99E-02
FBtr0333912,3.578335501,0.768398125,0.193706594,1.99E-02
FBtr0475046,3.580766658,0.715999436,0.193575077,1.99E-02
FBtr0111129,3.582457889,0.813886671,0.193483692,1.98E-02
FBtr0077243,3.583881034,0.302152198,0.193406861,1.98E-02
FBtr0076493,3.584632149,0.70386276,0.193366335,1.98E-02
FBtr0336479,3.585002974,0.850804706,0.193346333,1.98E-02
FBtr0077243,3.586552945,0.292357971,0.193262777,1.97E-02
FBtr0070250,3.587357766,0.879271765,0.193219418,1.97E-02
FBtr0075951,3.589540007,0.919047765,0.193101952,1.97E-02
FBtr0079257,3.590090378,0.890446546,0.193072349,1.97E-02
FBtr0080996,3.590853578,0.918600448,0.193031313,1.97E-02
FBtr0072767,3.59332865,0.928430493,0.192898354,1.96E-02
FBtr0074086,3.596669106,0.900301659,0.192719197,1.95E-02
FBtr0340367,3.599393431,0.756243458,0.19257333,1.95E-02
FBtr0340364,3.599393431,0.756243458,0.19257333,1.95E-02
FBtr0071842,3.599989923,0.849413679,0.192541422,1.95E-02
FBtr0074369,3.601084232,0.912472557,0.192482912,1.94E-02
FBtr0333922,3.601757486,0.381681613,0.192446933,1.94E-02
FBtr0302874,3.603855863,0.743170114,0.192334879,1.94E-02
FBtr0306753,3.605862319,0.929746914,0.192227855,1.94E-02
FBtr0302669,3.605956628,0.455063394,0.192222828,1.94E-02
FBtr0080884,3.60921288,0.905311116,0.192049403,1.93E-02
FBtr0306917,3.612850604,0.726387244,0.191856032,1.92E-02
FBtr0340421,3.615963841,0.349241071,0.19169085,1.92E-02
FBtr0343019,3.616236215,0.952626658,0.191676411,1.91E-02
FBtr0273382,3.619137302,0.697598223,0.191522764,1.91E-02
FBtr0113205,3.622719529,0.868011641,0.191333382,1.90E-02
FBtr0080003,3.623214037,0.724235548,0.191307268,1.90E-02
FBtr0308130,3.623989766,0.294222191,0.191266318,1.90E-02
FBtr0333884,3.626056522,0.624140477,0.191157302,1.90E-02
FBtr0085162,3.626217452,0.336203495,0.191148818,1.90E-02
FBtr0336876,3.627271142,0.356107125,0.191093291,1.89E-02
FBtr0076292,3.630414579,0.817825645,0.190927831,1.89E-02
FBtr0346131,3.630839965,0.447368079,0.190905462,1.89E-02
FBtr0301633,3.632209167,0.902428658,0.190833498,1.88E-02
FBtr0071238,3.633501579,0.868146819,0.19076562,1.88E-02
FBtr0080430,3.635973775,0.867709245,0.190635913,1.88E-02
FBtr0332098,3.638926943,0.768508832,0.190481203,1.87E-02
FBtr0082569,3.641331031,0.460380846,0.190355443,1.87E-02
FBtr0085473,3.641951992,0.507298415,0.190322987,1.86E-02
FBtr0332736,3.643051956,0.930770152,0.190265522,1.86E-02
FBtr0087146,3.646728566,0.599803138,0.190073697,1.86E-02
FBtr0077243,3.646835817,0.265667552,0.190068107,1.86E-02
FBtr0331680,3.647968858,0.260243028,0.190009073,1.85E-02
FBtr0084799,3.648579451,0.864941042,0.189977275,1.85E-02
FBtr0113380,3.649473522,0.862210781,0.189930733,1.85E-02
FBtr0084888,3.65042534,0.623784048,0.18988121,1.85E-02
FBtr0307521,3.650946099,0.918852234,0.189854126,1.85E-02
FBtr0072085,3.65863676,0.821155022,0.189455042,1.83E-02
FBtr0085138,3.659529426,0.955550424,0.189408828,1.83E-02
FBtr0080484,3.665013177,0.879817501,0.189125427,1.82E-02
FBtr0310045,3.66615716,0.673729259,0.189066412,1.82E-02
FBtr0333058,3.666170517,0.397087865,0.189065723,1.82E-02
FBtr0081605,3.666396068,0.877727791,0.189054092,1.82E-02
FBtr0333146,3.667025141,0.702360616,0.18902166,1.82E-02
FBtr0078992,3.669475277,0.623920746,0.188895449,1.81E-02
FBtr0076770,3.670794336,0.884821201,0.188827572,1.81E-02
FBtr0086197,3.671552822,0.868366788,0.188788563,1.81E-02
FBtr0076490,3.674729379,0.818688304,0.188625368,1.80E-02
FBtr0082434,3.675265359,0.848731403,0.18859786,1.80E-02
FBtr0083656,3.67684884,0.559472466,0.188516638,1.80E-02
FBtr0332801,3.677494298,0.757717654,0.18848355,1.80E-02
FBtr0100319,3.678490389,0.561983721,0.188432511,1.80E-02
FBtr0072141,3.679004692,0.855052927,0.188406169,1.80E-02
FBtr0342891,3.680160269,0.851717162,0.188347009,1.79E-02
FBtr0073176,3.680339751,0.968505723,0.188337824,1.79E-02
FBtr0070899,3.680542867,0.873748806,0.18832743,1.79E-02
FBtr0089505,3.680865126,0.595460775,0.188310942,1.79E-02
FBtr0082246,3.681835107,0.864315369,0.188261332,1.79E-02
FBtr0088728,3.681977701,0.515025898,0.188254041,1.79E-02
FBtr0082591,3.682100626,0.871158284,0.188247756,1.79E-02
FBtr0070724,3.682381623,0.953284858,0.188233391,1.79E-02
FBtr0078445,3.68241857,0.801973873,0.188231503,1.79E-02
FBtr0085351,3.683383101,0.836364003,0.188182212,1.79E-02
FBtr0445314,3.683383101,0.836364003,0.188182212,1.79E-02
FBtr0302507,3.683522695,0.831275616,0.188175081,1.79E-02
FBtr0100582,3.688624612,0.860845706,0.187914807,1.78E-02
FBtr0077243,3.689814779,0.432847703,0.187854194,1.78E-02
FBtr0073286,3.6964837,0.491646586,0.187515281,1.76E-02
FBtr0083121,3.696783433,0.830226942,0.187500078,1.76E-02
FBtr0078447,3.700677661,0.529023651,0.187302771,1.76E-02
FBtr0077243,3.700936158,0.705630851,0.187289689,1.76E-02
FBtr0075770,3.703230952,0.326320749,0.18717363,1.75E-02
FBtr0082933,3.704359198,0.835815209,0.187116622,1.75E-02
FBtr0083086,3.706127048,0.857596096,0.187027366,1.75E-02
FBtr0079196,3.706152302,0.945528766,0.187026092,1.75E-02
FBtr0086828,3.70638114,0.951960248,0.187014544,1.75E-02
FBtr0308226,3.707743735,0.624277501,0.186945817,1.74E-02
FBtr0083637,3.711265109,0.888173856,0.186768436,1.74E-02
FBtr0085359,3.715016822,0.61113007,0.186579823,1.73E-02
FBtr0305149,3.716151756,0.895480209,0.18652284,1.73E-02
FBtr0075295,3.723111301,0.733251878,0.186174177,1.72E-02
FBtr0076426,3.724463394,0.960473628,0.18610659,1.71E-02
FBtr0072217,3.725079364,0.520082998,0.186075816,1.71E-02
FBtr0308208,3.726476536,0.931407376,0.18600605,1.71E-02
FBtr0081392,3.727644306,0.911123821,0.185947779,1.71E-02
FBtr0075715,3.73026898,0.677937756,0.185816944,1.70E-02
FBtr0073532,3.730546886,0.559254245,0.185803101,1.70E-02
FBtr0331512,3.733163785,0.80069588,0.185672856,1.70E-02
FBtr0331524,3.734018244,0.579678137,0.185630368,1.70E-02
FBtr0070502,3.734198907,0.712582861,0.185621387,1.70E-02
FBtr0088254,3.738468805,0.92856751,0.185409379,1.69E-02
FBtr0082508,3.738767173,0.785283511,0.185394583,1.69E-02
FBtr0343600,3.739845845,0.907520955,0.18534111,1.69E-02
FBtr0084450,3.740077408,0.850384962,0.185329635,1.69E-02
FBtr0080170,3.740442964,0.958564249,0.185311523,1.69E-02
FBtr0330203,3.741820834,0.906845532,0.185243284,1.68E-02
FBtr0273378,3.741820834,0.906845532,0.185243284,1.68E-02
FBtr0330204,3.741820834,0.906845532,0.185243284,1.68E-02
FBtr0345806,3.742624485,0.321635022,0.185203507,1.68E-02
FBtr0304036,3.742714147,0.817366783,0.18519907,1.68E-02
FBtr0072477,3.745420182,0.733634892,0.185065266,1.68E-02
FBtr0308707,3.745449918,0.73957312,0.185063796,1.68E-02
FBtr0075293,3.746181856,0.889537826,0.185027638,1.68E-02
FBtr0078087,3.74718407,0.918078664,0.184978151,1.67E-02
FBtr0344758,3.748393484,0.826749735,0.184918468,1.67E-02
FBtr0334165,3.748484318,0.390622094,0.184913987,1.67E-02
FBtr0301726,3.750237798,0.309527877,0.184827528,1.67E-02
FBtr0091478,3.754052014,0.912132411,0.184639738,1.66E-02
FBtr0339447,3.754522347,0.929487406,0.184616608,1.66E-02
FBtr0084977,3.755096666,0.869583328,0.184588372,1.66E-02
FBtr0077178,3.758165348,0.843700931,0.184437649,1.66E-02
FBtr0305544,3.760596839,0.336605767,0.184318397,1.65E-02
FBtr0077243,3.760852195,0.428852188,0.184305882,1.65E-02
FBtr0339121,3.761505857,0.949516954,0.184273854,1.65E-02
FBtr0083638,3.764455432,0.792461179,0.184129469,1.64E-02
FBtr0330708,3.766289348,0.958975394,0.184039811,1.64E-02
FBtr0086258,3.76740452,0.748601884,0.183985334,1.64E-02
FBtr0333126,3.767718849,0.947638713,0.183969985,1.64E-02
FBtr0074310,3.768686628,0.269341042,0.183922743,1.64E-02
FBtr0308804,3.772464136,0.320005977,0.183738574,1.63E-02
FBtr0331843,3.773905623,0.940308237,0.183668393,1.63E-02
FBtr0301883,3.775547931,0.813167559,0.1835885,1.63E-02
FBtr0087549,3.777443198,0.505996923,0.183496387,1.62E-02
FBtr0080908,3.777586454,0.400154578,0.183489429,1.62E-02
FBtr0085221,3.781116105,0.432439565,0.183318142,1.62E-02
FBtr0331862,3.783550423,0.363812727,0.183200196,1.61E-02
FBtr0078811,3.784961442,0.731924016,0.1831319,1.61E-02
FBtr0079258,3.785328347,0.862283783,0.183114149,1.61E-02
FBtr0339612,3.785450188,0.376174283,0.183108256,1.61E-02
FBtr0339738,3.786023016,0.878043952,0.183080551,1.61E-02
FBtr0303228,3.787033274,0.559100701,0.183031711,1.61E-02
FBtr0079931,3.790780949,0.906590019,0.182850761,1.60E-02
FBtr0076115,3.790960099,0.724483596,0.18284212,1.60E-02
FBtr0071500,3.7912552,0.706789152,0.182827888,1.60E-02
FBtr0083609,3.791401525,0.731810346,0.182820832,1.60E-02
FBtr0074932,3.79163649,0.654957998,0.182809503,1.60E-02
FBtr0304948,3.791693425,0.459722206,0.182806758,1.60E-02
FBtr0112946,3.791884418,0.413049891,0.18279755,1.60E-02
FBtr0089504,3.793281078,0.601641815,0.182730245,1.60E-02
FBtr0344859,3.795687138,0.92113403,0.182614414,1.59E-02
FBtr0083909,3.797369637,0.690026514,0.182533503,1.59E-02
FBtr0078048,3.797918394,0.573428069,0.182507129,1.59E-02
FBtr0307892,3.799800711,0.471452873,0.18241672,1.59E-02
FBtr0073578,3.800463247,0.372569776,0.182384919,1.59E-02
FBtr0075766,3.802342979,0.840749978,0.182294755,1.58E-02
FBtr0077243,3.803286196,0.43601661,0.182249545,1.58E-02
FBtr0084157,3.805411882,0.919860227,0.182147742,1.58E-02
FBtr0077243,3.808251398,0.390450648,0.182011928,1.57E-02
FBtr0085826,3.808669923,0.643828836,0.181991927,1.57E-02
FBtr0078688,3.808698345,0.912304985,0.181990569,1.57E-02
FBtr0080168,3.809424425,0.821567886,0.181955882,1.57E-02
FBtr0076507,3.809914853,0.908947474,0.18193246,1.57E-02
FBtr0339494,3.810005991,0.640714327,0.181928108,1.57E-02
FBtr0100285,3.81032791,0.81255208,0.181912737,1.57E-02
FBtr0100452,3.81032791,0.81255208,0.181912737,1.57E-02
FBtr0075142,3.812349053,0.789718022,0.181816295,1.57E-02
FBtr0078921,3.813619066,0.885924158,0.181755747,1.56E-02
FBtr0343628,3.814119779,0.909852555,0.181731886,1.56E-02
FBtr0075153,3.81426172,0.961640813,0.181725123,1.56E-02
FBtr0085957,3.816283068,0.902894536,0.18162887,1.56E-02
FBtr0332640,3.817202055,0.362679604,0.181585143,1.56E-02
FBtr0077243,3.817279854,0.431061347,0.181581442,1.56E-02
FBtr0077243,3.817704879,0.571390587,0.181561227,1.56E-02
FBtr0330674,3.818316047,0.297875498,0.181532166,1.56E-02
FBtr0081204,3.820892108,0.584702716,0.181409776,1.55E-02
FBtr0301852,3.823195923,0.739237292,0.18130046,1.55E-02
FBtr0072427,3.82341131,0.766088768,0.181290247,1.55E-02
FBtr0072652,3.823835212,0.723118468,0.18127015,1.55E-02
FBtr0079703,3.825624613,0.932022416,0.181185362,1.55E-02
FBtr0072985,3.826435094,0.887475934,0.181146985,1.54E-02
FBtr0077243,3.829291918,0.411247762,0.181011841,1.54E-02
FBtr0309843,3.830434202,0.834219685,0.180957861,1.54E-02
FBtr0080059,3.830686656,0.841198872,0.180945936,1.54E-02
FBtr0081325,3.831653557,0.848247443,0.180900275,1.54E-02
FBtr0331514,3.832760067,0.781874411,0.180848049,1.53E-02
FBtr0334164,3.834988477,0.571065875,0.180742963,1.53E-02
FBtr0074794,3.836614795,0.866510368,0.180666347,1.53E-02
FBtr0085852,3.837765152,0.890044006,0.180612193,1.53E-02
FBtr0331556,3.838536918,0.576653802,0.18057588,1.52E-02
FBtr0344023,3.838822019,0.510965592,0.180562469,1.52E-02
FBtr0306750,3.839932453,0.947438387,0.180510253,1.52E-02
FBtr0303376,3.840584773,0.314411295,0.180479594,1.52E-02
FBtr0088789,3.84211157,0.952356806,0.180407874,1.52E-02
FBtr0305074,3.84391851,0.288768503,0.180323068,1.52E-02
FBtr0077243,3.845258377,0.399769416,0.180260235,1.51E-02
FBtr0305029,3.845524263,0.803210033,0.180247772,1.51E-02
FBtr0077243,3.846809177,0.56665501,0.180187565,1.51E-02
FBtr0077243,3.847513678,0.666130033,0.180154572,1.51E-02
FBtr0088506,3.847870064,0.923987111,0.180137886,1.51E-02
FBtr0077243,3.84798714,0.745730384,0.180132406,1.51E-02
FBtr0306151,3.849448367,0.884809453,0.180064029,1.51E-02
FBtr0071305,3.85005559,0.505417934,0.180035629,1.51E-02
FBtr0301226,3.850343151,0.740310086,0.180022183,1.51E-02
FBtr0077243,3.852927276,0.333087766,0.179901444,1.50E-02
FBtr0088904,3.853066946,0.634949955,0.179894923,1.50E-02
FBtr0078101,3.853364709,0.893696416,0.179881022,1.50E-02
FBtr0340366,3.853394239,0.857317749,0.179879643,1.50E-02
FBtr0340388,3.854415797,0.862176659,0.179831969,1.50E-02
FBtr0070954,3.855071528,0.444987912,0.17980138,1.50E-02
FBtr0301364,3.855604509,0.927582551,0.179776525,1.50E-02
FBtr0072721,3.855685957,0.150596243,0.179772727,1.50E-02
FBtr0073796,3.86178513,0.755702929,0.1794888,1.49E-02
FBtr0078638,3.861989911,0.884108774,0.179479283,1.49E-02
FBtr0073951,3.862342387,0.615146608,0.179462904,1.49E-02
FBtr0074418,3.862604914,0.893659566,0.179450706,1.49E-02
FBtr0079220,3.863360085,0.828636866,0.179415629,1.49E-02
FBtr0290078,3.863567495,0.394474433,0.179405998,1.49E-02
FBtr0088464,3.865275631,0.880912457,0.179326715,1.48E-02
FBtr0302034,3.866461651,0.739711736,0.179271707,1.48E-02
FBtr0345005,3.866716884,0.882301405,0.179259874,1.48E-02
FBtr0305033,3.866773584,0.445190738,0.179257245,1.48E-02
FBtr0083940,3.867243872,0.817518977,0.179235446,1.48E-02
FBtr0112388,3.867489983,0.857631389,0.17922404,1.48E-02
FBtr0084587,3.867604513,0.941990409,0.179218733,1.48E-02
FBtr0310292,3.868083679,0.424289565,0.179196532,1.48E-02
FBtr0077243,3.870598417,0.814465652,0.179080107,1.48E-02
FBtr0078412,3.87176354,0.338175413,0.179026217,1.47E-02
FBtr0331453,3.8724334,0.734300113,0.178995249,1.47E-02
FBtr0086281,3.872559808,0.888555553,0.178989406,1.47E-02
FBtr0273391,3.873182808,0.764684792,0.178960616,1.47E-02
FBtr0273367,3.874505816,0.888160328,0.178899507,1.47E-02
FBtr0330169,3.875074579,0.85536449,0.178873249,1.47E-02
FBtr0077243,3.875441095,0.64154299,0.178856332,1.47E-02
FBtr0083526,3.876270647,0.761787277,0.178818056,1.47E-02
FBtr0077243,3.876578089,0.45131438,0.178803874,1.47E-02
FBtr0290313,3.878853768,0.571075137,0.178698972,1.46E-02
FBtr0302707,3.879635868,0.835651493,0.178662948,1.46E-02
FBtr0331833,3.88089453,0.607767762,0.178605003,1.46E-02
FBtr0077243,3.881284332,0.587173723,0.178587066,1.46E-02
FBtr0074237,3.883307663,0.952720605,0.178494016,1.46E-02
FBtr0077243,3.883740167,0.826825886,0.178474139,1.46E-02
FBtr0077243,3.884454897,0.266034241,0.1784413,1.45E-02
FBtr0077243,3.884599096,0.337382199,0.178434676,1.45E-02
FBtr0334867,3.885012486,0.922553674,0.178415689,1.45E-02
FBtr0077909,3.88597218,0.91466387,0.178371627,1.45E-02
FBtr0077243,3.886166994,0.252594773,0.178362685,1.45E-02
FBtr0077243,3.886166994,0.252594773,0.178362685,1.45E-02
FBtr0343020,3.887176596,0.88247341,0.17831636,1.45E-02
FBtr0072220,3.890160489,0.813894101,0.178179585,1.45E-02
FBtr0083001,3.890223234,0.313806244,0.178176711,1.45E-02
FBtr0077243,3.890445817,0.553862256,0.178166517,1.45E-02
FBtr0084015,3.890676617,0.895796184,0.178155948,1.45E-02
FBtr0339419,3.891069928,0.609802222,0.17813794,1.45E-02
FBtr0080046,3.892333657,0.653717323,0.178080104,1.44E-02
FBtr0077243,3.894583316,0.817543157,0.177977238,1.44E-02
FBtr0088447,3.895760959,0.798975578,0.177923437,1.44E-02
FBtr0330314,3.896572453,0.256614263,0.177886383,1.44E-02
FBtr0339529,3.896586415,0.803566991,0.177885746,1.44E-02
FBtr0077243,3.896632319,0.31693487,0.17788365,1.44E-02
FBtr0077243,3.897664646,0.298971861,0.177836536,1.44E-02
FBtr0087732,3.898249275,0.844383201,0.177809866,1.43E-02
FBtr0306233,3.899450415,0.717867365,0.177755095,1.43E-02
FBtr0304981,3.901858429,0.835000894,0.177645395,1.43E-02
FBtr0300452,3.90284412,0.324615992,0.177600529,1.43E-02
FBtr0306754,3.904406024,0.663000349,0.177529482,1.43E-02
FBtr0081438,3.90476422,0.598089681,0.177513197,1.43E-02
FBtr0087335,3.906507505,0.912779159,0.177433982,1.42E-02
FBtr0079587,3.906542081,0.584295491,0.177432411,1.42E-02
FBtr0070866,3.906562584,0.908858916,0.17743148,1.42E-02
FBtr0077243,3.908795424,0.495133675,0.177330125,1.42E-02
FBtr0331304,3.910908069,0.816764789,0.177234332,1.42E-02
FBtr0083115,3.911912894,0.930575397,0.177188807,1.41E-02
FBtr0077243,3.912539149,0.307519839,0.177160446,1.41E-02
FBtr0100337,3.91401806,0.665553488,0.177093506,1.41E-02
FBtr0111163,3.916766102,0.850332922,0.176969255,1.41E-02
FBtr0077243,3.916873935,0.626132557,0.176964383,1.41E-02
FBtr0308581,3.91764068,0.873804558,0.176929749,1.41E-02
FBtr0089850,3.917935543,0.917058203,0.176916433,1.41E-02
FBtr0082716,3.920386506,0.354526704,0.176805828,1.40E-02
FBtr0304984,3.921089995,0.834773173,0.176774107,1.40E-02
FBtr0112941,3.921336519,0.751695979,0.176762993,1.40E-02
FBtr0086886,3.922042737,0.729429394,0.176731165,1.40E-02
FBtr0452131,3.922042737,0.729429394,0.176731165,1.40E-02
FBtr0084869,3.923869697,0.759298257,0.176648878,1.40E-02
FBtr0114549,3.923916958,0.701268688,0.176646751,1.40E-02
FBtr0086951,3.924993648,0.759075133,0.176598294,1.40E-02
FBtr0072411,3.925302667,0.897892974,0.176584391,1.40E-02
FBtr0300282,3.926086519,0.741258153,0.176549135,1.39E-02
FBtr0310333,3.927576239,0.161165685,0.176482171,1.39E-02
FBtr0071421,3.928444333,0.281817678,0.176443172,1.39E-02
FBtr0077243,3.929217027,0.654819272,0.176408474,1.39E-02
FBtr0077736,3.931837456,0.927935176,0.176290904,1.39E-02
FBtr0071868,3.932832624,0.913957774,0.176246295,1.38E-02
FBtr0273253,3.932918679,0.610997,0.176242439,1.38E-02
FBtr0113443,3.934704958,0.80451319,0.176162428,1.38E-02
FBtr0452126,3.934704958,0.80451319,0.176162428,1.38E-02
FBtr0077243,3.934705402,0.748662807,0.176162409,1.38E-02
FBtr0082206,3.935442784,0.922561328,0.176129401,1.38E-02
FBtr0070641,3.935596558,0.867732989,0.176122519,1.38E-02
FBtr0339418,3.93743685,0.894665572,0.176040203,1.38E-02
FBtr0070219,3.937491275,0.641721039,0.176037769,1.38E-02
FBtr0077243,3.939920397,0.409739487,0.175929235,1.37E-02
FBtr0078256,3.940610054,0.886714615,0.175898445,1.37E-02
FBtr0070393,3.9424891,0.577163687,0.175814609,1.37E-02
FBtr0077243,3.94250202,0.566085492,0.175814033,1.37E-02
FBtr0084291,3.944410134,0.870657253,0.175728983,1.37E-02
FBtr0071189,3.945179346,0.833534762,0.17569472,1.37E-02
FBtr0110968,3.945369847,0.870201472,0.175686237,1.37E-02
FBtr0306847,3.946097656,0.715220938,0.175653833,1.37E-02
FBtr0088652,3.946902698,0.80008269,0.175618006,1.37E-02
FBtr0078686,3.947534916,0.78173405,0.17558988,1.36E-02
FBtr0333453,3.947889862,0.65444516,0.175574093,1.36E-02
FBtr0077243,3.948246212,0.30175389,0.175558246,1.36E-02
FBtr0303485,3.950130255,0.834863463,0.175474512,1.36E-02
FBtr0308828,3.950536514,0.542987387,0.175456467,1.36E-02
FBtr0344364,3.951209728,0.533613737,0.175426573,1.36E-02
FBtr0077123,3.95196421,0.902566474,0.175393081,1.36E-02
FBtr0075312,3.952216701,0.835055619,0.175381876,1.36E-02
FBtr0077243,3.953691699,0.454244277,0.175316447,1.36E-02
FBtr0079018,3.953749412,0.762063887,0.175313888,1.36E-02
FBtr0077181,3.955539018,0.780492067,0.17523457,1.35E-02
FBtr0073695,3.956091337,0.945038599,0.175210106,1.35E-02
FBtr0085777,3.957608716,0.861166206,0.175142929,1.35E-02
FBtr0089815,3.958641366,0.28777335,0.175097241,1.35E-02
FBtr0330408,3.958641366,0.28777335,0.175097241,1.35E-02
FBtr0309840,3.961964432,0.584136928,0.174950379,1.34E-02
FBtr0072559,3.962116467,0.634841328,0.174943666,1.34E-02
FBtr0083657,3.96285221,0.929514104,0.174911186,1.34E-02
FBtr0085037,3.963111551,0.684775154,0.17489974,1.34E-02
FBtr0301494,3.96320235,0.761433881,0.174895733,1.34E-02
FBtr0087178,3.963442444,0.397286324,0.174885138,1.34E-02
FBtr0303470,3.964288556,0.203457897,0.174847812,1.34E-02
FBtr0086027,3.964598097,0.924332812,0.174834161,1.34E-02
FBtr0343751,3.964904922,0.655074346,0.174820631,1.34E-02
FBtr0076487,3.965054987,0.865095749,0.174814015,1.34E-02
FBtr0082197,3.966464781,0.833197798,0.174751881,1.34E-02
FBtr0433535,3.967080212,0.690922048,0.174724771,1.34E-02
FBtr0334850,3.967826016,0.595380315,0.174691929,1.34E-02
FBtr0070922,3.968100767,0.914334823,0.174679833,1.34E-02
FBtr0075092,3.968741104,0.826150006,0.17465165,1.34E-02
FBtr0331236,3.968859155,0.571990715,0.174646455,1.33E-02
FBtr0080418,3.971666529,0.931341405,0.174523006,1.33E-02
FBtr0110835,3.972245434,0.670320806,0.174497571,1.33E-02
FBtr0071618,3.972985214,0.88892164,0.174465079,1.33E-02
FBtr0300998,3.973645992,0.757273199,0.174436068,1.33E-02
FBtr0070109,3.974347264,0.301235236,0.174405288,1.33E-02
FBtr0089153,3.974888301,0.579412983,0.174381549,1.33E-02
FBtr0072202,3.97857739,0.573217609,0.174219856,1.32E-02
FBtr0331844,3.979403258,0.579791722,0.174183699,1.32E-02
FBtr0113055,3.981941805,0.342912483,0.174072655,1.32E-02
FBtr0071234,3.983507078,0.741732159,0.174004255,1.32E-02
FBtr0344889,3.984094776,3.99E-05,0.173978587,1.31E-02
FBtr0301661,3.984136321,0.83604636,0.173976773,1.31E-02
FBtr0113284,3.984396347,0.532360972,0.173965419,1.31E-02
FBtr0082286,3.985921122,0.931577542,0.17389887,1.31E-02
FBtr0345100,3.986057863,0.707135077,0.173892905,1.31E-02
FBtr0083839,3.986640979,0.814728185,0.17386747,1.31E-02
FBtr0303229,3.988434926,0.55428401,0.173789267,1.31E-02
FBtr0071600,3.988489119,0.874178981,0.173786905,1.31E-02
FBtr0073967,3.989287365,0.87666398,0.173752131,1.31E-02
FBtr0333331,3.98995715,0.258799426,0.173722964,1.31E-02
FBtr0071326,3.990670893,0.742156591,0.173691893,1.31E-02
FBtr0075875,3.992164583,0.948271639,0.173626905,1.30E-02
FBtr0080420,3.993795255,0.772827523,0.173556013,1.30E-02
FBtr0076190,3.994439472,0.609246181,0.173528022,1.30E-02
FBtr0082337,3.995543723,0.161175774,0.173480064,1.30E-02
FBtr0339946,3.996311395,0.424028377,0.173446739,1.30E-02
FBtr0077243,3.99790122,0.45231396,0.173377766,1.30E-02
FBtr0080345,3.998212023,0.617276381,0.173364288,1.30E-02
FBtr0087885,3.999724292,0.495680744,0.17329874,1.29E-02
FBtr0081853,3.999951749,0.834698193,0.173288885,1.29E-02
FBtr0089955,4.001450797,0.407170015,0.173223967,1.29E-02
FBtr0302852,4.003601468,0.906429044,0.173130914,1.29E-02
FBtr0077243,4.004719508,0.315184774,0.173082579,1.29E-02
FBtr0070259,4.005473207,0.86056387,0.173050011,1.29E-02
FBtr0077994,4.006175782,0.569256701,0.173019662,1.29E-02
FBtr0074639,4.006586724,0.874646639,0.173001916,1.28E-02
FBtr0070974,4.006857213,0.86411753,0.172990237,1.28E-02
FBtr0303871,4.008740335,0.514395698,0.172908975,1.28E-02
FBtr0299656,4.008986635,0.831624957,0.172898352,1.28E-02
FBtr0077243,4.009216778,0.236655436,0.172888427,1.28E-02
FBtr0083505,4.009700997,0.916668365,0.172867548,1.28E-02
FBtr0072972,4.010110953,0.880781513,0.172849876,1.28E-02
FBtr0087522,4.010543808,0.174215857,0.17283122,1.28E-02
FBtr0302511,4.011682497,0.946975438,0.172782163,1.28E-02
FBtr0345710,4.01324535,0.785472275,0.172714878,1.28E-02
FBtr0086553,4.014361845,0.519761951,0.172666842,1.27E-02
FBtr0079300,4.015180941,0.811542194,0.172631618,1.27E-02
FBtr0329943,4.015180941,0.811542194,0.172631618,1.27E-02
FBtr0084470,4.015991741,0.715307169,0.172596764,1.27E-02
FBtr0072128,4.016719631,0.675107243,0.172565487,1.27E-02
FBtr0114614,4.017139176,0.706403944,0.172547465,1.27E-02
FBtr0082887,4.018992335,0.664083965,0.172467903,1.27E-02
FBtr0334655,4.024593254,0.726130969,0.172227884,1.26E-02
FBtr0301600,4.028824987,0.736716483,0.172046982,1.26E-02
FBtr0077243,4.029027508,0.46808825,0.172038334,1.26E-02
FBtr0080714,4.029301698,0.92857352,0.172026627,1.26E-02
FBtr0332370,4.0301611,0.940324637,0.171989944,1.25E-02
FBtr0302164,4.030928491,0.808185244,0.171957201,1.25E-02
FBtr0080468,4.033970239,0.88117163,0.17182754,1.25E-02
FBtr0330085,4.035725539,0.839481656,0.171752805,1.25E-02
FBtr0071268,4.037636404,0.791112174,0.17167152,1.24E-02
FBtr0100482,4.039751867,0.884403787,0.171581623,1.24E-02
FBtr0100521,4.039910751,0.836646947,0.171574875,1.24E-02
FBtr0415452,4.040391931,0.186914451,0.171554441,1.24E-02
FBtr0332899,4.041800494,0.883794709,0.171494655,1.24E-02
FBtr0077243,4.041914978,0.385019625,0.171489797,1.24E-02
FBtr0071902,4.043486783,0.629577076,0.171423135,1.24E-02
FBtr0302517,4.044861764,0.706131964,0.171364863,1.24E-02
FBtr0074263,4.045026132,0.510093524,0.171357899,1.24E-02
FBtr0299660,4.045189025,0.894824166,0.171350999,1.24E-02
FBtr0333235,4.050568552,0.610275536,0.171123429,1.23E-02
FBtr0299838,4.052939891,0.490578828,0.171023306,1.23E-02
FBtr0302199,4.053457794,0.238932083,0.171001455,1.22E-02
FBtr0340630,4.05673761,0.499365559,0.170863203,1.22E-02
FBtr0339688,4.058240324,0.616627004,0.170799934,1.22E-02
FBtr0088903,4.058440388,0.403623863,0.170791515,1.22E-02
FBtr0452078,4.064034128,0.720845774,0.170556437,1.21E-02
FBtr0088346,4.070570499,0.735479303,0.170282564,1.20E-02
FBtr0072048,4.070881378,0.417240829,0.17026956,1.20E-02
FBtr0078115,4.070961504,0.540397093,0.170266209,1.20E-02
FBtr0070650,4.072821482,0.455175484,0.170188451,1.20E-02
FBtr0342735,4.07392233,0.249656111,0.170142463,1.20E-02
FBtr0072095,4.074898573,0.624407834,0.170101701,1.20E-02
FBtr0075651,4.07724654,0.456455027,0.170003745,1.20E-02
FBtr0111017,4.077832884,0.619206109,0.1699793,1.19E-02
FBtr0072155,4.078207633,0.466592079,0.169963681,1.19E-02
FBtr0304933,4.080743517,0.591468722,0.169858061,1.19E-02
FBtr0303486,4.084582491,0.838739056,0.169698416,1.19E-02
FBtr0089708,4.085233186,0.854995173,0.169671387,1.19E-02
FBtr0085384,4.0855501,0.857123371,0.169658226,1.19E-02
FBtr0079351,4.087678523,0.387430154,0.169569886,1.18E-02
FBtr0081869,4.088834918,0.900494442,0.169521928,1.18E-02
FBtr0084958,4.089358341,0.465716959,0.16950023,1.18E-02
FBtr0083674,4.089628036,0.945520056,0.169489052,1.18E-02
FBtr0100323,4.091833896,0.184532866,0.169397683,1.18E-02
FBtr0100464,4.091833896,0.184532866,0.169397683,1.18E-02
FBtr0078439,4.092265332,0.823850461,0.169379824,1.18E-02
FBtr0300855,4.092340417,0.871972836,0.169376716,1.18E-02
FBtr0302614,4.094608892,0.907286639,0.169282879,1.17E-02
FBtr0077179,4.098054804,0.817962757,0.169140535,1.17E-02
FBtr0339079,4.098932931,0.833988687,0.169104299,1.17E-02
FBtr0073949,4.099459524,0.547542029,0.169082577,1.17E-02
FBtr0305321,4.099487356,0.898796689,0.169081429,1.17E-02
FBtr0333913,4.100710797,0.227981765,0.169030984,1.17E-02
FBtr0112754,4.101883862,0.780458786,0.168982644,1.17E-02
FBtr0074348,4.102216996,0.723312832,0.168968921,1.17E-02
FBtr0306938,4.105110205,0.900829328,0.168849835,1.16E-02
FBtr0112719,4.105149111,0.781396572,0.168848235,1.16E-02
FBtr0078297,4.105949338,0.591573611,0.168815327,1.16E-02
FBtr0331657,4.106295702,0.527035408,0.168801088,1.16E-02
FBtr0072429,4.107347041,0.513122402,0.16875788,1.16E-02
FBtr0073926,4.108040111,0.866917114,0.168729409,1.16E-02
FBtr0071606,4.109284646,0.908874219,0.168678308,1.16E-02
FBtr0084479,4.109369068,0.718071111,0.168674843,1.16E-02
FBtr0331669,4.109380643,0.646446356,0.168674367,1.16E-02
FBtr0299792,4.110348439,0.757736399,0.168634652,1.16E-02
FBtr0073036,4.111131721,0.726691313,0.168602523,1.15E-02
FBtr0086883,4.112384265,0.930849819,0.16855117,1.15E-02
FBtr0084787,4.112736013,0.811301655,0.168536755,1.15E-02
FBtr0334846,4.114539724,0.929814798,0.168462872,1.15E-02
FBtr0074278,4.11728532,0.436843458,0.168350534,1.15E-02
FBtr0340273,4.122062413,0.908905833,0.168155431,1.14E-02
FBtr0452130,4.122062413,0.908905833,0.168155431,1.14E-02
FBtr0081413,4.127823306,0.942756799,0.167920749,1.14E-02
FBtr0303294,4.13002806,0.598955465,0.167831107,1.13E-02
FBtr0077869,4.13034108,0.888493206,0.167818388,1.13E-02
FBtr0305952,4.131723206,0.78732427,0.16776225,1.13E-02
FBtr0085397,4.132812045,0.604934653,0.167718051,1.13E-02
FBtr0085871,4.134515065,0.856844048,0.167648967,1.13E-02
FBtr0074666,4.134919101,0.92399398,0.167632586,1.13E-02
FBtr0071019,4.135419603,0.693331012,0.167612297,1.13E-02
FBtr0346278,4.136392403,0.363347882,0.167572878,1.13E-02
FBtr0343116,4.1370411,0.890387428,0.167546602,1.12E-02
FBtr0072227,4.139987635,0.930153212,0.167427355,1.12E-02
FBtr0343537,4.143638652,0.877389402,0.167279833,1.12E-02
FBtr0306137,4.144066843,0.776961794,0.167262548,1.12E-02
FBtr0087189,4.144346398,0.939972882,0.167251266,1.12E-02
FBtr0110976,4.147536554,0.807378765,0.167122621,1.11E-02
FBtr0084117,4.148116135,0.74721445,0.167099271,1.11E-02
FBtr0305308,4.148590631,0.768514419,0.167080159,1.11E-02
FBtr0072226,4.149117343,0.840122765,0.167058949,1.11E-02
FBtr0071264,4.149252201,0.8033038,0.167053519,1.11E-02
FBtr0076001,4.150708854,0.869461559,0.166994893,1.11E-02
FBtr0089576,4.150749912,0.86575377,0.166993241,1.11E-02
FBtr0086884,4.155127687,0.873378873,0.1668173,1.10E-02
FBtr0073903,4.15594873,0.738795322,0.166784344,1.10E-02
FBtr0082186,4.15730936,0.918280681,0.166729757,1.10E-02
FBtr0301779,4.159578123,0.702523151,0.166638818,1.10E-02
FBtr0340466,4.159822146,0.903275229,0.166629042,1.10E-02
FBtr0305356,4.161691977,0.831854769,0.166554177,1.10E-02
FBtr0302645,4.161709555,0.282713625,0.166553473,1.10E-02
FBtr0335047,4.163191719,0.688223717,0.166494177,1.10E-02
FBtr0072899,4.163260882,0.55713331,0.166491411,1.10E-02
FBtr0070686,4.165215,0.712297386,0.166413302,1.09E-02
FBtr0112527,4.165970429,0.678468857,0.166383125,1.09E-02
FBtr0346130,4.167034593,0.557124405,0.166340635,1.09E-02
FBtr0087173,4.167190794,0.738983757,0.1663344,1.09E-02
FBtr0070898,4.168482103,0.849818104,0.166282873,1.09E-02
FBtr0335123,4.169063379,0.327665035,0.166259689,1.09E-02
FBtr0077208,4.169290534,0.909211451,0.166250631,1.09E-02
FBtr0081806,4.171194444,0.598811795,0.166174747,1.09E-02
FBtr0089623,4.175492743,0.579613303,0.166003685,1.08E-02
FBtr0078446,4.177252936,0.906600115,0.165933735,1.08E-02
FBtr0070874,4.179580259,0.933481933,0.165841338,1.08E-02
FBtr0347404,4.180162767,0.686528744,0.165818227,1.08E-02
FBtr0347406,4.180162767,0.686528744,0.165818227,1.08E-02
FBtr0077172,4.182699836,0.936886398,0.165717648,1.07E-02
FBtr0083552,4.183337078,0.87402781,0.165692405,1.07E-02
FBtr0073843,4.186572547,0.905995998,0.165564354,1.07E-02
FBtr0112557,4.186878737,0.928832447,0.165552246,1.07E-02
FBtr0113236,4.187374006,0.950891689,0.165532665,1.07E-02
FBtr0089321,4.189836333,0.683377811,0.165435383,1.07E-02
FBtr0339074,4.190365778,0.696353348,0.165414481,1.07E-02
FBtr0078468,4.192216816,0.546169457,0.165341444,1.06E-02
FBtr0083337,4.192539115,0.788139928,0.165328733,1.06E-02
FBtr0071071,4.19655149,0.761786807,0.16517066,1.06E-02
FBtr0071269,4.199111683,0.440059196,0.165069956,1.06E-02
FBtr0083462,4.199237661,0.820821626,0.165065004,1.06E-02
FBtr0071222,4.1995239,0.894307958,0.165053753,1.06E-02
FBtr0474158,4.200584499,0.854928452,0.165012079,1.05E-02
FBtr0331513,4.200584499,0.854928452,0.165012079,1.05E-02
FBtr0474159,4.200584499,0.854928452,0.165012079,1.05E-02
FBtr0301438,4.201238483,0.84816133,0.164986392,1.05E-02
FBtr0078639,4.202612473,0.820343008,0.164932452,1.05E-02
FBtr0075690,4.202791171,0.921806313,0.164925439,1.05E-02
FBtr0331525,4.203120186,0.736871995,0.164912529,1.05E-02
FBtr0331704,4.205770061,0.251509846,0.164808625,1.05E-02
FBtr0071167,4.205855059,0.875301335,0.164805294,1.05E-02
FBtr0077243,4.206376891,0.395204435,0.164784849,1.05E-02
FBtr0086259,4.207771552,0.82101493,0.164730231,1.05E-02
FBtr0299761,4.208888329,0.228996517,0.164686522,1.05E-02
FBtr0332077,4.210409154,0.703376,0.164627036,1.04E-02
FBtr0330263,4.21100726,0.369505343,0.164603654,1.04E-02
FBtr0079217,4.211186329,0.541069875,0.164596654,1.04E-02
FBtr0073114,4.212576136,0.610583124,0.164542351,1.04E-02
FBtr0331454,4.212814986,0.834201047,0.164533022,1.04E-02
FBtr0343132,4.21499014,0.880457813,0.164448114,1.04E-02
FBtr0340138,4.218326744,0.921951401,0.16431804,1.04E-02
FBtr0085781,4.219706192,0.304761327,0.164264323,1.03E-02
FBtr0331445,4.220058818,0.542835591,0.164250597,1.03E-02
FBtr0071688,4.223808813,0.898504281,0.164104772,1.03E-02
FBtr0340051,4.223882512,0.035712019,0.164101908,1.03E-02
FBtr0100010,4.22530873,0.842409358,0.164046517,1.03E-02
FBtr0340620,4.227537292,0.906231773,0.163960039,1.03E-02
FBtr0087862,4.228699522,0.894413091,0.163914976,1.02E-02
FBtr0076508,4.229177165,0.915778307,0.163896463,1.02E-02
FBtr0331526,4.22924926,0.607004557,0.16389367,1.02E-02
FBtr0345038,4.230424744,0.851613771,0.163848129,1.02E-02
FBtr0081155,4.230791384,0.915579385,0.16383393,1.02E-02
FBtr0084547,4.234655582,0.823089604,0.163684429,1.02E-02
FBtr0333516,4.237087851,0.814156667,0.163590467,1.02E-02
FBtr0290322,4.237087851,0.814156667,0.163590467,1.02E-02
FBtr0087769,4.237135706,0.751600629,0.163588619,1.02E-02
FBtr0306343,4.237345238,0.6959579,0.16358053,1.02E-02
FBtr0083122,4.237704624,0.739146657,0.163566657,1.02E-02
FBtr0076506,4.237979182,0.897794013,0.163556061,1.02E-02
FBtr0086503,4.239174059,0.605228927,0.16350996,1.01E-02
FBtr0331702,4.240083625,0.491375713,0.163474884,1.01E-02
FBtr0300003,4.24078146,0.900857977,0.163447984,1.01E-02
FBtr0077397,4.242039759,0.913385145,0.163399501,1.01E-02
FBtr0073443,4.243383558,0.959449201,0.163347756,1.01E-02
FBtr0100483,4.243447718,0.48070275,0.163345286,1.01E-02
FBtr0334454,4.245644705,0.546719736,0.16326076,1.01E-02
FBtr0339557,4.245743149,0.462063497,0.163256974,1.01E-02
FBtr0081324,4.247373874,0.768827242,0.163194294,1.01E-02
FBtr0071332,4.247863849,0.268024489,0.16317547,1.01E-02
FBtr0112852,4.248533423,0.751483499,0.163149753,1.00E-02
FBtr0303454,4.24890693,0.917645478,0.163135412,1.00E-02
FBtr0073264,4.25143593,0.665153641,0.163038369,1.00E-02
FBtr0299515,4.252207067,0.957168845,0.163008802,1.00E-02
FBtr0076093,4.252596973,0.811089161,0.162993856,1.00E-02
FBtr0071361,4.252926088,0.822542261,0.162981243,1.00E-02
FBtr0071362,4.252926088,0.822542261,0.162981243,1.00E-02
FBtr0078116,4.252929714,0.682431379,0.162981104,1.00E-02
FBtr0339560,4.256562763,0.357319896,0.162841997,9.96E-03
FBtr0340113,4.260245746,0.684487485,0.16270122,9.93E-03
FBtr0076323,4.260573266,0.250547617,0.162688713,9.92E-03
FBtr0301884,4.260619015,0.964182602,0.162686966,9.92E-03
FBtr0290259,4.260949485,0.598044227,0.162674348,9.92E-03
FBtr0306745,4.266116285,0.767404548,0.162477329,9.87E-03
FBtr0083623,4.267626228,0.687058476,0.162419843,9.85E-03
FBtr0344366,4.268663161,0.426682941,0.162380388,9.84E-03
FBtr0074748,4.268936572,0.800433929,0.162369988,9.84E-03
FBtr0100543,4.269039451,0.528583741,0.162366075,9.84E-03
FBtr0071079,4.270684387,0.785020146,0.162303537,9.82E-03
FBtr0080478,4.271713792,0.865298854,0.162264425,9.81E-03
FBtr0076685,4.271873603,0.906117398,0.162258354,9.81E-03
FBtr0330369,4.273549884,0.852836889,0.162194709,9.79E-03
FBtr0084522,4.273549884,0.852836889,0.162194709,9.79E-03
FBtr0086839,4.274344278,0.870271512,0.162164565,9.79E-03
FBtr0345500,4.274663911,0.709510467,0.162152439,9.78E-03
FBtr0082191,4.277372714,0.956993856,0.16204975,9.76E-03
FBtr0085003,4.277817627,0.614409757,0.162032896,9.75E-03
FBtr0087008,4.280262656,0.765599654,0.161940338,9.73E-03
FBtr0077687,4.281055231,0.168348142,0.161910357,9.72E-03
FBtr0080325,4.283220038,0.542316092,0.161828525,9.70E-03
FBtr0077224,4.286782046,0.713628064,0.161694057,9.66E-03
FBtr0085161,4.287059032,0.690440451,0.16168361,9.66E-03
FBtr0308596,4.287959594,0.161681898,0.161649653,9.65E-03
FBtr0079402,4.290732706,0.63838375,0.161545178,9.62E-03
FBtr0333053,4.291534172,0.591954495,0.161515009,9.62E-03
FBtr0332308,4.293017283,0.8402032,0.16145921,9.60E-03
FBtr0088935,4.295555095,0.819140985,0.16136382,9.58E-03
FBtr0332761,4.297277265,0.35424646,0.161299152,9.56E-03
FBtr0085174,4.302832141,0.883308978,0.161090918,9.51E-03
FBtr0082134,4.303942007,0.894401997,0.161049377,9.50E-03
FBtr0088045,4.306754747,0.649163989,0.160944196,9.47E-03
FBtr0304998,4.309222592,0.83554927,0.160852025,9.45E-03
FBtr0087845,4.310524462,0.920738788,0.160803444,9.43E-03
FBtr0072676,4.31196564,0.868092836,0.160749699,9.42E-03
FBtr0082091,4.312158994,0.896836694,0.160742492,9.42E-03
FBtr0337049,4.315661,0.684357356,0.160612055,9.38E-03
FBtr0079787,4.316801582,0.551213932,0.160569618,9.37E-03
FBtr0070043,4.318111662,0.718818054,0.160520902,9.36E-03
FBtr0079211,4.318504107,0.932319821,0.160506315,9.36E-03
FBtr0087528,4.325328627,0.199542283,0.160253068,9.29E-03
FBtr0084901,4.327084789,0.502608258,0.160188028,9.28E-03
FBtr0333947,4.329499937,0.634557292,0.16009867,9.25E-03
FBtr0071763,4.330332475,0.720069101,0.16006789,9.25E-03
FBtr0345141,4.331692204,0.96285421,0.160017644,9.23E-03
FBtr0303842,4.33187735,0.392053632,0.160010805,9.23E-03
FBtr0336829,4.333161077,0.498397056,0.1599634,9.22E-03
FBtr0333388,4.333278366,0.90160742,0.159959071,9.22E-03
FBtr0087363,4.335798882,0.922250911,0.159866082,9.19E-03
FBtr0302433,4.336574594,0.442936252,0.159837486,9.19E-03
FBtr0076652,4.336616516,0.859949937,0.159835941,9.19E-03
FBtr0089869,4.337340339,0.52846164,0.159809267,9.18E-03
FBtr0334634,4.340325059,0.218949104,0.159699371,9.15E-03
FBtr0345600,4.347861065,0.536807297,0.159422569,9.08E-03
FBtr0070938,4.348669818,0.761613102,0.15939292,9.08E-03
FBtr0086231,4.353221986,0.853055007,0.159226243,9.03E-03
FBtr0089973,4.355865676,0.863558049,0.159129604,9.01E-03
FBtr0333250,4.356945942,0.462978664,0.159090149,9.00E-03
FBtr0331781,4.359048282,0.754145973,0.159013421,8.98E-03
FBtr0084073,4.361388297,0.799717178,0.158928106,8.96E-03
FBtr0304026,4.364196887,0.909468167,0.158825827,8.93E-03
FBtr0302498,4.365952962,0.764918135,0.158761944,8.92E-03
FBtr0084909,4.369842851,0.733682943,0.15862062,8.88E-03
FBtr0336614,4.371252615,0.748439221,0.158569463,8.87E-03
FBtr0300327,4.371906282,0.502008544,0.158545755,8.86E-03
FBtr0346041,4.372029242,0.376346426,0.158541296,8.86E-03
FBtr0346040,4.372029242,0.376346426,0.158541296,8.86E-03
FBtr0073668,4.373559292,0.811431756,0.158485831,8.85E-03
FBtr0071339,4.374040552,0.510818811,0.158468394,8.85E-03
FBtr0073143,4.37502258,0.914043547,0.158432824,8.84E-03
FBtr0087844,4.376707669,0.658068219,0.158371825,8.82E-03
FBtr0084967,4.379190607,0.678210181,0.15828203,8.80E-03
FBtr0343382,4.379606928,0.904694075,0.158266984,8.80E-03
FBtr0079401,4.38010021,0.944142089,0.15824916,8.79E-03
FBtr0081162,4.382944683,0.815458262,0.158146459,8.77E-03
FBtr0079689,4.383900772,0.744593043,0.158111968,8.76E-03
FBtr0070218,4.384978302,0.377442096,0.158073115,8.75E-03
FBtr0080061,4.385241196,0.76657733,0.158063639,8.75E-03
FBtr0081730,4.385396968,0.806174553,0.158058024,8.74E-03
FBtr0330192,4.385396968,0.806174553,0.158058024,8.74E-03
FBtr0083843,4.385524502,0.885633951,0.158053428,8.74E-03
FBtr0074226,4.386486693,0.608475618,0.158018758,8.73E-03
FBtr0346060,4.389496034,0.825992865,0.157910424,8.71E-03
FBtr0339071,4.391091881,0.893073108,0.157853035,8.69E-03
FBtr0333654,4.391443708,0.50372403,0.157840388,8.69E-03
FBtr0083136,4.393241183,0.763878135,0.157775809,8.67E-03
FBtr0331377,4.395456564,0.879009684,0.157696287,8.66E-03
FBtr0081318,4.396262788,0.470644087,0.157667367,8.65E-03
FBtr0082325,4.397473341,0.865090275,0.157623964,8.64E-03
FBtr0077497,4.398023773,0.663813361,0.157604237,8.63E-03
FBtr0083099,4.398854127,0.338478481,0.157574487,8.63E-03
FBtr0077481,4.39969817,0.847493046,0.157544257,8.62E-03
FBtr0078277,4.400922412,0.897657426,0.157500432,8.61E-03
FBtr0301008,4.402418695,0.890175691,0.157446901,8.59E-03
FBtr0082886,4.403151176,0.522372415,0.157420709,8.59E-03
FBtr0334936,4.403951895,0.857121175,0.157392087,8.58E-03
FBtr0081353,4.40624413,0.827440883,0.157310208,8.56E-03
FBtr0310082,4.408185921,0.377055914,0.157240913,8.54E-03
FBtr0072981,4.41027082,0.927294924,0.15716658,8.53E-03
FBtr0345028,4.41027082,0.927294924,0.15716658,8.53E-03
FBtr0085124,4.412148356,0.814149328,0.157099699,8.51E-03
FBtr0070711,4.412302257,0.730875813,0.15709422,8.51E-03
FBtr0346538,4.414250228,0.273826025,0.157024895,8.49E-03
FBtr0073826,4.414445687,0.845549158,0.157017943,8.49E-03
FBtr0100336,4.414587926,0.800709407,0.157012884,8.49E-03
FBtr0306165,4.415217516,0.64203992,0.156990494,8.48E-03
FBtr0088421,4.416594418,0.668948147,0.156941552,8.47E-03
FBtr0334645,4.416767965,0.371771689,0.156935385,8.47E-03
FBtr0088685,4.417096789,0.80725662,0.156923702,8.47E-03
FBtr0079523,4.418354174,0.88044376,0.156879044,8.46E-03
FBtr0088930,4.419767176,0.918124086,0.15682889,8.45E-03
FBtr0084068,4.423681912,0.454947017,0.156690104,8.41E-03
FBtr0073229,4.423815248,0.889557329,0.156685382,8.41E-03
FBtr0300547,4.424721984,0.85279881,0.156653273,8.40E-03
FBtr0077576,4.425015533,0.84393296,0.156642881,8.40E-03
FBtr0084602,4.425470559,0.758517153,0.156626775,8.40E-03
FBtr0079524,4.426134894,0.781290052,0.156603266,8.39E-03
FBtr0084560,4.428393824,0.863798312,0.156523383,8.37E-03
FBtr0100670,4.430676549,0.398065348,0.15644274,8.35E-03
FBtr0080829,4.434271098,0.484997685,0.156315923,8.32E-03
FBtr0081158,4.434837277,0.811477439,0.156295967,8.32E-03
FBtr0300761,4.436103084,0.373311147,0.156251369,8.31E-03
FBtr0074540,4.436657701,0.942243174,0.156231836,8.30E-03
FBtr0079782,4.437294938,0.935614955,0.1562094,8.30E-03
FBtr0345102,4.438664338,0.511708522,0.156161207,8.29E-03
FBtr0079295,4.438693079,0.852384905,0.156160196,8.28E-03
FBtr0330148,4.439547625,0.774480898,0.156130137,8.28E-03
FBtr0307301,4.439547625,0.774480898,0.156130137,8.28E-03
FBtr0083713,4.440300861,0.85557182,0.156103652,8.27E-03
FBtr0070626,4.440658921,0.550904618,0.156091065,8.27E-03
FBtr0071042,4.442056461,0.923755781,0.156041956,8.26E-03
FBtr0089705,4.442201939,0.876947189,0.156036846,8.26E-03
FBtr0076897,4.442281964,0.877729071,0.156034035,8.25E-03
FBtr0332706,4.443752963,0.694674834,0.155982384,8.24E-03
FBtr0070993,4.447170696,0.68944861,0.155862509,8.21E-03
FBtr0300708,4.448737516,0.070445341,0.155807615,8.20E-03
FBtr0089592,4.451247095,0.558580821,0.155719772,8.18E-03
FBtr0340631,4.452728678,0.578682887,0.155667958,8.17E-03
FBtr0334935,4.453218718,0.830073143,0.155650828,8.16E-03
FBtr0083291,4.453746536,0.92542582,0.155632382,8.16E-03
FBtr0087947,4.453901386,0.403687074,0.155626971,8.16E-03
FBtr0082012,4.454313268,0.817307345,0.15561258,8.15E-03
FBtr0073338,4.454315589,0.859671979,0.155612499,8.15E-03
FBtr0086072,4.457879352,0.595929007,0.155488098,8.13E-03
FBtr0340041,4.458047959,0.593640883,0.155482217,8.12E-03
FBtr0079198,4.458193027,0.775146631,0.155477158,8.12E-03
FBtr0084469,4.459498928,0.821533576,0.155431628,8.11E-03
FBtr0089950,4.460310718,0.408357005,0.155403339,8.11E-03
FBtr0076511,4.462072452,0.879369211,0.155341982,8.09E-03
FBtr0344377,4.462205487,0.460219548,0.155337351,8.09E-03
FBtr0089704,4.466780521,0.328404889,0.155178249,8.05E-03
FBtr0077243,4.467489879,0.296036892,0.15515361,8.05E-03
FBtr0300569,4.468583743,0.546330258,0.15511563,8.04E-03
FBtr0100413,4.471130765,0.273171858,0.155027266,8.02E-03
FBtr0310001,4.47239574,0.90239579,0.154983418,8.01E-03
FBtr0334791,4.472590268,0.774540713,0.154976678,8.01E-03
FBtr0072811,4.472890689,0.741794569,0.154966269,8.00E-03
FBtr0330660,4.47398561,0.456477049,0.154928344,7.99E-03
FBtr0079372,4.474151239,0.821546794,0.154922608,7.99E-03
FBtr0074448,4.475884736,0.716685595,0.154862607,7.98E-03
FBtr0100145,4.476862949,0.879193693,0.154828769,7.97E-03
FBtr0333628,4.476862949,0.879193693,0.154828769,7.97E-03
FBtr0070643,4.477102437,0.783941096,0.154820487,7.97E-03
FBtr0072743,4.477223377,0.466247248,0.154816305,7.97E-03
FBtr0112851,4.477840536,0.440446965,0.154794968,7.96E-03
FBtr0301733,4.478428168,0.85946475,0.154774656,7.96E-03
FBtr0333144,4.478562354,0.866519392,0.154770019,7.96E-03
FBtr0076017,4.482663676,0.752998835,0.154628415,7.92E-03
FBtr0304023,4.485316624,0.70670405,0.154536957,7.90E-03
FBtr0082371,4.487632789,0.616913452,0.154457197,7.88E-03
FBtr0330413,4.487848602,0.902986969,0.154449769,7.88E-03
FBtr0073567,4.487848602,0.902986969,0.154449769,7.88E-03
FBtr0087112,4.489260859,0.527194517,0.154401181,7.87E-03
FBtr0077442,4.489411358,0.81602058,0.154396005,7.87E-03
FBtr0077907,4.490090495,0.401830398,0.154372653,7.87E-03
FBtr0080169,4.491362802,0.904513672,0.154328922,7.85E-03
FBtr0079784,4.49333692,0.887676179,0.154261119,7.84E-03
FBtr0071487,4.493858707,0.735943705,0.154243207,7.84E-03
FBtr0342802,4.49527327,0.803106454,0.15419467,7.82E-03
FBtr0310337,4.49527327,0.803106454,0.15419467,7.82E-03
FBtr0334951,4.499934797,0.634804936,0.154034939,7.79E-03
FBtr0340456,4.500061905,0.841359937,0.154030588,7.79E-03
FBtr0334014,4.500317529,0.766943683,0.154021839,7.78E-03
FBtr0305052,4.502024515,0.88842521,0.15396344,7.77E-03
FBtr0082067,4.502890977,0.821863627,0.153933814,7.76E-03
FBtr0078475,4.504860069,0.907772901,0.153866529,7.75E-03
FBtr0079842,4.505099889,0.946714886,0.153858338,7.75E-03
FBtr0089726,4.505564545,0.69087159,0.15384247,7.74E-03
FBtr0339328,4.505924015,0.795856645,0.153830197,7.74E-03
FBtr0331765,4.505966128,0.432156362,0.15382876,7.74E-03
FBtr0077243,4.506096782,0.177881483,0.153824299,7.74E-03
FBtr0087864,4.506892391,0.827188636,0.153797145,7.73E-03
FBtr0091650,4.507973031,0.80811264,0.153760277,7.72E-03
FBtr0091651,4.507973031,0.80811264,0.153760277,7.72E-03
FBtr0331308,4.507986556,0.837165491,0.153759815,7.72E-03
FBtr0076165,4.508912627,0.776080133,0.153728235,7.72E-03
FBtr0070134,4.509709449,0.76638318,0.153701073,7.71E-03
FBtr0302526,4.510324806,0.831150319,0.153680103,7.71E-03
FBtr0083716,4.510855328,0.930973277,0.153662029,7.70E-03
FBtr0336466,4.511767273,0.690118187,0.15363097,7.69E-03
FBtr0074575,4.512359035,0.769511124,0.153610822,7.69E-03
FBtr0071832,4.514530371,0.804365926,0.15353694,7.67E-03
FBtr0310066,4.514888726,0.804265704,0.153524754,7.67E-03
FBtr0306301,4.515400981,0.71702172,0.153507337,7.67E-03
FBtr0337106,4.516243574,0.614746262,0.153478697,7.66E-03
FBtr0073076,4.516455087,0.903261727,0.15347151,7.66E-03
FBtr0075898,4.516643442,0.923214332,0.15346511,7.66E-03
FBtr0345086,4.517297791,0.45248503,0.153442879,7.65E-03
FBtr0076669,4.518282125,0.888953978,0.153409451,7.64E-03
FBtr0347152,4.522548638,0.393410681,0.153264727,7.61E-03
FBtr0070501,4.523213394,0.947016315,0.153242202,7.61E-03
FBtr0301065,4.523984236,0.722973305,0.153216091,7.60E-03
FBtr0300886,4.524277017,0.674642732,0.153206176,7.60E-03
FBtr0299559,4.524972531,0.837160323,0.153182627,7.59E-03
FBtr0346420,4.52818099,0.475784148,0.153074089,7.57E-03
FBtr0083751,4.528770071,0.496900341,0.153054178,7.56E-03
FBtr0334145,4.528786003,0.821101045,0.15305364,7.56E-03
FBtr0332529,4.530247575,0.921617841,0.153004261,7.55E-03
FBtr0077243,4.530605527,0.178400552,0.152992172,7.55E-03
FBtr0084938,4.531957232,0.585124216,0.152946541,7.54E-03
FBtr0332638,4.533981279,0.377251056,0.152878263,7.52E-03
FBtr0335274,4.534674414,0.197342585,0.152854895,7.52E-03
FBtr0082921,4.536456097,0.262130209,0.152794861,7.50E-03
FBtr0310432,4.537171449,0.735367162,0.152770771,7.50E-03
FBtr0302370,4.54417711,0.597909841,0.152535248,7.45E-03
FBtr0083992,4.544342745,0.830488503,0.152529688,7.45E-03
FBtr0073115,4.545009585,0.555354513,0.152507309,7.44E-03
FBtr0302853,4.547362576,0.563175132,0.152428395,7.42E-03
FBtr0344117,4.548656615,0.935418027,0.152385031,7.41E-03
FBtr0088451,4.549895147,0.759839995,0.15234355,7.40E-03
FBtr0080035,4.551298103,0.74849268,0.15229659,7.39E-03
FBtr0088433,4.554110805,0.832555766,0.152202529,7.37E-03
FBtr0452097,4.558078412,0.656961212,0.152070043,7.34E-03
FBtr0070216,4.560732762,0.876782254,0.151981538,7.32E-03
FBtr0340288,4.561409891,0.871052005,0.151958977,7.32E-03
FBtr0075098,4.56144318,0.351990474,0.151957868,7.32E-03
FBtr0336688,4.56538996,0.619754784,0.1518265,7.29E-03
FBtr0077243,4.56575869,0.317726743,0.151814239,7.29E-03
FBtr0301821,4.568946161,0.694301567,0.151708327,7.26E-03
FBtr0076183,4.572449634,0.859997197,0.151592087,7.24E-03
FBtr0306344,4.572647576,0.747002395,0.151585524,7.24E-03
FBtr0343323,4.57368099,0.739539532,0.151551274,7.23E-03
FBtr0077243,4.57499775,0.68622321,0.151507655,7.22E-03
FBtr0083373,4.575486951,0.869528995,0.151491456,7.21E-03
FBtr0344646,4.576187067,0.745215099,0.151468279,7.21E-03
FBtr0073694,4.576576424,0.9553565,0.151455393,7.21E-03
FBtr0085250,4.578957437,0.674560442,0.151376638,7.19E-03
FBtr0333945,4.580681028,0.812971685,0.151319679,7.18E-03
FBtr0300361,4.581238884,0.434201032,0.151301252,7.17E-03
FBtr0088959,4.582733758,0.729328088,0.151251898,7.16E-03
FBtr0303995,4.583316942,0.876343685,0.151232653,7.16E-03
FBtr0345368,4.583394416,0.786050931,0.151230097,7.16E-03
FBtr0304891,4.591331175,0.149486028,0.150968674,7.10E-03
FBtr0343604,4.592167192,0.832829414,0.15094119,7.09E-03
FBtr0087297,4.5926885,0.228392778,0.150924057,7.09E-03
FBtr0110978,4.593877761,0.548248818,0.150884986,7.08E-03
FBtr0085955,4.599148396,0.783169891,0.150712071,7.04E-03
FBtr0088710,4.599283388,0.935711094,0.150707648,7.04E-03
FBtr0085084,4.599734693,0.17937219,0.150692861,7.04E-03
FBtr0076688,4.604826798,0.952593891,0.150526222,7.00E-03
FBtr0331192,4.605429067,0.752250401,0.150506537,7.00E-03
FBtr0087392,4.606296745,0.827098625,0.150478186,6.99E-03
FBtr0087764,4.606696464,0.410123998,0.15046513,6.99E-03
FBtr0079638,4.608426048,0.88154403,0.150408659,6.98E-03
FBtr0333148,4.610340202,0.574648752,0.150346211,6.97E-03
FBtr0076480,4.610727936,0.912344682,0.150333568,6.96E-03
FBtr0087611,4.612207516,0.738872554,0.150285341,6.95E-03
FBtr0113727,4.613718948,0.933272535,0.150236109,6.94E-03
FBtr0331433,4.614798484,0.378138665,0.150200964,6.93E-03
FBtr0330391,4.616065213,0.551187567,0.150159746,6.92E-03
FBtr0070244,4.616065213,0.551187567,0.150159746,6.92E-03
FBtr0087734,4.61623232,0.820761348,0.15015431,6.92E-03
FBtr0339712,4.617361541,0.7087931,0.150117589,6.92E-03
FBtr0301101,4.617662348,0.818596981,0.15010781,6.91E-03
FBtr0077243,4.61889889,0.184336022,0.150067624,6.91E-03
FBtr0091885,4.619271336,0.16165863,0.150055524,6.90E-03
FBtr0091883,4.619271336,0.16165863,0.150055524,6.90E-03
FBtr0091881,4.619271336,0.16165863,0.150055524,6.90E-03
FBtr0072201,4.619652718,0.927101256,0.150043136,6.90E-03
FBtr0113452,4.622358747,0.91249019,0.149955297,6.88E-03
FBtr0077243,4.623894231,0.305206225,0.149905501,6.87E-03
FBtr0074484,4.624801631,0.78409707,0.149876089,6.86E-03
FBtr0343674,4.62648774,0.849574166,0.149821467,6.85E-03
FBtr0331559,4.627300689,0.63819151,0.149795146,6.85E-03
FBtr0074805,4.627640878,0.69503972,0.149784134,6.84E-03
FBtr0077243,4.628811567,0.159189316,0.149746251,6.84E-03
FBtr0076971,4.630862329,0.476695791,0.149679937,6.82E-03
FBtr0305040,4.631406556,0.240916815,0.149662348,6.82E-03
FBtr0077685,4.631421834,0.642299534,0.149661854,6.82E-03
FBtr0084670,4.63225048,0.825132037,0.149635082,6.81E-03
FBtr0300772,4.632702645,0.583039362,0.149620477,6.81E-03
FBtr0084866,4.632824898,0.756696671,0.149616529,6.81E-03
FBtr0336627,4.634029876,0.844315376,0.149577624,6.80E-03
FBtr0302592,4.636768248,0.781148628,0.149489287,6.78E-03
FBtr0079821,4.638051328,0.93595572,0.149447932,6.77E-03
FBtr0306063,4.639207186,0.338555963,0.149410697,6.76E-03
FBtr0082670,4.639570439,0.887402541,0.149398999,6.76E-03
FBtr0071275,4.641694278,0.712182892,0.149330641,6.75E-03
FBtr0080488,4.642588439,0.923095545,0.14930188,6.74E-03
FBtr0077952,4.642739408,0.46060279,0.149297025,6.74E-03
FBtr0084148,4.643904618,0.822272971,0.149259564,6.73E-03
FBtr0084571,4.644388801,0.617119457,0.149244004,6.73E-03
FBtr0070299,4.644925057,0.216029697,0.149226774,6.73E-03
FBtr0290222,4.645255041,0.71070185,0.149216173,6.72E-03
FBtr0071278,4.647245452,0.743436141,0.149152264,6.71E-03
FBtr0070508,4.648282341,0.258661293,0.149118993,6.70E-03
FBtr0087114,4.649792476,0.831805296,0.149070563,6.69E-03
FBtr0089617,4.651198513,0.826125007,0.149025499,6.68E-03
FBtr0306936,4.652420625,0.714582867,0.148986353,6.68E-03
FBtr0307277,4.652716714,0.837037154,0.148976872,6.67E-03
FBtr0452181,4.653177528,0.452419715,0.148962118,6.67E-03
FBtr0290258,4.653177528,0.452419715,0.148962118,6.67E-03
FBtr0299693,4.655261217,0.373034122,0.148895443,6.66E-03
FBtr0333657,4.658464869,0.51747063,0.148793047,6.63E-03
FBtr0084630,4.658583772,0.874209943,0.148789249,6.63E-03
FBtr0330264,4.659147339,0.657944839,0.148771252,6.63E-03
FBtr0076489,4.659207984,0.80695618,0.148769315,6.63E-03
FBtr0070988,4.660194192,0.848354281,0.148737832,6.62E-03
FBtr0100368,4.66099446,0.840321956,0.148712294,6.62E-03
FBtr0086708,4.661394465,0.842060629,0.148699533,6.62E-03
FBtr0303787,4.664504332,0.363942175,0.148600394,6.59E-03
FBtr0089620,4.666268412,0.771076876,0.148544216,6.58E-03
FBtr0082188,4.667104525,0.918566465,0.148517604,6.58E-03
FBtr0331945,4.671448538,0.610303919,0.148379496,6.55E-03
FBtr0301823,4.671895522,0.841061459,0.1483653,6.55E-03
FBtr0077243,4.678285875,0.257617104,0.148162639,6.50E-03
FBtr0301824,4.680211054,0.865155242,0.148101693,6.49E-03
FBtr0305182,4.682354551,0.444682793,0.148033895,6.48E-03
FBtr0299825,4.685885894,0.541283139,0.147922334,6.45E-03
FBtr0334153,4.686246826,0.614598494,0.147910942,6.45E-03
FBtr0072271,4.686759091,0.931774505,0.147894775,6.45E-03
FBtr0086830,4.687351446,0.624141519,0.147876085,6.44E-03
FBtr0074267,4.688944729,0.841768889,0.147825837,6.43E-03
FBtr0347403,4.691954074,0.825052961,0.147731024,6.41E-03
FBtr0339907,4.692326703,0.42066195,0.147719292,6.41E-03
FBtr0080629,4.69736397,0.733737309,0.147560884,6.38E-03
FBtr0334088,4.699186604,0.667931059,0.147503651,6.37E-03
FBtr0333708,4.700808351,0.832870198,0.147452763,6.36E-03
FBtr0077243,4.702047401,0.116797778,0.147413907,6.35E-03
FBtr0086227,4.70437342,0.795843812,0.147341021,6.33E-03
FBtr0082484,4.704882523,0.873520083,0.147325077,6.33E-03
FBtr0304671,4.705283223,0.782462259,0.147312531,6.33E-03
FBtr0083338,4.70603999,0.777533522,0.147288842,6.32E-03
FBtr0087353,4.707657254,0.859990904,0.147238243,6.31E-03
FBtr0085203,4.708344779,0.559011359,0.147216742,6.31E-03
FBtr0070042,4.709386235,0.787116953,0.147184186,6.30E-03
FBtr0087761,4.709694367,0.873577032,0.147174557,6.30E-03
FBtr0086516,4.712138207,0.956850614,0.147098228,6.28E-03
FBtr0301169,4.712353977,0.151610796,0.147091493,6.28E-03
FBtr0087201,4.712484227,0.460275424,0.147087427,6.28E-03
FBtr0346453,4.712851204,0.572136547,0.147075974,6.28E-03
FBtr0346452,4.712851204,0.572136547,0.147075974,6.28E-03
FBtr0077243,4.715361478,0.617961193,0.146997676,6.26E-03
FBtr0080494,4.715706418,0.754360456,0.146986924,6.26E-03
FBtr0088730,4.715824512,0.878964842,0.146983243,6.26E-03
FBtr0299789,4.717485821,0.895852279,0.146931481,6.25E-03
FBtr0346270,4.718550655,0.38723365,0.146898323,6.24E-03
FBtr0082192,4.719039166,0.416697603,0.146883117,6.24E-03
FBtr0345984,4.720147325,0.775469259,0.146848633,6.23E-03
FBtr0332593,4.720601609,0.622248108,0.146834501,6.23E-03
FBtr0082483,4.722784008,0.89607113,0.146766649,6.22E-03
FBtr0077243,4.72279763,0.261309523,0.146766225,6.22E-03
FBtr0074511,4.724529328,0.775818986,0.14671243,6.21E-03
FBtr0308212,4.727104026,0.826518117,0.146632521,6.19E-03
FBtr0086121,4.727725541,0.518977566,0.146613244,6.19E-03
FBtr0081897,4.728173671,0.812337799,0.146599349,6.18E-03
FBtr0080624,4.738624181,0.907005239,0.14627604,6.12E-03
FBtr0070910,4.740154847,0.81936114,0.146228805,6.11E-03
FBtr0330399,4.740612815,0.834550575,0.146214679,6.11E-03
FBtr0073803,4.740612815,0.834550575,0.146214679,6.11E-03
FBtr0339112,4.740884724,0.864125789,0.146206293,6.11E-03
FBtr0331770,4.74351929,0.910933327,0.146125089,6.09E-03
FBtr0083805,4.744679709,0.95008671,0.146089351,6.08E-03
FBtr0070283,4.746755115,0.820309649,0.146025477,6.07E-03
FBtr0300177,4.753050092,0.863992125,0.14583208,6.03E-03
FBtr0078348,4.753151263,0.375953137,0.145828976,6.03E-03
FBtr0080576,4.754539559,0.703924212,0.145786395,6.02E-03
FBtr0073491,4.754753014,0.631739829,0.14577985,6.02E-03
FBtr0082656,4.754958734,0.78547968,0.145773543,6.02E-03
FBtr0339638,4.755649771,0.783444122,0.145752361,6.01E-03
FBtr0073608,4.755929987,0.312055388,0.145743773,6.01E-03
FBtr0077243,4.75697071,0.524728176,0.145711887,6.01E-03
FBtr0077525,4.757102658,0.809581869,0.145707846,6.01E-03
FBtr0087943,4.758023921,0.711730925,0.145679633,6.00E-03
FBtr0074451,4.759599705,0.877440575,0.145631403,5.99E-03
FBtr0074630,4.765243414,0.688713142,0.145458924,5.96E-03
FBtr0087886,4.767323283,0.920571845,0.145395464,5.94E-03
FBtr0082203,4.768099066,0.558539599,0.145371808,5.94E-03
FBtr0084520,4.770647948,0.624199871,0.145294138,5.92E-03
FBtr0309316,4.772244283,0.891515849,0.145245536,5.92E-03
FBtr0079212,4.775051354,0.663025251,0.145160152,5.90E-03
FBtr0079651,4.775445991,0.840442372,0.145148156,5.90E-03
FBtr0086256,4.777297557,0.707162987,0.1450919,5.88E-03
FBtr0077243,4.778897341,0.31396293,0.145043329,5.88E-03
FBtr0088370,4.781515896,0.548228145,0.144963898,5.86E-03
FBtr0084208,4.788225051,0.611394973,0.144760777,5.82E-03
FBtr0333145,4.788758259,0.843946033,0.144744659,5.82E-03
FBtr0331529,4.789094957,0.542692093,0.144734483,5.82E-03
FBtr0073476,4.789375463,0.810861415,0.144726006,5.81E-03
FBtr0074104,4.78949853,0.669282693,0.144722287,5.81E-03
FBtr0347258,4.789897328,0.683036804,0.144710238,5.81E-03
FBtr0077243,4.79201563,0.284595589,0.144646269,5.80E-03
FBtr0345720,4.794493436,0.817550363,0.144571515,5.78E-03
FBtr0329879,4.797563327,0.880254904,0.144479006,5.77E-03
FBtr0077243,4.799384004,0.440898098,0.144424197,5.76E-03
FBtr0340029,4.805460984,0.563276868,0.144241558,5.72E-03
FBtr0070515,4.806302583,0.756611642,0.144216301,5.72E-03
FBtr0113769,4.807604585,0.526068773,0.144177244,5.71E-03
FBtr0089441,4.809844234,0.737377989,0.14411011,5.69E-03
FBtr0339633,4.810233636,0.855193817,0.144098444,5.69E-03
FBtr0307305,4.813117517,0.687896583,0.144012104,5.68E-03
FBtr0082078,4.815720266,0.527220645,0.14393427,5.66E-03
FBtr0074846,4.81741176,0.866828116,0.143883732,5.65E-03
FBtr0074655,4.817830554,0.801681028,0.143871224,5.65E-03
FBtr0073667,4.818118547,0.659189327,0.143862625,5.65E-03
FBtr0332202,4.818417546,0.768185135,0.143853698,5.65E-03
FBtr0333204,4.819104473,0.174356139,0.143833192,5.64E-03
FBtr0306633,4.820317976,0.736246355,0.143796983,5.64E-03
FBtr0332636,4.821281191,0.692792088,0.143768254,5.63E-03
FBtr0306089,4.821913314,0.729690546,0.143749407,5.63E-03
FBtr0078629,4.82220961,0.892696417,0.143740575,5.62E-03
FBtr0305545,4.822721515,0.659990399,0.143725317,5.62E-03
FBtr0303843,4.826441189,0.802600274,0.14361455,5.60E-03
FBtr0087383,4.827374781,0.563620042,0.143586776,5.60E-03
FBtr0330628,4.827374781,0.563620042,0.143586776,5.60E-03
FBtr0080546,4.828338694,0.694778784,0.143558111,5.59E-03
FBtr0113410,4.835275682,0.510570186,0.143352153,5.55E-03
FBtr0310310,4.836551314,0.739614021,0.143314344,5.54E-03
FBtr0076878,4.83947508,0.901146587,0.143227761,5.53E-03
FBtr0074795,4.83990461,0.837504636,0.14321505,5.52E-03
FBtr0344013,4.84030205,0.82029923,0.143203291,5.52E-03
FBtr0084581,4.841699394,0.59694614,0.143161961,5.51E-03
FBtr0073669,4.842047529,0.762047168,0.143151668,5.51E-03
FBtr0304804,4.843551327,0.864156839,0.143107223,5.50E-03
FBtr0088422,4.844620062,0.830517035,0.143075653,5.50E-03
FBtr0303586,4.847017883,0.850065863,0.143004874,5.49E-03
FBtr0078524,4.848085795,0.277013241,0.142973373,5.48E-03
FBtr0077243,4.850276342,0.323450628,0.142908802,5.47E-03
FBtr0071352,4.850637403,0.512610968,0.142898164,5.47E-03
FBtr0083553,4.854149648,0.889893436,0.14279477,5.45E-03
FBtr0082259,4.854545659,0.890397697,0.142783121,5.44E-03
FBtr0071439,4.857327549,0.749994887,0.142701346,5.43E-03
FBtr0340455,4.858893723,0.298535216,0.142655349,5.42E-03
FBtr0333713,4.860269434,0.560516108,0.14261497,5.41E-03
FBtr0344152,4.862351044,0.828874582,0.142553916,5.40E-03
FBtr0099989,4.862687451,0.841908934,0.142544054,5.40E-03
FBtr0343291,4.865398667,0.320179583,0.142464622,5.38E-03
FBtr0088553,4.865777278,0.870817639,0.142453536,5.38E-03
FBtr0088774,4.868318376,0.743128838,0.14237918,5.37E-03
FBtr0084085,4.870076724,0.254418447,0.142327774,5.36E-03
FBtr0077243,4.870528766,0.238144889,0.142314565,5.36E-03
FBtr0084186,4.8728512,0.789326129,0.142246736,5.34E-03
FBtr0330616,4.874192196,0.86546402,0.142207601,5.34E-03
FBtr0303083,4.874192196,0.86546402,0.142207601,5.34E-03
FBtr0329869,4.874192196,0.86546402,0.142207601,5.34E-03
FBtr0300041,4.874453221,0.914496592,0.142199986,5.34E-03
FBtr0077243,4.876345337,0.218194238,0.14214481,5.33E-03
FBtr0086709,4.878015596,0.494658268,0.142096139,5.32E-03
FBtr0075669,4.878444512,0.781294032,0.142083645,5.31E-03
FBtr0301441,4.879286509,0.698903857,0.142059127,5.31E-03
FBtr0305262,4.879321559,0.71271272,0.142058106,5.31E-03
FBtr0086306,4.88046533,0.872423256,0.142024814,5.30E-03
FBtr0300885,4.883704795,0.823528823,0.141930606,5.29E-03
FBtr0073144,4.884465562,0.741232118,0.1419085,5.28E-03
FBtr0307310,4.884660307,0.884766267,0.141902842,5.28E-03
FBtr0308567,4.888394191,0.932025016,0.141794453,5.26E-03
FBtr0300395,4.8886817,0.294635783,0.141786114,5.26E-03
FBtr0082876,4.890912955,0.918461395,0.141721431,5.25E-03
FBtr0333606,4.891110353,0.316707302,0.141715711,5.25E-03
FBtr0080831,4.892630814,0.759817458,0.14167167,5.24E-03
FBtr0299829,4.892703549,0.582621351,0.141669564,5.24E-03
FBtr0302568,4.893276608,0.87060639,0.141652973,5.24E-03
FBtr0339768,4.894061657,0.333737814,0.141630251,5.23E-03
FBtr0077243,4.895312979,0.426414973,0.141594048,5.22E-03
FBtr0303844,4.898041192,0.834924984,0.14151518,5.21E-03
FBtr0073609,4.899961802,0.825987282,0.141459711,5.20E-03
FBtr0083084,4.901290891,0.801199816,0.141421351,5.19E-03
FBtr0112862,4.902390085,0.474099403,0.141389642,5.19E-03
FBtr0077243,4.902929059,0.595156479,0.141374099,5.18E-03
FBtr0074386,4.904891667,0.817789937,0.141317531,5.17E-03
FBtr0077243,4.905827475,0.531320191,0.141290574,5.17E-03
FBtr0070170,4.907917873,0.936202805,0.141230395,5.16E-03
FBtr0334902,4.911594158,0.285955587,0.141124685,5.14E-03
FBtr0079686,4.911674789,0.877752516,0.141122369,5.14E-03
FBtr0333371,4.914090718,0.897889202,0.141052988,5.13E-03
FBtr0100552,4.915748391,0.459757574,0.141005423,5.12E-03
FBtr0333263,4.916175461,0.82407884,0.140993174,5.12E-03
FBtr0078339,4.917750678,0.692295015,0.140948012,5.11E-03
FBtr0085046,4.917831406,0.909491296,0.140945698,5.11E-03
FBtr0083066,4.918180892,0.78377864,0.140935682,5.11E-03
FBtr0083941,4.920218389,0.353283194,0.14087732,5.10E-03
FBtr0301495,4.920780913,0.859334565,0.140861215,5.09E-03
FBtr0080774,4.921302446,0.879478679,0.140846288,5.09E-03
FBtr0079588,4.922845493,0.670434751,0.14080214,5.08E-03
FBtr0070135,4.924004117,0.560333134,0.140769009,5.08E-03
FBtr0339384,4.92640547,0.29662535,0.140700392,5.06E-03
FBtr0308687,4.927880974,0.747007134,0.140658264,5.06E-03
FBtr0080886,4.9308655,0.836767769,0.140573127,5.04E-03
FBtr0308030,4.930944858,0.544564276,0.140570864,5.04E-03
FBtr0305946,4.932360893,0.890731146,0.140530508,5.03E-03
FBtr0333449,4.933778012,0.63162997,0.140490143,5.03E-03
FBtr0113395,4.934165407,0.573261709,0.140479113,5.02E-03
FBtr0077243,4.934786087,0.255568607,0.140461444,5.02E-03
FBtr0084580,4.937115636,0.920291257,0.140395168,5.01E-03
FBtr0073841,4.938337381,0.908024978,0.140360434,5.00E-03
FBtr0073533,4.941070161,0.850611259,0.140282805,4.99E-03
FBtr0086554,4.94130623,0.636678852,0.140276103,4.99E-03
FBtr0085921,4.9415402,0.881820176,0.140269461,4.99E-03
FBtr0330193,4.941671441,0.83294056,0.140265736,4.99E-03
FBtr0077243,4.942684765,0.701339135,0.140236979,4.98E-03
FBtr0087965,4.942870168,0.863177267,0.140231719,4.98E-03
FBtr0302317,4.942895604,0.72631894,0.140230997,4.98E-03
FBtr0071804,4.943418417,0.235018172,0.140216167,4.98E-03
FBtr0081403,4.944325609,0.492227946,0.14019044,4.97E-03
FBtr0331555,4.944394076,0.42776314,0.140188498,4.97E-03
FBtr0072677,4.945423326,0.730304095,0.140159322,4.97E-03
FBtr0077243,4.946034229,0.458440561,0.14014201,4.96E-03
FBtr0307297,4.946099211,0.174105392,0.140140169,4.96E-03
FBtr0303825,4.946579824,0.79758587,0.140126553,4.96E-03
FBtr0091678,4.94683394,0.91516159,0.140119355,4.96E-03
FBtr0331353,4.947888351,0.702548302,0.140089495,4.96E-03
FBtr0074170,4.953623256,0.37348947,0.139927311,4.93E-03
FBtr0333335,4.953906858,0.839701811,0.1399193,4.93E-03
FBtr0290284,4.955268581,0.906485857,0.13988085,4.92E-03
FBtr0072479,4.955929571,0.729276774,0.139862193,4.92E-03
FBtr0070904,4.956154447,0.89814026,0.139855847,4.91E-03
FBtr0336814,4.958322548,0.750401182,0.139794693,4.90E-03
FBtr0082721,4.958322548,0.750401182,0.139794693,4.90E-03
FBtr0071109,4.95917184,0.526745857,0.139770753,4.90E-03
FBtr0273257,4.959290557,0.690902326,0.139767407,4.90E-03
FBtr0083400,4.961150659,0.811589063,0.139715003,4.89E-03
FBtr0083203,4.962884481,0.786529738,0.139666193,4.88E-03
FBtr0301822,4.967050364,0.420711468,0.139549054,4.86E-03
FBtr0078250,4.967545599,0.79127674,0.139535142,4.86E-03
FBtr0074258,4.968677723,0.69930443,0.139503349,4.85E-03
FBtr0070079,4.96902927,0.704365901,0.139493479,4.85E-03
FBtr0331801,4.96923075,0.353681914,0.139487823,4.85E-03
FBtr0081667,4.971317475,0.67722318,0.139429273,4.84E-03
FBtr0112638,4.972251143,0.869438747,0.139403091,4.84E-03
FBtr0083899,4.975318099,0.892264334,0.139317159,4.82E-03
FBtr0346119,4.977034996,0.537333289,0.139269099,4.81E-03
FBtr0071372,4.980276519,0.568230792,0.139178453,4.80E-03
FBtr0302114,4.980506629,0.736472681,0.139172022,4.80E-03
FBtr0076114,4.983139889,0.741789411,0.139098479,4.78E-03
FBtr0113451,4.984350175,0.86234859,0.139064704,4.78E-03
FBtr0077243,4.984550023,0.14147721,0.139059128,4.78E-03
FBtr0308855,4.985235375,0.851338888,0.139040011,4.77E-03
FBtr0073448,4.985333079,0.814212689,0.139037286,4.77E-03
FBtr0085560,4.986333294,0.882025616,0.139009396,4.77E-03
FBtr0073483,4.989312031,0.609812288,0.138926404,4.75E-03
FBtr0077243,4.989603098,0.793068125,0.1389183,4.75E-03
FBtr0085039,4.994123984,0.875540284,0.138792546,4.73E-03
FBtr0082923,4.994830774,0.609400287,0.138772906,4.73E-03
FBtr0074257,4.995094696,0.71278116,0.138765574,4.73E-03
FBtr0347147,4.995295735,0.297241193,0.138759989,4.72E-03
FBtr0306523,4.99631119,0.230616487,0.138731787,4.72E-03
FBtr0077604,4.996317422,0.83882541,0.138731614,4.72E-03
FBtr0070429,4.997709076,0.73985278,0.138692983,4.71E-03
FBtr0304025,4.997755494,0.464730621,0.138691695,4.71E-03
FBtr0113290,4.99786922,0.345911721,0.138688539,4.71E-03
FBtr0079687,4.998252136,0.780241818,0.138677914,4.71E-03
FBtr0333406,4.998694025,0.3991325,0.138665655,4.71E-03
FBtr0334792,5.000423843,0.508616415,0.138617686,4.70E-03
FBtr0087681,5.003670374,0.384917432,0.138527746,4.68E-03
FBtr0072728,5.004146478,0.832873673,0.138514567,4.68E-03
FBtr0333473,5.007269822,0.31387306,0.138428166,4.67E-03
FBtr0333101,5.007717353,0.597705711,0.138415795,4.67E-03
FBtr0077243,5.009339432,0.551619787,0.138370975,4.66E-03
FBtr0075231,5.011402956,0.759739006,0.138313998,4.65E-03
FBtr0330402,5.011745185,0.236782592,0.138304554,4.65E-03
FBtr0074026,5.011745185,0.236782592,0.138304554,4.65E-03
FBtr0340068,5.01285122,0.647817824,0.138274038,4.64E-03
FBtr0306561,5.016173897,0.399088381,0.138182446,4.63E-03
FBtr0088716,5.017914625,0.867389368,0.138134511,4.62E-03
FBtr0084567,5.019566735,0.74960218,0.138089046,4.61E-03
FBtr0072256,5.020929909,0.91301641,0.138051555,4.60E-03
FBtr0344367,5.021137474,0.81447747,0.138045848,4.60E-03
FBtr0339467,5.023386471,0.688354343,0.137984044,4.59E-03
FBtr0303766,5.025821278,0.609801135,0.137917196,4.58E-03
FBtr0330327,5.032590381,0.953631681,0.13773169,4.55E-03
FBtr0088937,5.032590381,0.953631681,0.13773169,4.55E-03
FBtr0070832,5.032759962,0.912007421,0.13772705,4.55E-03
FBtr0075498,5.036218259,0.421434319,0.137632474,4.53E-03
FBtr0300881,5.036913808,0.233894035,0.137613469,4.53E-03
FBtr0078047,5.037318916,0.694474266,0.137602402,4.53E-03
FBtr0085758,5.037733859,0.850520402,0.137591068,4.53E-03
FBtr0089619,5.04154644,0.829576092,0.137487017,4.51E-03
FBtr0074262,5.042340898,0.318759669,0.137465355,4.51E-03
FBtr0077243,5.042998535,0.451920126,0.137447428,4.50E-03
FBtr0331517,5.043318605,0.428855019,0.137438705,4.50E-03
FBtr0079783,5.043752027,0.838196354,0.137426895,4.50E-03
FBtr0085868,5.045083974,0.724428184,0.137390613,4.49E-03
FBtr0078349,5.046240827,0.670166369,0.137359116,4.49E-03
FBtr0087987,5.046438901,0.760569719,0.137353725,4.49E-03
FBtr0305546,5.047058173,0.584174295,0.137336872,4.48E-03
FBtr0079216,5.048006615,0.311235946,0.137311068,4.48E-03
FBtr0113827,5.050706285,0.75556651,0.137237674,4.47E-03
FBtr0303080,5.051135111,0.704120224,0.137226023,4.47E-03
FBtr0113826,5.051195503,0.804709383,0.137224382,4.47E-03
FBtr0088745,5.055679652,0.907714563,0.13710267,4.45E-03
FBtr0089346,5.055773556,0.902019352,0.137100124,4.45E-03
FBtr0081177,5.05584958,0.828757607,0.137098062,4.45E-03
FBtr0089219,5.056539795,0.350466933,0.137079348,4.44E-03
FBtr0306976,5.057141282,0.67701073,0.137063044,4.44E-03
FBtr0074261,5.059082543,0.904325773,0.137010451,4.43E-03
FBtr0073420,5.059354081,0.422319684,0.137003098,4.43E-03
FBtr0303163,5.061379185,0.816325806,0.136948281,4.42E-03
FBtr0089322,5.062205777,0.873520846,0.136925919,4.42E-03
FBtr0331999,5.062714683,0.255283502,0.136912156,4.41E-03
FBtr0344294,5.063074068,0.810223847,0.136902437,4.41E-03
FBtr0333302,5.070124305,0.774726676,0.136712068,4.38E-03
FBtr0329938,5.072210524,0.54554236,0.136655838,4.37E-03
FBtr0072607,5.07329,0.799391222,0.136626761,4.37E-03
FBtr0087763,5.073511549,0.692751549,0.136620795,4.37E-03
FBtr0087700,5.078742327,0.698700909,0.136480084,4.34E-03
FBtr0330676,5.079372594,0.256862294,0.136463149,4.34E-03
FBtr0343294,5.079658677,0.279063529,0.136455464,4.34E-03
FBtr0086542,5.079832977,0.49221508,0.136450782,4.34E-03
FBtr0332698,5.080585164,0.819376748,0.13643058,4.34E-03
FBtr0309250,5.083064941,0.862869342,0.136364022,4.32E-03
FBtr0304108,5.085654204,0.854854429,0.136294595,4.31E-03
FBtr0346541,5.085659018,0.369981073,0.136294466,4.31E-03
FBtr0330156,5.087153941,0.949660009,0.136254414,4.31E-03
FBtr0305497,5.088283659,0.918514089,0.136224163,4.30E-03
FBtr0345176,5.090020064,0.247970352,0.136177691,4.29E-03
FBtr0087771,5.090417007,0.388881999,0.136167072,4.29E-03
FBtr0333051,5.090672663,0.452965056,0.136160234,4.29E-03
FBtr0305689,5.091440091,0.747624228,0.136139711,4.29E-03
FBtr0082150,5.092667798,0.888071083,0.136106891,4.28E-03
FBtr0086888,5.092872838,0.921468617,0.136101411,4.28E-03
FBtr0074473,5.09318113,0.777616774,0.136093173,4.28E-03
FBtr0087468,5.096835342,0.856778112,0.1359956,4.27E-03
FBtr0344297,5.101173881,0.742868018,0.135879936,4.25E-03
FBtr0086864,5.10321141,0.88127891,0.135825684,4.24E-03
FBtr0074780,5.105450404,0.425789977,0.135766118,4.23E-03
FBtr0077243,5.106473142,0.530329674,0.135738926,4.22E-03
FBtr0075887,5.107436456,0.830491205,0.135713324,4.22E-03
FBtr0078810,5.107906223,0.879099385,0.135700843,4.22E-03
FBtr0083021,5.108535463,0.731199457,0.135684128,4.22E-03
FBtr0339080,5.112827043,0.51417165,0.135570238,4.20E-03
FBtr0074383,5.115300156,0.868635363,0.135504694,4.19E-03
FBtr0343735,5.117548819,0.910198981,0.135445153,4.18E-03
FBtr0089021,5.118240728,0.71157788,0.135426842,4.17E-03
FBtr0080916,5.124064116,0.66494686,0.135272933,4.15E-03
FBtr0306007,5.12501287,0.673189747,0.135247891,4.15E-03
FBtr0086768,5.125067549,0.769803477,0.135246448,4.15E-03
FBtr0082555,5.125986389,0.528753258,0.135222205,4.14E-03
FBtr0078915,5.127859418,0.911787178,0.135172813,4.13E-03
FBtr0332641,5.127927844,0.53967286,0.135171009,4.13E-03
FBtr0081563,5.129718798,0.834749162,0.135123816,4.13E-03
FBtr0073526,5.130406251,0.865502381,0.13510571,4.12E-03
FBtr0089584,5.135054037,0.904955744,0.134983425,4.10E-03
FBtr0071791,5.136003063,0.577032342,0.134958483,4.10E-03
FBtr0077276,5.136339875,0.766952621,0.134949633,4.10E-03
FBtr0347007,5.13693218,0.311859639,0.134934073,4.10E-03
FBtr0082260,5.137488983,0.805894142,0.134919449,4.09E-03
FBtr0305034,5.138228134,0.47065076,0.13490004,4.09E-03
FBtr0344467,5.140884824,0.882894777,0.134830327,4.08E-03
FBtr0308201,5.141526377,0.162389245,0.134813503,4.08E-03
FBtr0332967,5.142315128,0.798005064,0.134792824,4.07E-03
FBtr0111246,5.147142553,0.281680304,0.134666404,4.05E-03
FBtr0071774,5.152566943,0.860573575,0.134524634,4.03E-03
FBtr0332521,5.152822246,0.206586947,0.134517968,4.03E-03
FBtr0077160,5.153577078,0.876134174,0.134498266,4.03E-03
FBtr0070433,5.155490192,0.663140684,0.134448356,4.02E-03
FBtr0307518,5.157302813,0.665558382,0.134401102,4.01E-03
FBtr0074793,5.158114936,0.911864964,0.134379941,4.01E-03
FBtr0077210,5.161597076,0.409689021,0.134289285,4.00E-03
FBtr0077262,5.163528497,0.650530498,0.134239054,3.99E-03
FBtr0081164,5.16503546,0.886365702,0.134199888,3.98E-03
FBtr0076441,5.167076734,0.868724625,0.134146872,3.97E-03
FBtr0075591,5.171764929,0.802565844,0.134025268,3.96E-03
FBtr0086732,5.173210226,0.587297867,0.133987824,3.95E-03
FBtr0302091,5.174635579,0.648201456,0.133950917,3.94E-03
FBtr0088568,5.176106353,0.720376962,0.133912855,3.94E-03
FBtr0085629,5.176885134,0.537429558,0.13389271,3.94E-03
FBtr0333314,5.177565598,0.767703706,0.133875113,3.93E-03
FBtr0445312,5.177859433,0.282212372,0.133867516,3.93E-03
FBtr0077268,5.17801096,0.791039782,0.133863599,3.93E-03
FBtr0306256,5.180102475,0.343623288,0.13380955,3.92E-03
FBtr0345967,5.181676181,0.901905012,0.133768911,3.92E-03
FBtr0301301,5.18339589,0.889816018,0.13372453,3.91E-03
FBtr0082969,5.184613466,0.831561511,0.133693126,3.90E-03
FBtr0075356,5.185149116,0.679186831,0.133679315,3.90E-03
FBtr0081668,5.186725153,0.923173153,0.133638695,3.90E-03
FBtr0070520,5.187685877,0.869145204,0.133613946,3.89E-03
FBtr0330103,5.189761064,0.678602444,0.133560519,3.88E-03
FBtr0086614,5.190423102,0.473790451,0.133543483,3.88E-03
FBtr0344857,5.193441662,0.235377027,0.133465864,3.87E-03
FBtr0299748,5.194272383,0.70458109,0.133444519,3.87E-03
FBtr0070560,5.194539462,0.36002234,0.133437658,3.87E-03
FBtr0082671,5.196112453,0.660123771,0.133397263,3.86E-03
FBtr0070073,5.199885781,0.441134579,0.133300463,3.85E-03
FBtr0333494,5.202694127,0.504396137,0.133228509,3.83E-03
FBtr0070569,5.204051237,0.624407258,0.133193766,3.83E-03
FBtr0345320,5.20844345,0.30897212,0.133081445,3.81E-03
FBtr0081665,5.210672024,0.95211616,0.133024527,3.80E-03
FBtr0087175,5.211762374,0.543552299,0.132996697,3.80E-03
FBtr0081393,5.212492742,0.365218509,0.132978062,3.80E-03
FBtr0083691,5.212619334,0.627614469,0.132974832,3.80E-03
FBtr0074640,5.212929986,0.946362506,0.132966908,3.80E-03
FBtr0072096,5.213664616,0.860698342,0.132948172,3.79E-03
FBtr0076234,5.214907218,0.510285934,0.132916493,3.79E-03
FBtr0077125,5.219054205,0.798635922,0.13281088,3.77E-03
FBtr0075958,5.221335293,0.656182906,0.132752858,3.76E-03
FBtr0085015,5.221569437,0.811712801,0.132746905,3.76E-03
FBtr0334601,5.22165841,0.658451758,0.132744643,3.76E-03
FBtr0310673,5.222943857,0.886056588,0.132711972,3.76E-03
FBtr0077243,5.223216063,0.764155333,0.132705056,3.76E-03
FBtr0344764,5.223372582,0.8077471,0.13270108,3.76E-03
FBtr0085958,5.224932289,0.200901488,0.132661467,3.75E-03
FBtr0079086,5.227858619,0.531944386,0.132587208,3.74E-03
FBtr0335129,5.229840333,0.549895081,0.132536968,3.73E-03
FBtr0088548,5.230419304,0.931531201,0.132522297,3.73E-03
FBtr0343155,5.234389572,0.797599577,0.132421779,3.71E-03
FBtr0273447,5.23824995,0.738470221,0.13232419,3.70E-03
FBtr0345526,5.240735479,0.302744739,0.132261432,3.69E-03
FBtr0078555,5.242866146,0.440850053,0.132207682,3.68E-03
FBtr0087957,5.244057392,0.89594116,0.13217765,3.68E-03
FBtr0081362,5.244457509,0.531366255,0.132167565,3.68E-03
FBtr0303414,5.245600717,0.865545972,0.132138761,3.67E-03
FBtr0473367,5.248126427,0.572846166,0.132075168,3.66E-03
FBtr0306207,5.250188312,0.405929896,0.132023299,3.66E-03
FBtr0082141,5.255155328,0.689696184,0.131898514,3.64E-03
FBtr0081095,5.258209452,0.752064763,0.131821904,3.63E-03
FBtr0079175,5.259400939,0.320960096,0.13179204,3.62E-03
FBtr0306000,5.25992402,0.319337284,0.131778934,3.62E-03
FBtr0087716,5.263880373,0.612002266,0.131679888,3.61E-03
FBtr0334589,5.264911761,0.838677485,0.131654093,3.60E-03
FBtr0087548,5.271523639,0.322632602,0.131488964,3.58E-03
FBtr0330673,5.2752413,0.840609611,0.131396299,3.56E-03
FBtr0309254,5.276208306,0.317290783,0.131372217,3.56E-03
FBtr0076756,5.276378621,0.281965304,0.131367976,3.56E-03
FBtr0114359,5.276406611,0.633123575,0.131367279,3.56E-03
FBtr0331394,5.280798847,0.832277511,0.131258016,3.55E-03
FBtr0076973,5.285326642,0.687748365,0.131145571,3.53E-03
FBtr0076717,5.289187064,0.78522813,0.131049852,3.52E-03
FBtr0334592,5.290261103,0.516618626,0.131023246,3.51E-03
FBtr0087571,5.290386001,0.324081823,0.131020152,3.51E-03
FBtr0113248,5.29054687,0.633280847,0.131016169,3.51E-03
FBtr0077358,5.295739529,0.721219103,0.130887703,3.49E-03
FBtr0080135,5.296240749,0.867586395,0.130875316,3.49E-03
FBtr0075544,5.296801994,0.251345498,0.130861448,3.49E-03
FBtr0303046,5.298820343,0.674557772,0.130811603,3.48E-03
FBtr0114264,5.299086158,0.383465106,0.130805041,3.48E-03
FBtr0074812,5.300884122,0.439227533,0.130760674,3.47E-03
FBtr0300281,5.301395598,0.224881416,0.130748058,3.47E-03
FBtr0085589,5.303945505,0.786318759,0.1306852,3.46E-03
FBtr0081149,5.304520804,0.166254298,0.130671027,3.46E-03
FBtr0071802,5.305795695,0.898316198,0.130639629,3.46E-03
FBtr0333228,5.306454525,0.654391705,0.130623409,3.45E-03
FBtr0080915,5.310613373,0.898442154,0.130521115,3.44E-03
FBtr0339073,5.313220075,0.312339442,0.130457081,3.43E-03
FBtr0073152,5.314380581,0.816041412,0.130428593,3.43E-03
FBtr0332074,5.316918829,0.552760286,0.130366327,3.42E-03
FBtr0333181,5.318209039,0.535325352,0.1303347,3.41E-03
FBtr0073553,5.318500957,0.843882015,0.130327546,3.41E-03
FBtr0114600,5.31863422,0.915756315,0.130324281,3.41E-03
FBtr0073436,5.319481702,0.678795243,0.130303518,3.41E-03
FBtr0072281,5.32313821,0.620945033,0.130214012,3.40E-03
FBtr0085845,5.323706012,0.618272785,0.130200124,3.40E-03
FBtr0087966,5.3244976,0.850552879,0.130180767,3.39E-03
FBtr0329894,5.325562661,0.478386567,0.130154732,3.39E-03
FBtr0071052,5.325562661,0.478386567,0.130154732,3.39E-03
FBtr0070611,5.325798717,0.8874468,0.130148963,3.39E-03
FBtr0075328,5.330704276,0.559121177,0.130029194,3.37E-03
FBtr0333288,5.331527184,0.652220935,0.130009124,3.37E-03
FBtr0083005,5.332138313,0.83909453,0.129994224,3.37E-03
FBtr0330626,5.333127966,0.193160183,0.129970101,3.36E-03
FBtr0084801,5.333210725,0.821118529,0.129968084,3.36E-03
FBtr0333405,5.335054939,0.376631265,0.129923157,3.36E-03
FBtr0304798,5.336231564,0.64932261,0.129894509,3.35E-03
FBtr0084064,5.337598258,0.79975167,0.12986125,3.35E-03
FBtr0087448,5.33988455,0.866291228,0.129805649,3.34E-03
FBtr0290112,5.340433774,0.826805255,0.1297923,3.34E-03
FBtr0081664,5.340454395,0.496172755,0.129791798,3.34E-03
FBtr0339897,5.340588232,0.523406773,0.129788546,3.34E-03
FBtr0076401,5.341872379,0.806782783,0.129757346,3.33E-03
FBtr0346157,5.342543272,0.627055586,0.129741051,3.33E-03
FBtr0074682,5.34343082,0.905484636,0.129719501,3.33E-03
FBtr0080873,5.345608184,0.826205875,0.129666664,3.32E-03
FBtr0333444,5.346937934,0.499037124,0.129634417,3.32E-03
FBtr0074266,5.346948114,0.623679764,0.12963417,3.32E-03
FBtr0085210,5.347820249,0.251728193,0.129613029,3.31E-03
FBtr0083286,5.350226057,0.823453555,0.129554747,3.31E-03
FBtr0309858,5.352042978,0.844995953,0.129510765,3.30E-03
FBtr0309999,5.352670779,0.866664303,0.129495575,3.30E-03
FBtr0076550,5.353216441,0.919487524,0.129482375,3.30E-03
FBtr0072236,5.353941128,0.733397882,0.129464849,3.29E-03
FBtr0339337,5.354348855,0.706583916,0.129454991,3.29E-03
FBtr0345024,5.356280163,0.608505733,0.129408313,3.29E-03
FBtr0091936,5.357576094,0.674156509,0.129377011,3.28E-03
FBtr0091935,5.357576094,0.674156509,0.129377011,3.28E-03
FBtr0302638,5.358659275,0.296742441,0.129350859,3.28E-03
FBtr0088624,5.361313552,0.862971395,0.12928682,3.27E-03
FBtr0073319,5.365088409,0.367777237,0.129195854,3.26E-03
FBtr0333764,5.365355809,0.235481381,0.129189415,3.26E-03
FBtr0336695,5.371670775,0.354082451,0.12903754,3.24E-03
FBtr0075777,5.372355736,0.797213998,0.129021088,3.23E-03
FBtr0071911,5.372387786,0.871931489,0.129020318,3.23E-03
FBtr0076318,5.372463799,0.67428339,0.129018493,3.23E-03
FBtr0078279,5.37789578,0.82248615,0.128888177,3.22E-03
FBtr0310427,5.377937067,0.66746461,0.128887187,3.22E-03
FBtr0078369,5.384729267,0.896051562,0.128724611,3.19E-03
FBtr0346113,5.385917974,0.238491125,0.128696201,3.19E-03
FBtr0070077,5.390232579,0.591996285,0.128593186,3.18E-03
FBtr0083684,5.39151059,0.85841315,0.128562704,3.17E-03
FBtr0084669,5.392047352,0.70463248,0.128549906,3.17E-03
FBtr0088834,5.394992429,0.791387608,0.128479732,3.16E-03
FBtr0077243,5.395801525,0.335585473,0.128460466,3.16E-03
FBtr0335409,5.397523859,0.85745696,0.128419475,3.15E-03
FBtr0344368,5.400107861,0.816815708,0.128358025,3.14E-03
FBtr0335478,5.402975754,0.881591846,0.128289893,3.14E-03
FBtr0114603,5.404569335,0.590644205,0.128252066,3.13E-03
FBtr0344256,5.406586013,0.42225802,0.128204227,3.12E-03
FBtr0083147,5.409703134,0.785339883,0.128130355,3.11E-03
FBtr0300568,5.413168259,0.757860498,0.128048335,3.10E-03
FBtr0308213,5.414885229,0.563685736,0.128007733,3.10E-03
FBtr0302388,5.416536667,0.71171409,0.127968705,3.09E-03
FBtr0075895,5.417155011,0.671300796,0.127954098,3.09E-03
FBtr0307510,5.418096768,0.773980867,0.127931857,3.09E-03
FBtr0087529,5.41879866,0.363819845,0.127915286,3.09E-03
FBtr0079319,5.423574274,0.854253813,0.127802653,3.07E-03
FBtr0100544,5.428797642,0.705528605,0.127679686,3.06E-03
FBtr0302712,5.430052637,0.309935384,0.127650177,3.05E-03
FBtr0085038,5.43108912,0.72016328,0.127625816,3.05E-03
FBtr0088103,5.431666384,0.779165732,0.127612252,3.05E-03
FBtr0473588,5.434005299,0.178252331,0.127557325,3.04E-03
FBtr0075541,5.436954968,0.866790809,0.127488122,3.03E-03
FBtr0071933,5.439715104,0.69627369,0.127423434,3.02E-03
FBtr0086056,5.441883239,0.840655483,0.127372667,3.02E-03
FBtr0343129,5.445453362,0.703524073,0.127289159,3.00E-03
FBtr0334123,5.447150205,0.191164043,0.127249507,3.00E-03
FBtr0100048,5.447150205,0.191164043,0.127249507,3.00E-03
FBtr0334127,5.447150205,0.191164043,0.127249507,3.00E-03
FBtr0070517,5.447595245,0.794575736,0.127239112,3.00E-03
FBtr0305688,5.447891083,0.725647127,0.127232202,3.00E-03
FBtr0112892,5.451197361,0.430027763,0.127155033,2.99E-03
FBtr0077989,5.453002544,0.907373975,0.127112939,2.98E-03
FBtr0080389,5.45408353,0.241651797,0.127087746,2.98E-03
FBtr0334967,5.456087761,0.660160507,0.127041061,2.97E-03
FBtr0080775,5.457039601,0.890948205,0.127018902,2.97E-03
FBtr0072877,5.460961652,0.811557423,0.126927678,2.96E-03
FBtr0078350,5.463510247,0.830955237,0.126868469,2.95E-03
FBtr0087346,5.463883095,0.452580348,0.126859812,2.95E-03
FBtr0075915,5.464642255,0.797797688,0.126842188,2.95E-03
FBtr0076262,5.467969112,0.440616324,0.126765014,2.94E-03
FBtr0070652,5.470302219,0.849514238,0.126710948,2.93E-03
FBtr0082418,5.470491001,0.804577022,0.126706575,2.93E-03
FBtr0080471,5.470536482,0.263207162,0.126705522,2.93E-03
FBtr0302371,5.473209642,0.433949327,0.126643638,2.92E-03
FBtr0342624,5.476662787,0.911426259,0.126563787,2.91E-03
FBtr0334510,5.47694611,0.327528077,0.12655724,2.91E-03
FBtr0077243,5.477081324,0.214045067,0.126554115,2.91E-03
FBtr0086252,5.478030947,0.885469997,0.126532177,2.91E-03
FBtr0304138,5.480767146,0.320838632,0.126469007,2.90E-03
FBtr0074308,5.480922104,0.844537614,0.126465432,2.90E-03
FBtr0310533,5.481128039,0.544642941,0.12646068,2.90E-03
FBtr0334131,5.481373786,0.574868642,0.126455011,2.90E-03
FBtr0076939,5.482681542,0.841690901,0.126424848,2.89E-03
FBtr0084405,5.484168707,0.761010408,0.126390565,2.89E-03
FBtr0333692,5.485858236,0.834891105,0.126351639,2.89E-03
FBtr0077306,5.489161062,0.913500546,0.126275613,2.88E-03
FBtr0302224,5.490176128,0.701970669,0.126252267,2.87E-03
FBtr0345023,5.490347212,0.196054133,0.126248333,2.87E-03
FBtr0079267,5.494968694,0.66594446,0.126142153,2.86E-03
FBtr0304627,5.495340243,0.499065069,0.126133624,2.86E-03
FBtr0084336,5.496410799,0.836762404,0.126109057,2.85E-03
FBtr0331697,5.496614063,0.349007603,0.126104393,2.85E-03
FBtr0336741,5.498853284,0.668148639,0.126053041,2.85E-03
FBtr0084323,5.499783016,0.8989966,0.126031732,2.84E-03
FBtr0078272,5.499895617,0.606792275,0.126029152,2.84E-03
FBtr0331586,5.500656493,0.216386887,0.126011719,2.84E-03
FBtr0331156,5.501484157,0.776424508,0.125992761,2.84E-03
FBtr0331157,5.501484157,0.776424508,0.125992761,2.84E-03
FBtr0301190,5.503308855,0.286308228,0.125950987,2.83E-03
FBtr0086615,5.503659424,0.786256816,0.125942964,2.83E-03
FBtr0088402,5.504368059,0.85475109,0.12592675,2.83E-03
FBtr0077243,5.504763705,0.420674606,0.125917699,2.83E-03
FBtr0077243,5.504763705,0.420674606,0.125917699,2.83E-03
FBtr0301488,5.504874134,0.758898716,0.125915173,2.83E-03
FBtr0079975,5.505160315,0.862321391,0.125908628,2.83E-03
FBtr0088374,5.505849056,0.700836404,0.125892877,2.83E-03
FBtr0080874,5.507941821,0.487014545,0.125845044,2.82E-03
FBtr0076344,5.508637609,0.721090886,0.125829149,2.82E-03
FBtr0087388,5.509472066,0.856987818,0.125810091,2.82E-03
FBtr0342728,5.511260986,0.731508149,0.125769254,2.81E-03
FBtr0336459,5.511949271,0.744205135,0.125753549,2.81E-03
FBtr0070420,5.512541438,0.849142797,0.12574004,2.81E-03
FBtr0077243,5.514215255,0.181719928,0.125701872,2.80E-03
FBtr0076970,5.514327625,0.344555478,0.125699311,2.80E-03
FBtr0075313,5.514753168,0.700954854,0.125689611,2.80E-03
FBtr0084537,5.515745143,0.89602836,0.125667006,2.80E-03
FBtr0071293,5.51656584,0.923657003,0.125648311,2.80E-03
FBtr0077243,5.517203056,0.333493617,0.125633799,2.80E-03
FBtr0331655,5.518529757,0.227828027,0.125603596,2.79E-03
FBtr0343276,5.518705536,0.486063146,0.125599595,2.79E-03
FBtr0070136,5.521671133,0.299138297,0.125532138,2.78E-03
FBtr0077243,5.522685297,0.13286056,0.125509085,2.78E-03
FBtr0111245,5.524035963,0.471835322,0.125478398,2.78E-03
FBtr0343349,5.525353079,0.763601745,0.125448486,2.77E-03
FBtr0082119,5.527157815,0.839674515,0.125407525,2.77E-03
FBtr0087536,5.529326079,0.71913689,0.125358348,2.76E-03
FBtr0301521,5.532481687,0.344265127,0.125286846,2.75E-03
FBtr0290104,5.53413271,0.441193673,0.125249469,2.75E-03
FBtr0302673,5.534968845,0.861788787,0.125230548,2.75E-03
FBtr0301471,5.535502853,0.363289274,0.125218467,2.74E-03
FBtr0335235,5.536121742,0.831686655,0.125204469,2.74E-03
FBtr0073747,5.537979416,0.718411924,0.12516247,2.74E-03
FBtr0076270,5.542383906,0.881875763,0.125063004,2.73E-03
FBtr0343831,5.54596122,0.714635594,0.124982335,2.72E-03
FBtr0331245,5.546327333,0.553568933,0.124974084,2.72E-03
FBtr0331656,5.547329711,0.475949871,0.124951502,2.71E-03
FBtr0344324,5.549826439,0.215782592,0.12489529,2.71E-03
FBtr0088279,5.550282375,0.667737971,0.12488503,2.70E-03
FBtr0086054,5.55043141,0.84062729,0.124881677,2.70E-03
FBtr0084907,5.551033666,0.789221885,0.124868128,2.70E-03
FBtr0302716,5.554306118,0.895200002,0.124794559,2.69E-03
FBtr0079017,5.555020691,0.626856633,0.124778506,2.69E-03
FBtr0333103,5.561058803,0.225300078,0.124643023,2.68E-03
FBtr0076520,5.561847879,0.923666214,0.12462534,2.67E-03
FBtr0310446,5.565880542,0.412770043,0.124535044,2.66E-03
FBtr0071047,5.568276159,0.360398321,0.124481466,2.66E-03
FBtr0307115,5.568765823,0.633922306,0.124470521,2.65E-03
FBtr0303566,5.569204214,0.501981876,0.124460723,2.65E-03
FBtr0079260,5.569276345,0.706626621,0.124459111,2.65E-03
FBtr0334489,5.571687473,0.302135693,0.124405251,2.65E-03
FBtr0307182,5.57190824,0.351015632,0.124400322,2.65E-03
FBtr0330097,5.573892837,0.879324876,0.124356029,2.64E-03
FBtr0076399,5.573892837,0.879324876,0.124356029,2.64E-03
FBtr0079218,5.576066875,0.832921912,0.124307544,2.64E-03
FBtr0087585,5.576071432,0.765555348,0.124307443,2.64E-03
FBtr0340106,5.577212071,0.678455225,0.12428202,2.63E-03
FBtr0339493,5.577522222,0.512092985,0.124275109,2.63E-03
FBtr0331536,5.579567662,0.640598097,0.12422955,2.63E-03
FBtr0074307,5.581650617,0.85029324,0.12418319,2.62E-03
FBtr0073055,5.58177091,0.299130523,0.124180514,2.62E-03
FBtr0089339,5.590121766,0.694401793,0.123995006,2.60E-03
FBtr0081165,5.5910256,0.615067256,0.123974961,2.60E-03
FBtr0082357,5.592939828,0.395193116,0.12393253,2.59E-03
FBtr0114595,5.593526019,0.31406247,0.123919542,2.59E-03
FBtr0071910,5.59491949,0.440864571,0.123888678,2.59E-03
FBtr0273377,5.595513865,0.82218191,0.123875518,2.58E-03
FBtr0084566,5.595995226,0.704625648,0.123864863,2.58E-03
FBtr0331600,5.596097568,0.329786545,0.123862597,2.58E-03
FBtr0346642,5.596696168,0.235947999,0.12384935,2.58E-03
FBtr0074514,5.598856346,0.663568034,0.123801565,2.58E-03
FBtr0073082,5.599750108,0.853103772,0.123781806,2.57E-03
FBtr0075886,5.600894588,0.900143273,0.123756512,2.57E-03
FBtr0079791,5.600962485,0.800866439,0.123755012,2.57E-03
FBtr0071198,5.602782973,0.823708313,0.123714801,2.57E-03
FBtr0078264,5.604629582,0.715392202,0.12367404,2.56E-03
FBtr0340422,5.605000864,0.753445894,0.123665847,2.56E-03
FBtr0114360,5.60782153,0.728976476,0.123603645,2.55E-03
FBtr0346546,5.608330532,0.392223337,0.123592427,2.55E-03
FBtr0113270,5.608550538,0.790759328,0.123587579,2.55E-03
FBtr0345133,5.609683955,0.573291729,0.123562608,2.55E-03
FBtr0073171,5.611527906,0.900111005,0.123522005,2.54E-03
FBtr0332008,5.612068377,0.3218937,0.12351011,2.54E-03
FBtr0070994,5.612434199,0.856525646,0.123502059,2.54E-03
FBtr0087699,5.612995987,0.907311104,0.123489698,2.54E-03
FBtr0332190,5.613859097,0.318688965,0.123470712,2.54E-03
FBtr0073819,5.616940364,0.902761189,0.12340298,2.53E-03
FBtr0310619,5.618055327,0.485039688,0.12337849,2.53E-03
FBtr0080438,5.619843045,0.544581528,0.123339242,2.52E-03
FBtr0070078,5.620788287,0.238721756,0.1233185,2.52E-03
FBtr0077243,5.621308698,0.199605695,0.123307083,2.52E-03
FBtr0345069,5.624125035,0.154799284,0.123245336,2.51E-03
FBtr0070865,5.62556366,0.660903223,0.123213819,2.51E-03
FBtr0077243,5.626687013,0.120479235,0.123189219,2.50E-03
FBtr0071274,5.628659963,0.743915468,0.123146039,2.50E-03
FBtr0339558,5.630909928,0.344584206,0.123096833,2.49E-03
FBtr0077243,5.631811534,0.175317131,0.123077126,2.49E-03
FBtr0112641,5.632140098,0.294128195,0.123069947,2.49E-03
FBtr0076974,5.632555075,0.595411619,0.123060879,2.49E-03
FBtr0308205,5.63930647,0.786958329,0.12291355,2.47E-03
FBtr0083913,5.639319388,0.731361671,0.122913269,2.47E-03
FBtr0084886,5.649323836,0.874156232,0.122695601,2.45E-03
FBtr0333011,5.656426283,0.581939184,0.122541539,2.43E-03
FBtr0305585,5.657394102,0.620746178,0.122520575,2.43E-03
FBtr0077243,5.657575922,0.338208267,0.122516638,2.43E-03
FBtr0339278,5.661335423,0.588688911,0.122435279,2.42E-03
FBtr0301475,5.662757999,0.713501817,0.122404521,2.42E-03
FBtr0076062,5.665437398,0.871217944,0.122346631,2.41E-03
FBtr0084536,5.665617887,0.7985382,0.122342734,2.41E-03
FBtr0081262,5.668516848,0.737445906,0.122280166,2.40E-03
FBtr0306246,5.670396075,0.63450762,0.122239641,2.40E-03
FBtr0071003,5.670436298,0.803133954,0.122238774,2.40E-03
FBtr0079430,5.671702034,0.282756449,0.122211494,2.39E-03
FBtr0089944,5.672120959,0.831908476,0.122202468,2.39E-03
FBtr0083020,5.67285861,0.883656355,0.122186578,2.39E-03
FBtr0077243,5.673056115,0.148388263,0.122182324,2.39E-03
FBtr0070378,5.675509975,0.931260904,0.122129497,2.38E-03
FBtr0333808,5.676851242,0.804554111,0.122100642,2.38E-03
FBtr0071461,5.677979245,0.544291986,0.122076385,2.38E-03
FBtr0333180,5.678346913,0.578378397,0.122068481,2.38E-03
FBtr0300218,5.681402099,0.494959741,0.122002838,2.37E-03
FBtr0100671,5.681646908,0.466013764,0.121997581,2.37E-03
FBtr0073844,5.683040742,0.444012898,0.12196766,2.37E-03
FBtr0345591,5.685643067,0.39619733,0.121911835,2.36E-03
FBtr0077243,5.687858096,0.204494717,0.121864359,2.36E-03
FBtr0083117,5.688341777,0.889195669,0.121853997,2.35E-03
FBtr0070509,5.690123294,0.68364649,0.121815846,2.35E-03
FBtr0100463,5.691750774,0.82437305,0.121781014,2.35E-03
FBtr0309866,5.695604634,0.815554442,0.121698612,2.34E-03
FBtr0306254,5.695742812,0.236748459,0.12169566,2.34E-03
FBtr0100666,5.696721263,0.805540143,0.121674758,2.33E-03
FBtr0087569,5.697959301,0.863898425,0.121648321,2.33E-03
FBtr0331520,5.701316481,0.716385959,0.121576689,2.32E-03
FBtr0070350,5.701916552,0.456962534,0.121563894,2.32E-03
FBtr0301861,5.705792539,0.891270303,0.121481315,2.31E-03
FBtr0075845,5.706693507,0.834871369,0.121462136,2.31E-03
FBtr0100466,5.706922815,0.323454561,0.121457255,2.31E-03
FBtr0340627,5.707281617,0.358763808,0.121449619,2.31E-03
FBtr0081948,5.709191668,0.917032646,0.121408988,2.31E-03
FBtr0100538,5.709573345,0.597697819,0.121400872,2.30E-03
FBtr0299625,5.71351173,0.800576982,0.121317189,2.30E-03
FBtr0081792,5.714369685,0.851119031,0.121298974,2.29E-03
FBtr0077479,5.714992386,0.257462048,0.121285757,2.29E-03
FBtr0086236,5.71640323,0.815145872,0.121255823,2.29E-03
FBtr0077359,5.716423521,0.693304472,0.121255393,2.29E-03
FBtr0077243,5.716747251,0.380247657,0.121248527,2.29E-03
FBtr0077243,5.716747251,0.380247657,0.121248527,2.29E-03
FBtr0077243,5.716747251,0.380247657,0.121248527,2.29E-03
FBtr0082941,5.718878382,0.207209833,0.121203343,2.28E-03
FBtr0474622,5.720460615,0.761407348,0.12116982,2.28E-03
FBtr0334733,5.722842763,0.458064266,0.121119382,2.27E-03
FBtr0073849,5.728494393,0.880366474,0.120999888,2.26E-03
FBtr0079146,5.728888914,0.89482772,0.120991555,2.26E-03
FBtr0083370,5.729351679,0.860254143,0.120981783,2.26E-03
FBtr0300746,5.729884087,0.936682693,0.120970541,2.26E-03
FBtr0087013,5.731360735,0.456343027,0.120939374,2.25E-03
FBtr0087331,5.731890803,0.648856713,0.12092819,2.25E-03
FBtr0083307,5.734263917,0.935474308,0.120878144,2.25E-03
FBtr0073755,5.735074738,0.795189449,0.120861055,2.25E-03
FBtr0345138,5.737944606,0.603269244,0.120800605,2.24E-03
FBtr0084867,5.738314561,0.882980928,0.120792817,2.24E-03
FBtr0334938,5.739033294,0.724275337,0.120777689,2.24E-03
FBtr0346683,5.739033294,0.724275337,0.120777689,2.24E-03
FBtr0306029,5.739218702,0.815293929,0.120773788,2.24E-03
FBtr0077243,5.74052687,0.297023511,0.120746265,2.23E-03
FBtr0072410,5.740923146,0.789373173,0.120737931,2.23E-03
FBtr0071298,5.74264575,0.699648152,0.120701713,2.23E-03
FBtr0079937,5.744739844,0.851510274,0.120657715,2.22E-03
FBtr0088625,5.744762404,0.673590645,0.120657241,2.22E-03
FBtr0332400,5.744798789,0.846330698,0.120656477,2.22E-03
FBtr0100339,5.745783621,0.695889892,0.120635796,2.22E-03
FBtr0310314,5.749533424,0.303562544,0.120557118,2.21E-03
FBtr0310540,5.755695637,0.202993614,0.120428046,2.20E-03
FBtr0078215,5.755999414,0.783264418,0.120421691,2.20E-03
FBtr0345647,5.75692475,0.397774753,0.120402335,2.20E-03
FBtr0074211,5.75747684,0.275246291,0.120390789,2.20E-03
FBtr0071240,5.758483931,0.580368975,0.120369734,2.19E-03
FBtr0300100,5.762184687,0.860898444,0.120292427,2.19E-03
FBtr0075492,5.762815403,0.759089229,0.120279261,2.18E-03
FBtr0085207,5.766683912,0.649215041,0.120198574,2.18E-03
FBtr0333313,5.767086357,0.78072489,0.120190186,2.18E-03
FBtr0073527,5.767406851,0.842132358,0.120183507,2.17E-03
FBtr0306091,5.768500066,0.799489347,0.12016073,2.17E-03
FBtr0305179,5.768718862,0.696573737,0.120156173,2.17E-03
FBtr0100551,5.768794873,0.675826526,0.12015459,2.17E-03
FBtr0074804,5.76974426,0.684988228,0.120134819,2.17E-03
FBtr0072723,5.770503816,0.725738547,0.120119006,2.17E-03
FBtr0087014,5.771257862,0.847865011,0.120103311,2.17E-03
FBtr0073364,5.772691805,0.429503314,0.120073478,2.16E-03
FBtr0330226,5.773202451,0.906423334,0.120062857,2.16E-03
FBtr0081002,5.773202451,0.906423334,0.120062857,2.16E-03
FBtr0087512,5.773208352,0.78700101,0.120062734,2.16E-03
FBtr0445215,5.773323816,0.560264042,0.120060333,2.16E-03
FBtr0077236,5.775375914,0.88797264,0.120017673,2.16E-03
FBtr0085386,5.776003223,0.795774601,0.120004639,2.16E-03
FBtr0307901,5.776418568,0.53135831,0.11999601,2.16E-03
FBtr0333805,5.776494493,0.185763031,0.119994433,2.16E-03
FBtr0075122,5.777756533,0.782483902,0.119968222,2.15E-03
FBtr0332309,5.779099468,0.53170189,0.119940344,2.15E-03
FBtr0082655,5.779409373,0.389324613,0.119933913,2.15E-03
FBtr0301735,5.781792868,0.897271248,0.119884471,2.14E-03
FBtr0084718,5.78390093,0.771799237,0.119840777,2.14E-03
FBtr0084739,5.78410265,0.904773417,0.119836597,2.14E-03
FBtr0075355,5.787075348,0.902442636,0.11977504,2.13E-03
FBtr0083452,5.787716873,0.744235425,0.119761764,2.13E-03
FBtr0299742,5.789887032,0.770189025,0.119716875,2.13E-03
FBtr0078958,5.791101066,0.759129779,0.119691778,2.12E-03
FBtr0072066,5.793205997,0.910525949,0.119648288,2.12E-03
FBtr0309251,5.795454178,0.698251595,0.119601874,2.11E-03
FBtr0071686,5.800748991,0.686987597,0.119492704,2.10E-03
FBtr0075643,5.801455762,0.860200263,0.119478146,2.10E-03
FBtr0091865,5.805097671,0.721653375,0.11940319,2.09E-03
FBtr0087946,5.807760437,0.84070682,0.119348446,2.09E-03
FBtr0474148,5.807760437,0.84070682,0.119348446,2.09E-03
FBtr0077344,5.810658451,0.822929174,0.119288922,2.08E-03
FBtr0078828,5.811809957,0.738687899,0.119265287,2.08E-03
FBtr0343414,5.812742245,0.815760862,0.119246158,2.08E-03
FBtr0088643,5.813327795,0.687667301,0.119234147,2.08E-03
FBtr0078124,5.82051424,0.868610316,0.119086932,2.06E-03
FBtr0091862,5.822214997,0.534843375,0.119052144,2.06E-03
FBtr0091859,5.822214997,0.534843375,0.119052144,2.06E-03
FBtr0086896,5.82341864,0.598746899,0.119027538,2.06E-03
FBtr0308626,5.823727254,0.623612874,0.11902123,2.06E-03
FBtr0076549,5.823786529,0.881102011,0.119020019,2.06E-03
FBtr0074928,5.826283579,0.816679981,0.118969008,2.05E-03
FBtr0303445,5.826790888,0.706322067,0.11895865,2.05E-03
FBtr0343438,5.827472656,0.80800974,0.118944733,2.05E-03
FBtr0340467,5.83010893,0.794357443,0.118890948,2.04E-03
FBtr0302436,5.830680671,0.632083472,0.11887929,2.04E-03
FBtr0077243,5.830714733,0.39430594,0.118878596,2.04E-03
FBtr0075929,5.834270809,0.657035911,0.118806138,2.03E-03
FBtr0086461,5.840196103,0.614979299,0.1186856,2.02E-03
FBtr0332310,5.842723347,0.568112275,0.118634263,2.02E-03
FBtr0087580,5.843843839,0.792886129,0.118611517,2.01E-03
FBtr0079993,5.843944969,0.90218832,0.118609464,2.01E-03
FBtr0083029,5.846968214,0.771577222,0.118548136,2.01E-03
FBtr0077243,5.847923514,0.349983091,0.11852877,2.01E-03
FBtr0070930,5.850113969,0.65887786,0.118484389,2.00E-03
FBtr0077243,5.850423272,0.50464088,0.118478125,2.00E-03
FBtr0337011,5.851678048,0.880856242,0.11845272,2.00E-03
FBtr0081879,5.852087261,0.780634756,0.118444437,2.00E-03
FBtr0072067,5.852341884,0.539655011,0.118439284,2.00E-03
FBtr0084368,5.859363495,0.781314166,0.118297351,1.98E-03
FBtr0087960,5.860255703,0.40755329,0.118279341,1.98E-03
FBtr0074570,5.860256878,0.689661986,0.118279317,1.98E-03
FBtr0071331,5.863153166,0.516620047,0.118220889,1.98E-03
FBtr0305583,5.867232424,0.440362804,0.118138695,1.97E-03
FBtr0337091,5.867313829,0.894929127,0.118137056,1.97E-03
FBtr0074225,5.868459278,0.80906757,0.118113997,1.97E-03
FBtr0347572,5.868689765,0.545516069,0.118109358,1.96E-03
FBtr0077243,5.869761689,0.46999658,0.118087789,1.96E-03
FBtr0079600,5.874460277,0.702177894,0.117993339,1.95E-03
FBtr0081203,5.874481994,0.66166653,0.117992902,1.95E-03
FBtr0310426,5.875433232,0.441858466,0.117973799,1.95E-03
FBtr0077243,5.876105907,0.480499339,0.117960294,1.95E-03
FBtr0077243,5.876105907,0.480499339,0.117960294,1.95E-03
FBtr0077243,5.876105907,0.480499339,0.117960294,1.95E-03
FBtr0077243,5.876105907,0.480499339,0.117960294,1.95E-03
FBtr0077243,5.876105907,0.480499339,0.117960294,1.95E-03
FBtr0079858,5.880342286,0.612808128,0.117875312,1.94E-03
FBtr0078189,5.880863673,0.416948928,0.117864861,1.94E-03
FBtr0332409,5.88099544,0.625113293,0.11786222,1.94E-03
FBtr0089881,5.881673449,0.518726328,0.117848634,1.94E-03
FBtr0091832,5.882764624,0.671378106,0.117826774,1.94E-03
FBtr0091826,5.882764624,0.671378106,0.117826774,1.94E-03
FBtr0091829,5.882764624,0.671378106,0.117826774,1.94E-03
FBtr0091835,5.882764624,0.671378106,0.117826774,1.94E-03
FBtr0073697,5.88332685,0.875771496,0.117815515,1.94E-03
FBtr0085371,5.884008785,0.800986001,0.11780186,1.93E-03
FBtr0077243,5.884495007,0.455455732,0.117792127,1.93E-03
FBtr0077243,5.884495007,0.455455732,0.117792127,1.93E-03
FBtr0077243,5.884495007,0.455455732,0.117792127,1.93E-03
FBtr0077243,5.884495007,0.455455732,0.117792127,1.93E-03
FBtr0077243,5.884495007,0.455455732,0.117792127,1.93E-03
FBtr0077243,5.884495007,0.455455732,0.117792127,1.93E-03
FBtr0077243,5.884495007,0.455455732,0.117792127,1.93E-03
FBtr0077243,5.884495007,0.455455732,0.117792127,1.93E-03
FBtr0077243,5.884495007,0.455455732,0.117792127,1.93E-03
FBtr0077243,5.884495007,0.455455732,0.117792127,1.93E-03
FBtr0077243,5.884495007,0.455455732,0.117792127,1.93E-03
FBtr0077243,5.884495007,0.455455732,0.117792127,1.93E-03
FBtr0077243,5.884495007,0.455455732,0.117792127,1.93E-03
FBtr0077243,5.884495007,0.455455732,0.117792127,1.93E-03
FBtr0077243,5.884495007,0.455455732,0.117792127,1.93E-03
FBtr0077243,5.884495007,0.455455732,0.117792127,1.93E-03
FBtr0077243,5.884495007,0.455455732,0.117792127,1.93E-03
FBtr0077243,5.884495007,0.455455732,0.117792127,1.93E-03
FBtr0088083,5.889800143,0.250601937,0.117686027,1.92E-03
FBtr0074759,5.88993713,0.802710061,0.11768329,1.92E-03
FBtr0091814,5.890636232,0.670873965,0.117669324,1.92E-03
FBtr0091823,5.890636232,0.670873965,0.117669324,1.92E-03
FBtr0078829,5.891186977,0.732237338,0.117658323,1.92E-03
FBtr0306139,5.893101405,0.834704558,0.117620101,1.92E-03
FBtr0343018,5.897922028,0.558434123,0.117523965,1.91E-03
FBtr0079443,5.898341766,0.645898668,0.117515602,1.91E-03
FBtr0077166,5.89888935,0.733866981,0.117504693,1.91E-03
FBtr0091820,5.900501902,0.617961802,0.11747258,1.90E-03
FBtr0083608,5.900621002,0.71162854,0.117470209,1.90E-03
FBtr0073972,5.902256055,0.878451857,0.117437667,1.90E-03
FBtr0085293,5.905543708,0.818474671,0.117372289,1.89E-03
FBtr0306003,5.906787299,0.691612813,0.117347578,1.89E-03
FBtr0081748,5.907586517,0.812478151,0.117331702,1.89E-03
FBtr0345810,5.90977016,0.417339191,0.117288348,1.89E-03
FBtr0334130,5.911147672,0.911776476,0.117261016,1.88E-03
FBtr0086055,5.911982154,0.723144419,0.117244464,1.88E-03
FBtr0310651,5.913123723,0.287400311,0.117221829,1.88E-03
FBtr0082748,5.916620937,0.80059066,0.117152542,1.87E-03
FBtr0343182,5.917435138,0.392208587,0.117136422,1.87E-03
FBtr0331191,5.917922021,0.32987371,0.117126785,1.87E-03
FBtr0332097,5.918582453,0.789294783,0.117113715,1.87E-03
FBtr0081484,5.920398559,0.799797649,0.11707779,1.87E-03
FBtr0072036,5.920543638,0.802450406,0.117074921,1.87E-03
FBtr0085179,5.925041863,0.63552532,0.116986039,1.86E-03
FBtr0077243,5.925759,0.471297226,0.116971882,1.86E-03
FBtr0306688,5.926129836,0.555832663,0.116964562,1.85E-03
FBtr0070682,5.92619268,0.591607804,0.116963322,1.85E-03
FBtr0306133,5.927417614,0.598604415,0.116939151,1.85E-03
FBtr0334091,5.930293919,0.118093051,0.116882433,1.85E-03
FBtr0340303,5.93077057,0.478823364,0.116873039,1.85E-03
FBtr0330396,5.93077057,0.478823364,0.116873039,1.85E-03
FBtr0307281,5.935536652,0.604025045,0.116779193,1.84E-03
FBtr0331937,5.935996932,0.822435331,0.116770138,1.84E-03
FBtr0077876,5.941525811,0.864428028,0.116661478,1.83E-03
FBtr0329965,5.942889992,0.735961289,0.116634698,1.82E-03
FBtr0077810,5.942889992,0.735961289,0.116634698,1.82E-03
FBtr0071883,5.943213839,0.729681764,0.116628343,1.82E-03
FBtr0088598,5.94513511,0.903616091,0.116590652,1.82E-03
FBtr0075957,5.945205306,0.508178797,0.116589276,1.82E-03
FBtr0332876,5.945730925,0.843025162,0.116578969,1.82E-03
FBtr0071497,5.947563754,0.928222691,0.116543043,1.82E-03
FBtr0332386,5.949485129,0.397014154,0.116505406,1.81E-03
FBtr0086305,5.949884846,0.885539442,0.116497579,1.81E-03
FBtr0333329,5.950053321,0.332666691,0.11649428,1.81E-03
FBtr0113386,5.953304344,0.759660933,0.116430664,1.80E-03
FBtr0071792,5.956835959,0.711711363,0.116361637,1.80E-03
FBtr0077811,5.958507375,0.250652378,0.116328996,1.80E-03
FBtr0089591,5.960003789,0.916088313,0.116299789,1.79E-03
FBtr0340140,5.963423328,0.346859928,0.1162331,1.79E-03
FBtr0309828,5.972570327,0.674027101,0.116055089,1.77E-03
FBtr0085373,5.974464712,0.925648749,0.11601829,1.77E-03
FBtr0073842,5.974960482,0.86718144,0.116008664,1.77E-03
FBtr0073488,5.978015127,0.539092709,0.115949386,1.76E-03
FBtr0075196,5.981240444,0.756451203,0.115886861,1.76E-03
FBtr0302338,5.983208405,0.75518446,0.115848744,1.75E-03
FBtr0339651,5.984242541,0.610243727,0.115828724,1.75E-03
FBtr0085061,5.986100383,0.654117632,0.115792776,1.75E-03
FBtr0075566,5.999891452,0.762710748,0.11552662,1.72E-03
FBtr0084280,6.001431156,0.785315061,0.115496981,1.72E-03
FBtr0344378,6.004016459,0.591282074,0.115447249,1.72E-03
FBtr0344531,6.005802978,0.658141627,0.115412907,1.71E-03
FBtr0087830,6.005802978,0.658141627,0.115412907,1.71E-03
FBtr0342771,6.006006407,0.277191737,0.115408998,1.71E-03
FBtr0075793,6.012431259,0.836942723,0.115285672,1.70E-03
FBtr0330186,6.012431259,0.836942723,0.115285672,1.70E-03
FBtr0334723,6.013158813,0.305677901,0.115271724,1.70E-03
FBtr0085609,6.013970773,0.888369377,0.11525616,1.70E-03
FBtr0085342,6.021232543,0.85668035,0.115117158,1.69E-03
FBtr0308338,6.02335117,0.385466291,0.115076668,1.68E-03
FBtr0081949,6.024359523,0.796089535,0.115057406,1.68E-03
FBtr0076075,6.029193443,0.757097549,0.114965159,1.67E-03
FBtr0082181,6.029266812,0.70665996,0.11496376,1.67E-03
FBtr0085574,6.029837204,0.696002374,0.114952885,1.67E-03
FBtr0077025,6.031372849,0.861133168,0.114923617,1.67E-03
FBtr0339760,6.032651512,0.68285846,0.114899258,1.67E-03
FBtr0100617,6.033931804,0.383879645,0.114874878,1.66E-03
FBtr0081807,6.035263069,0.828441015,0.114849539,1.66E-03
FBtr0112988,6.037711272,0.766676237,0.114802969,1.66E-03
FBtr0077243,6.041558754,0.122748533,0.114729858,1.65E-03
FBtr0329872,6.041702371,0.476395964,0.114727131,1.65E-03
FBtr0085387,6.043369499,0.808712238,0.114695482,1.65E-03
FBtr0113818,6.044122434,0.401862718,0.114681195,1.65E-03
FBtr0074295,6.044221378,0.666221473,0.114679317,1.65E-03
FBtr0082594,6.045764291,0.678841379,0.11465005,1.65E-03
FBtr0080917,6.045905198,0.401816431,0.114647378,1.64E-03
FBtr0113158,6.047505931,0.874729651,0.114617032,1.64E-03
FBtr0332890,6.04845968,0.662655029,0.114598959,1.64E-03
FBtr0091873,6.048501038,0.331266138,0.114598175,1.64E-03
FBtr0083606,6.049714052,0.873113103,0.114575197,1.64E-03
FBtr0299623,6.050668188,0.706072035,0.11455713,1.64E-03
FBtr0078247,6.05115902,0.723287617,0.114547838,1.64E-03
FBtr0074880,6.051842399,0.746601792,0.114534903,1.64E-03
FBtr0300391,6.053883096,0.883002837,0.114496294,1.63E-03
FBtr0344452,6.054996081,0.782422112,0.114475248,1.63E-03
FBtr0344453,6.054996081,0.782422112,0.114475248,1.63E-03
FBtr0081910,6.058040204,0.077329135,0.114417725,1.63E-03
FBtr0086921,6.061832596,0.764519279,0.114346144,1.62E-03
FBtr0072468,6.065280208,0.650178747,0.114281147,1.61E-03
FBtr0073035,6.0677311,0.869727602,0.114234987,1.61E-03
FBtr0081107,6.070374873,0.393407765,0.114185235,1.61E-03
FBtr0077243,6.071250884,0.171587355,0.114168759,1.60E-03
FBtr0079890,6.075973316,0.921764753,0.114080024,1.60E-03
FBtr0329986,6.075973316,0.921764753,0.114080024,1.60E-03
FBtr0300743,6.076188856,0.728037421,0.114075977,1.60E-03
FBtr0114523,6.076477466,0.763582479,0.114070559,1.60E-03
FBtr0336469,6.07675308,0.510120872,0.114065385,1.59E-03
FBtr0333677,6.078339315,0.546481895,0.114035618,1.59E-03
FBtr0114494,6.079034303,0.637401434,0.114022581,1.59E-03
FBtr0075042,6.079884428,0.897199771,0.114006638,1.59E-03
FBtr0088835,6.080993381,0.457873461,0.113985847,1.59E-03
FBtr0333389,6.084564272,0.728988625,0.113918951,1.58E-03
FBtr0111230,6.085920726,0.870235138,0.113893561,1.58E-03
FBtr0091911,6.08835728,0.244102407,0.11384798,1.58E-03
FBtr0306537,6.088511675,0.436476948,0.113845093,1.58E-03
FBtr0088522,6.088907679,0.707411545,0.113837689,1.58E-03
FBtr0075187,6.092411022,0.512162412,0.113772229,1.57E-03
FBtr0332205,6.093348485,0.257439115,0.113754725,1.57E-03
FBtr0111232,6.099709101,0.361231539,0.113636104,1.56E-03
FBtr0452096,6.099709101,0.361231539,0.113636104,1.56E-03
FBtr0074882,6.103350453,0.851862339,0.113568307,1.55E-03
FBtr0089355,6.104362275,0.794824179,0.113549483,1.55E-03
FBtr0080566,6.104469906,0.766404485,0.113547481,1.55E-03
FBtr0076847,6.10577249,0.798496755,0.113523257,1.55E-03
FBtr0301390,6.105832821,0.790708427,0.113522135,1.55E-03
FBtr0072471,6.111662082,0.546250743,0.113413859,1.54E-03
FBtr0070439,6.113295034,0.881682577,0.113383564,1.54E-03
FBtr0308325,6.113481822,0.782271017,0.1133801,1.54E-03
FBtr0343784,6.115729341,0.540886084,0.113338433,1.53E-03
FBtr0078964,6.117486919,0.7262443,0.11330587,1.53E-03
FBtr0080332,6.118985079,0.568457608,0.113278129,1.53E-03
FBtr0073899,6.11992864,0.770666991,0.113260664,1.53E-03
FBtr0083480,6.120937456,0.816294484,0.113241997,1.53E-03
FBtr0077413,6.122468699,0.665265215,0.113213675,1.52E-03
FBtr0071578,6.124506676,0.695289576,0.113176002,1.52E-03
FBtr0345165,6.125037555,0.844068396,0.113166193,1.52E-03
FBtr0071601,6.126268257,0.625819401,0.113143459,1.52E-03
FBtr0074787,6.128900248,0.699557211,0.113094871,1.51E-03
FBtr0088874,6.13278212,0.908326135,0.113023285,1.51E-03
FBtr0340182,6.13433533,0.344673863,0.112994667,1.51E-03
FBtr0305498,6.134856596,0.612183238,0.112985067,1.50E-03
FBtr0081021,6.13516007,0.838145354,0.112979478,1.50E-03
FBtr0075767,6.136496924,0.823906059,0.112954865,1.50E-03
FBtr0079954,6.139038106,0.431773794,0.112908108,1.50E-03
FBtr0073610,6.142096987,0.599058049,0.112851878,1.49E-03
FBtr0071110,6.142777485,0.576144908,0.112839376,1.49E-03
FBtr0114560,6.149811251,0.748368994,0.112710318,1.48E-03
FBtr0081244,6.150504381,0.851648057,0.112697616,1.48E-03
FBtr0077243,6.151910589,0.158214114,0.112671855,1.48E-03
FBtr0077515,6.153274655,0.768355084,0.112646878,1.48E-03
FBtr0070841,6.153398513,0.303071479,0.112644611,1.48E-03
FBtr0078708,6.153545238,0.788103058,0.112641925,1.48E-03
FBtr0307040,6.153722983,0.337573675,0.112638671,1.48E-03
FBtr0071837,6.154775251,0.413893976,0.112619414,1.47E-03
FBtr0113725,6.154947561,0.78783518,0.112616261,1.47E-03
FBtr0347182,6.155093392,0.465351653,0.112613593,1.47E-03
FBtr0087670,6.155264486,0.612368871,0.112610462,1.47E-03
FBtr0070921,6.155523819,0.72394093,0.112605718,1.47E-03
FBtr0073693,6.157812577,0.679052299,0.112563865,1.47E-03
FBtr0074761,6.158730265,0.713971348,0.112547092,1.47E-03
FBtr0330229,6.158749244,0.455233507,0.112546745,1.47E-03
FBtr0091817,6.159793982,0.596287853,0.112527656,1.47E-03
FBtr0085892,6.159793982,0.596287853,0.112527656,1.47E-03
FBtr0081950,6.165533495,0.666416687,0.112422904,1.46E-03
FBtr0089008,6.16792887,0.629904574,0.112379244,1.46E-03
FBtr0306924,6.16859652,0.801648615,0.11236708,1.45E-03
FBtr0080466,6.169113566,0.691048759,0.112357663,1.45E-03
FBtr0301235,6.169734588,0.795762816,0.112346353,1.45E-03
FBtr0070351,6.171377945,0.494942215,0.112316437,1.45E-03
FBtr0072788,6.174045226,0.828383164,0.112267914,1.45E-03
FBtr0304673,6.179649646,0.622538352,0.112166097,1.44E-03
FBtr0080001,6.179738697,0.530677358,0.11216448,1.44E-03
FBtr0073552,6.179785223,0.543383881,0.112163636,1.44E-03
FBtr0334616,6.18021925,0.412871454,0.112155759,1.44E-03
FBtr0332911,6.182245479,0.772584897,0.112119,1.43E-03
FBtr0331444,6.18233029,0.898363599,0.112117462,1.43E-03
FBtr0300039,6.184136079,0.440590205,0.112084723,1.43E-03
FBtr0076837,6.185153865,0.774591266,0.112066279,1.43E-03
FBtr0330661,6.185392184,0.455262076,0.112061961,1.43E-03
FBtr0073068,6.186013563,0.729236076,0.112050705,1.43E-03
FBtr0304567,6.188821372,0.401855853,0.111999869,1.43E-03
FBtr0310287,6.190055793,0.498704194,0.111977534,1.42E-03
FBtr0307280,6.190136154,0.529956849,0.11197608,1.42E-03
FBtr0087184,6.190456365,0.757897856,0.111970288,1.42E-03
FBtr0344469,6.191102391,0.81583497,0.111958604,1.42E-03
FBtr0088581,6.191102391,0.81583497,0.111958604,1.42E-03
FBtr0345921,6.19248124,0.75167316,0.111933675,1.42E-03
FBtr0347189,6.194154994,0.208101183,0.111903429,1.42E-03
FBtr0070714,6.195850907,0.434641028,0.111872799,1.42E-03
FBtr0300545,6.196409377,0.311080468,0.111862716,1.41E-03
FBtr0091853,6.196546167,0.566913531,0.111860246,1.41E-03
FBtr0091841,6.196546167,0.566913531,0.111860246,1.41E-03
FBtr0091868,6.196546167,0.566913531,0.111860246,1.41E-03
FBtr0091844,6.196546167,0.566913531,0.111860246,1.41E-03
FBtr0091847,6.196546167,0.566913531,0.111860246,1.41E-03
FBtr0091850,6.196546167,0.566913531,0.111860246,1.41E-03
FBtr0112990,6.197869309,0.787303115,0.111836366,1.41E-03
FBtr0339234,6.198700412,0.378198042,0.111821371,1.41E-03
FBtr0077848,6.199861473,0.610285924,0.11180043,1.41E-03
FBtr0087452,6.206213668,0.463637642,0.111686,1.40E-03
FBtr0089604,6.207142419,0.193819219,0.111669289,1.40E-03
FBtr0299591,6.207269861,0.712742837,0.111666996,1.40E-03
FBtr0083183,6.209151102,0.813854692,0.111633164,1.40E-03
FBtr0084166,6.209214779,0.622210169,0.111632019,1.40E-03
FBtr0299622,6.209222248,0.805327665,0.111631884,1.40E-03
FBtr0075182,6.213639258,0.837486678,0.11155253,1.39E-03
FBtr0083840,6.214447543,0.64442835,0.111538021,1.39E-03
FBtr0082459,6.214837134,0.59098141,0.111531029,1.39E-03
FBtr0075285,6.216824063,0.459213422,0.111495383,1.39E-03
FBtr0071297,6.220947656,0.561429024,0.111421478,1.38E-03
FBtr0332657,6.221244505,0.261185306,0.111416161,1.38E-03
FBtr0304934,6.221745405,0.233119366,0.111407191,1.38E-03
FBtr0087974,6.221754857,0.831011298,0.111407022,1.38E-03
FBtr0340614,6.222227112,0.743878246,0.111398566,1.38E-03
FBtr0074206,6.222382636,0.467735339,0.111395782,1.38E-03
FBtr0072984,6.222893481,0.848895806,0.111386638,1.38E-03
FBtr0305998,6.22393653,0.538715902,0.111367971,1.38E-03
FBtr0077243,6.224548067,0.233846687,0.111357029,1.38E-03
FBtr0074478,6.224630066,0.329111752,0.111355562,1.38E-03
FBtr0088248,6.226809038,0.637943176,0.111316595,1.37E-03
FBtr0076519,6.227851993,0.683459342,0.111297953,1.37E-03
FBtr0089933,6.229466219,0.544200815,0.111269113,1.37E-03
FBtr0345592,6.23403206,0.376712056,0.111187619,1.36E-03
FBtr0087450,6.234186853,0.645022136,0.111184858,1.36E-03
FBtr0301964,6.234349706,0.519775612,0.111181954,1.36E-03
FBtr0339759,6.234565809,0.641592496,0.1111781,1.36E-03
FBtr0113012,6.23615887,0.804778981,0.111149699,1.36E-03
FBtr0332376,6.237403443,0.659673715,0.111127521,1.36E-03
FBtr0343350,6.237454966,0.573807687,0.111126603,1.36E-03
FBtr0075565,6.238196281,0.631244749,0.111113397,1.36E-03
FBtr0074971,6.24167516,0.869127959,0.111051467,1.35E-03
FBtr0345691,6.245499729,0.691167127,0.110983462,1.35E-03
FBtr0077634,6.250014758,0.727912376,0.110903287,1.34E-03
FBtr0070364,6.25176774,0.758567916,0.11087219,1.34E-03
FBtr0070644,6.253313566,0.890326171,0.110844782,1.34E-03
FBtr0273404,6.253386234,0.738778078,0.110843494,1.34E-03
FBtr0333208,6.253481665,0.580840296,0.110841803,1.34E-03
FBtr0080114,6.253567594,0.222366396,0.11084028,1.34E-03
FBtr0112991,6.255590513,0.560456838,0.110804436,1.33E-03
FBtr0300705,6.256753839,0.748409605,0.110783834,1.33E-03
FBtr0075044,6.259803418,0.522680195,0.110729864,1.33E-03
FBtr0081384,6.261586128,0.820011171,0.110698338,1.33E-03
FBtr0077243,6.262122235,0.169687412,0.110688861,1.32E-03
FBtr0088139,6.264687957,0.486915538,0.110643529,1.32E-03
FBtr0070495,6.265664102,0.884187838,0.110626291,1.32E-03
FBtr0079708,6.267836372,0.797037892,0.110587951,1.32E-03
FBtr0332877,6.269215632,0.777301806,0.110563621,1.32E-03
FBtr0332153,6.272090442,0.697625848,0.110512944,1.31E-03
FBtr0088824,6.279109509,0.604311275,0.110389408,1.30E-03
FBtr0346274,6.282844426,0.661037396,0.110323785,1.30E-03
FBtr0084589,6.282996366,0.618464588,0.110321118,1.30E-03
FBtr0075959,6.28399265,0.600914598,0.110303627,1.30E-03
FBtr0079674,6.284391442,0.761123525,0.110296627,1.30E-03
FBtr0344949,6.285564406,0.526478922,0.110276045,1.29E-03
FBtr0081902,6.286810883,0.45946919,0.11025418,1.29E-03
FBtr0089713,6.288412002,0.607525001,0.110226108,1.29E-03
FBtr0085610,6.289417636,0.430289067,0.110208484,1.29E-03
FBtr0088550,6.289523598,0.521756646,0.110206627,1.29E-03
FBtr0474641,6.289678268,0.44143868,0.110203917,1.29E-03
FBtr0086183,6.291665946,0.819237507,0.110169101,1.29E-03
FBtr0114566,6.293542123,0.100940599,0.110136258,1.28E-03
FBtr0076690,6.295938391,0.891177528,0.11009434,1.28E-03
FBtr0071368,6.296413708,0.787087908,0.110086029,1.28E-03
FBtr0072194,6.296876818,0.775937058,0.110077932,1.28E-03
FBtr0346124,6.298580907,0.447775986,0.110048151,1.28E-03
FBtr0089710,6.300306505,0.490633648,0.110018009,1.27E-03
FBtr0071422,6.301708276,0.255543858,0.109993537,1.27E-03
FBtr0299632,6.303321587,0.879097648,0.109965384,1.27E-03
FBtr0072711,6.303363143,0.823696235,0.109964659,1.27E-03
FBtr0085682,6.308085541,0.141023708,0.109882337,1.26E-03
FBtr0085372,6.309542394,0.738839928,0.109856965,1.26E-03
FBtr0084229,6.311821112,0.55041852,0.109817304,1.26E-03
FBtr0072823,6.312092349,0.600110921,0.109812585,1.26E-03
FBtr0273347,6.312657488,0.143906583,0.109802755,1.26E-03
FBtr0076325,6.315820336,0.711038984,0.109747767,1.26E-03
FBtr0113075,6.316230402,0.55572155,0.109740642,1.25E-03
FBtr0091856,6.318646173,0.547548951,0.109698686,1.25E-03
FBtr0073961,6.320121833,0.874063979,0.109673073,1.25E-03
FBtr0083151,6.323033627,0.756116841,0.109622567,1.25E-03
FBtr0083255,6.323377411,0.920398932,0.109616608,1.25E-03
FBtr0080441,6.325978593,0.845067468,0.109571534,1.24E-03
FBtr0082281,6.326648499,0.769199781,0.109559932,1.24E-03
FBtr0333341,6.326769003,0.260041772,0.109557845,1.24E-03
FBtr0336926,6.327911284,0.559959008,0.109538069,1.24E-03
FBtr0071800,6.32818201,0.825591676,0.109533382,1.24E-03
FBtr0303901,6.329525991,0.788951793,0.109510125,1.24E-03
FBtr0346511,6.330479169,0.190145679,0.109493636,1.24E-03
FBtr0076972,6.332185945,0.460843019,0.109464123,1.23E-03
FBtr0346377,6.334131363,0.364223267,0.109430503,1.23E-03
FBtr0343932,6.335717197,0.896993375,0.109403112,1.23E-03
FBtr0306585,6.338340875,0.527423764,0.109357826,1.23E-03
FBtr0331519,6.340378262,0.912508286,0.109322686,1.22E-03
FBtr0310641,6.340578303,0.595046128,0.109319237,1.22E-03
FBtr0301560,6.342168484,0.630583844,0.109291827,1.22E-03
FBtr0072465,6.342753979,0.875528513,0.109281738,1.22E-03
FBtr0309872,6.34522558,0.544649528,0.109239171,1.22E-03
FBtr0088905,6.345542578,0.717280553,0.109233714,1.22E-03
FBtr0303759,6.34604406,0.86804584,0.109225082,1.22E-03
FBtr0074754,6.349635425,0.685767535,0.109163304,1.21E-03
FBtr0078125,6.34989932,0.881007354,0.109158767,1.21E-03
FBtr0087770,6.350160662,0.477753819,0.109154275,1.21E-03
FBtr0344847,6.35477382,0.518733018,0.109075036,1.21E-03
FBtr0300747,6.354774756,0.737368694,0.10907502,1.21E-03
FBtr0070860,6.355336611,0.862543416,0.109065377,1.21E-03
FBtr0077243,6.359682255,0.109607075,0.108990851,1.20E-03
FBtr0074306,6.36203483,0.580853932,0.108950548,1.20E-03
FBtr0086772,6.363461718,0.866105966,0.108926118,1.20E-03
FBtr0073148,6.372048002,0.782419287,0.108779341,1.19E-03
FBtr0088239,6.374778992,0.509178473,0.108732739,1.18E-03
FBtr0335006,6.375685023,0.575232071,0.108717287,1.18E-03
FBtr0079788,6.376690604,0.179047449,0.108700143,1.18E-03
FBtr0303883,6.377481551,0.807200027,0.108686662,1.18E-03
FBtr0086600,6.378724476,0.611468995,0.108665484,1.18E-03
FBtr0074212,6.381560546,0.817348741,0.108617191,1.18E-03
FBtr0071049,6.381876366,0.848848542,0.108611816,1.17E-03
FBtr0343770,6.38334498,0.276527805,0.108586828,1.17E-03
FBtr0343412,6.385324847,0.732583502,0.108553159,1.17E-03
FBtr0343130,6.387988827,0.275744103,0.108507889,1.17E-03
FBtr0301144,6.389768752,0.301027304,0.108477663,1.17E-03
FBtr0345712,6.39448842,0.315697839,0.108397597,1.16E-03
FBtr0077243,6.396007022,0.178591892,0.10837186,1.16E-03
FBtr0113704,6.397561198,0.459955101,0.108345533,1.16E-03
FBtr0091838,6.398405808,0.436002589,0.108331231,1.16E-03
FBtr0332968,6.398905508,0.273913927,0.108322772,1.15E-03
FBtr0333745,6.398924039,0.30406223,0.108322458,1.15E-03
FBtr0082974,6.399786834,0.876190273,0.108307854,1.15E-03
FBtr0336663,6.401077041,0.844091325,0.108286024,1.15E-03
FBtr0301057,6.401514268,0.472723016,0.108278628,1.15E-03
FBtr0075352,6.401771419,0.559545438,0.108274278,1.15E-03
FBtr0307279,6.4040164,0.799300639,0.108236322,1.15E-03
FBtr0333000,6.405970347,0.638601294,0.108203308,1.15E-03
FBtr0340636,6.407202054,0.544346931,0.108182507,1.15E-03
FBtr0302085,6.408553268,0.846584949,0.108159697,1.14E-03
FBtr0334794,6.41452587,0.796344503,0.108058989,1.14E-03
FBtr0334731,6.414895644,0.652552974,0.10805276,1.14E-03
FBtr0085787,6.420813084,0.259905722,0.107953178,1.13E-03
FBtr0072028,6.429091292,0.863124706,0.107814176,1.12E-03
FBtr0072207,6.438379343,0.721326846,0.107658643,1.11E-03
FBtr0332637,6.442744796,0.658244575,0.107585696,1.11E-03
FBtr0071405,6.443360913,0.878633351,0.107575408,1.10E-03
FBtr0078327,6.445890844,0.720167512,0.107533186,1.10E-03
FBtr0085743,6.446707089,0.845058904,0.107519571,1.10E-03
FBtr0079088,6.447801243,0.35130601,0.107501326,1.10E-03
FBtr0071091,6.448841473,0.789871915,0.107483985,1.10E-03
FBtr0078039,6.448847652,0.853262418,0.107483882,1.10E-03
FBtr0301234,6.449603115,0.874217382,0.107471292,1.10E-03
FBtr0076061,6.451711767,0.664639585,0.107436167,1.10E-03
FBtr0081919,6.452503031,0.851461079,0.107422992,1.09E-03
FBtr0082589,6.452833309,0.530406336,0.107417494,1.09E-03
FBtr0085956,6.454619202,0.82609682,0.107387773,1.09E-03
FBtr0085539,6.455881746,0.61215784,0.107366772,1.09E-03
FBtr0073410,6.459150526,0.714358082,0.107312436,1.09E-03
FBtr0340066,6.462043931,0.472393584,0.107264387,1.08E-03
FBtr0073477,6.463321068,0.400377865,0.107243192,1.08E-03
FBtr0300468,6.467415884,0.551900822,0.107175291,1.08E-03
FBtr0339722,6.470085006,0.552225806,0.107131078,1.08E-03
FBtr0088024,6.472950822,0.80663733,0.107083647,1.07E-03
FBtr0344527,6.474495799,0.753381766,0.107058094,1.07E-03
FBtr0332656,6.475203437,0.805506872,0.107046394,1.07E-03
FBtr0074745,6.475248242,0.729841438,0.107045654,1.07E-03
FBtr0112965,6.477760529,0.620295498,0.107004138,1.07E-03
FBtr0085356,6.478732334,0.798351975,0.106988087,1.07E-03
FBtr0079426,6.47932181,0.764777085,0.106978354,1.07E-03
FBtr0290033,6.485275287,0.762669525,0.106880148,1.06E-03
FBtr0082968,6.486346562,0.69253603,0.106862496,1.06E-03
FBtr0087332,6.486779862,0.756774665,0.106855357,1.06E-03
FBtr0085926,6.489165836,0.473523765,0.106816068,1.06E-03
FBtr0091913,6.489165836,0.473523765,0.106816068,1.06E-03
FBtr0091909,6.489165836,0.473523765,0.106816068,1.06E-03
FBtr0091891,6.489165836,0.473523765,0.106816068,1.06E-03
FBtr0091893,6.489165836,0.473523765,0.106816068,1.06E-03
FBtr0091905,6.489165836,0.473523765,0.106816068,1.06E-03
FBtr0091887,6.489165836,0.473523765,0.106816068,1.06E-03
FBtr0091889,6.489165836,0.473523765,0.106816068,1.06E-03
FBtr0091907,6.489165836,0.473523765,0.106816068,1.06E-03
FBtr0083815,6.490972797,0.386875123,0.106786333,1.05E-03
FBtr0080493,6.491264377,0.204071626,0.106781536,1.05E-03
FBtr0334732,6.493119655,0.625333648,0.106751025,1.05E-03
FBtr0089593,6.498118164,0.888098405,0.10666891,1.05E-03
FBtr0086657,6.50504158,0.787331928,0.10655538,1.04E-03
FBtr0073066,6.505281589,0.8459719,0.106551449,1.04E-03
FBtr0334617,6.506940412,0.271537647,0.106524286,1.04E-03
FBtr0078305,6.507785169,0.816386885,0.106510458,1.04E-03
FBtr0306520,6.509285827,0.366654416,0.106485903,1.03E-03
FBtr0075021,6.50941254,0.464570528,0.10648383,1.03E-03
FBtr0077243,6.509913731,0.248215807,0.106475632,1.03E-03
FBtr0334725,6.514777374,0.837718797,0.106396142,1.03E-03
FBtr0070379,6.514986972,0.71218742,0.106392719,1.03E-03
FBtr0070773,6.517100107,0.640788206,0.106358222,1.03E-03
FBtr0345160,6.521558201,0.55884743,0.106285516,1.02E-03
FBtr0305993,6.527222381,0.442601822,0.106193284,1.02E-03
FBtr0085815,6.527718744,0.504964067,0.106185209,1.02E-03
FBtr0301413,6.531330956,0.742728412,0.106126483,1.01E-03
FBtr0072706,6.532088388,0.85170179,0.106114177,1.01E-03
FBtr0112857,6.536578279,0.735980829,0.106041288,1.01E-03
FBtr0082967,6.538764531,0.873071973,0.106005833,1.00E-03
FBtr0079953,6.541819582,0.396663251,0.105956328,1.00E-03
FBtr0331865,6.54196778,0.697738291,0.105953928,1.00E-03
FBtr0088019,6.546349537,0.603418538,0.105883008,9.96E-04
FBtr0082025,6.546558935,0.390343325,0.105879621,9.96E-04
FBtr0077243,6.550536062,0.340359479,0.105815337,9.92E-04
FBtr0075787,6.551119225,0.814375075,0.105805918,9.92E-04
FBtr0100353,6.55183382,0.449488476,0.105794378,9.91E-04
FBtr0332847,6.552382937,0.440514549,0.105785512,9.90E-04
FBtr0071580,6.553538003,0.495538477,0.105766867,9.89E-04
FBtr0344230,6.557506853,0.718316457,0.105702853,9.85E-04
FBtr0085459,6.559411839,0.383412353,0.105672154,9.83E-04
FBtr0340633,6.562202724,0.77444476,0.105627212,9.81E-04
FBtr0082294,6.567197861,0.383670356,0.10554687,9.76E-04
FBtr0070677,6.568787911,0.773653996,0.105521321,9.74E-04
FBtr0088947,6.569976097,0.658008217,0.105502238,9.73E-04
FBtr0073659,6.57127189,0.802061392,0.105481434,9.72E-04
FBtr0087157,6.571298239,0.740454328,0.105481011,9.72E-04
FBtr0077243,6.573876875,0.096614863,0.105439635,9.69E-04
FBtr0300801,6.575443178,0.277799925,0.105414519,9.68E-04
FBtr0081911,6.579543456,0.52243915,0.105348826,9.64E-04
FBtr0333506,6.579763403,0.844016896,0.105345305,9.64E-04
FBtr0339983,6.580891841,0.721946132,0.105327241,9.62E-04
FBtr0077227,6.581197701,0.787278655,0.105322346,9.62E-04
FBtr0091704,6.581197701,0.787278655,0.105322346,9.62E-04
FBtr0074301,6.583479043,0.486445661,0.105285849,9.60E-04
FBtr0082230,6.587708133,0.716952237,0.105218259,9.56E-04
FBtr0085760,6.59428059,0.749938623,0.105113389,9.50E-04
FBtr0330079,6.59428059,0.749938623,0.105113389,9.50E-04
FBtr0072338,6.595427797,0.707806716,0.105095106,9.49E-04
FBtr0070430,6.596058067,0.543038287,0.105085063,9.48E-04
FBtr0080937,6.596651706,0.705018597,0.105075607,9.47E-04
FBtr0076317,6.597471007,0.584657375,0.105062558,9.47E-04
FBtr0086958,6.602291674,0.788325012,0.104985847,9.42E-04
FBtr0302054,6.605360603,0.805589781,0.104937069,9.39E-04
FBtr0087731,6.607720346,0.755792828,0.104899594,9.37E-04
FBtr0072731,6.60801852,0.501559062,0.10489486,9.37E-04
FBtr0331710,6.608080932,0.681145031,0.10489387,9.37E-04
FBtr0083966,6.608524314,0.700753975,0.104886832,9.36E-04
FBtr0273282,6.608560276,0.540247419,0.104886261,9.36E-04
FBtr0332634,6.610223946,0.241185197,0.104859863,9.35E-04
FBtr0070859,6.611906491,0.584286214,0.10483318,9.33E-04
FBtr0086895,6.615261667,0.605165891,0.10478001,9.30E-04
FBtr0114365,6.61573513,0.425442188,0.104772511,9.29E-04
FBtr0074544,6.615888416,0.714719053,0.104770083,9.29E-04
FBtr0070613,6.618448695,0.803442271,0.104729554,9.27E-04
FBtr0075861,6.619155309,0.619161045,0.104718374,9.26E-04
FBtr0310317,6.620378654,0.600473244,0.104699024,9.25E-04
FBtr0084360,6.621212683,0.478033891,0.104685835,9.24E-04
FBtr0083835,6.622668625,0.83634952,0.104662821,9.23E-04
FBtr0332928,6.625272096,0.656653947,0.104621693,9.21E-04
FBtr0078792,6.625976959,0.813133625,0.104610563,9.20E-04
FBtr0334275,6.627615681,0.399470672,0.104584697,9.18E-04
FBtr0082443,6.627615791,0.821497996,0.104584696,9.18E-04
FBtr0329988,6.62762723,0.685453693,0.104584515,9.18E-04
FBtr0329987,6.62762723,0.685453693,0.104584515,9.18E-04
FBtr0088873,6.628152681,0.532204423,0.104576224,9.18E-04
FBtr0082113,6.628984329,0.854201956,0.104563104,9.17E-04
FBtr0089366,6.629412245,0.812516332,0.104556355,9.17E-04
FBtr0339146,6.6319776,0.529629347,0.104515911,9.14E-04
FBtr0074864,6.635352222,0.892389425,0.104462756,9.11E-04
FBtr0086773,6.636800453,0.632706148,0.104439961,9.10E-04
FBtr0077243,6.637567726,0.528667526,0.104427888,9.09E-04
FBtr0334548,6.640620495,0.834070738,0.104379882,9.07E-04
FBtr0087816,6.643263131,0.883043947,0.10433836,9.04E-04
FBtr0074255,6.643331891,0.850619948,0.10433728,9.04E-04
FBtr0070326,6.646773367,0.40983443,0.104283258,9.01E-04
FBtr0071041,6.651770528,0.776009932,0.104204915,8.97E-04
FBtr0344559,6.652122073,0.390879896,0.104199408,8.96E-04
FBtr0086140,6.652122073,0.390879896,0.104199408,8.96E-04
FBtr0290059,6.652863997,0.777125239,0.104187788,8.96E-04
FBtr0078757,6.655386878,0.445572619,0.104148293,8.93E-04
FBtr0345205,6.655418557,0.256478396,0.104147797,8.93E-04
FBtr0114533,6.658940535,0.780263452,0.104092712,8.90E-04
FBtr0330394,6.659508182,0.301938132,0.104083839,8.90E-04
FBtr0078670,6.660199202,0.608116018,0.10407304,8.89E-04
FBtr0072982,6.66098607,0.822367018,0.104060746,8.88E-04
FBtr0072325,6.661833167,0.530360325,0.104047514,8.88E-04
FBtr0084176,6.662567069,0.736229387,0.104036053,8.87E-04
FBtr0332399,6.662713076,0.724224802,0.104033773,8.87E-04
FBtr0080062,6.667672532,0.87968667,0.103956392,8.82E-04
FBtr0071183,6.668119162,0.802344338,0.103949429,8.82E-04
FBtr0081978,6.670288814,0.759753946,0.103915617,8.80E-04
FBtr0076926,6.672973067,0.672346629,0.103873817,8.78E-04
FBtr0273401,6.676099901,0.475885243,0.103825166,8.75E-04
FBtr0075444,6.67792483,0.253259316,0.103796793,8.73E-04
FBtr0330395,6.681437881,0.654873924,0.103742217,8.70E-04
FBtr0299635,6.681437881,0.654873924,0.103742217,8.70E-04
FBtr0086134,6.683325884,0.783560741,0.103712911,8.69E-04
FBtr0076457,6.684094792,0.846097922,0.10370098,8.68E-04
FBtr0332589,6.684172121,0.442024937,0.10369978,8.68E-04
FBtr0084308,6.686424342,0.876303148,0.103664851,8.66E-04
FBtr0332889,6.693170362,0.221980037,0.103560367,8.60E-04
FBtr0333908,6.695112737,0.19046061,0.103530322,8.58E-04
FBtr0080446,6.69598583,0.585883938,0.103516823,8.58E-04
FBtr0306538,6.697524293,0.666857877,0.103493045,8.56E-04
FBtr0112376,6.697625492,0.563238936,0.103491481,8.56E-04
FBtr0077243,6.697639424,0.152383234,0.103491266,8.56E-04
FBtr0086028,6.703545106,0.513650226,0.103400092,8.51E-04
FBtr0075993,6.703925844,0.575212618,0.10339422,8.51E-04
FBtr0334650,6.70720808,0.866627551,0.103343623,8.48E-04
FBtr0082374,6.708886732,0.530799155,0.103317765,8.47E-04
FBtr0080060,6.710006227,0.66884853,0.103300527,8.46E-04
FBtr0088587,6.710787143,0.828528466,0.103288506,8.45E-04
FBtr0332964,6.714023031,0.706855021,0.103238725,8.42E-04
FBtr0333121,6.715961818,0.679934903,0.103208922,8.41E-04
FBtr0091805,6.716924477,0.331048416,0.10319413,8.40E-04
FBtr0077243,6.71924841,0.205744487,0.103158439,8.38E-04
FBtr0084467,6.720728313,0.818251354,0.103135724,8.37E-04
FBtr0089061,6.724218463,0.838324151,0.103082192,8.34E-04
FBtr0077243,6.7290109,0.155211836,0.103008777,8.30E-04
FBtr0344120,6.729987887,0.271568381,0.102993823,8.29E-04
FBtr0085215,6.731756093,0.455430416,0.10296677,8.28E-04
FBtr0346059,6.738538645,0.679632584,0.102863131,8.22E-04
FBtr0079077,6.742284397,0.780444368,0.102805984,8.19E-04
FBtr0070543,6.742463716,0.730805322,0.10280325,8.19E-04
FBtr0076356,6.743032119,0.854094385,0.102794584,8.18E-04
FBtr0077243,6.750042693,0.432779092,0.102687822,8.13E-04
FBtr0330217,6.75078705,0.571455337,0.102676499,8.12E-04
FBtr0073950,6.75078705,0.571455337,0.102676499,8.12E-04
FBtr0309846,6.751624365,0.894546524,0.102663765,8.11E-04
FBtr0300833,6.754840899,0.83968976,0.102614879,8.09E-04
FBtr0084320,6.755368563,0.67433632,0.102606864,8.08E-04
FBtr0112808,6.757470216,0.655653017,0.102574952,8.06E-04
FBtr0073721,6.75870726,0.706933516,0.102556177,8.05E-04
FBtr0083019,6.759458682,0.821451424,0.102544777,8.05E-04
FBtr0087951,6.762770808,0.631822778,0.102494554,8.02E-04
FBtr0082287,6.762903974,0.692216744,0.102492536,8.02E-04
FBtr0112833,6.763713961,0.528156622,0.102480262,8.01E-04
FBtr0089050,6.764042109,0.511128905,0.102475291,8.01E-04
FBtr0076808,6.764179849,0.541013981,0.102473204,8.01E-04
FBtr0085540,6.76423379,0.612688629,0.102472387,8.01E-04
FBtr0331534,6.765034615,0.71524581,0.102460256,8.00E-04
FBtr0080395,6.765817442,0.437770023,0.102448401,8.00E-04
FBtr0077189,6.768891376,0.632701768,0.102401877,7.97E-04
FBtr0305565,6.769019284,0.840059954,0.102399942,7.97E-04
FBtr0344216,6.77121721,0.512271537,0.102366703,7.95E-04
FBtr0078246,6.771327944,0.121846388,0.102365029,7.95E-04
FBtr0074222,6.771851509,0.852124394,0.102357115,7.95E-04
FBtr0078351,6.772237908,0.713545194,0.102351274,7.95E-04
FBtr0078415,6.772899734,0.663182574,0.102341273,7.94E-04
FBtr0080825,6.773607307,0.767881404,0.102330582,7.94E-04
FBtr0073453,6.776101508,0.79016639,0.102292916,7.92E-04
FBtr0081816,6.777063562,0.746875459,0.102278395,7.91E-04
FBtr0077670,6.781642894,0.81989464,0.102209331,7.87E-04
FBtr0074753,6.781778671,0.797724864,0.102207284,7.87E-04
FBtr0080855,6.783798365,0.576427125,0.102176855,7.86E-04
FBtr0077626,6.787774577,0.897987115,0.102117001,7.82E-04
FBtr0304994,6.789180165,0.345737958,0.102095859,7.81E-04
FBtr0088217,6.790300666,0.893746669,0.102079012,7.80E-04
FBtr0074447,6.792089836,0.700811706,0.102052122,7.79E-04
FBtr0343595,6.792569884,0.570891816,0.10204491,7.79E-04
FBtr0077243,6.792775097,0.535147418,0.102041827,7.78E-04
FBtr0310642,6.793072423,0.383688254,0.102037361,7.78E-04
FBtr0086570,6.793939257,0.778248023,0.102024342,7.78E-04
FBtr0078807,6.794814797,0.752665677,0.102011195,7.77E-04
FBtr0081783,6.794928211,0.700711779,0.102009493,7.77E-04
FBtr0082085,6.796149902,0.364854067,0.101991155,7.76E-04
FBtr0073845,6.802227768,0.804067294,0.101900025,7.71E-04
FBtr0332422,6.803699591,0.672442173,0.101877981,7.70E-04
FBtr0071111,6.806397927,0.568828846,0.101837593,7.68E-04
FBtr0082424,6.809180421,0.732206201,0.101795978,7.66E-04
FBtr0335005,6.810472236,0.78804363,0.101776669,7.65E-04
FBtr0087715,6.813297188,0.249919093,0.10173447,7.63E-04
FBtr0085429,6.814961161,0.675199753,0.10170963,7.61E-04
FBtr0071599,6.820420294,0.365799638,0.101628221,7.57E-04
FBtr0332133,6.822062617,0.367134091,0.101603755,7.56E-04
FBtr0088936,6.82261993,0.439995259,0.101595456,7.56E-04
FBtr0087368,6.829266516,0.604281336,0.101496578,7.51E-04
FBtr0308815,6.831544878,0.550201239,0.101462728,7.49E-04
FBtr0310038,6.832210462,0.190411956,0.101452844,7.48E-04
FBtr0340146,6.834128909,0.384355149,0.101424364,7.47E-04
FBtr0071295,6.834729886,0.691631934,0.101415446,7.46E-04
FBtr0086270,6.836386073,0.892129033,0.101390877,7.45E-04
FBtr0310653,6.838650759,0.583267406,0.101357301,7.44E-04
FBtr0332912,6.841247276,0.802873715,0.101318832,7.42E-04
FBtr0345214,6.845716259,0.238643336,0.101252689,7.38E-04
FBtr0077243,6.846887058,0.323622719,0.101235375,7.37E-04
FBtr0077243,6.847006656,0.905220943,0.101233607,7.37E-04
FBtr0336483,6.848023173,0.852966903,0.10121858,7.37E-04
FBtr0343118,6.850918269,0.750855555,0.101175806,7.34E-04
FBtr0083661,6.852986415,0.740419193,0.101145273,7.33E-04
FBtr0336451,6.853640037,0.246697853,0.101135627,7.32E-04
FBtr0345341,6.853815264,0.452236135,0.101133041,7.32E-04
FBtr0335159,6.854534964,0.737875552,0.101122422,7.32E-04
FBtr0301881,6.856725919,0.487272769,0.10109011,7.30E-04
FBtr0088384,6.860795761,0.30964654,0.101030144,7.27E-04
FBtr0083529,6.863236382,0.665289508,0.100994216,7.25E-04
FBtr0333098,6.863647661,0.35502604,0.100988165,7.25E-04
FBtr0300763,6.864102292,0.523350745,0.100981476,7.25E-04
FBtr0112608,6.865430853,0.347165758,0.100961935,7.24E-04
FBtr0072470,6.868894878,0.39663599,0.100911019,7.21E-04
FBtr0077793,6.869296085,0.303014096,0.100905125,7.21E-04
FBtr0345687,6.875170916,0.208422979,0.100818902,7.17E-04
FBtr0084446,6.875655993,0.741349544,0.100811789,7.16E-04
FBtr0081106,6.877968177,0.794326106,0.100777899,7.15E-04
FBtr0074332,6.878710916,0.795312146,0.100767017,7.14E-04
FBtr0112947,6.879618211,0.853224736,0.100753728,7.14E-04
FBtr0302505,6.881037343,0.776424102,0.100732949,7.13E-04
FBtr0079427,6.882324199,0.620683496,0.100714114,7.12E-04
FBtr0081797,6.885059527,0.593099756,0.100674101,7.10E-04
FBtr0085742,6.885806633,0.684040358,0.100663178,7.09E-04
FBtr0074881,6.888827581,0.86205531,0.100619035,7.07E-04
FBtr0077243,6.889088141,0.715306906,0.100615229,7.07E-04
FBtr0074774,6.890522541,0.657115427,0.100594284,7.06E-04
FBtr0304000,6.891598358,0.573650887,0.100578581,7.05E-04
FBtr0081278,6.893692963,0.39861653,0.10054802,7.04E-04
FBtr0083436,6.894999562,0.615190602,0.100528967,7.03E-04
FBtr0074456,6.9044104,0.805298968,0.100391944,6.96E-04
FBtr0113043,6.905152301,0.605750237,0.100381157,6.96E-04
FBtr0074647,6.906200135,0.805505458,0.100365927,6.95E-04
FBtr0334322,6.906648,0.402017173,0.100359419,6.95E-04
FBtr0086255,6.907116726,0.39622491,0.100352608,6.94E-04
FBtr0081105,6.907385909,0.744730855,0.100348698,6.94E-04
FBtr0301469,6.908036975,0.803340644,0.10033924,6.94E-04
FBtr0331299,6.912232011,0.559547821,0.100278344,6.91E-04
FBtr0091894,6.915121651,0.383288503,0.100236441,6.89E-04
FBtr0091900,6.915121651,0.383288503,0.100236441,6.89E-04
FBtr0091902,6.915121651,0.383288503,0.100236441,6.89E-04
FBtr0091898,6.915121651,0.383288503,0.100236441,6.89E-04
FBtr0091896,6.915121651,0.383288503,0.100236441,6.89E-04
FBtr0091908,6.915121651,0.383288503,0.100236441,6.89E-04
FBtr0088880,6.920589208,0.893362759,0.10015725,6.85E-04
FBtr0071353,6.924371353,0.733946229,0.100102543,6.82E-04
FBtr0089394,6.924492439,0.84318999,0.100100792,6.82E-04
FBtr0340475,6.924558026,0.371514214,0.100099844,6.82E-04
FBtr0075897,6.925330163,0.63571866,0.100088684,6.82E-04
FBtr0082695,6.928287656,0.638883245,0.100045959,6.80E-04
FBtr0333284,6.938444834,0.454975583,0.099899502,6.73E-04
FBtr0085116,6.941244157,0.649200546,0.099859213,6.71E-04
FBtr0084359,6.94924041,0.725751545,0.099744309,6.66E-04
FBtr0309323,6.954844343,0.444354071,0.099663939,6.62E-04
FBtr0077243,6.955973076,0.431208588,0.099647766,6.61E-04
FBtr0112444,6.962443443,0.730846685,0.099555161,6.57E-04
FBtr0339960,6.963503569,0.704750605,0.099540005,6.56E-04
FBtr0300550,6.963685649,0.801984718,0.099537402,6.56E-04
FBtr0077651,6.968445704,0.381822225,0.09946941,6.53E-04
FBtr0082797,6.971247437,0.345919022,0.099429433,6.51E-04
FBtr0075918,6.973180928,0.7994837,0.099401864,6.50E-04
FBtr0086010,6.973842062,0.719649161,0.09939244,6.49E-04
FBtr0332639,6.975493117,0.445169556,0.099368915,6.48E-04
FBtr0345991,6.976023808,0.469290222,0.099361355,6.48E-04
FBtr0301830,6.98162543,0.624516953,0.099281634,6.44E-04
FBtr0072948,6.983866584,0.782518921,0.099249774,6.43E-04
FBtr0081645,6.986033956,0.812687763,0.099218982,6.42E-04
FBtr0088938,6.987155401,0.856861727,0.099203058,6.41E-04
FBtr0339180,6.98720618,0.493569804,0.099202337,6.41E-04
FBtr0088042,6.990483159,0.78059307,0.099155833,6.39E-04
FBtr0300748,6.991100734,0.795462966,0.099147074,6.38E-04
FBtr0074762,6.991861867,0.653911707,0.099136281,6.38E-04
FBtr0086110,6.994110694,0.521202644,0.099104405,6.36E-04
FBtr0085544,6.994756182,0.727043818,0.09909526,6.36E-04
FBtr0112863,6.995212256,0.520673682,0.099088799,6.36E-04
FBtr0079984,6.996876253,0.687803159,0.099065234,6.35E-04
FBtr0070353,7.0006942,0.466407855,0.099011207,6.32E-04
FBtr0089411,7.001545313,0.56276281,0.098999171,6.32E-04
FBtr0300378,7.002502211,0.197421218,0.098985643,6.31E-04
FBtr0077243,7.003296608,0.25510604,0.098974414,6.31E-04
FBtr0085900,7.003380629,0.812614814,0.098973227,6.31E-04
FBtr0087424,7.003953888,0.805923731,0.098965126,6.30E-04
FBtr0113445,7.004347415,0.441849613,0.098959566,6.30E-04
FBtr0070279,7.012455892,0.798232306,0.098845139,6.25E-04
FBtr0086319,7.012579547,0.77244819,0.098843396,6.25E-04
FBtr0070258,7.013192633,0.625125925,0.098834756,6.24E-04
FBtr0086009,7.017042917,0.877142997,0.098780525,6.22E-04
FBtr0077484,7.017154121,0.842576388,0.098778959,6.22E-04
FBtr0080050,7.022721722,0.785026189,0.098700647,6.18E-04
FBtr0075123,7.024045505,0.597560222,0.098682046,6.18E-04
FBtr0077243,7.026214616,0.718379001,0.098651581,6.16E-04
FBtr0079179,7.029278097,0.893755002,0.098608587,6.14E-04
FBtr0087121,7.030738201,0.798584591,0.098588108,6.13E-04
FBtr0345353,7.031762792,0.240442615,0.098573743,6.13E-04
FBtr0339790,7.033409621,0.345385368,0.098550663,6.12E-04
FBtr0077243,7.034898442,0.365634767,0.098529806,6.11E-04
FBtr0111233,7.038986562,0.515295007,0.098472582,6.08E-04
FBtr0079418,7.039980447,0.875252425,0.09845868,6.08E-04
FBtr0073754,7.040264584,0.729958573,0.098454706,6.08E-04
FBtr0111287,7.040488091,0.338930844,0.098451581,6.08E-04
FBtr0308332,7.041605318,0.215906785,0.09843596,6.07E-04
FBtr0302513,7.047570322,0.694892962,0.098352645,6.03E-04
FBtr0304616,7.050100325,0.566590681,0.09831735,6.02E-04
FBtr0086272,7.055482822,0.225632584,0.098242345,5.98E-04
FBtr0330668,7.055873245,0.567409138,0.098236909,5.98E-04
FBtr0113224,7.058149909,0.850012761,0.098205222,5.97E-04
FBtr0087102,7.059537115,0.758421212,0.098185925,5.96E-04
FBtr0113700,7.059559071,0.735622704,0.098185619,5.96E-04
FBtr0070518,7.062793477,0.330663433,0.098140655,5.94E-04
FBtr0334119,7.068147982,0.848047829,0.098066309,5.91E-04
FBtr0334125,7.068147982,0.848047829,0.098066309,5.91E-04
FBtr0345435,7.069280582,0.861728565,0.098050597,5.90E-04
FBtr0333427,7.069934543,0.408626498,0.098041527,5.90E-04
FBtr0084584,7.071902959,0.84042459,0.098014238,5.89E-04
FBtr0087668,7.073245631,0.59532641,0.097995633,5.88E-04
FBtr0070627,7.074664684,0.875773891,0.097975976,5.87E-04
FBtr0086914,7.075260532,0.665907076,0.097967725,5.87E-04
FBtr0100333,7.075644959,0.708761472,0.097962403,5.87E-04
FBtr0111146,7.076270281,0.713244574,0.097953746,5.86E-04
FBtr0073212,7.077959322,0.827412391,0.097930371,5.85E-04
FBtr0345384,7.078756724,0.735187633,0.097919339,5.85E-04
FBtr0330162,7.078756724,0.735187633,0.097919339,5.85E-04
FBtr0087641,7.07987703,0.800514944,0.097903845,5.84E-04
FBtr0331814,7.081333131,0.362763001,0.097883713,5.83E-04
FBtr0072166,7.084704632,0.809068893,0.097837132,5.81E-04
FBtr0085972,7.089278253,0.821265947,0.097774013,5.79E-04
FBtr0308639,7.092420606,0.646179998,0.097730693,5.77E-04
FBtr0078528,7.09501332,0.829280237,0.097694979,5.75E-04
FBtr0303097,7.096500488,0.315908515,0.097674506,5.74E-04
FBtr0310643,7.09658031,0.222231529,0.097673408,5.74E-04
FBtr0330243,7.097338269,0.795427707,0.097662976,5.74E-04
FBtr0344532,7.098022615,0.521014198,0.09765356,5.74E-04
FBtr0087829,7.098022615,0.521014198,0.09765356,5.74E-04
FBtr0303560,7.099646881,0.684797287,0.097631219,5.73E-04
FBtr0343647,7.100414991,0.188489086,0.097620658,5.72E-04
FBtr0079956,7.102276116,0.471764774,0.097595076,5.71E-04
FBtr0305603,7.105266367,0.671532091,0.097554004,5.69E-04
FBtr0070918,7.105673517,0.673211631,0.097548414,5.69E-04
FBtr0086182,7.106456486,0.608111743,0.097537666,5.69E-04
FBtr0077836,7.10695564,0.905487043,0.097530816,5.68E-04
FBtr0301056,7.107085471,0.527278171,0.097529034,5.68E-04
FBtr0072167,7.110329276,0.603783598,0.09748454,5.67E-04
FBtr0343358,7.110392669,0.645726707,0.097483671,5.66E-04
FBtr0085432,7.110600292,0.783874551,0.097480825,5.66E-04
FBtr0345008,7.113746427,0.765937804,0.097437713,5.65E-04
FBtr0086949,7.115012143,0.677830723,0.097420379,5.64E-04
FBtr0334305,7.117852298,0.5725373,0.097381507,5.62E-04
FBtr0345504,7.118482071,0.29001216,0.097372891,5.62E-04
FBtr0081820,7.124319826,0.763045735,0.097293103,5.59E-04
FBtr0306807,7.131875481,0.861836847,0.097190028,5.54E-04
FBtr0078253,7.135391413,0.683643974,0.097142138,5.52E-04
FBtr0078397,7.136685054,0.719775234,0.09712453,5.52E-04
FBtr0084434,7.136794266,0.717135922,0.097123044,5.52E-04
FBtr0299524,7.136872002,0.154147796,0.097121986,5.52E-04
FBtr0071263,7.139645897,0.704696909,0.097084252,5.50E-04
FBtr0091860,7.140068936,0.266353268,0.0970785,5.50E-04
FBtr0091863,7.140068936,0.266353268,0.0970785,5.50E-04
FBtr0091857,7.140068936,0.266353268,0.0970785,5.50E-04
FBtr0333505,7.140902885,0.498556422,0.097067162,5.49E-04
FBtr0331979,7.142195472,0.565886818,0.097049595,5.49E-04
FBtr0301124,7.142755684,0.534520223,0.097041984,5.48E-04
FBtr0331693,7.143391974,0.743661852,0.09703334,5.48E-04
FBtr0113210,7.147290241,0.683905851,0.096980416,5.46E-04
FBtr0079962,7.147983786,0.873374797,0.096971006,5.46E-04
FBtr0331829,7.149751262,0.676776187,0.096947034,5.45E-04
FBtr0085412,7.155193001,0.723300686,0.096873303,5.42E-04
FBtr0339117,7.1571874,0.840885462,0.096846309,5.41E-04
FBtr0079371,7.160696505,0.774929469,0.096798849,5.39E-04
FBtr0342769,7.161724539,0.514781943,0.096784954,5.38E-04
FBtr0334995,7.162329953,0.438585866,0.096776773,5.38E-04
FBtr0074354,7.164460591,0.719544533,0.096747993,5.37E-04
FBtr0334626,7.170806458,0.421536684,0.096662375,5.33E-04
FBtr0089245,7.171949137,0.780902413,0.096646974,5.33E-04
FBtr0074504,7.173953339,0.626822734,0.096619973,5.32E-04
FBtr0084664,7.175333763,0.752090536,0.096601385,5.31E-04
FBtr0309238,7.175993496,0.614205645,0.096592504,5.30E-04
FBtr0334575,7.176451378,0.696628183,0.096586341,5.30E-04
FBtr0300966,7.178127847,0.67502284,0.096563783,5.29E-04
FBtr0301053,7.184641527,0.463869478,0.096476237,5.26E-04
FBtr0084449,7.187877457,0.768436106,0.096432804,5.24E-04
FBtr0071404,7.188894629,0.787094449,0.09641916,5.24E-04
FBtr0089083,7.194243432,0.207604987,0.096347474,5.21E-04
FBtr0089410,7.196093021,0.457205466,0.09632271,5.20E-04
FBtr0091899,7.196151162,0.285857715,0.096321932,5.20E-04
FBtr0091897,7.196151162,0.285857715,0.096321932,5.20E-04
FBtr0091895,7.196151162,0.285857715,0.096321932,5.20E-04
FBtr0091901,7.196151162,0.285857715,0.096321932,5.20E-04
FBtr0091903,7.196151162,0.285857715,0.096321932,5.20E-04
FBtr0300803,7.200953781,0.79027745,0.096257691,5.17E-04
FBtr0084062,7.202447842,0.675563555,0.096237723,5.17E-04
FBtr0074134,7.203202798,0.757480621,0.096227637,5.16E-04
FBtr0080571,7.205710033,0.705285979,0.096194154,5.15E-04
FBtr0089233,7.206047342,0.19375209,0.096189651,5.15E-04
FBtr0085548,7.216167842,0.453669091,0.096054748,5.10E-04
FBtr0333891,7.220584748,0.457911764,0.09599599,5.07E-04
FBtr0089106,7.221169805,0.834419872,0.095988212,5.07E-04
FBtr0289994,7.22179171,0.720567653,0.095979946,5.07E-04
FBtr0086520,7.222814335,0.23870377,0.095966357,5.06E-04
FBtr0079994,7.223632396,0.81830121,0.095955489,5.06E-04
FBtr0086915,7.227614863,0.845180007,0.095902617,5.04E-04
FBtr0089938,7.229014979,0.615855353,0.095884043,5.03E-04
FBtr0302045,7.229956128,0.372384006,0.095871561,5.03E-04
FBtr0305694,7.230392486,0.5445116,0.095865775,5.02E-04
FBtr0087205,7.233269459,0.732059456,0.095827645,5.01E-04
FBtr0085941,7.234890887,0.339258194,0.095806169,5.00E-04
FBtr0071349,7.236217993,0.760982525,0.095788599,4.99E-04
FBtr0339749,7.236609658,0.649914785,0.095783414,4.99E-04
FBtr0330208,7.242602858,0.78384637,0.095704154,4.96E-04
FBtr0290308,7.242602858,0.78384637,0.095704154,4.96E-04
FBtr0072308,7.253523747,0.792421403,0.095560062,4.91E-04
FBtr0342743,7.25454683,0.795780549,0.095546586,4.90E-04
FBtr0337044,7.260803916,0.700171365,0.095464247,4.87E-04
FBtr0081844,7.261980375,0.410578181,0.095448782,4.87E-04
FBtr0086079,7.268929776,0.715722432,0.095357529,4.83E-04
FBtr0079325,7.269815382,0.861317778,0.095345912,4.83E-04
FBtr0084760,7.270226593,0.729613822,0.09534052,4.83E-04
FBtr0339674,7.270662752,0.655226247,0.0953348,4.83E-04
FBtr0086205,7.271362506,0.684655478,0.095325626,4.82E-04
FBtr0345448,7.27388377,0.402438053,0.095292584,4.81E-04
FBtr0081757,7.279386756,0.814224969,0.095220546,4.78E-04
FBtr0075759,7.27999145,0.640678823,0.095212637,4.78E-04
FBtr0071905,7.283565804,0.773140388,0.095165912,4.76E-04
FBtr0070884,7.286373526,0.777097541,0.095129241,4.75E-04
FBtr0343204,7.287644282,0.299935064,0.095112653,4.74E-04
FBtr0089655,7.287897197,0.484749512,0.095109352,4.74E-04
FBtr0300882,7.291046097,0.776874579,0.095068276,4.73E-04
FBtr0070487,7.291115869,0.54482315,0.095067366,4.73E-04
FBtr0077828,7.291599342,0.51995995,0.095061062,4.73E-04
FBtr0091886,7.295945961,0.331350837,0.095004429,4.70E-04
FBtr0332481,7.296493139,0.384207902,0.094997305,4.70E-04
FBtr0076265,7.297199577,0.600120729,0.094988108,4.70E-04
FBtr0071015,7.297422999,0.545488325,0.0949852,4.70E-04
FBtr0340063,7.297641735,0.506772535,0.094982353,4.70E-04
FBtr0082693,7.301389446,0.441872685,0.094933599,4.68E-04
FBtr0329922,7.305539238,0.792118178,0.094879674,4.66E-04
FBtr0070846,7.306507059,0.632094604,0.094867106,4.66E-04
FBtr0075791,7.306639768,0.577658488,0.094865383,4.65E-04
FBtr0076523,7.310096992,0.613033301,0.094820518,4.64E-04
FBtr0345949,7.314420739,0.278068368,0.094764467,4.62E-04
FBtr0082292,7.314904253,0.827302382,0.094758203,4.62E-04
FBtr0306640,7.322811665,0.582341007,0.09465588,4.58E-04
FBtr0073093,7.325240501,0.768551207,0.094624495,4.57E-04
FBtr0334555,7.327815982,0.544504941,0.094591237,4.56E-04
FBtr0305211,7.331664604,0.314606178,0.094541583,4.54E-04
FBtr0081953,7.333564676,0.826826388,0.094517088,4.53E-04
FBtr0071188,7.333641865,0.84182271,0.094516094,4.53E-04
FBtr0331709,7.339082584,0.330579429,0.094446025,4.51E-04
FBtr0078907,7.344678687,0.560958701,0.094374065,4.48E-04
FBtr0087899,7.34679978,0.693308461,0.094346818,4.47E-04
FBtr0111012,7.348734031,0.792053401,0.094321985,4.46E-04
FBtr0080461,7.353825904,0.830535747,0.094256675,4.44E-04
FBtr0074427,7.356021624,0.621857614,0.09422854,4.43E-04
FBtr0089908,7.356093865,0.773806371,0.094227615,4.43E-04
FBtr0088395,7.357840977,0.828797743,0.094205241,4.42E-04
FBtr0072909,7.363640826,0.675427013,0.094131042,4.40E-04
FBtr0302119,7.367809639,0.562020664,0.094077781,4.38E-04
FBtr0111285,7.376753525,0.5121672,0.093963717,4.34E-04
FBtr0303045,7.378928271,0.429498805,0.093936024,4.33E-04
FBtr0332612,7.379474466,0.527419557,0.093929071,4.33E-04
FBtr0086302,7.380486844,0.442747055,0.093916187,4.32E-04
FBtr0473370,7.38110875,0.777025772,0.093908274,4.32E-04
FBtr0088999,7.387811885,0.725640246,0.093823068,4.29E-04
FBtr0301598,7.387975656,0.56250685,0.093820989,4.29E-04
FBtr0071964,7.389702054,0.153403573,0.09379907,4.28E-04
FBtr0308810,7.392141797,0.346134333,0.093768112,4.27E-04
FBtr0071549,7.394937967,0.683139707,0.093732657,4.26E-04
FBtr0334509,7.396036605,0.630443567,0.093718733,4.26E-04
FBtr0345438,7.396068298,0.689719401,0.093718331,4.26E-04
FBtr0113702,7.397086801,0.538596681,0.093705427,4.25E-04
FBtr0072486,7.398405106,0.563880405,0.09368873,4.25E-04
FBtr0082291,7.402649996,0.471380012,0.093635007,4.23E-04
FBtr0075086,7.403227388,0.837705597,0.093627704,4.23E-04
FBtr0075049,7.403392807,0.818247882,0.093625612,4.23E-04
FBtr0080957,7.406500609,0.744558346,0.093586326,4.21E-04
FBtr0309847,7.407013202,0.784124785,0.093579849,4.21E-04
FBtr0085249,7.411116497,0.765755389,0.093528037,4.19E-04
FBtr0076715,7.41264184,0.869263416,0.093508792,4.19E-04
FBtr0072614,7.423174248,0.436667688,0.093376116,4.14E-04
FBtr0304747,7.423314298,0.66861592,0.093374354,4.14E-04
FBtr0083369,7.423747266,0.75996429,0.093368909,4.14E-04
FBtr0305050,7.423891867,0.459978459,0.09336709,4.14E-04
FBtr0342742,7.424379374,0.400810491,0.093360959,4.14E-04
FBtr0300754,7.429254384,0.802940327,0.093299697,4.12E-04
FBtr0073428,7.432365932,0.634301479,0.093260637,4.10E-04
FBtr0302281,7.434210089,0.771279267,0.093237502,4.10E-04
FBtr0302278,7.434210089,0.771279267,0.093237502,4.10E-04
FBtr0072904,7.436373274,0.736814868,0.09321038,4.09E-04
FBtr0089628,7.436640898,0.758924509,0.093207026,4.09E-04
FBtr0301304,7.442184066,0.825434325,0.093137602,4.06E-04
FBtr0340026,7.443603712,0.343799682,0.093119839,4.06E-04
FBtr0083276,7.445082131,0.691882351,0.093101348,4.05E-04
FBtr0300562,7.447976251,0.296288312,0.093065171,4.04E-04
FBtr0084033,7.449436337,0.675886324,0.09304693,4.03E-04
FBtr0332604,7.450732766,0.625149078,0.09303074,4.03E-04
FBtr0306600,7.450925308,0.293222933,0.093028336,4.03E-04
FBtr0081789,7.451687417,0.184953921,0.093018821,4.03E-04
FBtr0305152,7.452861973,0.446438474,0.093004162,4.02E-04
FBtr0340164,7.455130814,0.346809772,0.092975858,4.01E-04
FBtr0344994,7.456054738,0.79494427,0.092964336,4.01E-04
FBtr0081316,7.45791582,0.581451303,0.092941138,4.00E-04
FBtr0345685,7.460121986,0.130143365,0.092913652,3.99E-04
FBtr0310644,7.46022538,0.501571126,0.092912365,3.99E-04
FBtr0084496,7.460975271,0.820005113,0.092903026,3.99E-04
FBtr0330669,7.462303447,0.348539795,0.092886491,3.98E-04
FBtr0088485,7.466054629,0.522905494,0.092839822,3.97E-04
FBtr0333879,7.467307886,0.706131635,0.09282424,3.96E-04
FBtr0081108,7.470305695,0.456871619,0.09278699,3.95E-04
FBtr0113829,7.472068525,0.532931527,0.0927651,3.94E-04
FBtr0082751,7.47258036,0.568360943,0.092758746,3.94E-04
FBtr0078531,7.473857289,0.77019151,0.092742898,3.94E-04
FBtr0474170,7.473857289,0.77019151,0.092742898,3.94E-04
FBtr0342609,7.476917741,0.428768588,0.092704936,3.93E-04
FBtr0073607,7.479887624,0.701487908,0.092668128,3.91E-04
FBtr0333260,7.483098417,0.270830342,0.092628366,3.90E-04
FBtr0081148,7.48548056,0.589723945,0.092598889,3.89E-04
FBtr0306841,7.48632795,0.721279582,0.092588407,3.89E-04
FBtr0077043,7.48984707,0.755195218,0.092544904,3.87E-04
FBtr0070414,7.493620688,0.727883955,0.092498301,3.86E-04
FBtr0075037,7.495323503,0.733768686,0.092477287,3.85E-04
FBtr0342877,7.49798987,0.749690065,0.092444401,3.84E-04
FBtr0079129,7.501416885,0.659729545,0.092402168,3.83E-04
FBtr0331340,7.503061888,0.764644565,0.092381909,3.82E-04
FBtr0075063,7.505142205,0.713771057,0.092356302,3.82E-04
FBtr0309088,7.505533299,0.769368193,0.09235149,3.81E-04
FBtr0113297,7.505793773,0.556835552,0.092348285,3.81E-04
FBtr0087378,7.507185611,0.780758436,0.092331163,3.81E-04
FBtr0080467,7.507952235,0.739800286,0.092321736,3.81E-04
FBtr0077632,7.509866376,0.452066803,0.092298204,3.80E-04
FBtr0345895,7.510199668,0.484796831,0.092294108,3.80E-04
FBtr0070168,7.514662864,0.577003151,0.092239292,3.78E-04
FBtr0089404,7.519218195,0.607309814,0.092183411,3.76E-04
FBtr0076134,7.524889398,0.482872055,0.092113936,3.74E-04
FBtr0302864,7.524908817,0.528505377,0.092113698,3.74E-04
FBtr0332317,7.528085408,0.470240461,0.09207483,3.73E-04
FBtr0074470,7.529606214,0.452267988,0.092056233,3.72E-04
FBtr0080513,7.539865777,0.790485676,0.091930971,3.69E-04
FBtr0336920,7.540267508,0.365157045,0.091926073,3.68E-04
FBtr0077243,7.541250376,0.424565,0.091914092,3.68E-04
FBtr0085890,7.541702897,0.209477761,0.091908577,3.68E-04
FBtr0085889,7.541702897,0.209477761,0.091908577,3.68E-04
FBtr0344769,7.541983627,0.697467313,0.091905156,3.68E-04
FBtr0083326,7.549073274,0.17978144,0.091818844,3.65E-04
FBtr0088249,7.550918509,0.455661129,0.091796406,3.65E-04
FBtr0344007,7.55405215,0.509874805,0.091758326,3.63E-04
FBtr0076079,7.555346883,0.702776525,0.091742602,3.63E-04
FBtr0078756,7.55696299,0.417239545,0.091722982,3.62E-04
FBtr0346952,7.55768671,0.543335886,0.091714199,3.62E-04
FBtr0329994,7.55768671,0.543335886,0.091714199,3.62E-04
FBtr0299760,7.557770853,0.713881395,0.091713178,3.62E-04
FBtr0087643,7.558435231,0.695724889,0.091705116,3.62E-04
FBtr0073265,7.560407703,0.749118714,0.091681191,3.61E-04
FBtr0076135,7.561582176,0.748937216,0.091666951,3.61E-04
FBtr0081786,7.562080324,0.757127906,0.091660912,3.60E-04
FBtr0070842,7.563247462,0.451753569,0.091646767,3.60E-04
FBtr0075020,7.56517065,0.492330573,0.091623469,3.59E-04
FBtr0273442,7.567331257,0.40915662,0.091597309,3.59E-04
FBtr0290319,7.568195973,0.263975569,0.091586844,3.58E-04
FBtr0344851,7.568413852,0.520522826,0.091584207,3.58E-04
FBtr0089252,7.569749432,0.181943345,0.091568048,3.58E-04
FBtr0089229,7.575840894,0.627838899,0.091494422,3.56E-04
FBtr0345753,7.576577538,0.556953872,0.091485526,3.55E-04
FBtr0290215,7.578141311,0.604344392,0.091466648,3.55E-04
FBtr0080182,7.580970005,0.462516451,0.091432519,3.54E-04
FBtr0077243,7.58181193,0.460167073,0.091422365,3.53E-04
FBtr0100390,7.585433999,0.747546641,0.091378711,3.52E-04
FBtr0084024,7.587228894,0.890623297,0.091357094,3.52E-04
FBtr0082140,7.588791941,0.69925058,0.091338277,3.51E-04
FBtr0087103,7.592136325,0.688157388,0.091298042,3.50E-04
FBtr0087296,7.595321941,0.63679958,0.09125975,3.49E-04
FBtr0083781,7.596432967,0.671322433,0.091246403,3.48E-04
FBtr0273346,7.600550706,0.283772745,0.091196968,3.47E-04
FBtr0077243,7.601402926,0.648190862,0.091186744,3.47E-04
FBtr0340125,7.604558503,0.694351435,0.091148905,3.45E-04
FBtr0300773,7.608565021,0.260145139,0.091100908,3.44E-04
FBtr0088960,7.61050601,0.725995865,0.091077673,3.43E-04
FBtr0085433,7.610715608,0.782143233,0.091075165,3.43E-04
FBtr0073310,7.613562341,0.286704041,0.091041112,3.42E-04
FBtr0083141,7.615102479,0.686017371,0.091022699,3.42E-04
FBtr0088601,7.620529291,0.545947986,0.090957879,3.40E-04
FBtr0340057,7.625001292,0.443389827,0.090904533,3.38E-04
FBtr0300509,7.628900712,0.752539207,0.090858068,3.37E-04
FBtr0071131,7.629297572,0.278680889,0.090853342,3.37E-04
FBtr0081747,7.629803396,0.447932445,0.090847319,3.37E-04
FBtr0333093,7.633134816,0.306301877,0.090807669,3.36E-04
FBtr0077637,7.633341504,0.236133535,0.09080521,3.36E-04
FBtr0073067,7.634684525,0.728457111,0.090789237,3.35E-04
FBtr0080065,7.635496235,0.755312867,0.090779585,3.35E-04
FBtr0088508,7.639472934,0.683886336,0.09073233,3.34E-04
FBtr0089246,7.64343493,0.715062256,0.090685299,3.32E-04
FBtr0076542,7.644772182,0.819701632,0.090669436,3.32E-04
FBtr0306228,7.645432829,0.670602997,0.090661601,3.32E-04
FBtr0343318,7.647133623,0.382980131,0.090641437,3.31E-04
FBtr0300393,7.647777148,0.383695586,0.09063381,3.31E-04
FBtr0088256,7.648049191,0.168739513,0.090630586,3.31E-04
FBtr0075518,7.650275061,0.750484362,0.090604217,3.30E-04
FBtr0330161,7.650275061,0.750484362,0.090604217,3.30E-04
FBtr0299918,7.652632651,0.335995378,0.090576304,3.29E-04
FBtr0304618,7.653885689,0.754151431,0.090561475,3.29E-04
FBtr0330393,7.655189272,0.442222594,0.090546054,3.28E-04
FBtr0091809,7.656031596,0.188989685,0.090536092,3.28E-04
FBtr0113705,7.656120948,0.502136768,0.090535035,3.28E-04
FBtr0081992,7.65712441,0.57282553,0.090523171,3.28E-04
FBtr0081990,7.657433925,0.523354582,0.090519512,3.28E-04
FBtr0082126,7.657438471,0.621838479,0.090519458,3.28E-04
FBtr0078202,7.658363159,0.835714863,0.090508529,3.27E-04
FBtr0081973,7.658392994,0.736676293,0.090508176,3.27E-04
FBtr0300994,7.660089461,0.661408345,0.090488131,3.27E-04
FBtr0087377,7.660627477,0.632101598,0.090481776,3.27E-04
FBtr0114602,7.663705858,0.726519554,0.090445431,3.26E-04
FBtr0086749,7.668243724,0.618185775,0.090391908,3.24E-04
FBtr0072923,7.672930616,0.645864578,0.090336693,3.23E-04
FBtr0086071,7.673523491,0.808331199,0.090329714,3.22E-04
FBtr0082760,7.675250207,0.735219851,0.090309392,3.22E-04
FBtr0078689,7.679867872,0.5520888,0.090255092,3.20E-04
FBtr0081932,7.682038187,0.091450014,0.090229593,3.20E-04
FBtr0070772,7.682443129,0.646090606,0.090224837,3.20E-04
FBtr0073185,7.684662055,0.690795453,0.090198785,3.19E-04
FBtr0342731,7.684946444,0.370005467,0.090195447,3.19E-04
FBtr0336456,7.687855891,0.115799335,0.090161313,3.18E-04
FBtr0310499,7.691213085,0.532551586,0.090121958,3.17E-04
FBtr0302280,7.695531913,0.524132553,0.09007138,3.15E-04
FBtr0302277,7.695531913,0.524132553,0.09007138,3.15E-04
FBtr0071787,7.698977008,0.779595758,0.090031076,3.14E-04
FBtr0077243,7.700449578,0.738646496,0.090013859,3.14E-04
FBtr0089403,7.705379745,0.507393347,0.089956265,3.12E-04
FBtr0302385,7.706329816,0.188713924,0.089945175,3.12E-04
FBtr0076058,7.706341578,0.716256959,0.089945037,3.12E-04
FBtr0081409,7.706516836,0.724408465,0.089942992,3.12E-04
FBtr0089192,7.70659706,0.580347481,0.089942056,3.12E-04
FBtr0084407,7.708388631,0.791929192,0.089921151,3.11E-04
FBtr0330392,7.709249306,0.413268802,0.089911112,3.11E-04
FBtr0074531,7.709756802,0.580301272,0.089905194,3.11E-04
FBtr0345350,7.711169589,0.545228708,0.089888722,3.11E-04
FBtr0087376,7.711957427,0.648580091,0.089879539,3.10E-04
FBtr0340071,7.712568134,0.79126756,0.089872422,3.10E-04
FBtr0081488,7.715086214,0.717430864,0.089843089,3.09E-04
FBtr0089147,7.720655299,0.474252577,0.089778284,3.08E-04
FBtr0111126,7.723369203,0.717053888,0.089746736,3.07E-04
FBtr0301803,7.724047284,0.319643729,0.089738858,3.07E-04
FBtr0078430,7.734657236,0.436725784,0.089615759,3.03E-04
FBtr0075279,7.737712422,0.750145354,0.089580375,3.02E-04
FBtr0330311,7.739001628,0.463310603,0.089565452,3.02E-04
FBtr0345447,7.739033951,0.221739855,0.089565078,3.02E-04
FBtr0076846,7.742781802,0.510537409,0.089521725,3.01E-04
FBtr0306235,7.743963093,0.251068855,0.089508069,3.01E-04
FBtr0072915,7.744173213,0.693911819,0.08950564,3.00E-04
FBtr0074007,7.748021953,0.770825202,0.089461179,2.99E-04
FBtr0334937,7.75091076,0.28672449,0.089427837,2.98E-04
FBtr0077625,7.753300229,0.461379617,0.089400276,2.98E-04
FBtr0114375,7.753396536,0.61886216,0.089399166,2.98E-04
FBtr0089307,7.754071676,0.539187711,0.089391382,2.97E-04
FBtr0445213,7.756407596,0.706412525,0.089364461,2.97E-04
FBtr0074425,7.758827836,0.669318394,0.089336585,2.96E-04
FBtr0070239,7.760482836,0.667679513,0.089317533,2.96E-04
FBtr0079160,7.768833802,0.700653254,0.089221523,2.93E-04
FBtr0301465,7.76917051,0.432993363,0.089217656,2.93E-04
FBtr0081544,7.769494102,0.680528842,0.08921394,2.93E-04
FBtr0077797,7.770441576,0.46268263,0.089203062,2.93E-04
FBtr0085191,7.779051215,0.245489791,0.089104334,2.90E-04
FBtr0077243,7.782511107,0.704279559,0.089064721,2.89E-04
FBtr0088642,7.782522094,0.622198171,0.089064595,2.89E-04
FBtr0079366,7.783199352,0.816311127,0.089056845,2.89E-04
FBtr0091872,7.784681125,0.152878115,0.089039894,2.89E-04
FBtr0076161,7.787131194,0.256824397,0.089011879,2.88E-04
FBtr0071125,7.787881885,0.758631097,0.089003299,2.88E-04
FBtr0111291,7.788680604,0.574039216,0.088994172,2.87E-04
FBtr0336840,7.789899766,0.727972342,0.088980244,2.87E-04
FBtr0084466,7.789979043,0.691336061,0.088979338,2.87E-04
FBtr0085528,7.793143985,0.744526551,0.088943202,2.86E-04
FBtr0111239,7.793472418,0.68667523,0.088939454,2.86E-04
FBtr0091839,7.79386926,0.19470176,0.088934925,2.86E-04
FBtr0091869,7.79386926,0.19470176,0.088934925,2.86E-04
FBtr0091842,7.79386926,0.19470176,0.088934925,2.86E-04
FBtr0091845,7.79386926,0.19470176,0.088934925,2.86E-04
FBtr0091866,7.79386926,0.19470176,0.088934925,2.86E-04
FBtr0091836,7.79386926,0.19470176,0.088934925,2.86E-04
FBtr0091848,7.79386926,0.19470176,0.088934925,2.86E-04
FBtr0091851,7.79386926,0.19470176,0.088934925,2.86E-04
FBtr0091854,7.79386926,0.19470176,0.088934925,2.86E-04
FBtr0301790,7.794302825,0.519655391,0.088929978,2.86E-04
FBtr0331420,7.799448973,0.625725107,0.088871301,2.84E-04
FBtr0301028,7.799936383,0.489104252,0.088865748,2.84E-04
FBtr0304621,7.801334545,0.656835378,0.088849821,2.84E-04
FBtr0329893,7.801698075,0.561256257,0.088845681,2.84E-04
FBtr0079306,7.801698075,0.561256257,0.088845681,2.84E-04
FBtr0083679,7.803695337,0.163498068,0.088822942,2.83E-04
FBtr0078830,7.804137088,0.536004896,0.088817914,2.83E-04
FBtr0077243,7.805713851,0.412704379,0.088799973,2.83E-04
FBtr0308328,7.807016398,0.570087737,0.088785158,2.82E-04
FBtr0290062,7.809219565,0.644876186,0.088760109,2.82E-04
FBtr0333290,7.809394999,0.503524046,0.088758115,2.81E-04
FBtr0071306,7.813930999,0.686010772,0.088706591,2.80E-04
FBtr0304615,7.818829855,0.503120143,0.088651012,2.79E-04
FBtr0302165,7.821254534,0.70377389,0.088623529,2.78E-04
FBtr0076949,7.826510889,0.683491763,0.088564009,2.77E-04
FBtr0074927,7.829520954,0.694468576,0.08852996,2.76E-04
FBtr0079469,7.829525321,0.714797549,0.088529911,2.76E-04
FBtr0080246,7.830268609,0.468705398,0.088521507,2.76E-04
FBtr0343532,7.831498276,0.655278848,0.088507608,2.75E-04
FBtr0089397,7.833336549,0.67325202,0.088486838,2.75E-04
FBtr0347068,7.834937657,0.504998179,0.088468755,2.74E-04
FBtr0072612,7.836228444,0.479953894,0.088454182,2.74E-04
FBtr0071793,7.83660543,0.512449208,0.088449927,2.74E-04
FBtr0073809,7.838249453,0.602787842,0.088431375,2.73E-04
FBtr0084072,7.846059474,0.652570319,0.08834335,2.71E-04
FBtr0334551,7.854025479,0.657388669,0.088253747,2.69E-04
FBtr0077243,7.857295817,0.659846249,0.088217015,2.68E-04
FBtr0072112,7.862461299,0.719662737,0.088159058,2.67E-04
FBtr0087601,7.864916675,0.582206104,0.088131535,2.66E-04
FBtr0077679,7.864957342,0.184808288,0.088131079,2.66E-04
FBtr0339291,7.866675821,0.422242518,0.088111827,2.66E-04
FBtr0343346,7.867769472,0.698445076,0.088099579,2.65E-04
FBtr0111111,7.871270693,0.484156425,0.088060392,2.65E-04
FBtr0273235,7.87346245,0.509445402,0.088035878,2.64E-04
FBtr0310555,7.875033259,0.736347903,0.088018318,2.64E-04
FBtr0333850,7.875839243,0.265510018,0.08800931,2.63E-04
FBtr0072469,7.878465131,0.654642633,0.087979977,2.63E-04
FBtr0301195,7.881331832,0.623333122,0.087947976,2.62E-04
FBtr0112793,7.881824744,0.199330162,0.087942476,2.62E-04
FBtr0334327,7.88640681,0.647621329,0.08789138,2.61E-04
FBtr0078431,7.886650416,0.564994379,0.087888666,2.61E-04
FBtr0086450,7.887598671,0.678373904,0.087878099,2.60E-04
FBtr0330245,7.887598671,0.678373904,0.087878099,2.60E-04
FBtr0301236,7.889152198,0.566958932,0.087860795,2.60E-04
FBtr0335222,7.889637188,0.494994693,0.087855394,2.60E-04
FBtr0081245,7.890413172,0.521881373,0.087846753,2.60E-04
FBtr0077243,7.890669454,0.663186895,0.0878439,2.59E-04
FBtr0301636,7.890920578,0.353459537,0.087841105,2.59E-04
FBtr0077243,7.890958169,0.72396545,0.087840686,2.59E-04
FBtr0089398,7.892946269,0.421072294,0.087818561,2.59E-04
FBtr0086041,7.893120316,0.500432818,0.087816624,2.59E-04
FBtr0072671,7.898016381,0.706415614,0.087762186,2.58E-04
FBtr0073457,7.899654405,0.705807343,0.087743988,2.57E-04
FBtr0083196,7.903775663,0.729290862,0.087698236,2.56E-04
FBtr0334468,7.908799576,0.507883917,0.087642527,2.55E-04
FBtr0310498,7.908799576,0.507883917,0.087642527,2.55E-04
FBtr0076598,7.917038813,0.529962195,0.087551318,2.53E-04
FBtr0346618,7.917519401,0.579665372,0.087546003,2.53E-04
FBtr0079955,7.918414086,0.449695654,0.087536112,2.52E-04
FBtr0343117,7.919358309,0.242480665,0.087525675,2.52E-04
FBtr0089633,7.923040369,0.524955593,0.087484999,2.51E-04
FBtr0070173,7.923826158,0.784398698,0.087476324,2.51E-04
FBtr0087334,7.924146974,0.755483316,0.087472782,2.51E-04
FBtr0071090,7.926288352,0.56928593,0.08744915,2.50E-04
FBtr0070858,7.930145943,0.647447723,0.087406611,2.49E-04
FBtr0340262,7.935495737,0.297056606,0.087347685,2.48E-04
FBtr0082744,7.937692028,0.670993851,0.087323516,2.48E-04
FBtr0087950,7.938404168,0.285611263,0.087315683,2.47E-04
FBtr0112920,7.93845844,0.688202317,0.087315086,2.47E-04
FBtr0340461,7.939270567,0.408533571,0.087306154,2.47E-04
FBtr0074872,7.940068708,0.731225953,0.087297378,2.47E-04
FBtr0081905,7.941773891,0.8226272,0.087278634,2.47E-04
FBtr0075945,7.942772674,0.634441055,0.087267659,2.46E-04
FBtr0344968,7.944431897,0.180063992,0.087249433,2.46E-04
FBtr0333673,7.948320383,0.251594125,0.087206749,2.45E-04
FBtr0076938,7.953672139,0.617744391,0.087148071,2.44E-04
FBtr0088025,7.954988946,0.516207276,0.087133645,2.43E-04
FBtr0342979,7.962185606,0.670383637,0.087054889,2.42E-04
FBtr0089399,7.962941119,0.341742948,0.087046629,2.41E-04
FBtr0085523,7.963208456,0.521266833,0.087043707,2.41E-04
FBtr0307172,7.964354663,0.783968108,0.08703118,2.41E-04
FBtr0300544,7.965213145,0.670112271,0.087021799,2.41E-04
FBtr0301363,7.966880878,0.610132303,0.087003583,2.40E-04
FBtr0345603,7.97514425,0.695658542,0.086913435,2.38E-04
FBtr0347287,7.979253401,0.76122283,0.086868676,2.37E-04
FBtr0075700,7.980493987,0.689738473,0.086855172,2.37E-04
FBtr0301504,7.981077747,0.224471759,0.086848819,2.37E-04
FBtr0080856,7.983029047,0.694952807,0.086827591,2.37E-04
FBtr0071363,7.98804578,0.714182399,0.086773061,2.35E-04
FBtr0078692,7.991936657,0.702067816,0.086730815,2.34E-04
FBtr0300180,7.996314566,0.584878743,0.086683331,2.33E-04
FBtr0075245,7.997186501,0.735689146,0.08667388,2.33E-04
FBtr0071573,7.998916001,0.721061757,0.086655139,2.33E-04
FBtr0072397,8.003126888,0.590740278,0.086609545,2.32E-04
FBtr0083195,8.003399197,0.544066058,0.086606598,2.32E-04
FBtr0083179,8.004054893,0.68666267,0.086599504,2.32E-04
FBtr0081401,8.008665315,0.549503802,0.08654965,2.31E-04
FBtr0072613,8.010762226,0.790810123,0.086526995,2.30E-04
FBtr0075724,8.015577103,0.702597214,0.086475019,2.29E-04
FBtr0089400,8.020843441,0.476973985,0.086418241,2.28E-04
FBtr0087703,8.02244401,0.681985104,0.086400999,2.27E-04
FBtr0347568,8.031873094,0.576385409,0.086299568,2.25E-04
FBtr0086039,8.035986132,0.769028367,0.086255398,2.24E-04
FBtr0089405,8.043922073,0.529751133,0.0861703,2.23E-04
FBtr0082735,8.051791272,0.541232073,0.086086084,2.21E-04
FBtr0070107,8.052765624,0.370395157,0.086075668,2.21E-04
FBtr0076551,8.057203211,0.541242597,0.086028261,2.20E-04
FBtr0334328,8.058878895,0.55957701,0.086010373,2.19E-04
FBtr0085842,8.06569299,0.589028377,0.085937709,2.18E-04
FBtr0071033,8.066270022,0.580511107,0.085931562,2.18E-04
FBtr0089518,8.068562512,0.406043421,0.085907146,2.17E-04
FBtr0112795,8.071615333,0.508706188,0.085874655,2.17E-04
FBtr0344827,8.076368615,0.285291003,0.085824114,2.15E-04
FBtr0332859,8.077663703,0.348363369,0.085810354,2.15E-04
FBtr0077364,8.081578315,0.671382052,0.085768788,2.14E-04
FBtr0073683,8.083072103,0.618214375,0.085752938,2.14E-04
FBtr0089750,8.08563553,0.653870632,0.085725751,2.14E-04
FBtr0089632,8.091094722,0.798159687,0.085667911,2.12E-04
FBtr0070212,8.093007827,0.548054035,0.08564766,2.12E-04
FBtr0335003,8.094901542,0.208394711,0.085627623,2.12E-04
FBtr0084898,8.095061726,0.705635273,0.085625929,2.12E-04
FBtr0079417,8.096374673,0.772303477,0.085612043,2.11E-04
FBtr0071152,8.096962889,0.57675657,0.085605824,2.11E-04
FBtr0345025,8.101124912,0.642228123,0.085561843,2.10E-04
FBtr0085414,8.101190296,0.574476139,0.085561153,2.10E-04
FBtr0079631,8.105669326,0.69070061,0.085513873,2.09E-04
FBtr0079069,8.106771973,0.571064814,0.085502242,2.09E-04
FBtr0077795,8.107082504,0.644914302,0.085498967,2.09E-04
FBtr0074046,8.107874993,0.652551265,0.08549061,2.09E-04
FBtr0081399,8.109863728,0.630679552,0.085469646,2.08E-04
FBtr0086040,8.117455984,0.426608476,0.085389706,2.07E-04
FBtr0346347,8.117914229,0.280439519,0.085384886,2.07E-04
FBtr0307532,8.121459877,0.353514077,0.085347609,2.06E-04
FBtr0330679,8.123052239,0.317281546,0.085330878,2.06E-04
FBtr0087526,8.124961823,0.398974962,0.085310823,2.05E-04
FBtr0086705,8.12895578,0.647033835,0.085268908,2.04E-04
FBtr0089186,8.131167586,0.400790973,0.085245713,2.04E-04
FBtr0343135,8.134177954,0.350409824,0.085214165,2.03E-04
FBtr0074895,8.135478015,0.604936918,0.085200547,2.03E-04
FBtr0332738,8.137840323,0.362310911,0.085175815,2.03E-04
FBtr0088574,8.144800256,0.661023569,0.08510303,2.01E-04
FBtr0084642,8.147456378,0.620920845,0.085075286,2.01E-04
FBtr0074171,8.151852633,0.19728018,0.085029405,2.00E-04
FBtr0082163,8.152024507,0.75371808,0.085027612,2.00E-04
FBtr0087978,8.154508585,0.345334791,0.085001711,1.99E-04
FBtr0330629,8.154508585,0.345334791,0.085001711,1.99E-04
FBtr0331406,8.155330433,0.367693199,0.084993145,1.99E-04
FBtr0084591,8.16169923,0.464290942,0.084926822,1.98E-04
FBtr0303905,8.162521005,0.140163306,0.084918272,1.98E-04
FBtr0081156,8.164093064,0.753281272,0.084901921,1.97E-04
FBtr0305028,8.164916883,0.53982115,0.084893354,1.97E-04
FBtr0091748,8.168571112,0.495315891,0.084855377,1.97E-04
FBtr0085808,8.172294545,0.670268123,0.084816715,1.96E-04
FBtr0074035,8.175691945,0.215521312,0.08478147,1.95E-04
FBtr0084559,8.175921777,0.682615824,0.084779087,1.95E-04
FBtr0076087,8.176747155,0.31582808,0.084770529,1.95E-04
FBtr0082390,8.180207888,0.160891539,0.084734666,1.94E-04
FBtr0330214,8.180581537,0.281291068,0.084730795,1.94E-04
FBtr0332619,8.18938282,0.578828227,0.084639734,1.92E-04
FBtr0073027,8.196902868,0.707368315,0.084562083,1.91E-04
FBtr0330039,8.19892256,0.609929854,0.084541252,1.91E-04
FBtr0083082,8.19892256,0.609929854,0.084541252,1.91E-04
FBtr0339764,8.201396604,0.376760593,0.084515749,1.90E-04
FBtr0079250,8.203587601,0.468977972,0.084493177,1.90E-04
FBtr0083714,8.205877537,0.612636349,0.084469598,1.89E-04
FBtr0075364,8.209451486,0.423694794,0.084432825,1.89E-04
FBtr0332387,8.210140243,0.463703582,0.084425742,1.89E-04
FBtr0302271,8.210925595,0.621552607,0.084417667,1.88E-04
FBtr0302272,8.210925595,0.621552607,0.084417667,1.88E-04
FBtr0303879,8.211042012,0.410393781,0.08441647,1.88E-04
FBtr0077746,8.216779291,0.713243308,0.084357527,1.87E-04
FBtr0076386,8.218683786,0.254383259,0.084337979,1.87E-04
FBtr0300511,8.234527969,0.539112986,0.084175703,1.84E-04
FBtr0070837,8.237656672,0.582798702,0.084143733,1.83E-04
FBtr0079416,8.243162015,0.671844377,0.084087536,1.82E-04
FBtr0343051,8.243451321,0.655139182,0.084084585,1.82E-04
FBtr0290305,8.244034199,0.507902737,0.08407864,1.82E-04
FBtr0074143,8.245622681,0.534104125,0.084062442,1.82E-04
FBtr0310391,8.264971365,0.360701284,0.083865648,1.78E-04
FBtr0301657,8.266765555,0.583251351,0.083847446,1.78E-04
FBtr0305268,8.268503679,0.694928992,0.083829821,1.78E-04
FBtr0335011,8.269196941,0.514340669,0.083822793,1.78E-04
FBtr0083595,8.269358898,0.617203166,0.083821151,1.78E-04
FBtr0075723,8.271341818,0.764764659,0.083801056,1.77E-04
FBtr0089009,8.273054159,0.604819965,0.083783711,1.77E-04
FBtr0072678,8.273234799,0.545701389,0.083781882,1.77E-04
FBtr0080027,8.275660335,0.675990478,0.083757326,1.77E-04
FBtr0072825,8.278126583,0.50161007,0.083732373,1.76E-04
FBtr0086711,8.281389638,0.168756758,0.08369938,1.76E-04
FBtr0077310,8.282621425,0.473817128,0.083686933,1.75E-04
FBtr0089471,8.286116313,0.457440636,0.083651635,1.75E-04
FBtr0306692,8.287280242,0.482796192,0.083639887,1.75E-04
FBtr0071522,8.287825569,0.4929094,0.083634383,1.74E-04
FBtr0304703,8.289852248,0.279692228,0.083613937,1.74E-04
FBtr0082511,8.293180249,0.610081296,0.083580383,1.73E-04
FBtr0100648,8.293308558,0.486558816,0.08357909,1.73E-04
FBtr0301675,8.305303991,0.448787852,0.083458376,1.71E-04
FBtr0075728,8.308044816,0.542993108,0.083430843,1.71E-04
FBtr0347567,8.308178263,0.402110263,0.083429503,1.71E-04
FBtr0300273,8.311895735,0.658538008,0.083392189,1.70E-04
FBtr0088602,8.313852724,0.401620758,0.083372559,1.70E-04
FBtr0082110,8.336593272,0.331523032,0.083145136,1.66E-04
FBtr0113439,8.349643195,0.299749019,0.083015186,1.64E-04
FBtr0273241,8.352953415,0.355165295,0.082982287,1.63E-04
FBtr0330213,8.358560969,0.233559479,0.082926617,1.62E-04
FBtr0333870,8.362330275,0.44677025,0.082889238,1.62E-04
FBtr0339563,8.367937155,0.15663816,0.082833698,1.61E-04
FBtr0346735,8.373085892,0.495241211,0.082782762,1.60E-04
FBtr0079835,8.378715986,0.466240341,0.082727136,1.59E-04
FBtr0331757,8.381940992,0.345123674,0.082695307,1.59E-04
FBtr0078739,8.382741047,0.67170629,0.082687414,1.59E-04
FBtr0085447,8.383994322,0.666532465,0.082675054,1.58E-04
FBtr0307976,8.389087653,0.375981747,0.082624859,1.58E-04
FBtr0300899,8.397374199,0.341134969,0.082543324,1.56E-04
FBtr0304744,8.402239568,0.276095849,0.082495527,1.56E-04
FBtr0091702,8.409250162,0.239680459,0.082426752,1.54E-04
FBtr0091703,8.409250162,0.239680459,0.082426752,1.54E-04
FBtr0079617,8.412236233,0.634922582,0.082397494,1.54E-04
FBtr0085192,8.412427328,0.67244573,0.082395622,1.54E-04
FBtr0332106,8.420955747,0.304336333,0.082312175,1.53E-04
FBtr0072285,8.424516926,0.2606942,0.08227738,1.52E-04
FBtr0085085,8.428347346,0.547375008,0.082239988,1.52E-04
FBtr0331431,8.42972198,0.42992991,0.082226577,1.51E-04
FBtr0073083,8.437758962,0.381399891,0.082148256,1.50E-04
FBtr0074142,8.440699191,0.623090734,0.08211964,1.50E-04
FBtr0301506,8.44589541,0.327814175,0.082069117,1.49E-04
FBtr0332266,8.448818065,0.458351411,0.082040728,1.48E-04
FBtr0306717,8.460904428,0.510516738,0.081923533,1.47E-04
FBtr0071285,8.466318309,0.470514607,0.081871146,1.46E-04
FBtr0345140,8.488288378,0.386395222,0.08165924,1.43E-04
FBtr0084802,8.494970496,0.257023359,0.081595007,1.42E-04
FBtr0070568,8.497033732,0.49240604,0.081575195,1.41E-04
FBtr0086008,8.498554947,0.23888179,0.081560593,1.41E-04
FBtr0340705,8.514242884,0.424331466,0.081410313,1.39E-04
FBtr0076648,8.528780246,0.61929397,0.081271549,1.37E-04
FBtr0074771,8.541287745,0.522996615,0.081152538,1.35E-04
FBtr0082353,8.54447398,0.453792374,0.081122276,1.35E-04
FBtr0339582,8.551277322,0.290681859,0.081057736,1.34E-04
FBtr0071366,8.569296222,0.474303682,0.080887294,1.32E-04
FBtr0333756,8.570231381,0.388233864,0.080878468,1.31E-04
FBtr0071040,8.570899112,0.440284704,0.080872167,1.31E-04
FBtr0302644,8.577233974,0.176079327,0.080812437,1.31E-04
FBtr0345925,8.589016252,0.258351219,0.08070158,1.29E-04
FBtr0085096,8.59070398,0.467516871,0.080685725,1.29E-04
FBtr0085915,8.63172808,0.230324332,0.080302249,1.24E-04
FBtr0071900,8.63460901,0.187530511,0.080275457,1.23E-04
FBtr0070990,8.644166955,0.348668041,0.080186695,1.22E-04
FBtr0333179,8.659816945,0.286966221,0.080041782,1.20E-04
FBtr0075542,8.663640577,0.478128357,0.080006456,1.20E-04
FBtr0085821,8.669903583,0.249362405,0.079948661,1.19E-04
FBtr0330107,8.669903583,0.249362405,0.079948661,1.19E-04
FBtr0346427,8.683688611,0.223614608,0.079821745,1.17E-04
FBtr0083142,8.691266306,0.319599224,0.079752151,1.17E-04
FBtr0076395,8.701411356,0.345374206,0.079659167,1.15E-04
FBtr0300103,8.729142189,0.141023637,0.079406105,1.12E-04
FBtr0074964,8.736472769,0.143138427,0.079339477,1.11E-04
FBtr0113430,8.746915815,0.503265659,0.079244753,1.10E-04
FBtr0332594,8.764929628,0.251240088,0.079081888,1.08E-04
FBtr0290320,8.765402043,0.405796311,0.079077626,1.08E-04
FBtr0343637,8.788573844,0.124724367,0.078869131,1.06E-04
FBtr0072603,8.794289352,0.410432859,0.078817873,1.05E-04
FBtr0300343,8.800534123,0.464720954,0.078761945,1.04E-04
FBtr0433531,8.8265803,0.259879609,0.078529528,1.02E-04
FBtr0072436,8.865330046,0.421373956,0.07818628,9.79E-05
FBtr0083906,8.867720341,0.164936246,0.078165205,9.77E-05
FBtr0330117,8.897148282,0.374668828,0.077906668,9.48E-05
FBtr0078426,8.897148282,0.374668828,0.077906668,9.48E-05
FBtr0088227,8.902711486,0.355262911,0.077857985,9.43E-05
FBtr0077192,8.911273615,0.184205951,0.077783178,9.35E-05
FBtr0340305,8.92603005,0.2699011,0.077654587,9.21E-05
FBtr0070642,8.938811021,0.368111859,0.077543555,9.10E-05
FBtr0344723,9.031366142,0.402472073,0.076748874,8.29E-05
FBtr0087006,9.070925264,0.188666378,0.076414165,7.97E-05
FBtr0077485,9.218936368,0.119628447,0.075187327,6.87E-05
FBtr0074415,9.225390075,0.293434066,0.075134729,6.83E-05
FBtr0346100,9.256423757,0.284505203,0.074882827,6.62E-05
FBtr0299563,9.2805971,0.371721537,0.074687779,6.46E-05
FBtr0339999,9.401144537,0.271320911,0.073730084,5.73E-05
FBtr0343741,9.408654645,0.355878582,0.073671232,5.69E-05
FBtr0332047,9.426422436,0.302422768,0.07353237,5.58E-05
FBtr0334315,9.439717864,0.260902397,0.073428803,5.51E-05
FBtr0082504,9.475417108,0.271770879,0.073152155,5.32E-05
FBtr0079834,9.542078016,0.224729426,0.072641114,4.97E-05
FBtr0078647,9.547576224,0.193808093,0.072599282,4.95E-05
FBtr0077235,9.802390057,0.136351274,0.070712059,3.83E-05
FBtr0070176,9.804715942,0.276568045,0.070695284,3.83E-05
FBtr0301231,9.939275417,0.152780994,0.0697382,3.34E-05