,Unnamed: 0,D,S,variance,lengthscale,variance_m,variancve_p,D_95_l,S_95_l,variance_95_l,lengthscale_95_l,variance_m_95_l,variancve_p_95_l,D_95_u,S_95_u,variance_95_u,lengthscale_95_u,variance_m_95_u,variancve_p_95_u,gene_id,tr_id
1,1,0.0099107429960192,0.4149422054492995,0.0057250203351791,15.056715645997429,1.575381257630503,0.0015806188602475,,0.2329932946393348,0.0027999539128369,1.784324605121118,0.6929315588993856,0.0008853740992745,,0.7389784934783318,0.011705856188542,127.05349990341875,3.581632377713409,0.0028218082993589,FBgn0000064,FBtr0310660
2,2,0.0033071061711672,0.5793716455800019,0.0009522695226836,15.40658241956636,0.4920981957930472,0.0011730649419313,,0.328019915580096,0.0004886759659002,2.406586597705302,0.2743571224181442,0.0006603168185053,,1.0233265962173417,0.0018556616390203,98.63047607645548,0.8826475222090217,0.0020839713898297,FBgn0000139,FBtr0084659
3,3,0.0180945834959666,0.3163172182811671,1.652257350247695,16.23963605930377,14.866056739553716,0.1396890984376569,,0.260530673271638,0.557894729408326,1.6763141758614897,0.6553590668049324,0.0760496421434116,,0.384049146016727,4.893314468739974,157.3247921757302,337.21917369827275,0.2565829854337569,FBgn0000163,FBtr0343763
4,4,0.1110425988326846,0.6133495903392558,0.6231687757181898,16.07889975440838,1.676246779096291,0.0225812544747214,0.0819456356369639,,0.2332285939140862,1.494495244879682,0.7300788487150041,0.0129010637061816,0.1504712076448219,,1.665058801379899,172.9888523888395,3.8486298697410057,0.0395248845572167,FBgn0000308,FBtr0079234
5,5,0.084757369775552,0.359894051260591,0.1930149530224137,16.146815000673485,1.0343754444097817,0.0305588010883122,,0.0955597129758111,0.0832654571040656,1.7571651837015372,0.5235537399560389,0.0173559428130111,,1.3554219042657338,0.4474216966548723,148.3751425786608,2.0435964416714354,0.0538052201494329,FBgn0000319,FBtr0074180
6,6,0.0029153854753657,1.1266210556676524,0.0028837743393599,15.043460660415644,1.217872465605417,0.0054344232777153,,0.6194908525829593,0.0013977586781749,2.0336662396074714,0.5865810851323602,0.0032110248339763,,2.048900315124056,0.0059496353485062,111.2796702988754,2.5285734233062342,0.0091973615553768,FBgn0000339,FBtr0337082
7,7,0.0067589519639841,0.4767907159484499,0.01372516146531,15.497027319162036,10.48550618354658,0.0101313901321853,,0.219609446024434,0.0062480204483323,1.9973998252905467,0.8578163077060792,0.005808041135633,,1.0351530452353244,0.0301503586306461,120.23524418598588,128.16944483044875,0.0176729233856148,FBgn0000376,FBtr0070496
8,8,0.0147441610981267,0.047029832358623,45.330795973261615,16.08408829203487,22.14917801306856,2.6797341642786345,,0.0377329638900285,0.0294329885090124,1.2506581544911617,0.4821293219486716,0.8466019732846529,,0.0586173176887566,69815.57659156037,206.84940585641172,1017.5404488400488,8.482114875472483,FBgn0000463,FBtr0083739
9,9,0.0275857952096534,0.7867851081643319,0.1146696680493232,14.104163463225944,2.291265578830609,0.0633579033755723,0.0110811020805421,0.4304507408691427,0.0533138396756555,0.2405867705728179,1.0124404888992156,0.034251610538717,0.0686733225466058,1.4380990614146607,0.2466363865468539,826.8427500139233,5.18538917624873,0.1171981070966222,FBgn0000565,FBtr0075553
10,10,0.0275857952096534,0.7867851081643319,0.1146696680493232,14.104163463225944,2.291265578830609,0.0633579033755723,0.0110811020805421,0.4304507408691427,0.0533138396756555,0.2405867705728179,1.0124404888992156,0.034251610538717,0.0686733225466058,1.4380990614146607,0.2466363865468539,826.8427500139233,5.18538917624873,0.1171981070966222,FBgn0000565,FBtr0330177
11,11,0.0154939256001511,0.0657261842419013,2.836039440700672,16.24034695817883,1.1646332749385069,0.1961465629827673,,0.0557290952212462,0.7915067711962281,0.9416362837646954,0.5466233853765354,0.1054433915896023,,0.0775166235491549,10.16178256700694,280.09633217143136,2.481362307907245,0.3648732612821849,FBgn0000578,FBtr0086584
12,12,0.1201776938731998,0.4675011895021156,0.6213784756667777,15.962454721886354,3.324973515847867,0.1588009666498198,0.0488978925973354,,0.2207616533998878,1.5911144187876192,1.0005163297484383,0.0913442369821885,0.2953640195419697,,1.7489958245717887,160.13930722997395,11.049743569772035,0.2760737605573787,FBgn0000662,FBtr0304697
13,13,0.0071138781864783,0.0986242627024192,0.2196241250903631,16.157793258677547,0.3272714342329963,0.0247628636663438,,0.080828378401213,0.1106555980504499,1.6008417139771358,0.183523445884305,0.0135945583354574,,0.1203382448836785,0.4358998294845993,163.08563220879088,0.583612579574402,0.0451062404402342,FBgn0000667,FBtr0070345
16,16,0.1019538416714542,0.998399046599046,8.463409076695358,15.989567555785012,56.56992253577987,0.758904701243465,0.0816255419952346,,0.0428688390090722,1.1328265197972411,0.1284333781824169,0.3983835463291465,0.1273447695106859,,1670.8941705729558,225.68881126368143,24916.857136303603,1.4456830631594189,FBgn0001168,FBtr0100153
17,17,0.0250483408409186,0.1783003858399061,0.918429567097775,16.513154363575705,2.9765807327222147,0.048597351515772,,0.1438362142112061,0.3525178208407379,1.5241698123323983,0.9784806281491184,0.0265695844934901,,0.2210224161210062,2.3928233406971287,178.9067496475327,9.05488836827832,0.0888874485382396,FBgn0001316,FBtr0110818
19,19,0.0038133012080256,0.6802450956806942,0.0014402598482858,14.814450172299331,0.4312792978509636,0.0026938549737032,,0.3801942224982261,0.0006948576514548,1.9527316924596156,0.2440696189020441,0.0015598473380757,,1.217097375012835,0.0029852854411855,112.39021456711396,0.7620851525542429,0.0046522851577885,FBgn0001989,FBtr0343722
21,21,0.0136222705325819,0.0863132909030661,8.462337065664423,16.312434345829733,12.470501320459322,0.6356338773927992,,0.0701291986941252,0.5194857140208755,1.423204198103136,0.8143151454609338,0.3123004103139405,,0.1062322730794499,137.8500826493186,186.9693151844696,190.97446983569375,1.2937236479556713,FBgn0001994,FBtr0343814
22,22,0.0185403875412316,0.3286405196964765,0.0472653866378737,15.489034116172244,1.8511641979514415,0.0280255552209702,,0.1853519806900936,0.021669668627289,1.939514342305268,0.7958554089025615,0.01602079977707,,0.5826999570452533,0.1030941825854386,123.6960060665472,4.305818430640027,0.0490257512966243,FBgn0002525,FBtr0346460
23,23,0.117821559608838,0.5957853616476525,0.751918306260224,15.673497630831752,2.132458133589608,0.0512430015463898,0.0817417719690673,,0.262627456506824,1.4096055884715712,0.8631783626315116,0.0291791548745332,0.1698265106598394,,2.1527876285644694,174.27465526016746,5.2681784998053,0.0899904475908955,FBgn0002590,FBtr0343293
25,25,0.0200512857688276,1.4857201820172494,0.0044086881220846,15.416959897621137,0.6439782606642533,0.0031524543873444,0.0020744337525217,0.6502403506476513,0.0019462421148617,1.6613352234815626,0.3440332150013968,0.0019054763151836,0.1938138831835145,3.3946900666112056,0.0099866973432497,143.06724442208645,1.2054301216423922,0.0052154774032596,FBgn0002774,FBtr0100576
26,26,0.0094800404196583,0.3703721571009088,0.0130131568239491,15.1624675019311,0.3581538543221549,0.0093770197645451,,0.2087200888759032,0.0062669596399444,1.7374944282649554,0.2072938817153617,0.0053347268731425,,0.6572224815271112,0.0270214362711604,132.31721322795437,0.6188035184846921,0.0164822870515346,FBgn0002780,FBtr0085874
27,27,0.0715309685222996,0.3228221278995924,0.2295353719940006,16.44566640846431,0.9006266157789073,0.0216813254132437,,0.1500830675920449,0.0999098863250302,1.6619165698525706,0.4581182078682332,0.0123573542245376,,0.6943763072920067,0.527340075485851,162.73978400882302,1.7705655158824627,0.038040495006734,FBgn0002781,FBtr0084083
28,28,0.2672224174082601,1.1615801349447077,2.389521900432939,15.697263140588186,8.089599619611118,0.2142301892110449,0.2010001781651912,,0.3970907502463789,1.1357751262201452,1.0319944999988655,0.120354515406642,0.3552624729856116,,14.379118398265213,216.94793662624056,63.412762379726125,0.3813282269828931,FBgn0002873,FBtr0308327
29,29,0.0168854525744886,2.673187168318433,0.0010235463828443,14.669260410957971,1.510521595663026,0.0025064803554532,0.0030340718213017,0.8809440365888177,0.0003887748760653,1.296590555243203,0.7341400182817702,0.0014867321557086,0.093972234488166,8.111672637608986,0.0026947399699197,165.96388129954863,3.107956839493041,0.004225672894845,FBgn0003016,FBtr0301496
30,30,0.0869646151740092,0.3370604513979706,0.5294840233766737,15.97852112298244,4.402560984410665,0.1397677210705031,,0.0959522092429545,0.2015329417180152,1.540021922008424,1.2169107676120627,0.0763269155872017,,1.184024305359553,1.3911042463887622,165.78539151223808,15.92766186093436,0.2559387563738724,FBgn0003053,FBtr0070680
31,31,0.0018536862747504,0.0854417730760592,0.1128172986790765,15.965855333819118,0.7769510280020158,0.0182306949857668,,0.0595165024607299,0.0589464634423783,2.1529207902789134,0.3983283391323656,0.0101524106358219,,0.1226600402333398,0.21592038161349,118.40126106423853,1.515465611179609,0.0327368791104022,FBgn0003256,FBtr0329919
32,32,0.1404884348392149,0.3556273560391791,1.3262520357077652,16.43663650055673,1.1867737584553888,0.0360040778664411,0.0686710724345163,,0.4068445412872103,1.457604610944576,0.5783029975035232,0.02011973045274,0.287413602611103,,4.3233822350273865,185.34725907347345,2.435456775839639,0.0644289756295528,FBgn0003261,FBtr0078653
33,33,0.0452983502311142,0.1226383658853349,1.296150245846175,16.593191515789027,1.1313438153516346,0.0358668296550411,,0.0935254828053556,0.427637906227285,1.410835343816815,0.5465624918402439,0.0199251343400007,,0.1608135915034702,3.928570024646493,195.15672462158184,2.3417977772768754,0.0645631516230817,FBgn0003261,FBtr0309319
34,34,0.0020638915070579,0.5917118997168545,0.1007848261917409,15.694655402055751,26.444126183567423,0.0083714482870524,,0.4490884622828095,0.0417591898633793,3.64090431618046,1.2919865276527185,0.0042643854516031,,0.7796302993107,0.2432418163218992,67.654128424799,541.253174584498,0.0164340553212531,FBgn0003300,FBtr0077279
35,35,0.0035369076085707,0.3088572824549453,0.0961531071169411,15.938890207511283,11.354249236811492,0.0081287823525528,,0.2318883221171874,0.0432203540672565,2.7839344593397986,1.3331340561728866,0.0043773905233591,,0.4113739754313544,0.2139135647490272,91.25510128113642,96.7036849255283,0.0150950896847257,FBgn0003300,FBtr0304593
37,37,0.1372831422374546,0.5188995475603555,0.9961429943911628,16.47584120315074,1.7778447561412185,0.0537852306081973,0.0957077463295032,,0.348745207922593,1.2139777041424071,0.8121867350110655,0.0295377550165736,0.1969188687998544,,2.845346237688925,223.60653117859604,3.891632109573626,0.0979374035011726,FBgn0003371,FBtr0070474
38,38,0.0,0.0,0.0,0.0,0.0,0.0,0.0,0.0,0.0,0.0,0.0,0.0,0.0,0.0,0.0,0.0,0.0,0.0,FBgn0003448,FBtr0080739
40,40,0.0096467011404448,0.0987187366821772,0.6998643704689291,16.068609580176354,1.0711930595117436,0.0676472222454705,,0.082993293845289,0.3158365128568902,1.7141879794649453,0.5345023450549794,0.0360626247218984,,0.1174238124623875,1.550834425764478,150.62537885764905,2.146771817489597,0.1268944430090051,FBgn0003502,FBtr0079618
41,41,0.0143900856957053,0.3065219186280303,0.0345122617170457,16.01684018830633,1.5115123893756393,0.0099766439342972,,0.2062819166288688,0.0169179613467797,2.1657530480273093,0.6829563445940511,0.0055920724461061,,0.455472239810767,0.0704042398732977,118.45264161184728,3.3452646297532542,0.0177990226612779,FBgn0003514,FBtr0345294
42,42,0.0337498772892155,0.1733426664147217,0.2291330352582813,16.19095268748132,0.6432096699070975,0.0410818084276279,,0.1221994707803746,0.1065733483594142,1.8003422926954915,0.3408101867795241,0.0232631773475876,,0.2458904265941483,0.4926367488202787,145.60950436584446,1.2139269761019171,0.0725487734743738,FBgn0003557,FBtr0077823
44,44,0.0040500225429395,0.0884650122101638,0.5151023722737433,16.144460126246187,2.3096545246277844,0.058798724193783,,0.067974588419532,0.2417091880055507,1.8499828370768048,0.8134607929681,0.0326361340800499,,0.1151321187418277,1.097725974388466,140.88973559333192,6.557788733332093,0.1059344209806385,FBgn0003660,FBtr0339455
47,47,0.0642029385180319,0.1164464985450752,3.2061360777681505,16.433926736858375,2.5473462622359047,0.1963994804409649,,0.0753394434610133,0.543638943433646,1.4359620533145605,0.923306671417974,0.1068186130827427,,0.1799825748702951,18.908337368625585,188.07874997046767,7.027971507843383,0.361105193226972,FBgn0003862,FBtr0082950
48,48,0.1023320529251536,0.4396835787610743,0.3677304036830467,15.379166735000888,1.190700150676869,0.0378396599869183,,0.1912086890145663,0.1528474087134502,1.0157846753753172,0.5759912542936739,0.0214578206961211,,1.0110505460210473,0.8847101231948918,232.8434117945004,2.461438152495035,0.0667281122441484,FBgn0003997,FBtr0332862
49,49,0.0427524875690859,9.090286789756728,4.433483456040634,15.417889558236457,8697.469024140595,0.3699007134810015,,,,,,,,,,,,,FBgn0004108,FBtr0075323
50,50,0.0327948527910028,0.2366629500902205,1.7236949672950728,16.160124923113102,5.614701894363033,0.1672230945475867,,0.1827447354777739,0.533647490657612,1.5946567527684234,1.1655002907893728,0.0898859371318695,,0.3064895511160609,5.567578583789564,163.7654229207942,27.04836507695128,0.311100537440539,FBgn0004368,FBtr0301794
51,51,0.2683026792457539,0.3906951948751254,4.406758312133208,15.734437607397048,2.884192153383441,0.2521577081868853,0.1157231274329227,,0.4155102846901288,1.5492291800450948,1.1006313031265176,0.1335537220859643,0.6220565351742308,,46.73655391234764,159.80368173407643,7.55799362966364,0.4760893878879368,FBgn0004373,FBtr0072517
52,52,0.0,0.0,0.0,0.0,0.0,0.0,0.0,0.0,0.0,0.0,0.0,0.0,0.0,0.0,0.0,0.0,0.0,0.0,FBgn0004389,FBtr0085754
53,53,0.0064203769479595,0.0348676012758412,0.9434543282745044,16.284454447354545,1.2040081917736436,0.0666171885927751,,0.0255479448297885,0.4117282836850964,1.9514752674579028,0.5525069326284532,0.0365492698642845,,0.047586983095153,2.161877395386028,135.88870997755842,2.623742147382035,0.1214210251664144,FBgn0004395,FBtr0305572
55,55,0.0060007735423772,0.0733170516658757,0.4167268061772534,15.999804774712093,1.6848484184188548,0.0462389479317075,,0.055735262477691,0.1728386417631806,2.595330703904463,0.8194020695283482,0.0238120276682518,,0.0964450480004161,1.0047592900240483,98.63627492395408,3.464372740335516,0.0897882505269288,FBgn0004436,FBtr0078849
56,56,0.0,0.0,0.0,0.0,0.0,0.0,0.0,0.0,0.0,0.0,0.0,0.0,0.0,0.0,0.0,0.0,0.0,0.0,FBgn0004574,FBtr0310632
57,57,0.0169385464433196,0.4132940118739657,0.1048121235850759,16.17535084721852,1.1565926908593855,0.007816356469423,,0.3348331307002966,0.0522141159603212,1.305657632975875,0.5749792884050844,0.0042378434665232,,0.5101404986227859,0.2103948529696725,200.3909512130485,2.326530154259945,0.014416631699522,FBgn0004583,FBtr0078059
60,60,0.0041507296591102,0.0663028995350182,1.7339669896089531,16.395222286629966,8.994699631947329,0.0866369003105174,,0.050809832404771,0.480044688229104,2.11247690522568,1.22670978751487,0.0460028853003681,,0.0865201532595082,6.263253390314776,127.24556333045032,65.95253603776493,0.1631626461341646,FBgn0004638,FBtr0087698
61,61,0.0053368029309936,0.5420738118150737,1.0184609968971965,16.670723878800384,88.60630172385896,0.0402350500125125,,0.4421527512636304,0.3690144339258662,2.2044904989623437,0.0854935089761327,0.02134477810868,,0.6645757978796825,2.810900351960796,126.06678721183847,91832.43031200553,0.0758433393529194,FBgn0004646,FBtr0071036
62,62,0.048149094591971,0.2229685112714062,0.1848929842480912,16.128364245906916,0.68638925153746,0.0222330240746308,,0.131404729268292,0.0827133488524525,1.8074420202199704,0.3715953693213281,0.0124400023071521,,0.3783346101424024,0.413299861490873,143.9183831838715,1.2678581153651465,0.0397353109186259,FBgn0004654,FBtr0070384
63,63,0.0089341532746453,0.0470834574814186,1.0202736725564243,16.205105976511625,1.070174262092258,0.1188322844011851,,0.03687113333091,0.4147795984483121,1.875246033765003,0.513916763890955,0.0648564845577521,,0.0601243240479974,2.5096662680758466,140.03786968834686,2.228518374402975,0.2177286035821116,FBgn0004656,FBtr0071118
64,64,0.1465990528313834,0.4427388793320042,1.3249987587838967,16.527279928545138,2.038588080893576,0.1112874724109306,0.0129714019821757,0.0654709698810605,0.3841013734577967,1.761241213523073,0.8069388208273888,0.0636305375336209,1.6568203129153114,2.993963822870801,4.570724897373392,155.0900465757881,5.150131901325791,0.1946377006334381,FBgn0004687,FBtr0308579
65,65,0.0353334815668083,0.0221635527627927,7.459365902734555,15.698353387802296,0.4086846076796672,0.2881037061732638,,0.0141558196159331,0.6912696644331398,1.3098319576888304,0.2275305473032035,0.1507784189457393,,0.0347011394886806,80.49266810587876,188.14497359123743,0.7340689438579481,0.5505014980999432,FBgn0004795,FBtr0340031
67,67,0.07640457140043,0.7409272100884713,1.3373878319430237,15.69594933604205,4.004205286587499,0.372859265462688,0.0539814391493483,,0.3756175268418407,0.6656671673799819,1.036131571891146,0.2160352797951286,0.1081419581040178,,4.761775170790634,370.09910903261954,15.474540504417464,0.6435246686245647,FBgn0004956,FBtr0343592
69,69,0.0113446514178211,0.1263515309183308,0.1089757450921981,16.225386958004425,0.3424097865166265,0.0063139649027609,,0.1033308210418462,0.0552946224671083,1.5366037088251483,0.1898852059617576,0.0035035143623032,,0.1545009437110794,0.2147715725062401,171.3279620665923,0.6174491651865415,0.0113789037722363,FBgn0005536,FBtr0308214
70,70,0.0128158283939828,0.0549159298640732,3.5235813535927405,16.12949966606596,1.2017040764019622,0.3507059228090443,,0.0460968242800537,0.7885425914423269,1.645486159032869,0.5880120402508471,0.1782100558414991,,0.0654222801665046,15.745028474209583,158.10571122064667,2.45588965597548,0.6901666895987921,FBgn0005585,FBtr0334618
71,71,0.0,0.0,0.0,0.0,0.0,0.0,0.0,0.0,0.0,0.0,0.0,0.0,0.0,0.0,0.0,0.0,0.0,0.0,FBgn0005590,FBtr0343860
73,73,0.0041878852449404,0.0559855944045752,25.606478311321236,15.913844499160533,6.928352152747149,1.8993592194897733,,0.0483295570139176,0.3490320955835187,1.5890397691887137,1.864245087558728,0.1396635462476429,,0.0648544487989199,1878.600105276755,159.37325902973424,25.74879444383349,25.83040128641788,FBgn0005672,FBtr0081267
74,74,0.0962776552818578,0.249151616800684,25.47569766850287,16.27190502433007,15.081321762211148,1.7963625484206422,,0.1589775373422815,0.0591245669435568,1.1345666250498578,0.6802334774613144,0.739497279209848,,0.3904735800551685,10977.013536801713,233.37095175806252,334.36499912381737,4.363665014178637,FBgn0005672,FBtr0100597
75,75,0.0,0.0,0.0,0.0,0.0,0.0,0.0,0.0,0.0,0.0,0.0,0.0,0.0,0.0,0.0,0.0,0.0,0.0,FBgn0010194,FBtr0343046
76,76,0.005662040791033,0.7902665033472424,0.0035917829425621,15.64212477954853,1.4794317039238891,0.0010285566226058,,0.4811643761600345,0.00176142897517,2.137329432898371,0.7020671154040982,0.000576664614125,,1.2979372066085006,0.0073241129153304,114.47747074121745,3.1175340911892064,0.0018345650140357,FBgn0010225,FBtr0078968
77,77,0.0987653673736261,0.2645640369224387,3.3927172570098514,15.905206325701446,1.8932899090941315,0.1781568013231426,,0.1488490791224593,0.5620396598463051,1.188845402305939,0.7919432937933865,0.0983763866070291,,0.47023555701754,20.47992554326168,212.7909884434513,4.5262668526527765,0.3226368334149192,FBgn0010300,FBtr0344846
78,78,0.002931943492013,0.0904481871418598,0.0319083865621728,16.262174338695434,0.5494454544986953,0.0031312157706681,,0.0620801706599577,0.0176350337179827,2.4389847543849568,0.2807637488170714,0.0017353363836497,,0.1317791892367596,0.0577342322834822,108.42967088935872,1.0752467465661717,0.0056499202660987,FBgn0010303,FBtr0330397
79,79,0.0597170884646703,0.4301308502696348,0.2179038476516416,16.416254975249966,0.8720806885444867,0.0214999399918462,,0.2240537016920212,0.0974140913226524,1.5498612969018777,0.4440180879090791,0.0124072300761541,,0.8257509113060437,0.4874252397850832,173.8822873705717,1.7128237520989404,0.0372562946617227,FBgn0010348,FBtr0112858
80,80,0.0063405238766066,0.527728221248673,0.009511505708786,15.474430160371584,3.749487421724264,0.0031909957639074,,0.3005125974342123,0.0045608090094457,1.9364708380923603,1.0545080587475562,0.001803573387512,,0.9267401030110112,0.0198361169391007,123.65690413603672,13.331956839064835,0.005645710917991,FBgn0010355,FBtr0081685
82,82,0.1222761809513343,0.2398984462617722,1.3398973842137758,16.109281560886455,0.5698697442923797,0.1853016525148583,,0.1249971175398747,0.443197312114495,1.0244505138003128,0.3111205236136555,0.1033153301322883,,0.4604207333057358,4.050848123733921,253.31526404846937,1.0438126089782926,0.3323485718989762,FBgn0010762,FBtr0331573
83,83,0.004554376319165,0.0496570633710678,0.5421949157137839,16.426989328399035,0.7064936181235686,0.0467534892252693,,0.0380469138065768,0.2544315735460767,2.045777125853135,0.3660840071953525,0.0257714009536775,,0.0648100909097125,1.1554199918220416,131.9038985162198,1.3634390539846215,0.0848183906907649,FBgn0010909,FBtr0072958
85,85,0.0068736472554985,0.7430063996711255,0.1697678273806788,16.260950807270135,25.10889006511268,0.0144484511242193,,0.5780105209441069,0.080411659203281,2.1489021087848585,0.5123456896229241,0.0079104130275658,,0.9551011442672892,0.3584196060511083,123.04819287742248,1230.529256069114,0.0263902452579261,FBgn0011289,FBtr0085156
88,88,0.0107397184247454,0.1752595379756181,0.1190353603223229,15.693242040149237,0.587627171162981,0.0366847148897359,,0.1322805424431337,0.0605480706139142,2.209111204399053,0.3222635552627254,0.0199561432414222,,0.2322027494303,0.2340192984416758,111.4827742669942,1.0715009086506753,0.0674362921863506,FBgn0011760,FBtr0070707
91,91,0.0965423394483455,0.2231054483072958,0.8750248988429444,15.698885033102046,0.7986932719380925,0.1584904389028364,0.026517237288468,0.0849570782610589,0.3309419425946196,1.2856804482956603,0.4348067928968971,0.0855056416408938,0.3514854584875208,0.5858963382832679,2.313603913702153,191.69226039741375,1.4671135618399578,0.2937726533777651,FBgn0013718,FBtr0306622
92,92,0.0035689588421469,1.875432324872028,0.001870807276248,14.828711720577298,7.117404227621253,0.00539884642716,,0.8074532263590803,0.0007854415112443,1.883941549322396,1.2099094339141714,0.0032113955838648,,4.355975417962793,0.0044559904394638,116.71842545809098,41.86878911711538,0.0090762853665571,FBgn0013764,FBtr0072192
94,94,0.0,0.0,0.0,0.0,0.0,0.0,0.0,0.0,0.0,0.0,0.0,0.0,0.0,0.0,0.0,0.0,0.0,0.0,FBgn0014037,FBtr0344257
95,95,0.0081946613955697,0.2440448941609939,0.0215106633441927,15.9443392369778,1.193566033254542,0.0042567077412786,,0.1655884318628134,0.0108453657987172,2.2440120829528287,0.5806512914971708,0.0023589897715213,,0.3596743425615216,0.0426641798990243,113.28903067638866,2.4534516612642783,0.0076810679780846,FBgn0014189,FBtr0079123
97,97,0.0105399762516665,2.819555601598145,0.0001864876040777,14.949204844902594,0.9051227718490228,0.0005313742967657,0.0037317805574748,0.7465262034961528,6.036978515503477e-05,1.593984950910582,0.4856838047331775,0.0003217922675271,0.0297689260326885,10.649182511306782,0.0005760766977278,140.20127691117438,1.6867913324178725,0.0008774562715041,FBgn0014931,FBtr0304703
98,98,0.1462856137248984,1.401247986976296,0.6778848682551607,16.46687363674378,5.627236047779553,0.1020347646074688,0.1145831478089599,,0.1961216935836092,1.4417758935239031,1.0956021215591327,0.0604692720575526,0.1867594074003686,,2.343075292756504,188.07217445267392,28.902632547266887,0.1721716308837425,FBgn0015024,FBtr0073682
99,99,0.0276939270739358,0.8793533691148452,0.0973582770111323,16.65658645826302,3.898455915223552,0.0091877686957783,,0.6209223664422252,0.0463702406029948,1.865262446741278,0.9935982740607788,0.0052938404073506,,1.2453446510620725,0.2044120103608906,148.7414668784536,15.295878545388687,0.0159459082842604,FBgn0015278,FBtr0332055
101,101,0.0030526727433335,0.3180905557984539,2.273217946772734,16.36053074895005,23.11013968349684,0.0901442443561494,,0.2786042816519467,0.6263578376329656,2.311165087486353,1.3932486852896917,0.0397446705695037,,0.3631731755457116,8.250108042166332,115.81473250725568,383.3332568906656,0.2044547023312423,FBgn0015513,FBtr0084459
102,102,0.0351156451708526,0.3985321071144959,0.1527919820864118,16.2062028702652,0.7750580945495281,0.0147334584291013,,0.3018787765084744,0.0730263791231724,1.6124448144425954,0.4100781571970578,0.0082432289181866,,0.5261311915932632,0.3196843396893348,162.88372111698234,1.464879412336218,0.0263337096951338,FBgn0015772,FBtr0081189
103,103,0.1626336184884468,0.1458340317588909,6.538787447251393,16.260617636862392,1.486016625124152,0.2206876864943127,,0.0759415992373289,0.3931594392875905,1.1908539486973182,0.6733731341068813,0.1198642916725753,,0.2800515795379664,108.74911551864628,222.03200167533336,3.2793785470432364,0.4063182978901729,FBgn0015778,FBtr0346346
104,104,0.0033951199683843,0.196015585395245,0.0458422793841395,14.83123298388059,1.1565769775285324,0.0218385118225425,,0.134888471748183,0.022778429300399,1.907918302082211,0.5870868074854318,0.0117554867263701,,0.2848435394061624,0.0922589767458937,115.29082329263665,2.278488100726448,0.0405700427149044,FBgn0016122,FBtr0333416
105,105,0.0090193009159008,0.1919671473046675,0.0522387668744374,15.825963611923902,0.7516708723777881,0.0055371451757208,,0.1432562641105797,0.0259079610177376,1.6383297944918689,0.3896448581930157,0.003097981056547,,0.2572410070378932,0.105330124693854,152.87588926722808,1.4500617382747552,0.009896760547394,FBgn0016131,FBtr0087104
106,106,0.0168919200506699,0.8423317665694658,0.7973969526202984,16.400844895182516,20.65662472933354,0.0645736493388704,,0.6634647373513709,0.3353545300185121,1.1600234508920964,0.6942651821500907,0.0351730600694584,,1.0694205208321024,1.8960289578108245,231.881271942368,614.6011008172206,0.1185497133517846,FBgn0016797,FBtr0330195
107,107,0.3281355817687583,0.6215250278537354,1.248202108030861,16.450589769341175,0.6366155251844386,0.1220786330246843,0.1931232581783808,,0.3623178722132052,1.8583588020593225,0.3426243752316857,0.0700210348190175,0.5575349185713715,,4.300114959760743,145.6241407521871,1.1828677589906005,0.2128387945093305,FBgn0016917,FBtr0100457
108,108,0.0053328392822917,0.0395343767879831,1.2013521409403327,16.24641014402061,1.6545280959924056,0.0912020373525144,,0.0286849377058194,0.4617096478359013,1.8840849848893484,0.6869353988242526,0.0503243790530697,,0.0544873746648272,3.1258756954866,140.09232316197097,3.985037348655568,0.1652839393900493,FBgn0016930,FBtr0100448
111,111,0.0066388909255094,0.6592564468313964,0.0051736589261599,15.376979166525151,0.4778353074132893,0.0043487260203099,,0.4036004015809803,0.0025581386921662,2.0789705357184043,0.2761266359889217,0.0024198967629097,,1.0768548816757155,0.0104633680598329,113.73489148851309,0.8268908220064408,0.0078149689232946,FBgn0019960,FBtr0290271
112,112,0.120190550209913,1.0132295673627296,0.0863774374966587,15.880977716263857,1.3011925592622011,0.008934339294647,0.0793237996497031,,0.0376796204055803,1.3408572060679371,0.645864924124682,0.0050389949182162,0.1821114019191551,,0.1980131866557821,188.09270076122527,2.621449180839041,0.0158409404905949,FBgn0020249,FBtr0081845
113,113,0.1461844528765324,0.9715755816430608,0.83372029281613,16.860421013271377,1.7364994744293971,0.0545491033726448,0.1159615751094171,,0.2598917413198423,1.928459403494168,0.7337012856312789,0.0322027831231652,0.1842842703942861,,2.674534877958989,147.40979054559742,4.109888429729392,0.0924020966566388,FBgn0020279,FBtr0088776
114,114,0.1056446271503491,1.713531771138304,0.8771674297106481,16.55700756602972,21.32157204134751,0.0560128310985193,0.0845607282709495,,0.2453095866587508,1.9770018283308128,0.586888394308169,0.0326268217541045,0.1319854674143166,,3.1365374269515423,138.66173293983135,774.6096851178507,0.0961612893623806,FBgn0020279,FBtr0301916
115,115,0.1076818546314784,0.7941998139757208,0.527283591083174,15.738758384536943,2.226408919560184,0.0319400972168402,0.0820978487742797,,0.1977148921097465,0.9926851606640872,0.9294477617430872,0.0179376185187008,0.1412385585005432,,1.4062065960678445,249.53381525429444,5.333163283755695,0.0568732024910456,FBgn0020306,FBtr0342890
116,116,0.0037632733139315,1.267826244784093,0.0005194830543004,14.855126944063668,0.3400560753584311,0.0004075474671752,,0.6331929594319251,0.0002460523769445,1.6522048064783514,0.1957044054795248,0.0002354260224951,,2.5385364177223537,0.0010967690987442,133.56382674773306,0.5908816109930513,0.0007055079818305,FBgn0020370,FBtr0087774
117,117,0.0199966528627499,0.924732232779793,0.007320962702143,15.236939334494046,2.440362899883889,0.0032003538375538,,0.3461595222993946,0.0031700064498902,1.7533498598541144,0.9430965270795724,0.0018531473914211,,2.470334187722551,0.0169073772351551,132.41186234353071,6.314699410007719,0.0055269563192656,FBgn0020385,FBtr0082265
118,118,0.0033727491317751,1.2717567340995075,0.0009169823542253,15.250252022793108,1.295291436063542,0.0013678493890342,,0.6453323361357495,0.000424286033699,2.045094999475069,0.6129852841048605,0.0008062464687448,,2.5062515856748018,0.0019818154998643,113.72096984169484,2.737063919551686,0.0023206451421662,FBgn0020510,FBtr0112896
119,119,0.0112036168388996,0.1037240151991896,0.3153819964778569,16.37993493972673,0.6365735338512337,0.0229323798771632,,0.0834337110254263,0.1481332820214113,1.984063816142932,0.3535951835688292,0.0120766591501685,,0.1289487330338575,0.6714615537106784,135.22864861840313,1.1460163566423929,0.0435463185878836,FBgn0020647,FBtr0084507
120,120,0.134330807461273,0.8232234182894411,1.000897279338984,16.588947757156173,5.563294736377197,0.0931557924181848,0.0898423986571799,,0.3073255703870772,1.800718725228521,1.0584885668280457,0.0538641315911538,0.2008491102519725,,3.259720180544744,152.8240828698737,29.2400402741716,0.1611090981087151,FBgn0021764,FBtr0302259
122,122,0.0165579209899104,0.0905953054045807,0.821526720236303,16.06225288536092,0.4227392692614033,0.0779790196655587,,0.0742062094343822,0.3568860075996396,1.1410694244401929,0.2471048170512227,0.0390345775422898,,0.1106040777976518,1.8910972626848883,226.10014976070164,0.7232092514757436,0.1557779766263326,FBgn0022023,FBtr0079030
123,123,0.1313164604715836,0.3831897805830017,4.323698867293041,16.892405298138833,4.963650025918676,0.1899120936748964,0.0684952273903501,,0.4204911125797078,1.5920016602597409,1.0302907920271425,0.1063980135639582,0.251754953560668,,44.45842334298432,179.24187133701386,23.91346382056514,0.3389781643085112,FBgn0022238,FBtr0300483
124,124,0.0067872315049077,2.384560159981023,0.0009368484420529,14.802319877080446,1.0068408432661078,0.0013477339307845,,1.0156297654112043,0.0003971710636688,1.7203407537206432,0.5267530288965987,0.0008034340105477,,5.598622007958327,0.0022098412590017,127.36353148033992,1.924485343334972,0.0022607790115203,FBgn0022343,FBtr0309242
125,125,0.0079694439181687,0.0584210689047762,3.488951813190533,16.24662796458826,3.796263302594331,0.2699510790769278,,0.0476345342756236,0.6552406618223864,1.7762392160799316,1.153335460915515,0.1373199506580792,,0.0716501450865067,18.57757838304781,148.60212398770915,12.495596945562143,0.530684614621293,FBgn0022349,FBtr0085841
126,126,0.1613732823721622,0.3761838069294684,1.661989631566756,16.586392147502924,8.7131591916923,0.1201617171694885,0.0323422687386734,,0.4379526327831749,1.6906419693314263,1.0242155756726086,0.0664968947881089,0.8051796388800193,,6.307096541198184,162.72422515308773,74.12418332919361,0.2171355266908215,FBgn0023177,FBtr0345017
127,127,0.0,0.0,0.0,0.0,0.0,0.0,0.0,0.0,0.0,0.0,0.0,0.0,0.0,0.0,0.0,0.0,0.0,0.0,FBgn0023510,FBtr0344155
128,128,0.0608934243996911,0.3247728802198885,3.883916870771166,16.45954073431936,13.65221778547629,0.3237321801284487,,0.2021441280630416,0.5250062506894952,1.424631444390762,0.6718191773563871,0.1773051501216918,,0.5217931618247519,28.73262982916846,190.1660125862059,277.43038118604125,0.5910856192208068,FBgn0024555,FBtr0344783
129,129,0.0556461952306244,0.8821356562552184,0.6477397224147612,15.703349815579635,34.64002890613381,0.2025051165443988,,0.2835220869468267,0.2383769297517407,1.5241831694109564,0.293266961984501,0.1141014516855851,,2.7446303193400445,1.760097960951643,161.78842568230522,4091.6017082115154,0.3594022829758728,FBgn0024804,FBtr0331780
130,130,0.1026358839287308,1.250092138792298,0.6585431761285502,15.716890734215722,21.03371915433041,0.2085626156706742,0.0606327430416482,,0.2136861797260395,1.2751722747386065,0.6438123756426574,0.1192000121425828,0.1737365677583826,,2.029514100450882,193.71551534235795,687.1836550541954,0.3649191293987633,FBgn0024804,FBtr0331782
131,131,0.0523708904753491,0.4130281364457641,0.5547302995728535,16.26386178633169,2.2065532009788127,0.0244745536083369,,0.2891749189393497,0.2302289748231871,1.37576109090111,0.8584812918554993,0.0137813527844831,,0.589927515572815,1.3366071994218671,192.2668128603977,5.671500444961799,0.0434648023089426,FBgn0024807,FBtr0300373
132,132,0.0054605549016159,0.4072203226739075,0.0120561968070632,15.173436453687422,0.8397585340467766,0.0105575171817888,,0.2553890193064699,0.0059779591509776,1.9626762120499568,0.4251713597217874,0.0061575368430053,,0.6493168408295785,0.0243146327667478,117.30573407909128,1.6586121792536497,0.0181015837802711,FBgn0024811,FBtr0304871
133,133,0.0764437266026286,0.4233649281595397,0.1286337725525797,16.356512103051692,0.398243545038056,0.0082880723050037,0.030052635255763,,0.0583861911843685,1.5292275708642655,0.2255294467522006,0.0046905987365885,0.1944469523941938,,0.2834000147202402,174.94811974000368,0.7032248934603064,0.0146446426971347,FBgn0024947,FBtr0077682
134,134,0.0,0.0,0.0,0.0,0.0,0.0,0.0,0.0,0.0,0.0,0.0,0.0,0.0,0.0,0.0,0.0,0.0,0.0,FBgn0025381,FBtr0339589
135,135,0.0800034390460492,0.2234927492197391,1.2281186766438852,16.13442402443382,0.8403538839833193,0.2315097462551959,,0.1531414183467035,0.4207182633316553,1.3966715062942658,0.4199340744144104,0.1317363943235781,,0.3261626377308029,3.585001211921583,186.3857302358256,1.6816798001224935,0.4068485621330878,FBgn0025382,FBtr0070294
137,137,0.0719274144616596,0.7637411413209856,0.6749212005588274,16.283836810196778,5.766367849207961,0.0971928105050794,0.052133898219299,,0.2401339210917872,1.375852509122297,1.1291584695396006,0.05644147328707,0.099235873929416,,1.8969357802209648,192.72657461683613,29.447592228517667,0.1673670417111584,FBgn0025455,FBtr0333125
138,138,0.2165476040056707,0.7049714906812344,0.9576895341364936,16.500012638858635,1.3958302270537113,0.0866223042852544,0.14522738517382,,0.2921581370380328,1.996361455224768,0.6454011222012408,0.0501216830077888,0.3228927157537924,,3.13929043049442,136.373308736239,3.01880792539017,0.1497041429858048,FBgn0025571,FBtr0331706
141,141,0.0166424935341872,0.5060421127833268,0.0051387169285543,15.288652551742992,0.132910507649983,0.0235075789005686,,0.2682910092466309,0.0023385238837849,1.7403551402208637,0.0775526227929257,0.0143854413941181,,0.9544808103308776,0.0112919144657493,134.30758553007396,0.2277834379753255,0.038414272501392,FBgn0025726,FBtr0334487
142,142,0.0253800777968106,0.8476283696118293,0.0150752136388963,15.846390778199307,0.4808820013087829,0.0038755292380897,,0.5595147007390731,0.007357610796532,1.713799242688926,0.2599917543393493,0.002285683196821,,1.2841018332883174,0.0308880250047317,146.5213045032131,0.889441666218802,0.0065712198856682,FBgn0025726,FBtr0344971
143,143,0.0487337451212172,0.9825271480162642,0.0171246391799481,15.863206319794056,0.7170440038457259,0.0035332554029939,0.0237449465902365,,0.007216347529142,1.5764183871468231,0.3958155967519786,0.0020408399734094,0.1000203518889493,,0.0406373537110233,159.6285077591631,1.2989687815997848,0.0061170370560364,FBgn0026083,FBtr0300931
145,145,0.0164592763347292,0.1265653653718731,0.3574801179033429,16.184787661887793,1.3423573066594705,0.0291210096085706,,0.0993723244264988,0.1564058234435859,2.3595142918640377,0.665929746963758,0.015297589035416,,0.1611997284371073,0.8170541983833568,111.01748888049944,2.7058757278192807,0.0554357421067561,FBgn0026179,FBtr0301602
146,146,0.0030200611636214,0.2655024456146836,0.1165349224881654,16.090418483086665,1.8505495440494348,0.0082966389703496,,0.2248686759545971,0.0556558067664335,3.1044585109416145,0.935715686556112,0.0036003316163104,,0.3134787374370046,0.2440066715107463,83.39669093607228,3.659801437748166,0.0191188550222669,FBgn0026181,FBtr0074286
147,147,0.0197011050523402,0.1345743314789247,1.2130293424707788,15.79198734770433,1.7933674391612715,0.0643398882512634,,0.1118473160323039,0.4270119531343964,1.7520614327994188,0.7933777821156862,0.0345851898423618,,0.161919403481876,3.4458992889877567,142.33910964616513,4.053764605390592,0.1196934652969472,FBgn0026239,FBtr0343991
148,148,0.0155366150446228,0.4618159344212839,0.1292226595574072,15.476551094359738,2.919054778037066,0.0254619065883889,,0.3383980515841933,0.0626754877606003,1.7349573675359675,0.9815850178988448,0.0143302433739389,,0.6302458193449176,0.2664278546482527,138.0573599433774,8.680736402660871,0.0452405915376749,FBgn0026257,FBtr0084558
149,149,0.0108135390286056,0.0387007118149903,1.479900836776571,15.554904550651942,1.5197228662524054,0.1477026543755214,,0.027712567317121,0.5216844772412484,1.844982113676996,0.6687450181275044,0.0800860608250491,,0.0540456998389179,4.19814386326699,131.14222289000034,3.453569787595907,0.2724078807825589,FBgn0026533,FBtr0100438
150,150,0.0519803886759853,0.4116095415300611,0.1984845190119374,15.623833425495132,2.15518131025144,0.0276268241446561,,0.184071666618443,0.0865230148128114,1.2790334809281618,0.9027879164170796,0.0152935219019734,,0.9204154978928832,0.4553251452533385,190.85049339793576,5.1449586282579975,0.0499061901641679,FBgn0026666,FBtr0332613
151,151,0.179668781793382,0.4505007396367131,2.370066904773597,16.274092280508846,1.712618187864443,0.0629396949978892,0.1161823923518632,,0.522097447312678,1.4097172418297093,0.8007805585051343,0.0339988237141573,0.2778465006414566,,10.758943875354774,187.8717743501292,3.662752580906075,0.1165159488967192,FBgn0027066,FBtr0086129
152,152,0.0105397685074373,0.5013761849568142,0.0189015435376772,14.980927541621432,1.028308972760651,0.0046598533075989,,0.3253719493490943,0.0090408090267417,1.1943817764087634,0.503697618928623,0.0027010958110575,,0.7725868174706846,0.0395172984021615,187.90322695823156,2.099313762310852,0.0080390457678135,FBgn0027081,FBtr0080333
154,154,0.0142540542544732,0.1100487191998773,1.5313152579769662,16.386162692073558,1.5770830769574176,0.1043065488984355,,0.0934997441827685,0.5559398905956832,1.346053288610202,0.7044071280868605,0.0559946980053543,,0.1295267778900018,4.217949564296422,199.47674437788103,3.530899862385805,0.1943015415863366,FBgn0027101,FBtr0100406
157,157,0.0034104936477634,0.3130724997166778,0.0098181077225828,14.485473003938887,0.9726577823911552,0.0018605810478794,,0.2082157045051133,0.005008921772126,1.5016993945415864,0.4828910591777218,0.0010379955526894,,0.4707348579292308,0.0192447084697284,139.72765049418922,1.9591647922764568,0.0033350449592568,FBgn0027506,FBtr0340213
158,158,0.0040034785882792,0.9566800476252192,0.0011709794098942,14.660400397523125,0.6777186475062681,0.0113223874948967,,0.4568976326328285,0.0004912905544182,1.8183736113876623,0.3700176525743349,0.0068475013500353,,2.003154860422954,0.002791001711848,118.19756867879197,1.241299062307449,0.0187216404979505,FBgn0027514,FBtr0332175
159,159,0.0306544260629792,0.489456227139477,0.0686241773316546,16.08706638004152,1.681870357665768,0.0271349124701855,,0.2658124086428689,0.0319679132586154,1.939523460911924,0.751101842425648,0.0155436925712202,,0.9012649165204362,0.1473126405326821,133.43159282754064,3.766051073526413,0.0473699200747141,FBgn0027588,FBtr0070061
161,161,0.0820550917562238,1.3772744022249583,0.0236549406489232,16.338307001069648,0.7679412745992038,0.001254676755589,0.0640727274576811,,0.0103214950743962,1.6028647682620354,0.4094136496832138,0.0007194064138618,0.1050843057612829,,0.0542127097935769,166.5394866409355,1.440435123961694,0.0021882120185238,FBgn0027835,FBtr0086679
162,162,0.0213145592604115,1.2250387392147617,0.0108752654580284,15.183638757103695,0.4181113131236174,0.0112405347271161,,0.6942455392392411,0.0053461677144909,1.2195921164167327,0.2297621914433,0.0067499167975542,,2.1616558231276377,0.0221226502980833,189.03277809270887,0.760860910421358,0.0187186930951928,FBgn0027836,FBtr0086774
165,165,0.031646901124171,1.757284473737848,0.0024905643315359,15.208703765297216,0.2275557749492612,0.0085679965228646,0.0035630133179234,0.7712427404016733,0.001006742094794,1.0288174649359056,0.1291553800072474,0.0053215625845254,0.281089701721006,4.003990650248207,0.0061613701479204,224.825761715637,0.4009250772972301,0.0137949264430887,FBgn0028743,FBtr0340279
166,166,0.0529875001251681,0.1454624579817757,9.12703576667612,16.445342194610227,15.926188556503387,0.3954006304509754,,0.0973391559783626,0.288442502858544,1.3577078460809764,0.5921907489500594,0.2088897414873758,,0.2173773387433452,288.8020352778521,199.19549016268803,428.31382014495085,0.7484410553041796,FBgn0028953,FBtr0345418
168,168,0.0,0.0,0.0,0.0,0.0,0.0,0.0,0.0,0.0,0.0,0.0,0.0,0.0,0.0,0.0,0.0,0.0,0.0,FBgn0029751,FBtr0070757
169,169,0.0399634580254359,0.2729904205911002,0.1828344725311917,15.574625550000444,0.5928544892447998,0.0771828526508684,,0.1748518245996748,0.0847099704607867,1.657452485500435,0.3199984132148768,0.0447047888089966,,0.4262109926798234,0.3946223114460124,146.35047649615592,1.098369338418245,0.1332562551358438,FBgn0029771,FBtr0345785
170,170,0.007882762405762,0.1277995123693163,0.0703954544274532,15.260595844122172,0.3184860433172097,0.0354957246669761,,0.0879636846122796,0.0371899457673719,2.2093753900061897,0.1780869257424227,0.019724400315617,,0.1856756618805278,0.1332489171951229,105.40797483807695,0.5695721870934,0.0638775551840835,FBgn0029856,FBtr0333520
172,172,0.0119314342566951,0.0912041581249683,0.4217448836907329,16.106610733132477,1.1292361127848056,0.0674542766812058,,0.0675998198030735,0.1996444459418974,1.9464199199874068,0.5432563492920781,0.0369326393614451,,0.1230506010743245,0.8909275992134288,133.28208709985702,2.347278959701122,0.1231994117196673,FBgn0029897,FBtr0070982
173,173,0.0076054528293973,0.051249189780304,0.1714080710437931,16.372231144836977,0.4368508406564229,0.0084284293556832,,0.0388138097185434,0.0875195710397616,2.4470914703447897,0.2339201568015762,0.0046275054153178,,0.0676686847331766,0.3357046483420931,109.5381827399375,0.8158281851020778,0.0153513426842449,FBgn0029915,FBtr0343322
175,175,0.3464436011321356,0.3722381033727896,4.407125996783129,16.282354621769702,0.9780841962012624,0.3686223285609581,0.0829924761954647,0.045975360252666,0.5261048096050487,0.8658467346241041,0.5007134406750227,0.1988048929262624,1.446193369176291,3.0138144615090154,36.918042178900656,306.1916866201054,1.910571231259521,0.6834963622555423,FBgn0030208,FBtr0336899
176,176,0.0704379978396937,1.013041843779986,0.0393631341589895,16.089030532287627,2.443001818479126,0.0067065720895213,0.0403713856738504,,0.0168332788095559,1.6414469695487557,1.001160513386206,0.0037632614117318,0.1228967363108966,,0.0920472088859488,157.70043642655412,5.961339670604858,0.0119518960473298,FBgn0030245,FBtr0339836
179,179,0.0435226743814178,0.7897301236482224,0.0596641222632887,15.908321816740456,2.1614371689822773,0.0186478995733207,0.0139291877619923,0.0595409754044524,0.0262507971601285,1.6580803596519471,0.873861286282501,0.0108836274963185,0.1359894932624547,10.474696861462542,0.1356075955992507,152.63114453518048,5.3461695909799385,0.0319511264616769,FBgn0030571,FBtr0073932
181,181,0.0114460241235991,0.0686813557963661,0.3578627367911072,16.418847638914677,0.5086496708127332,0.0338724756536145,,0.0538971011266959,0.1704100978532981,2.1314869096526365,0.2771552048037929,0.0185684064821723,,0.0875210082809181,0.7515149630033655,126.47441397321396,0.9335003750012963,0.061790149198117,FBgn0030674,FBtr0339687
184,184,0.0162636207800316,0.7351333555933449,0.0183139108164958,15.911503870275125,2.192196281521457,0.0041877335549489,,0.4874791637058234,0.0088527517535917,1.971004368189636,0.8649088988109515,0.0023749184652829,,1.1086033839839289,0.0378864491776226,128.45022542812617,5.556336098892329,0.0073843008017354,FBgn0030749,FBtr0334038
185,185,0.0472722444852756,0.0868280586427603,43.93902247891948,15.00178178406201,5.618068606618863,1.0072831598816727,,0.0717308032130391,0.0113695823795308,1.9410900470895909,1.2455264995862525,0.4549745201251672,,0.1051028488455594,169807.26573377012,115.94179107458343,25.340845721998782,2.230057551139517,FBgn0030766,FBtr0340150
186,186,0.0,0.0,0.0,0.0,0.0,0.0,0.0,0.0,0.0,0.0,0.0,0.0,0.0,0.0,0.0,0.0,0.0,0.0,FBgn0030868,FBtr0074474
187,187,0.035718998922712,0.5567934699590666,0.0604447132396666,15.741001074832097,1.1139684557037577,0.0074147055604394,,0.3821130260853904,0.0288332533012132,1.5687972548751743,0.5386717838899989,0.0042304056837757,,0.8113279240048162,0.1267135317842125,157.94208848075806,2.303676853726612,0.0129958832929095,FBgn0030872,FBtr0339750
189,189,0.0068873494795877,0.0615441111467702,0.2852287018569573,15.633343663909956,0.9879359572926922,0.1788040918186376,,0.0424112230928078,0.1386099327531437,2.387050702236624,0.5079648287126155,0.0929159111109221,,0.0893083797314095,0.5869378243469345,102.38636066042244,1.921427233821373,0.3440842679024182,FBgn0030974,FBtr0342879
190,190,0.0207282993209105,0.5684767164587186,0.280679179307594,15.71811793228074,5.216807451815058,0.1613322745271671,,0.3594414850158263,0.1288163599190905,1.9524641617358152,1.095199899061043,0.0933255659539603,,0.8990775706968193,0.6115745061129403,126.53714018158485,24.849417912333305,0.2788957402835303,FBgn0030974,FBtr0342880
191,191,0.1385623747150333,0.5856239598743281,0.2641142913678165,16.775316648850982,0.732749798873343,0.0124727932943736,0.0933796146875369,,0.11178048449265,1.81199802301417,0.3905145502788483,0.0070940178229275,0.2056073132333432,,0.624047741619071,155.30439056500907,1.3749097629410565,0.0219298254455146,FBgn0031030,FBtr0336691
192,192,0.0,0.0,0.0,0.0,0.0,0.0,0.0,0.0,0.0,0.0,0.0,0.0,0.0,0.0,0.0,0.0,0.0,0.0,FBgn0031045,FBtr0074742
195,195,0.0,0.0,0.0,0.0,0.0,0.0,0.0,0.0,0.0,0.0,0.0,0.0,0.0,0.0,0.0,0.0,0.0,0.0,FBgn0031086,FBtr0070032
196,196,0.0057163382794599,0.049769705209964,1.2758968790998262,16.485514234827182,1.95901848167033,0.0612806907935093,,0.0395118583139387,0.4691528046056933,1.7098180342788043,0.7862941520833202,0.0337636270744421,,0.0626906367451942,3.469898996905456,158.94801326114344,4.880811336772164,0.111223923183666,FBgn0031118,FBtr0301537
197,197,0.3581251148139098,0.5170124938943517,1.8316735178104973,16.109374358919233,0.7307087886239413,0.0672466931400605,0.192288717990335,,0.4647720276189518,1.2920115030937127,0.3998017482302317,0.0373922592872386,0.6669845178692307,,7.218652751191252,200.8588480941577,1.3355002476497255,0.1209372694903404,FBgn0031187,FBtr0077348
198,198,0.0029835274641994,5.043901795687972,0.0002286738011863,14.690379127951426,2.451623133740312,0.0008072575044433,,1.5153045191338317,8.147892697818454e-05,1.6242867819285711,1.0628172711367794,0.0004731740658422,,16.789328483681118,0.0006417819832482,132.86276864650438,5.655211063198038,0.0013772197707412,FBgn0031244,FBtr0078137
199,199,0.0,0.0,0.0,0.0,0.0,0.0,0.0,0.0,0.0,0.0,0.0,0.0,0.0,0.0,0.0,0.0,0.0,0.0,FBgn0031345,FBtr0077919
200,200,0.0240061370845211,0.1809429688682274,0.3660396938288153,15.958322396733257,0.6234115419552533,0.0339766198767114,,0.148563032470488,0.171589390544766,1.655908998341785,0.3385843187866962,0.0185469674527132,,0.2203802482919307,0.7808469802993877,153.7935079603414,1.1478439167995431,0.0622425580456638,FBgn0031488,FBtr0077646
207,207,0.224018346626576,0.2563577411956278,7.233295025793485,16.363249091126704,1.5144640233421285,0.1742400033008515,,0.1409935956356556,0.44860107000662,0.8597143269087616,0.6725584192180822,0.0950816710028597,,0.4661154371915659,116.63047734013804,311.4475500030546,3.410263275960729,0.319300012610923,FBgn0031759,FBtr0079232
208,208,0.0015209306093432,7.152581910514125,4.9984640299162176e-05,14.890364937392672,0.7194482312117504,8.586878611204742e-05,,2.1920288097492096,2.038669338516568e-05,1.7084767056005865,0.4009274917945087,5.055197159068622e-05,,23.3388483577764,0.0001225536784525,129.77816275861372,1.2910208653364426,0.0001458587706144,FBgn0031760,FBtr0307300
209,209,0.007823909449929,0.0332171264639304,0.666909747110745,16.045822681170584,0.5161907768678609,0.0664408921484809,,0.0239520973868261,0.3088215550167553,2.182284860893094,0.27640363585914,0.0362675283960831,,0.0460660071934918,1.4402123283369477,117.98112617167683,0.9639993240148064,0.1217174796494492,FBgn0031768,FBtr0079184
210,210,0.0,0.0,0.0,0.0,0.0,0.0,0.0,0.0,0.0,0.0,0.0,0.0,0.0,0.0,0.0,0.0,0.0,0.0,FBgn0031868,FBtr0079345
212,212,0.0609659884057549,0.3842256485590568,1.185487012256395,16.387917762214812,5.171983261997922,0.0987677617151456,,0.2461825164520932,0.4008409369271737,1.3882255500116212,1.0268241663178517,0.0557356920101378,,0.5996743844291488,3.506077665126126,193.4583674669203,26.050624576074146,0.1750237666815982,FBgn0031883,FBtr0344709
213,213,0.0136336583661322,0.0679546843064132,0.4630986044043936,16.062819333673993,1.4741589032969091,0.0174466034729062,,0.0473379790075706,0.2116069282822854,1.98655526180757,0.6593486703731217,0.0096178810927902,,0.0975504070092592,1.0134843841937218,129.88018501508157,3.295895737440064,0.031647716352929,FBgn0031990,FBtr0339673
215,215,0.0100700604551341,0.0523834364081928,0.8610398853723482,16.143347787309974,0.8143328797144244,0.0523790014466333,,0.0425685683302178,0.3502244507879659,2.0120611645478976,0.429582437354634,0.0281631866113682,,0.0644612801784855,2.1168986989171734,129.52274134300654,1.5436805169866514,0.0974165257080305,FBgn0032120,FBtr0089853
216,216,0.084265591323495,0.6727998957426097,0.0786969158139095,15.713596174232569,1.0150251194858664,0.0319184634002291,0.0436459255170168,,0.0329005166896375,1.4434829551199655,0.5127959918463011,0.0188362421706012,0.1626884937593964,,0.1882403433673793,171.05647410040635,2.00913425527729,0.0540866005334041,FBgn0032196,FBtr0343607
220,220,0.0025077885923415,0.934665769486308,0.0065589949992803,15.938913404567586,6.813299740875585,0.0002692184647128,,0.5976160855445186,0.0032223581769418,2.050491813506612,1.2729325729536092,0.0001472734076763,,1.4618082106231305,0.0133506001003936,123.89659829162986,36.46780225860956,0.000492136244322,FBgn0032456,FBtr0090020
221,221,0.0072899577470924,0.3077733142889625,0.0331572444936682,15.88667959266405,0.7521374460510983,0.0083484066654141,,0.2374107044354085,0.0171517207563117,2.1297227861164534,0.39673717053641,0.0045988256146815,,0.3989896462911335,0.064098691789179,118.50677943874328,1.4259080816334844,0.0151551503994044,FBgn0032475,FBtr0289981
222,222,0.059453081059395,0.2784504864489587,0.707348207411409,16.321557124691697,2.4981655694320835,0.062188848183066,,0.1815727500855062,0.2668968274885032,1.8001582611216798,0.90560094297286,0.0351825217113408,,0.4270171232585788,1.8746625474582923,147.98322610178982,6.891370046290861,0.1099254018818608,FBgn0032633,FBtr0080969
223,223,0.031475457832095,0.2318556789247366,0.6692024207243098,16.466014748175773,1.8427799355547192,0.0611214143795192,,0.1869778286770494,0.2852824666710828,1.7547644487007388,0.7619826121487855,0.0339801590660104,,0.2875049744133059,1.569784098998292,154.51056230817284,4.45658186517776,0.1099414304828772,FBgn0032633,FBtr0339797
224,224,0.002881812850921,0.0226200030705433,0.6187724022909169,16.472765788337536,0.3281556050298052,0.0197721475393102,,0.0161973160001574,0.3168317893191426,2.225607502173966,0.1673057039486364,0.0109481119907268,,0.0315894645079724,1.2084623410411648,121.92267165363516,0.6436487135282463,0.0357082407128626,FBgn0032656,FBtr0081022
225,225,0.0108523266485666,0.075958786048994,0.95016717488073,16.24725787431427,0.778974471382823,0.0613713219533352,,0.0620857276557128,0.3794654786626832,1.554387557130589,0.415300099083823,0.0335496361257683,,0.0929317799097412,2.3791825896852288,169.82469219051384,1.4611150548838987,0.1122646798367824,FBgn0032801,FBtr0303779
226,226,0.0050715779262955,0.0507291034668795,0.4283931754481207,16.0196433256701,0.191766144337868,0.0515131602625581,,0.0420627275011143,0.2129879796629654,1.3211161628050767,0.1081614622828807,0.0283025506504464,,0.0611810524765707,0.8616482163027677,194.25163320748104,0.3399940546110059,0.0937585348052061,FBgn0032938,FBtr0330678
227,227,0.0236562706138483,0.2588152778094819,0.4301505449173157,16.12946974351064,1.735148509035647,0.0252966097548529,,0.2136050402836036,0.1973395075143367,1.2003961051129062,0.7733533218741481,0.0137399193751756,,0.3135944167734187,0.9376201127856836,216.72828918613928,3.89309810050649,0.0465736695839338,FBgn0032940,FBtr0301459
228,228,0.003580166681387,1.092089603853537,0.0141086000148942,15.407930358424208,4.848349454162451,0.0018251134186622,,0.8055403458344189,0.0069976216935445,2.969766111471732,1.3298918861000597,0.000982611192773,,1.4805710341045164,0.0284457495843056,79.94040911605646,17.67549127516726,0.0033899868182656,FBgn0032955,FBtr0100511
229,229,0.0013814308590677,2.737450181142913,6.283929100049213e-05,14.744979656483965,0.9255748014049396,0.0004091061649347,,1.0578391889734418,2.481016920093268e-05,1.832253944261769,0.4904875138517784,0.000244251446503,,7.083906110068971,0.0001591595954652,118.65954812160284,1.7466065675520497,0.0006852276888582,FBgn0033079,FBtr0086148
231,231,0.0532177079466253,0.5669476759423611,0.0259235918280749,15.821719768566137,0.3424074255148453,0.0293643255181823,0.011572550821429,0.1989120521267631,0.0110848735158464,1.5409477972230226,0.1918626119766196,0.0178947921302622,0.2447277599203125,1.6159386212133746,0.0606260966629818,162.44990056519512,0.6110770818756057,0.0481851706832394,FBgn0033236,FBtr0305127
232,232,0.0395764800280331,1.3181767454882554,0.0098512624531925,15.240908050510562,0.6440376530208054,0.0059488114317478,0.0203630878307513,,0.0040315636007944,1.1898414697868744,0.3437463058610836,0.0036245001925189,0.0769184803615078,,0.024071894066748,195.22372022024487,1.2066587813053389,0.0097636516956287,FBgn0033240,FBtr0305126
234,234,0.016230230855526,0.4991415835205998,0.0127545300936377,15.168011731227493,0.3700653019809415,0.0114645631630478,,0.2905063805764902,0.0061800011296206,1.7026781546151308,0.2087978412077702,0.0067216529649452,,0.8576139357250806,0.0263233022935539,135.12159021659556,0.6558895769136383,0.0195541497314691,FBgn0033309,FBtr0339357
238,238,0.0026750382360366,0.0963424439991377,2.555240909959688,15.926843993374744,3.183321249687134,0.1512972415324853,,0.0838215085292631,0.6598649481990903,2.6570095521249883,1.3979690045615858,0.0501787187679973,,0.1107337087889151,9.89483700528619,95.46987115135693,7.248754547235196,0.4561865240357309,FBgn0033476,FBtr0339416
239,239,0.0384774578572744,0.5487497838673735,19.32263437107365,15.855591250548258,331.6737813364029,1.438812232937823,0.0217284051366877,0.3150590177934831,0.0871167755881909,1.4884520491675035,0.0002666694664749,0.6032707196959474,0.0681372955743781,0.9557775156014524,4285.789924125799,168.9001496857566,412523783.3943288,3.4315947617926983,FBgn0033483,FBtr0088405
240,240,0.01103238482351,0.1366396760524529,0.2609875140872116,15.126890790915024,1.2423119671921874,0.066635525294591,,0.1000812411340796,0.1238979386184928,1.6163315186268206,0.5975031371577799,0.0363834071378714,,0.1865524533884067,0.5497628392281887,141.56924019811837,2.582980620269748,0.1220417102351085,FBgn0033519,FBtr0329867
241,241,0.0,0.0,0.0,0.0,0.0,0.0,0.0,0.0,0.0,0.0,0.0,0.0,0.0,0.0,0.0,0.0,0.0,0.0,FBgn0033571,FBtr0331935
242,242,0.0087571598274339,0.0690529873062818,2.366690138655545,16.25467957365902,1.5504782439273654,0.1688212075694088,,0.0593897549123827,0.7121146343239733,1.4315644319879608,0.6831805044613638,0.0899305774726405,,0.0802885121003812,7.865618739497986,184.56354610279237,3.518810576697363,0.3169177928815605,FBgn0033636,FBtr0333070
243,243,0.0335759051561219,0.1023427655016726,2.374045708068057,16.30913421171329,1.5859435558520136,0.1674783511525539,,0.0822244962626936,0.6106103456837898,1.4719380248167058,0.6932104784675742,0.0915281440302207,,0.1273834699706462,9.230261268640646,180.70588180422823,3.628359698065617,0.3064521672756409,FBgn0033636,FBtr0333071
244,244,0.0184174625846226,0.1228889235992916,0.9796522941210182,16.5845331872501,7.746469983148722,0.0376183940785833,,0.0891141463768602,0.3513918350484237,1.699754172346363,0.9486955184722106,0.0207326707826318,,0.1694645368595923,2.7311921383839763,161.8155998754348,63.25295738348312,0.0682566943684403,FBgn0033638,FBtr0300945
247,247,0.0339728058917352,1.5089555634847889,0.012605149241808,15.775203097299553,1.2884959467300954,0.0091309921739494,0.0147401171257573,0.0423045140266792,0.005071865908089,1.5538674778618324,0.6171987174080668,0.0055606446355375,0.0783000250480182,53.822788063130666,0.0313276790608449,160.15331828907568,2.68993074339494,0.0149937684468964,FBgn0033716,FBtr0301874
249,249,0.0,0.0,0.0,0.0,0.0,0.0,0.0,0.0,0.0,0.0,0.0,0.0,0.0,0.0,0.0,0.0,0.0,0.0,FBgn0033855,FBtr0087676
250,250,0.0149331019125357,0.222248672937032,0.1028615463692537,15.873197464514018,0.6233087019056063,0.0271855673393706,,0.1667654431892533,0.0514430363400638,2.1413444024146484,0.3496709773102729,0.0145880960172509,,0.2961912952566357,0.2056740518100805,117.6636497442158,1.1110837418071238,0.0506615168072307,FBgn0033889,FBtr0303990
251,251,0.2185728082419461,0.89959877101093,0.1990628156399286,16.461942216368623,0.819915314857205,0.0142140485890271,0.1546157230562733,,0.0833645724636411,1.767837137304884,0.4348588494231277,0.0081282924164796,0.3089858622294376,,0.4753338666467559,153.2921420285353,1.545929499719722,0.0248562880047967,FBgn0034051,FBtr0087293
252,252,0.1582996770367842,0.8338418285634178,0.199913091380155,16.481875305461894,1.3810859709572696,0.0138014572006001,0.112105800716806,,0.0830690795367905,1.803414865446048,0.6553742521099644,0.0078783828805377,0.2235280207600673,,0.4811085463812075,150.63212508099488,2.910395782309349,0.024177578539696,FBgn0034075,FBtr0305090
253,253,0.131360975679284,0.6637621784562093,0.1893697882586134,16.656912802312238,0.6953472337935055,0.0132849832696947,0.0936264475996679,,0.0793509064741453,1.9136153826442943,0.368831211734323,0.00769443437934,0.1843037557635012,,0.451928255120772,144.9887718400551,1.3109188164166568,0.0229374599580648,FBgn0034075,FBtr0310447
254,254,0.2489811582247997,0.652160862800723,1.4999831781498938,16.177549811529243,2.203221272434875,0.2258825858257502,0.1529963691607112,,0.386082446014176,1.6481338584692142,0.9133556191012474,0.1257411366223895,0.4051835837087429,,5.827640075223837,158.79360560409145,5.314670292482707,0.4057776472353139,FBgn0034158,FBtr0087026
255,255,0.0091558344929223,0.3253813442972664,0.116382516445131,16.449343702038448,4.5966984627502105,0.0110564807025971,,0.2554741885415632,0.0555607048312619,2.148958543308642,1.1394936337542068,0.0060344127254276,,0.4144176749169776,0.243785426683068,125.91257708079948,18.54300553469165,0.0202581048213338,FBgn0034180,FBtr0087019
257,257,0.0099830234542627,0.2923368339124892,0.1430078852599537,15.018771669082406,2.295767583140788,0.0424628356079517,,0.2141679999476499,0.0721987514910644,2.5002218067351474,0.9198152440750323,0.0225692447762392,,0.3990363849074927,0.2832632812086122,90.21739664873128,5.730008096463074,0.0798915703978814,FBgn0034500,FBtr0086300
258,258,0.0312088261571588,2.051218698674338,0.0198879202837993,15.460460513547543,3.9607655811775975,0.0067990057964474,0.0215276079639993,,0.0075231558992194,1.176572377434745,1.1995497715649837,0.0040332584558931,0.0452438019001725,,0.0525749271334112,203.1543863133228,13.077960048772562,0.011461323474716,FBgn0034504,FBtr0086285
259,259,0.0029803227434936,0.4593726338236633,0.0401902686450287,15.405470942568511,2.033120753249641,0.0261933264065238,,0.3327236346101648,0.0215530780158321,2.7266824433411427,0.931293743457574,0.0128265581558091,,0.6342297172647038,0.0749432490604389,87.03930138322671,4.438535130653647,0.0534898247764124,FBgn0034611,FBtr0071591
262,262,0.0008699390516021,4.174169773279574,2.810821170137197e-05,14.870407120874733,0.8591951873592388,3.735574129769382e-05,,1.485298720155546,1.2728187011410747e-05,1.8772997451666025,0.4618782178604362,2.1640271672035267e-05,,11.730767056970317,6.207259245490732e-05,117.7909966215532,1.5982922368604555,6.448400597962481e-05,FBgn0034804,FBtr0310325
265,265,0.086127396316049,1.354493837576915,2.665712181457508,16.130809217665877,17.995270196094403,0.3249491446801929,0.0712673225281155,,0.1549136119707775,0.9475952547410068,0.6837182616373603,0.1902091252153083,0.1040859700216089,,45.87086534210696,274.5929812489956,473.6303936872184,0.5551360719884683,FBgn0035162,FBtr0331404
266,266,0.2092469731859365,0.723438428894507,1.0388186837970557,16.594586949818492,1.4063477689116066,0.0312755459658693,0.1602993292430888,,0.3282102994844827,1.7321694578060889,0.6549528672058795,0.0177442771604066,0.2731408546387524,,3.287965854517211,158.98000902514133,3.019780729505445,0.0551253661459823,FBgn0035229,FBtr0072736
267,267,0.0284287348805637,0.1359304238737612,15.48016629662508,16.554583758314923,13.66646903764244,0.886840243857969,,0.1133640275538799,0.3104960738226894,1.6843643550830512,0.7977390703345612,0.4186004402766055,,0.1629889175004704,771.7828622464717,162.70484624305135,234.1271512231557,1.8788456543580383,FBgn0035235,FBtr0072826
268,268,0.0175650703181951,0.2174255476209095,1.131815975508129,16.2205867802748,6.766321822355093,0.1352818886448899,,0.174139975109501,0.4330254965443953,2.22422584039699,1.1447793604340206,0.0716522857037042,,0.2714705151905878,2.9582724634878037,118.29169085162007,39.9929563600107,0.2554166865102849,FBgn0035236,FBtr0345367
269,269,0.0,0.0,0.0,0.0,0.0,0.0,0.0,0.0,0.0,0.0,0.0,0.0,0.0,0.0,0.0,0.0,0.0,0.0,FBgn0035346,FBtr0072921
270,270,0.1997099749421013,0.3305271647212277,1.9548647954907032,16.51759954330579,3.438304363097106,0.0987349323750634,0.0346956947777227,0.0130344228107437,0.4811255163382131,1.580775277549932,1.1027495410605208,0.054248352601675,1.1495395710301006,8.38151471721514,7.942826224919115,172.5932196357984,10.720418783328965,0.1797029108457636,FBgn0035397,FBtr0073000
271,271,0.0120097802522301,0.0411363017483375,2.022593597552088,16.50386333388133,1.7453154858974878,0.0981940230818283,,0.0307667382210521,0.5954048804815318,1.6061351940061577,0.743077052486378,0.0539298443920517,,0.0550008034446886,6.8707613843376745,169.58566499252515,4.099340889509469,0.1787890597069049,FBgn0035397,FBtr0073002
272,272,0.0026854817823101,0.035714128617917,2.139309390828639,16.478200980929362,4.24729747204863,0.0983628331611566,,0.0256739704735789,0.7128531353337821,1.8212158864461223,0.8623898307139098,0.0539051461664979,,0.0496806282553661,6.420178916018462,149.0933115555898,20.91807576294941,0.1794865172539446,FBgn0035397,FBtr0113130
273,273,0.3158837645054637,0.7323772830425272,1.9619822852358093,16.5636644138478,2.6900179542948206,0.1013673792605324,0.1992292265182018,,0.4819104092106306,1.5076043754610833,1.0140236385473855,0.0560205705487109,0.5008429456961574,,7.987738828643283,181.98075256358928,7.136122196120128,0.1834209376574272,FBgn0035397,FBtr0113131
275,275,0.0096816897266277,0.1664290854738947,0.5732947829276729,15.730750285423234,2.4754990568198303,0.14061075846444,,0.1223696552203603,0.2544496753254467,1.7598463486428395,1.276318662570495,,,0.2263521985233831,1.2916774513927574,140.61256241670011,4.801383666970706,,FBgn0035424,FBtr0308061
278,278,0.0116273740066113,0.0881277187408034,2.159151990354143,15.84144584596598,2.4914227300789555,0.468609101970498,,0.0702541355038886,0.6888806570789229,1.9582301017433823,0.942290843393915,0.2330105979365266,,0.1105485784538372,6.767409230531137,128.15215447217085,6.587336875308281,0.9424227584249856,FBgn0035850,FBtr0076693
279,279,0.0248171747252889,0.1033321049174109,2.185615475082151,15.90001702930086,4.510995455553525,0.4784582290575433,,0.0740443970493629,0.6092797234211923,1.6705295006037968,0.9716767612752106,0.2514165303863928,,0.1442043467454325,7.840265843897641,151.33557440361358,20.94223183162145,0.9105299345315856,FBgn0035850,FBtr0321321
281,281,0.0056388675318632,0.5200380457877518,0.0030177103536832,15.30669100179479,0.821715857807594,0.0037630797891341,,0.2936924369692896,0.0015108306430767,2.239061371837125,0.4379492146161012,0.0020959402269306,,0.9208257858373888,0.006027529174403,104.63973536919596,1.541769977974167,0.0067562849920232,FBgn0035871,FBtr0076712
283,283,0.0904351850901956,1.2286870778357604,0.1623747534482792,16.296481496666473,2.714464301006406,0.0412366851903207,0.0661514342845812,,0.0577630329980392,1.5331514016228,0.9917587274916412,0.0247871912283822,0.1236333390310816,,0.4564434931642949,173.22184155464902,7.42954534927478,0.068602537085304,FBgn0036213,FBtr0345073
284,284,0.0,0.0,0.0,0.0,0.0,0.0,0.0,0.0,0.0,0.0,0.0,0.0,0.0,0.0,0.0,0.0,0.0,0.0,FBgn0036271,FBtr0333357
285,285,0.1412494707441713,0.6368631624867573,0.3862829468164355,16.195650835529516,2.9742511423071063,0.0270247595038155,0.054080043841012,,0.1561379608170791,1.516822987358636,1.0251181712987956,0.0151454885791853,0.3689237576094227,,0.9556581514216068,172.9266421806741,8.629414739870704,0.0482214636009022,FBgn0036337,FBtr0075896
286,286,0.0078476507133373,0.5100635640086634,0.0123857485229772,15.794595148862216,0.9486499284671664,0.0055709257091881,,0.3463918131010237,0.0062793727137819,2.150533691218649,0.4679976191449161,0.0032071494648588,,0.7510709823079562,0.0244302693066357,116.00340740306858,1.922951421045784,0.0096768839735568,FBgn0036341,FBtr0332076
287,287,0.0873355137810143,2.4342408485540483,0.3512734008812636,16.2087732850456,32.75517350089628,0.0324544989811098,0.0736317626999967,,0.0993099622777171,1.753622895044978,0.4117055198952745,0.0192512655146053,0.1035896967246456,,1.2425037663555276,149.81803222822847,2605.9922425784607,0.0547130007279654,FBgn0036350,FBtr0331787
288,288,0.0381344489593122,0.2660130758776316,44.928261644241786,10.540818834712898,36.82245225332661,1.1252977616135766,0.0170544156156411,0.1981693557361039,0.1758256099022973,2.4731541405966526,0.214562150127997,0.4140653807814715,0.0852703622454626,0.3570832446572186,11480.402061423894,44.925975248527365,6319.348445844993,3.0582007360833434,FBgn0036449,FBtr0300190
289,289,0.0221590368858699,1.04385169082521,0.0129846930735579,15.572822679548878,0.8868711960531187,0.00831553580315,,0.570116295511248,0.0060134567020328,1.7593950603245785,0.4577729476839663,0.0049392426302163,,1.9112352357189415,0.0280374936694077,137.83874450797447,1.7181891642310303,0.0139997446714702,FBgn0036516,FBtr0332095
290,290,0.0456419943284936,0.141483840070953,5.45719880154804,16.333553099143938,1.771044066704356,0.3601539297557971,,0.1154562516921965,0.6736343917790576,1.1051120183659917,0.7447765500225899,0.1933345251249007,,0.173378892072381,44.20946899840753,241.4098773778791,4.211460586552525,0.670914069976617,FBgn0036518,FBtr0290065
293,293,0.0,0.0,0.0,0.0,0.0,0.0,0.0,0.0,0.0,0.0,0.0,0.0,0.0,0.0,0.0,0.0,0.0,0.0,FBgn0036926,FBtr0074900
294,294,0.0567155641381461,0.7870591279095175,0.051438182349211,16.0412558294135,0.8656885870618959,0.0054843929381622,0.0320288316822289,,0.0229505898196401,1.7010841715184135,0.4496789383558224,0.0031749434858492,0.1004299890617901,,0.1152862137393279,151.26934509948632,1.6665595513753466,0.0094737326929517,FBgn0036958,FBtr0308204
296,296,0.0953921001591643,0.8190148919743853,0.0659378111768914,15.641633924244134,1.077553567193279,0.0099990237434627,0.0609738282145836,,0.0285918923747936,1.1786017660065458,0.5594818248918941,0.0056523749581732,0.1492386658215369,,0.1520639097897685,207.58556356915065,2.0753519390827724,0.0176882242530214,FBgn0036980,FBtr0330158
297,297,0.0200334895427357,0.772718882730705,0.0103284152669653,15.625310137772662,0.998263557208568,0.0034252366780593,,0.4589904807501528,0.0048738624935578,1.76502153376139,0.5011004397145916,0.0019786464993423,,1.3008863947520772,0.0218873967141843,138.32710379531684,1.988683406900003,0.0059294301961581,FBgn0036999,FBtr0078199
298,298,0.1322127939497969,1.432670445623495,11.854901876007036,15.12268595248467,99.78626238307378,0.4827290207767932,0.1090449723842936,,0.0955504131924951,,0.0164861857538234,0.2542855195844269,0.1603028778108915,,1470.8329749095587,,603978.2827313066,0.9164002255454928,FBgn0037007,FBtr0078217
300,300,0.0053767172234618,0.9922327992318616,0.0011163507172013,15.57673528433536,0.8826220968030795,0.0006701224321864,,0.5538905832878622,0.0005302090750975,2.0657724991039164,0.4653081498667137,0.0003811379410669,,1.77747367002957,0.0023504669805331,117.45469659582912,1.674206149168488,0.0011782192894842,FBgn0037094,FBtr0078365
301,301,0.0078417497142973,3.7020404360992822,0.001165255859385,15.587064502192655,2.8836587388214405,0.0007145133568486,,1.0708681378532958,0.0004950203105863,1.7841421803526465,1.0546738575039107,0.0004180505601803,,12.798124163062646,0.0027429606195809,136.17557079867512,7.884416270316463,0.0012212143356412,FBgn0037094,FBtr0301197
303,303,0.0,0.0,0.0,0.0,0.0,0.0,0.0,0.0,0.0,0.0,0.0,0.0,0.0,0.0,0.0,0.0,0.0,0.0,FBgn0037350,FBtr0078740
307,307,0.0521099027123979,0.6080660974972292,0.0750949005068785,15.294756190244234,1.5074041438520651,0.0164251134845533,0.0265903145481171,,0.0334414432044364,1.2148623531527472,0.7093249186068409,0.0093508819243167,0.1021214681677338,,0.1686304041265139,192.5564376177537,3.2034222868770126,0.0288512201484317,FBgn0037554,FBtr0339606
308,308,0.1803901449564366,0.4242326384397799,0.8494439405789104,16.38726355969485,0.7922131203517094,0.0507785169435358,0.0457672569207098,,0.3026382115182855,1.445620028686803,0.4157287258154263,0.0286573774438556,0.711001851253172,,2.384216469448144,185.7627880397077,1.5096421995530618,0.0899753575858978,FBgn0037624,FBtr0308889
310,310,0.0012776297615129,7.887276702162686,0.0002583849138229,14.842720016923202,2.968555870890907,0.0005676281951784,,2.4852820625675345,0.0001073253127605,1.701296996715714,1.079699114306884,0.0003363474217566,,25.031015478464568,0.0006220598102543,129.49316781612222,8.161833090191955,0.0009579433262154,FBgn0037646,FBtr0340014
311,311,0.0310837841953678,1.074955180269115,0.0068510603060732,15.145420099908527,1.1536645373382033,0.0141608318168939,,0.3272782422288791,0.0025751671882345,1.4921806847686778,0.5895648370237638,0.0084916052233111,,3.5307224571907136,0.0182267883545189,153.72384346220983,2.257498719616014,0.0236149882705171,FBgn0037680,FBtr0082019
313,313,0.0125022058224852,0.2808747484416718,0.092252137764171,15.398329953502127,1.0671816748272616,0.0093505137420847,,0.2261391151953952,0.0456662961773153,2.2402516529382157,0.5475966110341794,0.0050378088845909,,0.3488588174761676,0.1863618824923914,105.84014748786802,2.079773147127884,0.0173551854077558,FBgn0037792,FBtr0333825
314,314,0.0074874255572876,6.0501322521921885,0.0001539931472417,14.73727900994812,1.3637832513404815,0.000720317849989,0.0009185869067281,1.7221600780169728,5.159803070254188e-05,1.4882536640432538,0.6947621803820785,0.0004279579954516,0.0610301987381974,21.254760655678936,0.0004595890400184,145.9343913368959,2.677037998260033,0.0012124035782187,FBgn0037845,FBtr0082298
315,315,0.0,0.0,0.0,0.0,0.0,0.0,0.0,0.0,0.0,0.0,0.0,0.0,0.0,0.0,0.0,0.0,0.0,0.0,FBgn0037878,FBtr0082367
316,316,0.0,0.0,0.0,0.0,0.0,0.0,0.0,0.0,0.0,0.0,0.0,0.0,0.0,0.0,0.0,0.0,0.0,0.0,FBgn0038134,FBtr0082775
317,317,0.0221751627719496,1.7955342348221666,0.0009744585549236,15.650762986979156,0.7991992362406244,0.000679570121951,0.0109576409356299,,0.0003736649347478,1.7523754168685377,0.4344374810083596,0.0004013599932339,0.0448762509057515,,0.0025412324972495,139.77962696618476,1.4702217168856728,0.0011506267650831,FBgn0038168,FBtr0082848
321,321,0.1233683076098654,0.8698748988037853,1.697872146835425,16.243207096506065,5.407691140029528,0.1651896908520473,0.0969543983976473,,0.3003284391697567,1.76961921884343,1.0782443868279763,0.0972184756539698,0.1569783276886559,,9.598724100084596,149.09522566805305,27.12105328179123,0.2806836229454981,FBgn0038475,FBtr0083423
323,323,0.0117075470310226,0.2796270266524854,0.0659433941455515,15.703903228123137,4.667236084205343,0.0201116525081628,,0.1866401837169388,0.0313475331781501,2.025458990549341,1.05038374708009,0.0112346805872279,,0.4189412616154291,0.1387200455845299,121.75639089654956,20.738223269602344,0.0360026761302782,FBgn0038504,FBtr0083448
324,324,0.0920850310270692,0.3870150241517121,2.2043575959107637,16.772134212048552,1.916665092441345,0.0709813702322674,0.0563818403124836,,0.5126265241189027,1.198126125732459,0.8050729572198083,0.0399126917544261,0.1503968811989773,,9.479010901750373,234.7870395155582,4.563071015662235,0.1262344056133846,FBgn0038535,FBtr0335026
326,326,0.0149771889877891,1.599200561386244,0.0026231955634664,15.665273401797574,1.15216638604828,0.0013052848896449,,0.6216077251465142,0.0011593824626202,1.8564488777342525,0.5812739288447638,0.000760375918014,,4.1142385013559535,0.005935189798057,132.18828360766489,2.2837552404557875,0.0022406925347995,FBgn0038829,FBtr0110823
328,328,0.0010154698379908,3.2841236780109293,3.388964345702111e-05,14.352171145675106,0.3565545237631546,1.921633762502005e-05,,1.2571356466377597,1.586676700130695e-05,1.4485328531302002,0.2038630124510609,1.1052371522235248e-05,,8.579399018171218,7.23844960696411e-05,142.20237818536677,0.6236105651901368,3.341071470280074e-05,FBgn0038912,FBtr0084139
329,329,0.0292156592377707,0.3351647862806266,0.0526022854580924,16.093437824663035,1.1210543417271157,0.0079162344117112,,0.2204944321103485,0.0249034906547124,1.8313833968111324,0.5507859059007492,0.0044327734708401,,0.5094706151415143,0.1111089394566881,141.42245772636815,2.28176288398288,0.0141371463426675,FBgn0038984,FBtr0334561
330,330,0.0049752967271533,0.1792064648084727,0.0536040970024035,16.180123312831086,0.4466738995102512,0.0034232713295681,,0.145898307326646,0.0276538891843989,1.7866767956168332,0.2403962088055039,0.0019189447565186,,0.2201187773703875,0.1039057904760869,146.52699976888505,0.8299530741148943,0.006106891069185,FBgn0039056,FBtr0084369
331,331,0.0865814084340053,0.342675207647184,0.6170420800738368,15.448000354362811,1.5858845700806312,0.0920086103299758,0.0452193995985114,,0.2384638314315027,1.1960987903120583,0.7412275442225705,0.0509095949784089,0.1657770857856065,,1.5966401541745447,199.5158902268708,3.3930604565669427,0.1662866180421124,FBgn0039068,FBtr0307596
332,332,0.0123970623433109,1.1482710602283912,0.0026345587941469,15.958602758427087,1.0002824679870566,0.000593065072562,,0.6575950735125231,0.0012276655218224,2.004633404006821,0.5300075813876516,0.0003276250108147,,2.005073457614527,0.0056537386742873,127.0441775001022,1.88783151581082,0.0010735632771694,FBgn0039109,FBtr0084447
333,333,0.0128057445930509,1.3455823039348749,0.0016208910751206,14.486570313785323,0.7258609127249868,0.000237830532783,,0.7185212535604056,0.0007546088541492,1.422228897474423,0.3935302326504849,0.0001343910905205,,2.519886124023289,0.0034816552482249,147.55762580054054,1.33884012182082,0.0004208862514976,FBgn0039114,FBtr0084456
334,334,0.0054598268591539,1.382094259429806,0.0148818045533373,15.327396434318857,4.634912069947613,0.0086333786748668,,0.8322812324908834,0.0072933665033891,1.8317816839841252,1.113791976921214,0.0050022109671379,,2.295119086407788,0.030365690063816,128.25168168719733,19.28763210840193,0.0149004565847593,FBgn0039140,FBtr0303849
335,335,0.0217889071143617,1.6497103748273236,0.0022565672267907,15.51538296725406,0.9125490588405,0.0020370068230615,0.0060671369727643,0.2220238092613068,0.000871911133474,1.694539029948138,0.4877024837889851,0.0012102603739055,0.0782504953109653,12.257894006357835,0.0058401544074071,142.06052759252466,1.7074872744568343,0.0034285157860775,FBgn0039157,FBtr0100517
336,336,0.0996264561839634,0.9412291648278962,0.0484731157081928,15.885553470871848,0.2998290862160897,0.0158208317619841,0.0639802971831013,,0.0197520651969563,1.3569992208850594,0.1669934694365641,0.0096498667005357,0.155132614394869,,0.1189568241614508,185.96238317022824,0.5383293205685792,0.0259380492403185,FBgn0039187,FBtr0273323
337,337,0.0170095484101384,0.892321317766569,0.003954705371517,15.003250577302888,0.4681577329922072,0.0041215692312416,,0.382723202802762,0.0016950418169175,1.4637134078327636,0.2649969709803977,0.0024485970430229,,2.0804522127471072,0.0092267308212763,153.78524694846408,0.8270723327498537,0.0069375779801424,FBgn0039254,FBtr0473366
338,338,0.0655521157952822,0.6063300982619958,0.2662787093259412,15.847135098652023,0.9857061644983408,0.0430852843037386,0.0057151233574897,0.1479923833975388,0.1151820635754722,0.7755561785421224,0.5102780907317802,0.0247412372533858,0.7518787638427314,2.4841561411363515,0.6155850037695282,323.8085103093396,1.904092416228674,0.0750302704962721,FBgn0039266,FBtr0334504
340,340,0.020658869037241,0.3332386131134424,0.0482288124457065,16.120738728568295,0.8092180167149948,0.0067117524975748,,0.2410443265041657,0.0231911042546643,1.946195336908355,0.4259325819792321,0.003746475397229,,0.4606952375950298,0.1002978695788198,133.53141497481616,1.5374118493900015,0.0120240003769997,FBgn0039600,FBtr0085325
341,341,0.026085256692731,2.4108940392210902,0.0440819458733239,16.191953078604936,13.468942566489014,0.0066135914616398,0.0172921497873008,,0.0183453272088193,1.7896719484576868,0.945038618428899,0.0038665150615804,0.0393496832432819,,0.1059244095163631,146.49575567504772,191.96296354637116,0.011312406993081,FBgn0039600,FBtr0113299
342,342,0.0,0.0,0.0,0.0,0.0,0.0,0.0,0.0,0.0,0.0,0.0,0.0,0.0,0.0,0.0,0.0,0.0,0.0,FBgn0039664,FBtr0085425
343,343,0.0104770221667217,0.1986820906319621,0.2824269248062729,16.170919745823575,1.5048407362992176,0.0321539110997207,,0.1633139020962236,0.1393315275802185,1.5113832254976491,0.6682946600952505,0.0177051958969312,,0.2417098154609582,0.5724832652079002,173.0194175866705,3.38854367219216,0.0583938186861823,FBgn0039705,FBtr0339144
344,344,0.0472006796328766,0.2597455789680712,0.7332860862630892,16.15223995511181,1.4362049589010093,0.0426411131100685,,0.1949147578468658,0.2936138138086656,1.5120710594240672,0.687272209472685,0.0233600817459897,,0.3461398538455685,1.8313460028738235,172.54139872691076,3.001263044746798,0.0778363940262239,FBgn0039757,FBtr0089423
345,345,0.1610942792796633,0.1686352039302344,14.05267836062488,16.52884551104081,2.09235847884602,0.5895527430921619,,0.1070957053522024,0.1450145225542216,1.0411536154087315,0.8367370783944417,0.3038747165489673,,0.2655366236308832,1361.7792592692704,262.40386613900506,5.232185972204565,1.143801764209902,FBgn0039830,FBtr0085773
347,347,0.0101463120775142,0.2294011893674017,0.2221547940155505,16.29315559611546,1.289496830629598,0.0164739228537946,,0.1902662075138499,0.1087285286659916,1.520107381284126,0.5856551876855297,0.0093547228537625,,0.2765856657932693,0.4539080323224162,174.63695167046208,2.839216848355876,0.0290110288070822,FBgn0039920,FBtr0310541
348,348,0.0125469805716774,0.2789367169623176,0.1393177659719207,16.145815519665515,1.815248152854548,0.0149492898528735,,0.2186601765808718,0.0679469776288028,1.8450632865320475,0.7634892671416966,0.0083112654864412,,0.3558292748425524,0.2856556773053462,141.28911495770737,4.315877116096123,0.0268889578211416,FBgn0039928,FBtr0333700
349,349,0.0315938068889615,0.4766581011174463,0.1235152880989676,16.113150702913458,0.8849161616270341,0.0100034201646294,,0.3812291704744071,0.0606093528508866,1.6633466560049337,0.4488688418984267,0.0056476215320744,,0.5959747127381545,0.2517107620618291,156.09110983419106,1.7445555138040154,0.0177186828865562,FBgn0039937,FBtr0089251
350,350,0.0092929862579553,0.4133116752083673,0.6273537014354041,15.941880244232928,5.627152403760245,0.1023110820392189,,0.3256621931443213,0.2857895231903406,1.201590032887048,1.0563964086693884,0.057419192308992,,0.5245513432621359,1.3771416891394446,211.50603680594455,29.97439589465188,0.1823006748633162,FBgn0039959,FBtr0334934
353,353,0.005423638330082,0.1348249847836423,0.0685150410406878,16.416417941740995,0.5664750290205081,0.0074102650815199,,0.103906811924017,0.0356356156279121,2.197336137098091,0.2960978561533076,0.0041256928656254,,0.1749430685564877,0.1317308755886976,122.64795244018916,1.0837429310451994,0.0133097713200881,FBgn0040022,FBtr0113871
354,354,0.0203539250576577,0.5239299880736762,0.0284828184418674,16.08873289060451,0.5858267340464841,0.0032084836083781,,0.406429052716546,0.0140995479018534,2.041333426155977,0.325915167718771,0.0017561096424212,,0.6754011076917958,0.0575387914591036,126.8030605429576,1.0530131651304668,0.0058620298052903,FBgn0040068,FBtr0074678
355,355,0.0470150834752682,0.6269715124011678,0.2951962455448046,16.1309251366047,4.554688247837707,0.0299161323000311,,0.3877013768872484,0.1284883823106878,1.3468359611124343,1.0476132437436727,0.0170970779997359,,1.0139073544660826,0.6782000194619938,193.1985433087372,19.802331785017795,0.0523466625002698,FBgn0040071,FBtr0083258
358,358,0.1015509526180578,0.3272399013216741,0.5120120359734496,16.57265526606979,1.1737715798513912,0.0329963634123614,,0.173652080042288,0.2101586731731521,1.6423030990130143,0.5799303783454276,0.0183716061221482,,0.6166695670500535,1.2474209178399382,167.2364271449349,2.375698485734781,0.0592631907739439,FBgn0040388,FBtr0303887
361,361,0.0090433341155201,2.69871991348861,0.0001338567146328,14.72566004084468,0.3304556453642784,0.0004883859789027,0.0023568852465385,1.0118512556164474,5.134347251679935e-05,1.5492147660136433,0.1884762851847008,0.0002988713436957,0.0346991403357638,7.197786365371375,0.0003489756180093,139.97095070072425,0.5793881890557652,0.0007980720447779,FBgn0040551,FBtr0335222
366,366,0.0508399054059527,0.454823596024254,0.6067828782638836,16.254069054937865,3.5670595953351025,0.0303619654779802,,0.2985595371457532,0.2279860500257133,2.016163165822654,1.20120394659784,0.0166268786512795,,0.6928752150343971,1.6149473238063354,131.03838286564942,10.592634325511552,0.0554432955830299,FBgn0040777,FBtr0088720
368,368,0.0,0.0,0.0,0.0,0.0,0.0,0.0,0.0,0.0,0.0,0.0,0.0,0.0,0.0,0.0,0.0,0.0,0.0,FBgn0042132,FBtr0331746
370,370,0.0019993807258597,0.181420481104021,0.0134333568146846,15.98003555597074,0.6887744928978645,0.0015568713372879,,0.1212715459974975,0.0073357367050634,2.275336773053391,0.3458582845934073,0.0008673293700296,,0.2714024192013982,0.0245994482307518,112.23021549790464,1.3716898602687213,0.0027946111876576,FBgn0042693,FBtr0336467
374,374,0.0285483783552694,0.2544956053892308,0.8832725760266993,16.47008174965491,6.012228459884163,0.0490989513597196,,0.1961916001340276,0.3396781355003342,1.755207587578881,1.0812232386542435,0.027037930827974,,0.3301263311894345,2.296793234606275,154.54786930045947,33.43147812734003,0.0891601890677944,FBgn0044323,FBtr0079537
375,375,0.0071002112787312,0.0579049492763768,0.8998909262467333,16.328411006792418,0.8304667385344443,0.0502215810486508,,0.0485688824566299,0.3556707890081853,2.444841422556592,0.467459608727763,0.0250303020602298,,0.0690356248920046,2.276834938847247,109.05288316325074,1.4753681193741102,0.1007661512416861,FBgn0044323,FBtr0306001
376,376,0.0,0.0,0.0,0.0,0.0,0.0,0.0,0.0,0.0,0.0,0.0,0.0,0.0,0.0,0.0,0.0,0.0,0.0,FBgn0046114,FBtr0334605
377,377,0.0992865078279855,0.492899053773149,0.2811344357321353,15.309871993803842,1.1650970681654231,0.040314985295937,0.0549872748199959,,0.1182614719198752,1.1092893319904775,0.5753060607382184,0.0229308460988692,0.1792743988303975,,0.6683205415198546,211.2994091866659,2.359528728944411,0.0708782411431285,FBgn0046247,FBtr0334729
378,378,0.0,0.0,0.0,0.0,0.0,0.0,0.0,0.0,0.0,0.0,0.0,0.0,0.0,0.0,0.0,0.0,0.0,0.0,FBgn0050161,FBtr0072333
379,379,0.0091454721934553,4.668555474236833,0.0044178637983827,14.67731515587626,27.455956083213064,0.0118408886180881,0.0011487575970736,0.9419997776043832,0.0013172586799778,1.4712605500591955,1.2718726500588566,0.0067505273389302,0.072808799571232,23.13738361112463,0.0148167712520885,146.42109460234457,592.6926130603097,0.020769731937444,FBgn0050163,FBtr0072334
380,380,0.0010091032918075,5.661336061164792,0.0001901057155526,14.804205217634593,1.8525751369639936,0.0004755521603797,,1.8630728632412388,7.566715324612199e-05,1.7068698452662787,0.8286917300827332,0.0002858491562734,,17.20315218465764,0.0004776204936404,128.40140842235616,4.141509458233062,0.0007911510399055,FBgn0050383,FBtr0088897
382,382,0.0021372482625869,4.36505463216135,0.0001685058150887,14.73088887895052,0.4232034907548904,0.0005799708012315,,1.742851979440723,7.404172033383017e-05,1.6905007706357036,0.2349013656508151,0.0003528247377202,,10.932484322545593,0.0003834893299438,128.3637907378101,0.7624527600804227,0.0009533518892539,FBgn0051118,FBtr0084736
383,383,0.0185021708477942,0.1279153984304084,0.2871689484564767,16.22082096999592,0.3261590397624469,0.0185266585932798,,0.1076888443594086,0.1384093343877936,1.6097393013108328,0.1856516032717256,0.0100774369134151,,0.151940985651227,0.5958124524069044,163.45195319913054,0.5730072746156717,0.0340599580608666,FBgn0051122,FBtr0333831
384,384,0.2145177482636144,0.8237362894080039,0.381957815637139,16.633371312413768,0.3491736053593339,0.0092701426648565,0.1764958135848779,,0.1409748409556229,2.2133280990617084,0.1977515098433548,0.005345631771182,0.2607306280268295,,1.0348780813465823,125.0013684522946,0.6165424819067843,0.0160758444848496,FBgn0051224,FBtr0344327
387,387,0.0969575413336923,0.4293992376355878,0.2733272586804811,16.40104939923995,0.299285306014214,0.0276678791746638,,0.2375487562848792,0.1205474215220601,1.301885378705145,0.1673986768133666,0.0161544298568815,,0.7761930989059891,0.619737771198326,206.61912776365227,0.5350800621673105,0.0473870972114622,FBgn0051635,FBtr0079326
388,388,0.0013977259726522,2.977024551139226,0.0001609823996975,15.042068408046855,1.0574710317608285,0.0003819228363732,,1.2134316327360122,6.943113503077348e-05,1.9600588442989928,0.5363310260904748,0.0002272977608582,,7.303810893822171,0.0003732523312615,115.43725977945502,2.0849902925896964,0.0006417355472072,FBgn0051807,FBtr0344410
389,389,0.2175105253385999,0.9174867411228538,4.0147615942185375,16.78176946507548,5.610514789395119,0.2930209457436661,0.1732637521190363,,0.1716793271155044,1.9598900201811813,1.0563304019744748,0.1677401756639887,0.2730567014419153,,93.88614767559002,143.69570918724554,29.799271272684614,0.5118706613048195,FBgn0052066,FBtr0076278
392,392,0.0328571522876119,3.497377043544342,0.0050582331751935,15.05050036362316,2.3952650089102523,0.006274623153863,0.0179842967408729,,0.0015579696144729,0.689159424463328,1.0324890615734237,0.003714922262771,0.0600297288243543,,0.0164224787293323,328.68673510750847,5.556760527967913,0.0105980402652157,FBgn0052512,FBtr0340438
393,393,0.0016908442032698,2.306471498961744,0.0002018703501319,15.081724468797676,0.5137114092362471,0.000183278845062,,1.0708567739058377,9.418666993831988e-05,1.81456183455509,0.2832825228614388,0.0001078376755661,,4.967807932072356,0.0004326688510072,125.35170123232577,0.9315767500015216,0.000311497209773,FBgn0052576,FBtr0074245
394,394,0.0528073230669779,0.3076799095955199,4.218870823425826,16.33686321643573,10.21790640825338,0.1269086458251354,,0.2367299071235409,0.5448860961079881,1.3515915495069104,0.8208929529226714,0.0704240799512637,,0.3998942420034154,32.66530592703221,197.46579493627289,127.1854155844612,0.2286974057213885,FBgn0052666,FBtr0301021
397,397,0.0034031107183842,3.0363347931745737,0.0028291117952442,15.019586665048688,4.095867620074416,0.0079664623709771,,1.2901205644600329,0.0012356092675379,1.957983382412998,1.1837263592213023,0.0047779817501072,,7.14609876798696,0.0064776736143604,115.21445259198067,14.17230547456086,0.0132827051310463,FBgn0052803,FBtr0332581
399,399,0.0065732506565524,1.3643544545186734,0.00067772730439,15.082347997647917,0.9284034028288016,0.0009883329902016,,0.6137537653614994,0.0002981136715187,1.84968701391014,0.480790473571464,0.0005830005242118,,3.032915124306488,0.0015407354408665,122.98146627589676,1.7927411747187654,0.0016754737928261,FBgn0053170,FBtr0299877
401,401,0.2711851371797946,1.7304213517707654,1.0418775668876783,15.92536999649916,10.414819390971026,0.2143451102307936,0.1982391420179126,,0.257211693316731,1.284333427876286,1.3857848860751096,0.1178132602903151,0.370973047394338,,4.220293604797706,197.47006814637348,78.27222250471787,0.389971605629421,FBgn0053867,FBtr0091871
402,402,0.0042367234055132,2.490459718411328,0.0015274768517344,15.103512596198916,3.065834487369769,0.0020605560914167,,1.0590803877033337,0.0006617928249016,1.8702524729296148,1.0745009139445805,0.0012187674003094,,5.856391715910828,0.0035255527784418,121.97074782433624,8.747634350016611,0.0034837585947872,FBgn0058191,FBtr0113825
404,404,0.0459282591480114,0.4034265633839575,4.095306827053597,14.46265231775248,6.7749126433892,0.1758282037974416,,0.2977134641265857,0.6014799896207929,1.5534216228393831,1.2452941591255324,0.0938148224703857,,0.546676625866638,27.883783828428825,134.65005828994973,36.85831254342849,0.3295380882950955,FBgn0082585,FBtr0088146
405,405,0.0029969613299096,1.8478397744257415,0.000347390460881,14.75942335921776,0.5468253246858061,0.0024762827603403,,0.8718312076412538,0.0001520127444068,1.9218973075673509,0.2981594822381748,0.0015103123532298,,3.916482688418284,0.0007938816760531,113.34662733481603,1.0028791755107649,0.0040600716110447,FBgn0083167,FBtr0332952
406,406,0.036493793940706,0.0324671686768445,7.799806429197632,16.299836689053347,1.2353172148880045,0.4240800215099834,,0.0236390931274216,0.4482995592733675,1.4005369485687773,0.5812492518260503,0.2220060807153104,,0.0445921100360606,135.70608998938383,189.7020113330929,2.6253945559577985,0.8100853096655982,FBgn0083940,FBtr0343017
409,409,0.0,0.0,0.0,0.0,0.0,0.0,0.0,0.0,0.0,0.0,0.0,0.0,0.0,0.0,0.0,0.0,0.0,0.0,FBgn0085253,FBtr0112417
410,410,0.0,0.0,0.0,0.0,0.0,0.0,0.0,0.0,0.0,0.0,0.0,0.0,0.0,0.0,0.0,0.0,0.0,0.0,FBgn0085298,FBtr0112464
411,411,0.0049998698638409,0.1827408520790836,1.83087447761048,16.120061919573445,4.787781954615245,0.270987972973258,,0.1555788977602284,0.7015037739048742,1.824753978330175,1.1669218269969006,0.134093609161941,,0.2146449132841606,4.778450918526352,142.4062637357149,19.643866036795167,0.5476359533844043,FBgn0085432,FBtr0089162
412,412,0.0077608514540334,0.7228592934185764,0.0017378040026922,14.91445082279605,0.6948026849275323,0.0015126331446008,,0.3675871215370118,0.0008324012486497,1.8045931793693253,0.3672509689088297,0.000873967453167,,1.421501264507688,0.0036280132408161,123.2637061297888,1.3144982909557712,0.002618014002528,FBgn0085468,FBtr0112741
414,414,0.0844370726881632,1.3380802077668057,0.0569430871512642,15.719159508862797,1.348040935886488,0.0035218177349715,0.0629900415812002,,0.0227655648487461,1.682797377422461,0.6490792421674773,0.0020430509666368,0.1131864508289839,,0.1424306928406857,146.83406272212173,2.799680295979694,0.0060709205795179,FBgn0086361,FBtr0085445
415,415,0.0056427560872811,0.0230987304088341,1.3701588264886622,16.092431088506547,0.4340253767604706,0.1380212446970579,,0.017404833295346,0.5790752429685824,2.142178568850431,0.2269164652863786,0.0748464951459009,,0.0306553551789931,3.241953843823094,120.88923962921658,0.8301646486266522,0.2545191187722362,FBgn0086472,FBtr0082369
416,416,0.0043661548948964,0.342853134667299,0.0087812173559199,15.854342224679348,0.6624351070208384,0.0031294525853385,,0.2382626026569343,0.0045461553403568,2.28425797701029,0.3555815516864699,0.0017334524155017,,0.4933559469273765,0.0169615361726413,110.0401836863622,1.234091782693593,0.0056496927151284,FBgn0086605,FBtr0344215
417,417,0.023942237432556,3.307202617708537,0.014950553959034,16.005046653807952,23.7853373549896,0.0012445759115407,0.0178066660285248,,0.0064149834271842,1.6405808416651355,1.0094473168621714,0.0006704310174488,0.0321919180355613,,0.0348432799895943,156.1407471579234,560.447547524572,0.0023104080200253,FBgn0086655,FBtr0114364
418,418,0.0179378097188246,1.641185799443822,0.0147146955869077,16.05777582287287,8.343113754248053,0.0011616972453522,0.00887287436981,,0.0066897230399094,1.916926892688409,1.1132804303838308,0.0006542698955109,0.0362638987207534,,0.0323664021550127,134.51330113899843,62.52471993271645,0.0020626663386445,FBgn0086655,FBtr0332950
419,419,0.0563052185081672,0.1264994301781192,1.4817505131435147,16.194116747638468,1.5477897542418733,0.1520213163583699,,0.0798983124219366,0.4688709415410024,1.551107153228825,0.7295798658742879,0.0813062273842569,,0.2002808989366759,4.682705599082359,169.07240527531545,3.2836064088272243,0.2842399822354368,FBgn0086779,FBtr0301616
420,420,0.177777048811042,0.6616558638604897,0.3538391981131337,15.9411428646921,0.8424133564633578,0.0491900375224976,0.1172333113186339,,0.1463022834827426,0.8381290313350843,0.4504950248537654,0.0278416053542417,0.2695878733482482,,0.8557773340298815,303.1991809515623,1.575289901099845,0.0869080557919798,FBgn0087008,FBtr0334280
421,421,0.0411624868563677,0.0884774415102712,2.974108578467502,16.286262291551,1.267310900844382,0.1450587541597301,,0.0692458221667796,0.6062648047888972,1.4405596761973325,0.6024610569446692,0.0791913766037297,,0.1130502521487721,14.589865297547574,184.12450647609435,2.66586014296772,0.2657112814652346,FBgn0250786,FBtr0305980
422,422,0.013059449132124,0.0780839708679351,2.778458811013816,16.296833863180183,2.978438438586265,0.1906909828712619,,0.0656842822343348,0.6683779672822365,2.0018897583492263,1.0665572440976745,0.0968496873053445,,0.0928244368226868,11.55010150303241,132.6680417122975,8.317505301793048,0.3754586303801239,FBgn0250788,FBtr0334404
423,423,0.0021220296341016,0.5505644820576493,0.0046515264631627,15.947745406053016,2.408146745964097,0.0004686741579889,,0.3274485026033534,0.0024332061592784,2.1961531478991425,0.9041839073832774,0.0002591338516419,,0.9257066271290482,0.0088922586172968,115.8073077825104,6.4137071039899,0.0008476525354552,FBgn0250816,FBtr0301725
424,424,0.0916230130430738,0.5425057760129443,0.4240916373645596,16.592004117833966,0.5609994226754924,0.0255303138700229,,0.252221198886133,0.1798583768980085,1.0895847839757002,0.3034859519352677,0.0147208208726735,,1.1668825551030553,0.9999740906398924,252.66010015459145,1.037017859427524,0.0442772133388175,FBgn0250867,FBtr0331199
425,425,0.2611107578532372,0.5400291004462882,1.009145080781823,16.283848109333398,1.6949191995289772,0.0598824024999701,0.1475212288488275,,0.3430747488366402,1.1312244654268455,0.8062287782023712,0.0327823066378075,0.4621628249623526,,2.968372920243876,234.40414997370704,3.563195919819747,0.109385290327095,FBgn0250906,FBtr0330716
426,426,0.0073089037215081,0.0677606644438756,0.3118494149499153,16.245689468318112,1.3732350343467992,0.02065641561298,,0.0468331650768781,0.1477841382218232,1.999982252638423,0.6383580973639672,0.0114518208458755,,0.0980396613882151,0.6580547735010143,131.962384142584,2.9541012596919543,0.0372593591638172,FBgn0259174,FBtr0299642
427,427,0.1244290059866494,0.7353849297018565,0.825617670038946,16.599872029569724,2.4027590493885453,0.0777051136428475,0.0898462125722497,,0.275639365917932,1.5897735770285053,0.9768093666296912,0.0438977281694558,0.1723230961836631,,2.4729578622071298,173.33018700256738,5.9103149976316605,0.1375489105709385,FBgn0259176,FBtr0300523
430,430,0.0029393698295955,0.57592771485221,2.4229765223958006,15.938650918647337,179.805465989447,0.0767010356405989,,0.4870978797680224,0.3791347697093714,4.028625543775273,0.047644489931464,0.0387032411013542,,0.680957044799405,15.484771371883312,63.05887463257086,678567.5667047433,0.1520040363786115,FBgn0259745,FBtr0300084
431,431,0.0061679575895046,0.6789074019868012,0.0022816603891671,15.632070659748816,1.5488860235171702,0.0003637659668547,,0.3965795926708967,0.0011063457468252,1.917095296743309,0.7028343692112088,0.0002040366915423,,1.1622263701676665,0.00470555804678,127.46452068736087,3.413390151280285,0.0006485386409743,FBgn0259937,FBtr0300861
433,433,0.0279532411792803,0.7191118227976762,0.0332049736284477,15.824757199146298,1.5142727669390117,0.0080834515878915,,0.4268569427717085,0.0155093309726675,1.6139258963547614,0.6902969633457514,0.0046539594410259,,1.2114639868091903,0.0710907695250679,155.1638405316761,3.321790670466293,0.0140401287122912,FBgn0260008,FBtr0333873
434,434,0.0096971732693956,0.3872534831596904,0.0334059483662807,15.5851509768728,0.5415805804691776,0.0090272413367201,,0.2809003857352135,0.0169292655407774,1.490572695483356,0.3110037572966103,0.0047956811249625,,0.5338734577626219,0.0659188305341785,162.95544102473562,0.9431060501998898,0.0169925989714391,FBgn0260008,FBtr0343636
435,435,0.033452627458804,0.4682351937134039,0.0404114623030905,15.545865445860024,1.1364457908127323,0.0095479834362092,,0.2601240135273561,0.0187133342414124,1.6782583016626118,0.5573204566203176,0.0054594151288705,,0.8428448940903797,0.0872685895739576,144.00282258181826,2.317354441442718,0.0166984897733883,FBgn0260049,FBtr0075846
437,437,0.0079073710722164,0.0526464316295035,0.2525355948525289,16.547450067423036,2.3981465656651766,0.00422695370599,,0.0328338968377641,0.122506686744594,2.076117857253854,0.897471915356145,0.0023383581844975,,0.0844141886969737,0.5205775159071869,131.88947957706333,6.408119131092209,0.0076408899847058,FBgn0260442,FBtr0305211
438,438,0.0,0.0,0.0,0.0,0.0,0.0,0.0,0.0,0.0,0.0,0.0,0.0,0.0,0.0,0.0,0.0,0.0,0.0,FBgn0260648,FBtr0345430
439,439,0.0378596250174561,3.773750504788421,0.0023227224946329,15.1101684283679,0.92132160735167,0.0015399450704197,0.0255613852285802,,0.0006356849370045,0.6747628129179388,0.4750884595971612,0.0009536092209133,0.0560748642393511,,0.008486971254182,338.36658684006767,1.7866851678376092,0.0024867951860183,FBgn0260749,FBtr0333410
440,440,0.1874729959475954,0.3757710637610232,2.975108192668994,16.780425649925174,1.4528419835920132,0.1584941942405211,0.0496721786335651,,0.4689511358232233,1.8269498110723408,0.6602327194950963,0.0891687125398627,0.7075615601409861,,18.874607783064977,154.12721427053862,3.196978530391135,0.2817177560651894,FBgn0260794,FBtr0303915
441,441,0.1157024480424261,0.2312418162971605,1.0982728231004495,16.632947128492102,0.952794014246249,0.0436608447691621,,0.1259662137686042,0.3819572326590575,1.3800506583087278,0.4903651223420254,0.0241751205777164,,0.4245009515221077,3.1579535372686918,200.4672281510726,1.851307102037912,0.0788525277393647,FBgn0260987,FBtr0344093
442,442,0.0016395396031058,6.620277513750786,0.0001700656866441,14.978281779267077,0.9673013775394722,0.0003434430302921,,2.2867756957340557,7.351030304908822e-05,1.808532043752983,0.5023756832394527,0.0002050192692876,,19.16588253095172,0.0003934460419027,124.050290308136,1.8624945159692,0.0005753269703189,FBgn0260990,FBtr0333822
443,443,0.1716638066002086,0.5842488012367718,1.5886714215880255,15.481807485607115,0.77004651059388,0.0955819885490572,0.1309022182089074,,0.4132886759570509,0.9889863068911784,0.3886042133476625,0.0551137246285021,0.2251181293921618,,6.106813548486386,242.3555931475339,1.525901182001112,0.1657648180480158,FBgn0261238,FBtr0113200
445,445,0.0062548610471549,1.1892929697593686,0.0006548806988039,15.045511731372622,1.812291244653356,0.0010741482014598,,0.5269959247643182,0.00028911961308,1.8871610235159448,0.7815352569141699,0.0006267536976817,,2.6839254374720465,0.0014833609006914,119.95130274422954,4.202496978083115,0.0018409055470548,FBgn0261385,FBtr0100216
446,446,0.0014225828177739,3.432042792404588,4.587286724240298e-05,15.00385673151522,0.5986608372526592,0.0001041004405673,,1.2111342948934392,1.865513402280139e-05,1.8664405657605785,0.3443938623566552,6.050741245472255e-05,,9.725525714662917,0.0001128011166506,120.61231466435656,1.04065384791585,0.0001791003992182,FBgn0261446,FBtr0070106
448,448,0.0052470505922927,0.2065558294958667,0.2204534072608322,16.032482903439103,2.5585233343860128,0.0225416494997175,,0.1707527530402201,0.1053786275524052,2.659615785485538,1.0754753005537383,0.0110257459559233,,0.2498660193705686,0.4611912861433073,96.64572960193269,6.086649920483817,0.0460854044886763,FBgn0261554,FBtr0302701
449,449,0.1312061272069177,0.3447333178583027,1.4309369537769043,15.91840942072202,2.6577958391238945,0.0701750986782698,0.0252896262921263,0.0257447638214875,0.4449126874330316,1.0458405528589598,1.0562695434674705,0.0374759448992842,0.6807157851121597,4.616125487327421,4.602207632014379,242.2890925323528,6.687572093838216,0.131405478574043,FBgn0261570,FBtr0302835
450,450,0.0152034844103432,0.1346823613911268,1.676792386160458,16.54965316284205,2.969176699075971,0.0728640456245197,,0.1166476056645084,0.5505034277800718,1.8886960844806813,0.992007203904608,0.0389315735824437,,0.1555054505110104,5.107384558210126,145.0159303346453,8.887042589645784,0.1363718097222321,FBgn0261617,FBtr0302723
451,451,0.0039089277552532,0.909312735811164,0.0011349143464805,15.132807082796376,1.0585310399355492,0.0010682657069759,,0.5002366956293239,0.0005470570580329,2.091143404836401,0.5288567193098956,0.0006161662763269,,1.6529168266397645,0.0023544720883022,109.510351932582,2.1186985464969763,0.0018520838685032,FBgn0261674,FBtr0302981
452,452,0.003569860546528,0.0193480854912838,1.2280832192205675,16.45150076785912,0.4163669251312459,0.1017005184755638,,0.0143520011127067,0.5387165313066891,2.1333700442665107,0.2150216019372026,0.0558939892485437,,0.0260833600303022,2.799595530645685,126.8658844452482,0.8062511616571391,0.1850466498679546,FBgn0261793,FBtr0300577
453,453,0.10839365530293,1.3923800607805152,0.4325807908670512,16.210114985968666,7.328283466972386,0.0281438400439061,0.0840496296691145,,0.1659310719576216,1.3095202470660154,1.0952374003035596,0.0161198285826794,0.1397886529207142,,1.1277341755193089,200.65961442525085,49.033879373929445,0.049136734200018,FBgn0261822,FBtr0079570
454,454,0.0,0.0,0.0,0.0,0.0,0.0,0.0,0.0,0.0,0.0,0.0,0.0,0.0,0.0,0.0,0.0,0.0,0.0,FBgn0261830,FBtr0303390
455,455,0.0297856446310539,0.0673614106058979,0.7940588733936128,16.35352322015603,0.794537280448379,0.0764265022405215,,0.0460003629461434,0.3161369973416415,1.9180841137097144,0.4183607088909985,0.0419012164461075,,0.0986418225466805,1.9944818218594509,139.42961093345298,1.508959796190576,0.1393995387277843,FBgn0261862,FBtr0301282
456,456,0.015167538395363,0.2653570480428318,0.061127718907293,15.964421865901638,1.692671247516273,0.0083943260397774,,0.1824880883432699,0.0288757459344974,1.803769011358164,0.7350375250304539,0.0047120811432229,,0.3858573103881308,0.1294026491050739,141.29456926448532,3.89794514511295,0.0149540526829486,FBgn0261872,FBtr0345067
457,457,0.0036715139687584,0.215162175563975,0.1427028370552349,15.879154891819692,3.5796171601642404,0.008454173234889,,0.1722692054162777,0.0699871930453607,2.05324318543074,1.148163348456548,0.0045074807073847,,0.2687349818648922,0.2909689447098468,122.80452791348462,11.160135907985076,0.0158565393232671,FBgn0261934,FBtr0303748
458,458,0.0073405661676266,0.059665921859383,0.1880537453534549,16.000326231388488,0.7709668418025001,0.0084530372257277,,0.0423224070876178,0.0956623079345093,2.0420232848671227,0.3816837134261173,0.0046804308606052,,0.0841167238895433,0.3696775867635611,125.37096976713345,1.5572838196932328,0.0152665086757202,FBgn0261934,FBtr0303750
459,459,0.0119767929859335,0.2147515498804525,0.1487893151042544,15.817498216122065,1.231054008251364,0.008323266444682,,0.1751307547925713,0.0719514654680424,2.1479428562867846,0.6142683069787847,0.0044979275014677,,0.2633359756296369,0.3076832437697313,116.48040313769869,2.467153121875276,0.0154019299525311,FBgn0261934,FBtr0333047
460,460,0.0,0.0,0.0,0.0,0.0,0.0,0.0,0.0,0.0,0.0,0.0,0.0,0.0,0.0,0.0,0.0,0.0,0.0,FBgn0261975,FBtr0304022
461,461,0.1604143636713508,1.7041895494858843,0.2451331616928405,15.915715926848453,5.7414912894329015,0.0275371958091035,0.1231572688980196,,0.0906527146929768,1.261795265201321,1.2662318624567108,0.0156926584411828,0.2089423409786102,,0.6628622999878424,200.75365667481844,26.033717207744694,0.0483217777198844,FBgn0261985,FBtr0306559
462,462,0.021137408621444,0.0729934168010235,0.5922340009380407,16.040850004295727,0.337715005160036,0.0331673852143576,,0.0591606031333578,0.2533931737808195,1.8066318004608035,0.1934337069608991,0.0180299164646355,,0.0900605912397081,1.3841774292249245,142.42463173441564,0.5896150495285579,0.061013895661431,FBgn0262114,FBtr0306247
464,464,0.1310096319893128,0.739242203859326,0.3432817607983173,16.509767645020286,1.193542604860226,0.026574034934985,0.0963695042599975,,0.1371392434684844,1.6749737022282805,0.5672988084240221,0.015502992649213,0.1781011929631733,,0.8592899035779947,162.7323625021368,2.5110998444963624,0.0455511621984581,FBgn0262527,FBtr0301732
465,465,0.0155129574663982,0.1498952105814919,0.6973178226294545,16.074658372604144,1.391517005947241,0.0554052442179551,,0.1262157307268954,0.3189764664254188,0.8525102048106387,0.6183414093815031,0.0304704777612565,,0.1780172251578301,1.5244138578805655,303.09859088822014,3.131473241905601,0.1007447638630217,FBgn0262614,FBtr0310205
466,466,0.0031647930790287,0.0257304127132676,5.070056396097352,16.266742390503047,1.710247386819557,0.2786522561284837,,0.0214475742920514,0.4227104356580992,3.139433696780741,0.8476377333118207,0.1354832377376733,,0.0308684856096032,60.81106519073266,84.28491682124829,3.450703064733814,0.5731120774943147,FBgn0262739,FBtr0087612
470,470,0.0204861760436817,0.0669738862942309,2.632313697334507,16.298627853716482,4.039243949768756,0.1802894965719594,,0.0505882523642873,0.5767898941451269,1.6740694284690874,1.0386188956788251,0.0970026099533541,,0.0886668591168628,12.013170604253736,158.68234936759555,15.708833869308672,0.3350868867322331,FBgn0263102,FBtr0330607
471,471,0.0204861760436817,0.0669738862942309,2.632313697334507,16.298627853716482,4.039243949768756,0.1802894965719594,,0.0505882523642873,0.5767898941451269,1.6740694284690874,1.0386188956788251,0.0970026099533541,,0.0886668591168628,12.013170604253736,158.68234936759555,15.708833869308672,0.3350868867322331,FBgn0263102,FBtr0346958
472,472,0.0093325578114063,0.1869471680058639,0.3381503724470209,16.49674089827098,2.9877630818967864,0.0216563090401824,,0.1545011242518941,0.1543016415619577,2.2743947538639726,1.0517107352042807,0.0114289551154395,,0.2262070505612146,0.7410528703944156,119.65489271479508,8.487816977366393,0.0410357479320496,FBgn0263108,FBtr0307304
473,473,0.0042013282110169,0.0295922661791937,0.6164039428410407,16.55062263715182,0.927063104845359,0.022178324666338,,0.0210165920261039,0.317960150996532,2.3869496053853507,0.4095219144530911,0.0122489537747408,,0.0416671845051078,1.1949730793596371,114.75864804995749,2.098656921726133,0.0401567426942064,FBgn0263108,FBtr0332096
474,474,0.0035889086764609,0.0296904806009689,0.3787243945753317,16.244148994196312,0.339477334242062,0.0421452856136877,,0.0219275904912255,0.1969102776894354,2.294543038552128,0.1782203493758043,0.0232705842883271,,0.0402016189908901,0.728413817346147,114.99996823426522,0.6466425459703573,0.076329200739076,FBgn0263197,FBtr0332261
475,475,0.0101058898413735,0.2156886363084834,0.1381037722043832,16.484860138354158,4.1224776292343694,0.0059348183288408,,0.1584296860690024,0.0648287150448765,1.8162935253674215,1.0538200279338388,0.0032980092942875,,0.2936418608590263,0.294200677645353,149.61822524039712,16.12687304573111,0.0106797966450101,FBgn0263289,FBtr0308621
476,476,0.1000658037222809,1.092791353787444,0.1371720830194663,16.639756579615923,3.216855578097011,0.0065864917276767,0.0722366878806179,,0.0601866975497786,1.6882922941872376,1.1549483944516523,0.0036146320920193,0.1386160601816949,,0.3126302177376829,164.00092565853072,8.9598460503051,0.0120017396444124,FBgn0263289,FBtr0308624
477,477,0.038745543849122,1.670957744776177,0.008866616750508,15.251678168099,0.294589737289771,0.0067536268731126,0.014314738099848,0.4780177679967236,0.0037950030952737,0.6719479179086482,0.1642484307029056,0.0041588504824148,0.1048721365136385,5.840995820152496,0.0207158968324159,346.17814974000964,0.5283649465938007,0.0109673276627979,FBgn0263398,FBtr0309097
478,478,0.0115892689727657,0.5507445469869853,0.0048800224102886,15.820907731028427,0.5845080686765741,0.0012905186913641,,0.3589099850199516,0.0023688916133271,2.1637274556410664,0.3214513229164447,0.0007256225385964,,0.8451131723711678,0.0100530638847892,115.68052195351756,1.062834892848844,0.0022951857255999,FBgn0263603,FBtr0310582
479,479,0.0,0.0,0.0,0.0,0.0,0.0,0.0,0.0,0.0,0.0,0.0,0.0,0.0,0.0,0.0,0.0,0.0,0.0,FBgn0263621,FBtr0309980
480,480,0.0022569932951026,0.0246347220549134,2.4581026679206754,16.24324793523429,1.1790739079524484,0.0999675987154277,,0.018583969962339,0.7508363484955409,1.6399425734181678,0.5476735326471978,0.0550063339746282,,0.0326555376462981,8.047384410924835,160.88557475251048,2.538401433596048,0.1816794552703388,FBgn0263929,FBtr0305691
481,481,0.0,0.0,0.0,0.0,0.0,0.0,0.0,0.0,0.0,0.0,0.0,0.0,0.0,0.0,0.0,0.0,0.0,0.0,FBgn0263971,FBtr0329904
482,482,0.0417551298464441,1.134817823388368,3.3675819337984336,16.39124881992431,187.40726131825133,0.1938709126060139,0.0264128306285029,,0.4449611013582778,1.6166811770466456,0.0020009432139634,0.1078842624559847,0.0660092397144269,,25.48674040545909,166.18801634561132,17552462.93333757,0.3483912287023627,FBgn0263993,FBtr0330261
483,483,0.1723903454747655,0.907767876000524,3.472333094209292,16.319692018952164,16.262137103231897,0.1943787259629329,0.1275377087478239,,0.3483116663333764,1.8072979361457215,0.7011733019385441,0.1091858463001516,0.2330168191406846,,34.61582910519273,147.3649376048293,377.1636804099116,0.3460438361498554,FBgn0263993,FBtr0345897
484,484,0.0197056883042403,0.1069826273204363,3.5026095623390563,15.620392008248942,12.609863043205772,0.0944047273375046,,0.0814921727941695,0.553274712562255,1.5839738539480477,0.7151797349087132,0.0516320449993149,,0.1404464030832938,22.173928190886837,154.0408295775886,222.3338249212317,0.1726108765164511,FBgn0264089,FBtr0330729
485,485,0.0017104723191092,0.5352021820026419,3.6103757212099463,15.263125166941704,142.1931225241891,0.0964260885806134,,0.462729422866768,0.1446914145645789,4.410605258725068,0.17165676125682,0.047108306333221,,0.6190256367226147,90.0869819230672,52.81882557975041,117786.70379857086,0.1973747579288223,FBgn0264089,FBtr0330733
486,486,0.0126145322937895,0.0166005209327051,120.01669377256512,15.265738423334753,4.182266288900638,6.442069265534983,,0.0138376172339433,0.0031794689551316,1.224108275430796,0.9670122943843216,0.9278623969776846,,0.0199150829639365,4530318.42341142,190.3775787543508,18.0880340538081,44.72673594395973,FBgn0264270,FBtr0331250
487,487,0.0362542161390118,0.6652702555934658,123.8157270531516,11.232467937520903,1328.501305971283,6.701281264455919,,,,,,,,,,,,,FBgn0264270,FBtr0331261
488,488,0.012583508706536,0.0298905611836883,4.4961600027154445,16.33080343568761,1.0321852242850844,0.3603950204037753,,0.0237394041112658,0.6769662331221677,1.5398129565133507,0.5284224212073401,0.1839072946712341,,0.0376355549485684,29.86183620530744,173.19969917577055,2.016201990063572,0.7062502385456142,FBgn0264491,FBtr0084177
489,489,0.0128233780048242,0.0374300886885375,4.522705610843859,16.368417843012885,2.592733596481123,0.3604340997957115,,0.0283787110634537,0.6575388073038498,1.496689923403988,0.8859792520982477,0.1907542587111868,,0.0493683992940757,31.10822633607129,179.01176355494442,7.587387048174913,0.6810476535270464,FBgn0264491,FBtr0100514
490,490,0.0529587446134118,0.8225249244846666,0.163026683635702,16.097330604845897,4.782115078794378,0.0217069997794737,0.0015512050954194,0.2240620360058338,0.0715589043066141,1.5069463276107322,1.14015104138773,0.0123337923892993,1.8080321160047623,3.0194639996080883,0.3714100968256261,171.95307347976373,20.057539568615496,0.0382034839369337,FBgn0264492,FBtr0345139
491,491,0.0063582744512265,0.0462401954774332,0.9769586442234376,16.257157315781654,0.5968111318241647,0.0779263533558971,,0.0369060426058616,0.3960417214763959,1.7877199239913832,0.3286880282804224,0.0417046956769954,,0.0579351110772207,2.4099688006728908,147.83924508711067,1.083652267265908,0.1456075017158746,FBgn0264495,FBtr0303789
492,492,0.2434901101455139,1.216880477684389,0.1733816856434087,16.30735839256583,1.150049134549721,0.0259299711379763,0.1723484384332512,,0.0687674724834184,1.673805551501292,0.5789320615304118,0.0150774532014608,0.3439975103785805,,0.4371428501141773,158.87743800650313,2.284573786399433,0.0445939638632831,FBgn0264693,FBtr0073266
493,493,0.0174587972387769,0.1619970854585322,0.1719865941511522,16.301338488300374,0.9868282225528212,0.0217337828760926,,0.124814066483905,0.0831741137358733,1.997547131970894,0.4896620709658049,0.0121220431021107,,0.2102571964550412,0.3556321460983051,133.02997073613736,1.9887796065273904,0.0389668073381863,FBgn0264693,FBtr0073269
494,494,0.0084421301261396,0.1037432519898034,0.3351417163797601,15.528132099347426,2.465465677872639,0.015211734457857,,0.0755402922228496,0.1537628261599264,1.8972764376985007,0.8976297979578401,0.0084318951706522,,0.1424757836740845,0.7304754527674279,127.088958521658,6.7717460166729975,0.0274430434123216,FBgn0264785,FBtr0334274
495,495,0.1304846929784636,0.4257728243993504,2.853467875562338,16.44396148507064,2.870304256610124,0.175978863546095,0.083738368389891,,0.4571362760663246,1.694744570987141,0.9743415764905023,0.0991794657072979,0.2033268074009828,,17.811491546745906,159.55435052078911,8.45560399381613,0.3122477036362615,FBgn0264962,FBtr0302294
496,496,0.0091822477428559,0.0377006090648868,2.979439342471499,16.266926098228797,2.208337950175589,0.1800840345434188,,0.0294001165806173,0.6772732158792641,1.6136028492063712,0.8282092058617906,0.0970524021935329,,0.0483445676130574,13.10705722201406,163.98885563159698,5.888314773211475,0.3341520535758182,FBgn0264962,FBtr0339986
497,497,0.1990920979209132,0.4185674823789373,3.3465923766194945,16.645114227905093,1.5030560052376611,0.1703271147353965,0.104582640759535,,0.4254357729811289,1.810118841282358,0.6746449812230961,0.0961996223513326,0.379008056850359,,26.32519700158008,153.06167823971637,3.348690671032971,0.3015742193678481,FBgn0265140,FBtr0301499
498,498,0.0222469317573446,1.0342738814687102,0.0091237094516777,15.806986186156628,0.6943161577200693,0.0060365643964365,,0.5143019133474895,0.0041771022493811,1.8886326037910268,0.3706288713836119,0.0035955683366823,,2.0799503834736672,0.0199281868599137,132.29720369531069,1.3006944792819397,0.0101347287271832,FBgn0265262,FBtr0080429
499,499,0.0119901319871432,0.0700926371716307,2.2192031087476423,16.392897129593006,3.1447375832367808,0.1113300493713161,,0.0567852418507247,0.6206072409685692,1.3653663674982204,0.9328666333138684,0.0613469103302355,,0.0865185675987602,7.935554264866562,196.8168271156488,10.6010592664156,0.2020375570065338,FBgn0265434,FBtr0072398
500,500,0.2109342348951786,0.7177331397548203,2.271261669131045,16.358042018667508,3.2136329372181853,0.1085003922895957,0.1568346821368232,,0.4078833061816764,1.7344417843769488,1.0226435876297706,0.0616038310309095,0.2836952314667129,,12.64731723873549,154.27761317490086,10.098764398562327,0.1910974517329845,FBgn0265434,FBtr0302574
501,501,0.261310761028019,1.1547944424940657,1.8258419657600884,16.45930573114047,3.621480333335214,0.2386929511960516,0.1978802952927173,,0.3040731072353649,1.742674835053321,1.0974562869421634,0.1367209051453807,0.3450738423855358,,10.963478205095743,155.45570504715786,11.950471249544092,0.416719922166238,FBgn0266000,FBtr0343136
502,502,0.3046825830465788,1.3743507177614414,1.8714734248357188,16.29300686549701,0.7842869409990438,0.2257877956216417,0.2476090757553856,,0.2220364817269778,1.3212203754989784,0.3892845044788926,0.1338909174297571,0.374911445102457,,15.774041962045672,200.92187317265447,1.58009373284723,0.3807586775139233,FBgn0266000,FBtr0343138
503,503,0.3607395866073889,0.4071575742112314,1.9818751389816276,16.09735964837555,1.530169425959519,0.2443456080165783,0.0117300618025722,0.0512404823973765,0.4916567133484361,1.434213273135715,0.7494902678233067,0.1312551273962804,11.093978150834102,3.235279655487046,7.98896660998057,180.6739572857302,3.124014510476975,0.4548757625043705,FBgn0266000,FBtr0343140
504,504,0.1335703554567413,1.3437939473787668,1.8507604371437836,16.399517573305936,20.947917403779208,0.2049833019031238,0.1024153980970817,,0.3140120160730663,1.6959308551204513,0.5439402988775137,0.1184592555123862,0.1742027096348181,,10.908226502069985,158.58204113991948,806.734203112187,0.3547055388568919,FBgn0266000,FBtr0343141
505,505,0.0078166476016727,0.0866481079691238,0.2134154694169771,16.40506770556119,1.3409947710023673,0.0099076846550329,,0.0613394053021629,0.1011038783974019,1.9253653285084351,0.60906085036366,0.0055221312697486,,0.12239920777915,0.4504887775664113,139.77931483399914,2.952524324592488,0.0177761466413029,FBgn0266019,FBtr0305604
507,507,0.0574616325394166,0.3598561356432694,6.382492734173614,15.160082578608495,53.60702288921237,0.357900007903549,0.0288341634111011,0.0203362783899971,0.3515595706591106,1.5755083417030675,0.1434938558980266,0.1881324161984942,0.1145113581767291,6.36775499807293,115.87286167577784,145.8755232877999,20026.73135417542,0.6808630763675148,FBgn0266101,FBtr0343557
508,508,0.0016681912226296,0.4218781752606906,0.1903180028746555,16.072248455547992,6.18594574508359,0.0295011707115297,,0.3390911854597285,0.0947265753714336,2.4642377844036014,2.1270121804688364,,,0.5248770902728981,0.3823736060991435,104.82639786297374,17.990458687774506,,FBgn0266418,FBtr0344403
509,509,0.0126709894822487,0.2280012738832196,0.0521055646291245,15.50536418674002,0.5221970080885177,0.0301872737864357,,0.147964582612959,0.0254973180719531,1.9330129394748168,0.2864623092051129,0.017266924474217,,0.3513312441015058,0.106481389833166,124.37387958135402,0.951921793876722,0.0527755536324922,FBgn0266464,FBtr0344767
510,510,0.0066928308168471,0.5175418292050997,0.0105379044737748,15.396147253773162,0.5463332429831107,0.0060422744663283,,0.3499343347873715,0.0053086284215584,1.8894119116747088,0.2905610746283636,0.0035534342886623,,0.7654280199161149,0.0209182903530107,125.4577410014112,1.0272539526163564,0.0102743086717349,FBgn0266572,FBtr0339443
511,511,0.1149199780381851,0.398925871834171,9.014091901769715,15.915603409254768,13.942572789826285,0.4779500664117355,0.0476635073616938,,0.2004241179722736,1.658322859154159,0.7237135295080299,0.2542750238791957,0.2770799314469002,,405.4095566721713,152.74856188732934,268.60812748899616,0.8983826350617544,FBgn0266599,FBtr0083059
512,512,0.0,0.0,0.0,0.0,0.0,0.0,0.0,0.0,0.0,0.0,0.0,0.0,0.0,0.0,0.0,0.0,0.0,0.0,FBgn0266710,FBtr0073941
513,513,0.0053480637177466,0.1145778993528606,0.0832876259954249,15.980899901313586,0.8860281739532728,0.010333684773711,,0.0818296679167026,0.0425468776175328,2.187858488685308,0.4411785578440105,0.0057561054610773,,0.1604319723437937,0.1630396643041848,116.73020123402446,1.7794290114084452,0.0185516130176046,FBgn0266719,FBtr0303025
515,515,0.1877209494324343,0.8811730541065765,0.1844562373844502,16.18034136275244,1.068128309064726,0.0118565340978234,0.1293499576307175,,0.0785611895496639,1.5225389219597705,0.5530465541901497,0.0066751151951148,0.2724326741290412,,0.4330904827824643,171.95189091009328,2.0629331762063647,0.0210599213202688,FBgn0267698,FBtr0081716
516,516,0.0490504832246043,0.3072993603619877,6.9987795844406255,16.37486005901399,25.47711994052929,0.1891249805881608,,0.2181240580730111,0.3090459255605574,1.987944513535656,0.5650251941388553,0.101071846900819,,0.4329320557903701,158.49720582057867,134.881049308262,1148.769377360901,0.3538894299376093,FBgn0267791,FBtr0301760
517,517,0.0263823389584987,0.4881977409817901,0.1524174593308333,15.86720397390899,1.3524155574351566,0.0242143882728561,,0.3582038023420616,0.0718163320069098,1.3560258324175176,0.6203867992045176,0.0141538455570953,,0.6653671254782674,0.3234790925639457,185.6661989254157,2.948205607111388,0.0414259571410049,FBgn0267861,FBtr0113830
518,518,0.0220637136583963,0.0923421845536119,6.952749151756788,16.117136832330374,11.072582084653815,0.6817406536215709,,0.0715281399387028,0.5269773402130579,1.5439181142881775,0.7835921697330115,0.3390523936114457,,0.1192129287220489,91.73206716575424,168.24862489020245,156.4615864693621,1.3707920296619225,FBgn0278608,FBtr0089261
519,519,0.0219109590034532,0.0980151898701391,6.974805122798456,16.08991960876265,8.939261559305441,0.6793979056471142,,0.077798255558649,0.5817921819075311,1.5085849566872305,0.8620976815764241,0.3394308212097003,,0.123485769395396,83.61732593503221,171.6081761712268,92.69297312057785,1.359869184986357,FBgn0278608,FBtr0089263
520,520,0.0041617445101784,1.374193352018629,0.0062600336565536,15.527036524508384,2.5456932684855023,0.0044918102387296,,0.831861267407148,0.0030933788736368,2.118109568835149,0.9460969733682948,0.0025901884793915,,2.2700989248101733,0.0126683548902341,113.82265902608798,6.84977798220866,0.0077895332255884,FBgn0283438,FBtr0445183
521,521,0.3462734965180683,0.4340687541551443,2.19641195488802,16.484752436710675,0.7467781004080631,0.2013652984469632,0.1242533207890835,,0.4773591604422453,1.826482275412808,0.4078175503321367,0.1115929231746885,0.9650070809325456,,10.10607080652993,148.78165890672017,1.367468199431066,0.3633562260499297,FBgn0283521,FBtr0089361
522,522,0.2029121076053113,1.0443793942757265,0.1464518094182583,15.946603777554635,0.4804183403646844,0.0686023670534581,0.1295573210722642,,0.0478981168906551,1.551619600958832,0.258417955057133,0.0421532373294889,0.3178000523016671,,0.4477865493302171,163.88950737743792,0.8931336899857841,0.1116470540222315,FBgn0283535,FBtr0078701
523,523,0.0089940428690203,0.3306631119189893,0.0159910248293028,15.855024507056994,0.7135313041086617,0.0014437656334722,,0.2484540331488818,0.0079612283844835,2.6171080787470973,0.3845048547472472,0.0007902878901675,,0.4400737319423229,0.0321197763387578,96.05327504843564,1.3241105168299634,0.0026375947680958,FBgn0283657,FBtr0299580
524,524,0.1803001001358206,0.2559566613948582,3.4286769471052136,16.38858905793822,1.839835616897812,0.3630517737562613,0.0492300775715452,,0.4886790734481034,1.3695372100394785,0.7908297482473565,0.1962973551839202,0.6603305887898195,,24.056331130903583,196.1143146320428,4.280308251817291,0.6714639140403689,FBgn0283741,FBtr0309967
525,525,0.017127173721389,0.065659032589776,3.3762687598125525,16.207209675993766,3.4242576700647525,0.3700860331710162,,0.0521346814203821,0.6304512754960832,2.656055523645924,1.1911098966621572,0.1794106079378327,,0.0826917599412017,18.08100194502186,98.89614247260091,9.844213891476954,0.7634089952792401,FBgn0283741,FBtr0309968
526,526,0.0810785406463507,0.4879320425891375,0.2807861414381634,16.30003764312282,1.0517944712170475,0.0244124907856685,0.0075715587990603,0.1546365715921967,0.1181869404477096,1.5694811167633027,0.5290243122087951,0.0139629974772921,0.8682135248236872,1.5395949078143023,0.667086032729771,169.28602984096335,2.0911545729605834,0.0426820750579931,FBgn0284257,FBtr0086724
527,527,0.0112483647989188,0.0368779783953214,3.5169866223638317,16.678664730539857,1.630825571802828,0.1185900055834916,,0.0289775415632897,0.6501141410045829,1.3270373649088214,0.6953608691877519,0.0651143415401412,,0.0469323902980333,19.02618958998918,209.62322881757535,3.824765188114021,0.2159829784291491,FBgn0285926,FBtr0073414
528,528,0.0203457399628153,0.1012119988698443,3.4673500129868344,16.67627165306659,5.930406796897589,0.1179620671495021,,0.0812203008868672,0.6170493129193352,1.28343202302671,1.015369109294881,0.06418216891346,,0.1261244861613868,19.483882180631262,216.68310534362024,34.63737911143723,0.2168055321556051,FBgn0285926,FBtr0073416
529,529,0.0087776114441248,0.6550539389153945,0.0029083216100452,15.239028788882726,0.6262691623416334,0.0044936318303649,,0.3367048782131097,0.0013256969047353,2.047562049533296,0.3421519418955212,0.0026418824909282,,1.274396929339964,0.0063802929291327,113.41683075310394,1.1463125461957966,0.0076433100625052,FBgn0285947,FBtr0074732
530,530,0.0509110468919718,1.101760866769636,0.0764115755995968,16.09858658960527,1.81616951601975,0.0110456406190113,0.0179116739603828,,0.0341494792084079,1.4052874767127663,0.7755937893417094,0.0064663157505891,0.14470644683291,,0.1709756347960748,184.4209775420852,4.252834094660575,0.018867958415615,FBgn0285962,FBtr0472694
0,0,0.0009644914851512,11.047631040689396,0.0994879929843916,82.46222020970762,1215.4578989987533,0.0299104329793584,,,,,,,,,,,,,FBgn0000071,FBtr0081619
1,1,0.0022899332916312,2.298905243129742,0.088422078893629,83.03733008211127,30.88707495995675,0.0296372187096044,,1.3291165971472487,0.0289727057123595,,0.906241757704105,0.0171964068948839,,3.976299241340309,0.2698561920137082,,1052.7118083798114,0.0510783873753445,FBgn0000071,FBtr0081620
2,2,0.1000191009291669,0.258994310297173,17.712915067806225,24.743691195347623,10.43807037980454,0.699165844373941,0.0373034525636952,0.1003038302833415,0.091259046150251,,0.9446920088967686,0.3504697160823613,0.2681741196367133,0.6687486666942237,3437.986407207849,,115.33210001531702,1.394793488588466,FBgn0000117,FBtr0332583
3,3,0.1082510575460751,0.3018599643437151,1.939656641677315,30.607724615797835,0.7749744907442637,0.1270176960637996,0.0506865549061093,0.0651152652610654,0.3806987168434191,,0.4046581898314828,0.0734869569750011,0.231191318517314,1.399356014419437,9.882533670714563,,1.484179676567131,0.2195422939997922,FBgn0000163,FBtr0343764
4,4,0.0074506417324689,0.1168587465728875,126.57652511455017,34.6955512670398,114.19884587303788,1.9009587762691256,,0.1060427950345058,7.590752967655655e-05,0.0075801874778469,0.0866487419239094,0.6566070106555292,,0.1287778829871728,211067555.1996326,158806.2671591999,150508.54875868978,5.503511553230141,FBgn0000180,FBtr0079929
5,5,0.0074506417324689,0.1168587465728875,126.57652511455017,34.6955512670398,114.19884587303788,1.9009587762691256,,0.1060427950345058,7.590752967655655e-05,0.0075801874778469,0.0866487419239094,0.6566070106555292,,0.1287778829871728,211067555.1996326,158806.2671591999,150508.54875868978,5.503511553230141,FBgn0000180,FBtr0329984
6,6,0.0084027682296937,1.9311894273340044,0.0121423312133626,20.459918525055176,4.253520314718889,0.0030146659553177,,1.107565810149425,0.005495586843808,0.0106121788870983,1.1923617400598523,0.0017204621970433,,3.3672875869502352,0.0268281098061652,39446.02428072646,15.173612553869852,0.005282424012437,FBgn0000229,FBtr0302378
7,7,0.009383602576057,3.541807735470084,0.0030964433906923,45.06975604138428,3.403476479575866,0.0086071934229019,0.0012470347571066,1.1753476521941235,0.0009625449397555,,1.1844796992537845,0.0052306262267231,0.0706090963412105,10.672928993917669,0.0099610535318981,,9.779527799694469,0.0141634625392947,FBgn0000233,FBtr0071379
8,8,0.0246499847500307,0.3253396826976761,2.4098222722143308,27.474920257778106,18.55123495566937,0.0781798086236791,,0.2677639380165714,0.4692458601519385,0.0002810567942736,0.5031957987657469,0.0438949853773592,,0.3952956097145315,12.375694442525068,2685831.6843832857,683.9252617461949,0.1392432967886959,FBgn0000395,FBtr0071610
11,11,0.0316315234281357,0.4325503841935411,0.4882318738523294,38.92457589614304,2.5804118684138437,0.0269985577813071,,0.3570732069828998,0.16972589303882,1.1243742070580774e-08,0.9020898656812436,0.0159125083495459,,0.5239817247753908,1.4044431192996374,134752522708.51308,7.381221831621633,0.0458081219037589,FBgn0000439,FBtr0081621
14,14,0.0493490160812855,0.6947243737273632,1.0818222110193074,28.073989529079583,35.25540509191097,0.182069736778425,0.0273632698042448,,0.2977369395855765,,0.2052844524514908,0.1044820281450715,0.0889997944548712,,3.930782985422337,,6054.738063947888,0.3172735985229692,FBgn0000489,FBtr0075529
15,15,0.0029806070170503,0.1609115794119628,0.0499247372076262,18.001069664373116,0.4532807793636041,0.0013013267707262,,0.1411269618160809,0.0245696405521417,0.9358149592396,0.2601292421918029,0.0006871052706441,,0.1834698065887368,0.1014454965249081,346.263442213953,0.7898514723269003,0.0024646170485949,FBgn0000490,FBtr0077773
16,16,0.0469689221686463,2.6273719263621267,0.0774413333442831,12.102436828586244,3.4311457803561995,0.0013053356774969,0.0417342042380244,,0.0362568441443247,,1.0204620915596028,0.0007395765860831,0.0528602303545151,,0.1654076699634408,,11.536696427462084,0.002303887471574,FBgn0000490,FBtr0077775
17,17,0.0339374815975467,0.3169828383637392,3.074530725215453,39.44915452114864,8.039927055399932,0.1555790188237364,,0.2448436745446989,0.3031160110799012,0.1712082404423739,2.127262520028591,0.0632261760046955,,0.4103766209356944,31.18521897479748,9089.724819391897,30.386671342887688,0.3828292746402837,FBgn0000542,FBtr0070606
18,18,0.0379194196692522,0.8978957576031845,3.104056461246482,38.52254946075154,42.7757538120043,0.1250638076973902,0.0294619046955739,,0.2679320111479692,0.0359819861368667,0.3490664395633876,0.0710639081722183,0.0488048007387955,,35.96123685752829,41242.4931550838,5241.882079737802,0.2200970421984819,FBgn0000542,FBtr0112802
19,19,0.0676812161619756,1.7955459915499512,0.100757589285189,19.488966831270137,5.067147018022696,0.0430293599357567,0.0478012221252364,,0.0331925129168739,,1.2415207022382695,0.0256530434099742,0.095829077532009,,0.3058548722715674,,20.681071895109344,0.0721756786082157,FBgn0000565,FBtr0075552
20,20,0.0,0.0,0.0,0.0,0.0,0.0,0.0,0.0,0.0,0.0,0.0,0.0,0.0,0.0,0.0,0.0,0.0,0.0,FBgn0000591,FBtr0084961
22,22,0.1129126120265977,0.8131786533591275,0.1622832643618064,24.35419875563876,0.9182522746011008,0.0141502516869633,0.0828611764944347,,0.0603526662278028,8.245880945457155e-09,0.4669418051102658,0.0083739687670541,0.153862864299607,,0.4363661050618462,71930094668.16566,1.805765152278412,0.0239109588743839,FBgn0000629,FBtr0334067
23,23,0.0,0.0,0.0,0.0,0.0,0.0,0.0,0.0,0.0,0.0,0.0,0.0,0.0,0.0,0.0,0.0,0.0,0.0,FBgn0000658,FBtr0086754
24,24,0.0090921305799639,0.264145127398934,7.566375830013803,26.53001008061073,91.59644319124878,0.4139517936650089,,0.2191208301269439,0.3402644863096377,0.0597842073920558,0.0439333979262985,0.2156497195517021,,0.3184208835288617,168.25159693251098,11773.032805496956,190968.80280834044,0.7946038039590189,FBgn0000723,FBtr0082051
25,25,0.0860005252467763,0.2051159544757052,7.655628156891275,26.69828740812727,2.769600470754814,0.4003169766980679,,0.132071052582795,0.2236714428492129,0.0091820689378034,0.9547665455218266,0.2177947353408861,,0.3185600020421157,262.03006396349514,77629.40524137294,8.034096715666635,0.7358014489278493,FBgn0000723,FBtr0082052
30,30,0.0,0.0,0.0,0.0,0.0,0.0,0.0,0.0,0.0,0.0,0.0,0.0,0.0,0.0,0.0,0.0,0.0,0.0,FBgn0001099,FBtr0091757
31,31,0.0025028741405278,0.7645643529422956,0.4369571004050313,45.9609694502279,23.12220657378777,0.0628813682471897,,0.6083226791845834,0.158781302052323,4.091301474924642e-06,1.7918260149055458,0.0299457938700327,,0.9609351579224922,1.2024810549258196,516317539.9690367,298.37519513249015,0.1320407964403837,FBgn0001123,FBtr0072142
32,32,0.0041728823005612,0.4734379201024741,0.4293410499726426,46.00436336195686,6.617603775526599,0.0577181049411817,,0.3969451090512814,0.1610146311424593,0.0012955875466747,1.45707173350122,0.0319746521558011,,0.5646711826898957,1.144826006703205,1633545.6864886563,30.055266822474003,0.1041881432132127,FBgn0001123,FBtr0301411
34,34,0.1181966378435642,1.7166840713324822,8.64980055394921,50.53043694141149,63.24507791824333,0.3449328956516156,0.0991047959995918,,0.1768183496964588,,0.0330059522287655,0.1975973730643017,0.1409663887263358,,423.14075293396127,,121188.44059280376,0.6021269445919736,FBgn0001235,FBtr0100455
35,35,0.0186740426950833,0.4240155205091857,8.20185056146741,53.28464991117847,54.16339131456636,0.3649730747445053,,0.3488871374952172,0.2430630697335122,2.670376490139774e-10,0.1180816328018724,0.2030734216930307,,0.5153218399607533,276.7608946369214,10632410548252.832,24844.44776959692,0.6559467220176836,FBgn0001235,FBtr0344145
36,36,0.0,0.0,0.0,0.0,0.0,0.0,0.0,0.0,0.0,0.0,0.0,0.0,0.0,0.0,0.0,0.0,0.0,0.0,FBgn0001254,FBtr0073141
37,37,0.0520965488971692,1.170931549855728,0.0749894987754766,20.87430616080368,3.639955053313397,0.0246556940781485,0.0316848226807031,,0.0277173610003574,0.0001809313959966,1.1612140819142756,0.0144436529628964,0.0856577432780794,,0.2028845721107681,2408297.660529334,11.40984508928806,0.0420879158504334,FBgn0001258,FBtr0077008
38,38,120504638270.62424,0.0,0.0,0.0,62022191325.11662,25297945161.96797,,,,,,,,,,,,,FBgn0001316,FBtr0343526
39,39,0.0476173370833334,0.539546004817928,2.633105732281732,23.76172360034069,12.416110017549464,0.1897815802072866,0.0315836843595773,0.1756144170286143,0.3974144548866218,0.0942204308377115,1.1603415054259878,0.1033876950247448,0.0717905727873145,1.6576651065473436,17.445882282648466,5992.537960599096,132.85725559846847,0.34836880904787,FBgn0001320,FBtr0078283
40,40,0.1409343968595335,3.250741146110101,2.6261741281004287,24.730198532139397,49.736476827851945,0.2480910203092614,0.1232081148340982,,0.0163060301649387,0.001062820161221,0.2054703577834075,0.1440504157762556,0.1612110066362567,,422.9595113796336,575433.8708972149,12039.289530293576,0.4272750899496934,FBgn0001320,FBtr0344836
41,41,0.0651202767431278,0.3029345944133597,2.516115213905701,29.783094029636622,3.4217692836460807,0.1853334846239048,,0.2078003849181734,0.4312776335255834,,0.9532013765982164,0.1065344537539057,,0.4416227069479357,14.679258272437597,,12.283348847322388,0.3224168267871734,FBgn0001323,FBtr0346815
42,42,0.0371039300449911,0.7713045530785941,22.46921661703751,40.9564803754886,107.79860805871316,3.090409997622781,0.0270068424678333,,0.0143317458302038,0.1823814393266473,0.0809708304251561,0.950313931746414,0.0509760304790658,,35227.08966268162,9197.390320752324,143515.13796239614,10.04997783822385,FBgn0001325,FBtr0072449
43,43,0.0220161312804179,0.1225468252423995,0.399322376240415,30.58731720494898,0.7343632938086507,0.0577193571960084,,0.0971687237290399,0.1589546300573337,,0.382622154734984,0.0334001081623065,,0.1545530681134488,1.00316901815805,,1.4094569292962642,0.0997459103704392,FBgn0002431,FBtr0339599
44,44,,,,,,,,,,,,,,,,,,,FBgn0002525,FBtr0307058
45,45,,,,,,,,,,,,,,,,,,,FBgn0002525,FBtr0307059
46,46,256238704724.56665,0.0,8620533795.672525,0.0,2350040973.4899206,39131186195.23929,,,,,,,,,,,,,FBgn0002543,FBtr0077941
47,47,256238704724.56665,0.0,8620533795.672525,0.0,2350040973.4899206,39131186195.23929,,,,,,,,,,,,,FBgn0002543,FBtr0329985
48,48,0.078518099518871,2.219467481809535,0.7723946452588197,18.3519168580154,94.3770764314775,0.0525044612925589,0.0628725531827352,,0.2338725452308374,,0.0634528505257405,0.029219813429001,0.0980569682630331,,2.550934259665438,,140372.45737509755,0.0943441498119131,FBgn0002590,FBtr0345132
49,49,0.0,0.0,0.0,0.0,0.0,0.0,0.0,0.0,0.0,0.0,0.0,0.0,0.0,0.0,0.0,0.0,0.0,0.0,FBgn0002631,FBtr0084979
50,50,0.0,0.0,0.0,0.0,0.0,0.0,0.0,0.0,0.0,0.0,0.0,0.0,0.0,0.0,0.0,0.0,0.0,0.0,FBgn0002633,FBtr0084960
51,51,0.0,0.0,0.0,0.0,0.0,0.0,0.0,0.0,0.0,0.0,0.0,0.0,0.0,0.0,0.0,0.0,0.0,0.0,FBgn0002732,FBtr0084956
52,52,0.1736408051527926,0.5869760689312388,2.504130007997686,21.56424863076036,1.9524589177235707,0.2005994356379284,0.1287717436098319,,0.3822307602352091,,0.7905026077740677,0.1152692440015958,0.2341439850769249,,16.405448617206478,,4.82236970240056,0.3490968811914676,FBgn0002873,FBtr0308326
53,53,0.0222659024344692,1.9701980231349336,2.520191355245916,21.20750994829536,600.1606809854813,0.2101145685441343,0.0154260987469596,,0.4010965602974707,0.0115285844663108,2.2300439081936494e-06,0.1160787248756582,0.032138418102569,,15.835001083893106,39012.463283878846,161518274002.37842,0.380329228821031,FBgn0002873,FBtr0308329
54,54,,,,,,,,,,,,,,,,,,,FBgn0002931,FBtr0330637
55,55,0.0059542908566308,0.1730204473512629,49.25785415695566,31.183420089934646,65.78704137194049,2.0979588983914192,,0.1529471119800505,0.0194828809071595,0.0268458626200372,0.2957573803756349,0.6592628592337485,,0.1957282802798907,124536.82839360196,36221.80826402481,14633.39581577506,6.676292282649529,FBgn0002945,FBtr0075039
56,56,0.0828297779838092,2.9992414086815886,3.398599429236772,52.737695586323895,36.72095183101202,0.5042304374602548,0.0617382484840894,,0.322924239422921,,0.042804309343007,0.2918654770337883,0.1111267696979647,,35.76838363403657,,31502.16237739156,0.8711147911197678,FBgn0002985,FBtr0077557
57,57,0.0632786352510691,0.3907399055694957,258.9407287455614,29.24872020041753,278.6883709567618,11.752237612542295,,0.2703085325547956,7.594075999214821e-09,0.2559660264211089,0.0001392835182975,0.8135091711251009,,0.5648274302014806,8829290227042.102,3342.1921077717,557619516.3351831,169.7769291409926,FBgn0003002,FBtr0078836
58,58,0.0642281439653725,0.1957584808522197,16.939461330392735,42.10249101244226,8.788804112082579,0.7027468676277834,,0.1357071196858862,0.0545367603300548,0.0020906289518892,0.945098762544568,0.3699112825359097,,0.282382994453565,5261.50340480964,847888.262453714,81.7301649116455,1.3350583863651675,FBgn0003041,FBtr0076774
59,59,1241722859570.7893,0.0,20859219587.842697,0.0,96779699330.931,150915889815.58258,,,,,,,,,,,,,FBgn0003041,FBtr0306647
63,63,0.0552484062341697,0.4323656862521994,1.5327497235933918,12.337891200845847,2.312668066996761,0.0444351312069742,0.0363996095035451,0.2678658330663405,0.5075934339220644,,0.904249332262687,0.0245205282233135,0.0838576686136853,0.6978870149596016,4.628353241339076,,5.914777481475429,0.080523586906408,FBgn0003254,FBtr0086512
64,64,0.0552484062341697,0.4323656862521994,1.5327497235933918,12.337891200845847,2.312668066996761,0.0444351312069742,0.0363996095035451,0.2678658330663405,0.5075934339220644,,0.904249332262687,0.0245205282233135,0.0838576686136853,0.6978870149596016,4.628353241339076,,5.914777481475429,0.080523586906408,FBgn0003254,FBtr0330058
65,65,0.1822784016254118,1.0886822747835656,1.4464478894173032,28.066706082034223,3.051266678983264,0.0354345162197038,0.1534332662424199,,0.3069181511214489,0.0064222737683705,1.0246885238305878,0.0205353071327918,0.2165463625509985,,6.816838590858946,122657.4915219109,9.08591062527877,0.0611437136832223,FBgn0003261,FBtr0078654
66,66,0.0082403267864833,0.5062936859421443,0.6948203681128072,36.1875303207886,23.364148046351733,0.0450220341198969,,0.4122893739229145,0.2406838547043456,,1.0722256076439138,0.0234600617303973,,0.6217315134413557,2.0058484792735887,,509.1124573412813,0.0864014587679787,FBgn0003308,FBtr0082704
67,67,0.0024954341391983,2.942679244231436,0.0012825627680688,17.13537201651302,4.376842195219985,0.0028661487751969,,1.0901947227574575,0.0005041704937755,0.1990171665664888,1.2501436700278736,0.0017086832696815,,7.942949047238232,0.0032627201995058,1475.355011881364,15.323636843620518,0.0048076837570334,FBgn0003312,FBtr0082475
68,68,,,,,,,,,,,,,,,,,,,FBgn0003317,FBtr0088833
69,69,0.0158832351601871,0.7949316905337213,9.406203643425766,40.85244190621616,736.1339961800367,0.4348576964647878,,,,,,,,,,,,,FBgn0003326,FBtr0087855
70,70,0.0122717391076341,0.5339404574682911,9.430672980944763,40.42442011354736,211.3832184777104,0.4430848350338071,,0.4385296998477426,0.1818694462769828,0.1218478573096898,0.0053460693711167,0.2324572509241818,,0.6501097011683176,489.0188797192012,13411.263665993234,8358078.048033549,0.8445603234848936,FBgn0003326,FBtr0087856
71,71,0.1596674356555074,2.136880474360836,0.1201124047878844,29.41219910264661,10.734936858865575,0.015211225537942,0.1151186141922514,,0.0397150859123546,0.0001630020322488,1.2419753985956958,0.0087746253075304,0.221455845240027,,0.3632622076096438,5307157.488276379,92.78675688273016,0.0263693746749011,FBgn0003459,FBtr0333041
72,72,0.1416294235846845,0.8583494508737555,0.1137588695109821,29.64790493327665,2.28862601112875,0.0141355020950677,0.0823322847152276,,0.0407305088738046,,0.9131362186992724,0.0082373109068762,0.2436333899187915,,0.3177244957216719,,5.736065344419425,0.0242569962137604,FBgn0003459,FBtr0333042
73,73,0.0308513538134615,0.9494010243764346,6.6594301576400055,12.300843571310526,101.6097544651477,0.3138623645417784,0.0210687619330522,0.01401090775528,0.4346375548690547,0.2115607404328262,0.0689290943681363,0.1616225814585454,0.045176172911718,64.33289839820263,102.03446418210711,715.211868971006,149784.9681199396,0.609503839047534,FBgn0003463,FBtr0074063
74,74,0.0114933348378533,0.0506545738278445,5.495681845645038,18.69444449257728,8.158404995488167,0.3042263390327689,,0.0396828908177598,0.4796702068722874,0.0635869557981593,1.0281579394935605,0.1586318368810717,,0.0646597512631867,62.96517589760143,5496.131250494134,64.73671944136476,0.5834494965261598,FBgn0003463,FBtr0340346
77,77,0.1768097995589814,0.7196380687409628,1.1025696439617363,27.22768931599319,8.53756283268733,0.023808971577231,0.1123495800799269,,0.3026548521039688,0.0194934013169271,1.1397409939618526,0.0134364604899092,0.2782538679525747,,4.01665399161783,38030.66758003376,63.95310821339445,0.0421887243289338,FBgn0003520,FBtr0086784
78,78,258512168073.8928,0.0,0.0,499013053.7194774,86882249228.73051,49001987260.74781,,,,,,,,,,,,,FBgn0003557,FBtr0334778
79,79,0.0983052022278408,1.1983520326281771,0.5709377500886634,24.560958852874368,5.05428847876865,0.0323379732304514,0.0800354264422974,,0.1740532307113043,0.0047760526676352,1.0722008852708098,0.0190370146491638,0.1207454400461525,,1.8728173739962304,126305.28634251143,23.82560243844726,0.0549321693514235,FBgn0003716,FBtr0079089
80,80,0.0010070151574512,0.0957097705219947,4.552377962593228,39.22282172552384,5.009101466008324,0.2829128725694915,,0.0812736542649595,0.4714002389077471,2.9201563275733592e-24,2.0932202327561846,,,0.1127100812215146,43.96294996015091,5.268312965253661e+26,11.98684070797882,,FBgn0003731,FBtr0071653
82,82,,,,,,,,,,,,,,,,,,,FBgn0003866,FBtr0085906
83,83,0.029099106857851,0.1497499491750051,85.59212891694162,26.72997717169672,92.3654890793423,3.3727015086318506,,0.1247260197420707,0.0009754381204319,0.006395664602036,0.0235650694171234,0.9281788878780804,,0.1797944592819596,7510484.139465846,111715.00134199894,362035.155587821,12.255305108622252,FBgn0003892,FBtr0089427
84,84,0.0552286251358857,0.4328920277813186,2.152502296674785,41.79350267223593,9.400078638486727,0.10030330410191,,0.3063688995916872,0.341500233237669,0.0044107747255483,0.7804630554235613,0.0586826180787469,,0.6116662231916263,13.567387914390316,396006.8183706749,113.21673434212752,0.1714434894547408,FBgn0003896,FBtr0342921
86,86,0.2313786480974046,0.3954488756201527,2.5006507775971416,22.808382748758103,1.2865435896876154,0.1208314692927081,0.1400533051070556,,0.4323435606514588,0.0020104365709933,0.6451725045456415,0.0668532016904158,0.3822550189333987,,14.463623101208524,258760.8736926205,2.5655067389022648,0.2183925915627131,FBgn0004102,FBtr0331305
87,87,261167665361.68024,0.0,80361509.27921025,0.0,11569697647.34756,37200884151.83185,,,,,,,,,,,,,FBgn0004362,FBtr0345487
88,88,0.0,0.0,0.0,0.0,0.0,0.0,0.0,0.0,0.0,0.0,0.0,0.0,0.0,0.0,0.0,0.0,0.0,0.0,FBgn0004364,FBtr0086309
89,89,0.0607019089640511,0.2508303503209856,1.7895434589853292,28.43282577569925,1.6777325625620438,0.1720580988086114,,0.1768254685633865,0.4273842014440298,,0.7422059719459841,0.0972065319823356,,0.3558077077544683,7.493177756166008,,3.792460122762062,0.3045473258012489,FBgn0004368,FBtr0301796
91,91,0.0114395527903838,0.2770896067056025,1.72465367126822,41.107919878875336,35.01307480283967,0.0905950994263395,,0.2173645425606282,0.3794511730973892,,0.3320147231139787,0.0509555058855788,,0.3532252741858763,7.838769508970625,,3692.352542837073,0.1610713483739781,FBgn0004456,FBtr0340190
92,92,0.0033242259405614,1.616135221656802,1.545391761694769,33.90268663711363,759.543655526109,0.2037363997217898,,,,,,,,,,,,,FBgn0004512,FBtr0087801
93,93,0.0,0.0,0.0,0.0,0.0,0.0,0.0,0.0,0.0,0.0,0.0,0.0,0.0,0.0,0.0,0.0,0.0,0.0,FBgn0004567,FBtr0077500
97,97,0.0211709620229408,2.0338765874712976,0.0157809393133419,18.514677159178856,7.8716054374412225,0.0006019200406759,0.013070019249041,,0.0070939025340959,0.0635305254264337,1.1150772258857702,0.0003370497520778,0.0342929589036137,,0.0351059299749907,5395.725409284744,55.56760619295592,0.001074938441977,FBgn0004595,FBtr0304605
98,98,0.0700826609526913,0.5497497693425355,6.983920291264475,41.088518312483856,13.268064505138588,0.443707622183084,0.0531517352878101,,0.1722035882054453,0.020107346576822,0.9036445418782184,0.2447587227619009,0.0924067547299121,,283.2411516102968,83962.66164036792,194.8128136165328,0.8043695103560664,FBgn0004635,FBtr0072694
99,99,0.0717855868168817,0.4721383115767964,1.1718238424786034,37.4053234888179,6.954663557503759,0.0393727603167552,0.0276186284571806,0.1714904867538262,0.2925785874326733,,0.9720431191661302,0.0227518139548633,0.1865831419772863,1.299865604665178,4.693341128790929,,49.75843585988541,0.0681358531691618,FBgn0004646,FBtr0071037
100,100,0.0139431179076168,1.4893753914785983,6.694484048615268,22.259024273065727,1486.3613139912263,0.3040069923430422,,,,,,,,,,,,,FBgn0004795,FBtr0340030
101,101,269295162988.0724,0.0,5237353928.796699,0.0,3694106786.241008,80843347642.60783,,,,,,,,,,,,,FBgn0004828,FBtr0071346
102,102,0.0071352457812285,0.3851067434509259,19.54041576627528,43.46577622975176,163.06256127525498,0.9711483600913156,,0.3261353896800797,0.1064684460205336,2.2513595835505782e-09,0.0108780212960237,0.4667693682482748,,0.4547412165139702,3586.300566885888,839170125047.4229,2444323.1141095,2.0205463371503867,FBgn0004859,FBtr0089178
103,103,0.0460766770301554,1.1888323338234998,0.7808676437731499,31.108569153093832,20.041256259840512,0.0682713570771381,0.0354316411115023,,0.2080994903467468,,0.7669982005427902,0.039610236693166,0.0599198936188148,,2.9301094206229177,,523.6673986827544,0.1176710513814792,FBgn0004861,FBtr0070432
104,104,0.0385606244585905,0.9384417018434964,0.772942202515709,31.13499881620218,18.28446498295443,0.0678513179005319,0.0253046184772071,,0.2233813103240483,,0.8294225150263471,0.0390188883275942,0.0587608843016456,,2.6745283549602186,,403.0776276940912,0.1179890442338211,FBgn0004861,FBtr0301515
105,105,0.0103221218072658,1.1904479854942125,0.0079860069178047,27.21268482691616,2.3564849585575565,0.0070844914886192,,0.6633446779928043,0.0034303372798174,0.0312930211901311,0.965423747214032,0.0040943669522108,,2.136395230388207,0.0185918471826246,23664.3886504194,5.751900526512445,0.0122583100728716,FBgn0004878,FBtr0078725
106,106,0.0037038774323675,0.110223838479935,0.4863573156776276,16.420097586860656,1.2395395464682428,0.0322662019886376,,0.0954840481941048,0.2280708554533592,0.277815364844326,0.5947628098417111,0.0170501616455271,,0.1272389974978136,1.0371489072680786,970.4992555509256,2.583312644695466,0.0610614616105227,FBgn0004885,FBtr0084690
107,107,0.0024344953887551,0.1099768523322385,0.4961120970629668,16.004548432063643,3.49846479077488,0.033108027687667,,0.0898023987111742,0.2023921154738482,1.130806355943189,1.1814422773903537,0.0174618625578997,,0.1346835744088203,1.2160909147867354,226.51585673183055,10.359588552499057,0.0627734580851705,FBgn0004885,FBtr0339252
108,108,0.0032447373000385,3.810002555390242,0.0036922035535504,8.760917386406849,4.817918303761676,0.0059123700013208,,1.5320888386137244,0.0017532709657232,0.5588217338058904,1.1933315919814045,0.0035067291220196,,9.474724380353004,0.0077753908821659,137.34912013659545,19.451707251946704,0.0099682974692913,FBgn0004892,FBtr0077558
109,109,,,,,,,,,,,,,,,,,,,FBgn0004956,FBtr0074581
110,110,0.0669238416399006,1.1274473760660275,1.8423849283669664,25.581550097324733,12.157665390483452,0.4411878466001402,0.0485107820433087,,0.375228928344484,,1.1467026741247008,0.242245404248043,0.0923258787261764,,9.046163469458016,,128.89899978630842,0.8035104591225338,FBgn0004956,FBtr0112847
111,111,0.0126485153901692,2.987862268494989,0.0134285919296365,33.125475949660704,25.11992095348201,0.0147226352044857,0.0019584974176984,0.8212651827686521,0.0043058421757629,0.007038784531139,0.5897481426754392,0.0089212346202112,0.0816875938306621,10.870205048021402,0.0418796309413608,155892.9886313735,1069.9659448634388,0.0242966356779023,FBgn0004959,FBtr0074603
112,112,3516968695.48534,7061633829.035587,0.0,398835020.6818444,0.0,99005745.5415364,,,,,,,,,,,,,FBgn0005278,FBtr0308091
114,114,0.0363320627241845,1.8235876658049237,0.0119272037605028,78.83409515236274,1.430728658188537,0.0029994715425944,0.0258891547048503,,0.0029405201390285,,0.6902226798676677,0.0018198897145261,0.0509873264246349,,0.0483785802574199,,2.9656870935542536,0.0049436124964178,FBgn0005631,FBtr0071922
115,115,0.0422365599580526,1.3021857481371768,0.0096480043601998,80.48924386201992,0.7183532109613291,0.003041868891528,0.0283250078478773,,0.0025498489995543,,0.3799601412018279,0.0018597143745757,0.0629806355807899,,0.0365056864742598,,1.3581196545148806,0.0049754771376421,FBgn0005631,FBtr0343013
116,116,0.0269850268031078,0.0501192796394721,4.625179310706263,18.43459402704772,0.6936614783566319,0.1121583774320151,,0.0415892866427086,0.6683118846121558,,0.373840234261129,0.0588100275613165,,0.060398780415725,32.00943174697534,,1.2870905869907292,0.2139006246012504,FBgn0005636,FBtr0072267
117,117,0.0269850268031078,0.0501192796394721,4.625179310706263,18.43459402704772,0.6936614783566319,0.1121583774320151,,0.0415892866427086,0.6683118846121558,,0.373840234261129,0.0588100275613165,,0.060398780415725,32.00943174697534,,1.2870905869907292,0.2139006246012504,FBgn0005636,FBtr0330612
118,118,0.0844284812386184,0.1776546070157624,36.679374651360085,28.2519127102034,8.944231964178744,1.7643388106156472,,0.1239905825155305,0.005454032430082,0.1081824345699109,1.0591281149413472,0.7175049333160874,,0.2545448110139476,246675.56382582616,7378.005264515921,75.53315250579197,4.338494822966315,FBgn0005672,FBtr0081270
121,121,0.039999514568704,0.2365602440912642,3.323472602846396,28.715118870096703,4.432617305490484,0.0884111576983495,,0.1891241035525189,0.4185290236673986,0.0076313937712688,1.170899573013216,0.048578408993736,,0.2958943256483352,26.39116887302979,108048.15954172512,16.780342763616282,0.1609054921203851,FBgn0008636,FBtr0071556
122,122,0.0689040140801586,0.863335204452006,13.131909946192064,24.06523632513368,89.99161440842067,0.5747550723418564,,0.347863738265121,0.0637141178473981,0.1700207392256305,0.0179257536990236,0.3076302350684265,,2.1426426305984423,2706.5753189571974,3406.264447632922,451779.64618999296,1.0738326585786144,FBgn0010105,FBtr0075579
123,123,256941381988.35223,0.0,4920900877.047671,324067140.45502347,11014147659.513206,31412870634.868813,,,,,,,,,,,,,FBgn0010215,FBtr0339894
124,124,0.0035477736011629,0.736388109400105,4.331876730246555,59.0215709764591,135.327164284435,0.358977839495094,,0.5741724950532924,0.3700162434833818,,0.1422669778498665,0.1790942879961936,,0.9444329924155108,50.71441142527671,,128725.8763069567,0.7195376842577155,FBgn0010228,FBtr0071673
125,125,0.0023349379001604,0.6226031633326826,4.388271766913794,59.31115897764715,48.32843542984308,0.398321592391808,,0.4963946503885476,0.301116635472872,0.0004869877597774,1.978165093208039,0.1368703182577239,,0.780900234699238,63.95172777502555,7223618.065635761,1180.7091729177928,1.159200131812304,FBgn0010228,FBtr0071674
126,126,0.0301121981770073,0.3589653308447504,4.406744953146005,58.66618268889418,16.343166050223292,0.3376138557351456,,0.2703390462814161,0.3095855621270406,1.291955898866667e-06,0.6813449405983463,0.1916265936309688,,0.4766463095913462,62.72708891414289,2663961667.968592,392.01740649986937,0.5948188788653125,FBgn0010228,FBtr0342960
128,128,0.0109629755048554,0.0563204443944359,3.6807504346627233,24.941590057738253,3.0893320334554284,0.1734496319024183,,0.0462114848073076,0.4611077083633285,0.0969108939052491,1.0181558138810054,0.0949941915338817,,0.0686407820483004,29.38125630204121,6419.122655255715,9.373783739989802,0.3167012037399573,FBgn0010300,FBtr0081160
129,129,0.0,0.0,0.0,0.0,0.0,0.0,0.0,0.0,0.0,0.0,0.0,0.0,0.0,0.0,0.0,0.0,0.0,0.0,FBgn0010313,FBtr0308120
130,130,0.0860876817718872,6.583100272742425,0.8732009142774976,26.932792876074025,160.4591783577594,0.0460291658758159,0.0774298326007393,,0.1697271812442285,1.3749865132241138e-05,0.0952688095211746,0.0232583313935747,0.0957136119752757,,4.492384962181685,52755087.05933557,270257.89498843934,0.0910935559121268,FBgn0010382,FBtr0080777
131,131,0.0182365554475639,2.2488534444487773,0.0341658606329403,59.32764704627037,8.98634375951366,0.007321673014478,,0.972075482688424,0.0112726738764596,5.192795815585264e-24,0.9094368359868424,0.0044700982026025,,5.202622537729554,0.1035518321191875,6.778178517019413e+26,88.79602295471399,0.0119923306605937,FBgn0010389,FBtr0083549
132,132,0.0047838383194572,3.760742571993183,0.0795957364485819,17.23644628425413,50.9789323741248,0.0386795903533944,,1.612876046454087,0.0354446137888498,1.884566529424957e-05,0.1751277837717972,0.0229410147997246,,8.768922276386792,0.178743131425659,15764637.431008147,14839.744385688457,0.0652155418131008,FBgn0010452,FBtr0075890
133,133,0.0047838383194572,3.760742571993183,0.0795957364485819,17.23644628425413,50.9789323741248,0.0386795903533944,,1.612876046454087,0.0354446137888498,1.884566529424957e-05,0.1751277837717972,0.0229410147997246,,8.768922276386792,0.178743131425659,15764637.431008147,14839.744385688457,0.0652155418131008,FBgn0010452,FBtr0330075
134,134,0.2186477144199086,0.5757123173007069,3.3012968620018777,19.932091031521647,0.8669693535805651,0.2252370058236407,0.1664067340594669,,0.3576713939137529,8.832661416904405e-05,0.4341505960861814,0.1294800397076193,0.2872889927877902,,30.47087677828512,4497945.003626142,1.7312791156428564,0.3918110382647142,FBgn0010473,FBtr0089268
135,135,0.0207963618061644,0.0688927532252155,3.3941073684421355,18.154563606553427,1.059523659208826,0.2555532847128433,,0.0570134205958116,0.612893415573827,0.2973475704925278,0.5812491310090718,0.1225869269442115,,0.0832472670004844,18.79603294110694,1108.4273505193362,1.9313411832107144,0.5327442571200476,FBgn0010473,FBtr0301864
136,136,0.0068445751072048,0.0887266882978323,3.333136541033131,18.83450925792416,5.29825382607342,0.2733607869209207,,0.0740030785023144,0.5867317668727022,0.722700157466376,1.7993617658166423,0.0944815804034022,,0.106379699002042,18.93505657685089,490.8518910947315,15.600805873943507,0.7909067514215093,FBgn0010473,FBtr0347158
137,137,0.0679749626893888,0.5643056329229859,10.128744819495966,45.11640710973821,63.64791372603835,0.8616733612457863,,0.284632414307775,0.124935003896035,0.0002749414288834,0.0468546237902763,0.4442981650177579,,1.1187792793138427,821.1587499035745,7403359.321865965,86460.13123080348,1.6711322259252086,FBgn0010651,FBtr0086635
138,138,0.0454661471702327,0.5056550054476062,10.152951264394584,44.5679969405432,93.85450131923784,0.8678255697939231,,0.3147196609666908,0.1369969233333503,0.0003864171726187,0.0178890386251248,0.4416567274602109,,0.8124277452157017,752.443316747664,5140315.938422163,492405.8582729658,1.7052184938267383,FBgn0010651,FBtr0345426
140,140,0.0035168566159929,0.1006059115492121,0.9761508384864552,13.443444696763937,4.039121045383582,0.0433106815254257,,0.0825854470708861,0.374311566970306,2.665988201213954,1.0631167987737444,0.023490540766504,,0.1225585111861196,2.5456612714119005,67.78957432469393,15.345913862031502,0.0798540635076243,FBgn0011653,FBtr0073260
141,141,0.0,0.0,0.0,0.0,0.0,0.0,0.0,0.0,0.0,0.0,0.0,0.0,0.0,0.0,0.0,0.0,0.0,0.0,FBgn0011706,FBtr0075120
142,142,0.0301817690981717,0.3982526341712978,1.9241014269955117,11.599145395448144,4.980933226707821,0.0253197378046416,,0.3193449363816179,0.5802050402261064,0.7827480716290901,1.2383700760938685,0.0136595854429584,,0.4966578221702068,6.380789625549316,171.88183373577002,20.03415318882544,0.0469332781124981,FBgn0011723,FBtr0332070
143,143,0.0308366493927396,0.2865243430308125,1.2359443830895012,18.34594220444705,6.402156541951476,0.0254519287316624,,0.2299320141937153,0.3871632664939617,0.5623039093740225,1.2606286839208196,0.0134446831214867,,0.3570455355558861,3.9455151102624337,598.5617203757265,32.51362507488885,0.0481826659883367,FBgn0011723,FBtr0332071
144,144,,,,,,,,,,,,,,,,,,,FBgn0011747,FBtr0300497
145,145,0.0328258292061627,0.4294717127143997,2.7890232970764264,37.67316961978381,21.528011877859573,0.1109994961687315,,0.3357019668645342,0.4024527760329673,0.0015882796959549,0.3719157085146716,0.0640744618966082,,0.5494336352705058,19.32810857539684,893588.0203062602,1246.129928913664,0.192290154064711,FBgn0011766,FBtr0084118
146,146,0.0021697757719191,2.75499728658976,0.0289401892531104,84.60893540721611,78.19835210882879,0.0308195823705403,,1.2029923973557033,0.0089683435182063,7.854211566247775e-07,0.1632948976361891,0.0182686266107907,,6.309275159012255,0.0933878761786498,9114437382.239258,37447.47913777542,0.0519933259204868,FBgn0012037,FBtr0080552
148,148,0.0015828886990103,0.2056661428925748,45.99258983735983,25.525687404145568,235.19701226115876,1.3289872821662645,,0.1805599095003158,0.0145371710156309,0.1079932938071691,0.0381344961715156,0.3785219090699163,,0.2342633115477664,145511.001946193,6033.344242815398,1450593.0359687004,4.666063321141711,FBgn0013272,FBtr0071813
149,149,0.0197752599767456,0.0862688454360472,45.989193987127535,25.58871197247324,15.693298086993282,1.27147290940668,,0.075829431169906,0.0155952166063828,0.0235158809251643,0.603774811854982,0.5714303248046176,,0.0981454506258013,135618.88987935043,27844.254803549036,407.89976662090334,2.829117197985331,FBgn0013272,FBtr0071815
150,150,0.0561561727742838,0.0859008453799763,46.05904785493,25.581592197644664,4.595453104654004,1.2682972794600424,,0.0705869605360638,0.0050188656343919,0.0575024768650202,1.0757583605796026,0.5721424597939846,,0.1045370870335829,422692.3061588917,11380.689929283511,19.630978490091355,2.811499062077925,FBgn0013272,FBtr0071816
151,151,0.0829042386707021,0.1035843075733157,46.04902241672644,25.850906625376325,4.531290321904644,1.2566469363629422,,0.0790751859464744,0.0040758155618882,0.0250608259235276,0.9844642239307586,0.5817824019416422,,0.1356899594609382,520267.0320424895,26665.89582454821,20.85661569234519,2.714350790604993,FBgn0013272,FBtr0342985
152,152,0.044012898668553,0.0503997155775735,46.01972977399007,25.69516690441993,2.771076156461581,1.2688499602490708,,0.0421946258753477,0.0069746667035861,0.0373664229198588,0.9409280853222548,0.573143001075078,,0.0602003520022767,303643.9759024136,17669.382045534345,8.160945756316737,2.8090375675950576,FBgn0013272,FBtr0342986
153,153,0.0493713663480414,0.4617745838961691,3.8919514879261214,31.130736196645195,7.834760004730317,0.1687561776081029,0.0392414500197886,0.0346690779592894,0.3782841975409712,7.652011382742835e-05,1.6644093050031377,0.0844501543007075,0.0621162524280657,6.150603906538109,40.04208074996256,12664941.1203272,36.88002953793033,0.3372243392178026,FBgn0013725,FBtr0087516
154,154,246345135235.0623,0.0,0.0,0.0,137374640596.28577,110526260341.7749,,,,,,,,,,,,,FBgn0013733,FBtr0087618
155,155,0.0098021021568256,0.1521714866082453,6.400075975813337,39.064797247095576,37.01569199106481,0.3458503351440731,,0.1251509560445451,0.3254578710084978,0.004267545443709,0.2650819966889586,0.1886538229460722,,0.1850258445354696,125.85645069592904,357596.2820047511,5168.821235284028,0.6340314362643983,FBgn0013765,FBtr0087704
157,157,1012252602899.438,0.0,2780827133.5292883,1278489926.3373306,169371377249.1945,204595896184.4545,,,,,,,,,,,,,FBgn0013765,FBtr0309890
158,158,0.0269495630901531,0.1312787390541104,6.413407053601415,39.0390805063306,5.837046712557526,0.3392844443954805,,0.1061272491390428,0.3157759407126688,0.0014710427697401,1.0157976781086349,0.1887068545068678,,0.1623909737362353,130.25625049949917,1036033.6477837,33.54124060218109,0.6100145885509443,FBgn0013765,FBtr0309892
159,159,0.0752142731173345,1.05253737271903,0.2160973377677565,60.675022729676975,6.803093429745701,0.0214387379927234,0.0518207897034032,,0.0617020807119729,,1.0536958255129762,0.012854263470476,0.109168287726759,,0.756831193558929,,43.923567972111286,0.0357561899813481,FBgn0014020,FBtr0087217
160,160,0.0,0.0,0.0,0.0,0.0,0.0,0.0,0.0,0.0,0.0,0.0,0.0,0.0,0.0,0.0,0.0,0.0,0.0,FBgn0014143,FBtr0078395
163,163,0.1864606159788797,0.5712528613466348,0.6893956454699354,18.11048309143696,0.4208622839816655,0.0480086139772134,0.1333363052278607,,0.2467660691856947,,0.2295958673584195,0.0278730192012136,0.260750897902926,,1.9259793599713444,,0.771464504636558,0.0826902532292856,FBgn0015371,FBtr0305217
164,164,0.0103341083703209,0.1382258743751871,1.450838014030562,28.863280362702625,12.33058332392812,0.1218898248096816,,0.1097916373771211,0.3862285394656762,0.0308458244006033,0.819410519596743,0.0677972885604532,,0.1740241133407716,5.4499622059731525,27008.15975855976,185.55202974836024,0.2191404657560477,FBgn0015773,FBtr0073942
165,165,0.003786487792839,0.306636859713866,1.4520499196323586,28.73609080106196,41.25893040242649,0.1214216177764654,,0.2543624874926186,0.4104413550034113,0.069796575300032,0.3189950370817256,0.0664004301413335,,0.3696542075132431,5.13702857521951,11830.994729715614,5336.444583983132,0.2220348457392988,FBgn0015773,FBtr0308337
166,166,0.0417284922830884,0.9086900652107832,4.361355646709183,63.68225409297386,23.17259700464497,0.0784775815441897,,0.6062056930779061,0.2165536404718415,0.0014676268255218,0.3795174089102662,0.046704681960424,,1.3621080171984807,87.83700442826509,2763256.5825580587,1414.8738353835124,0.1318653836513361,FBgn0015903,FBtr0072070
167,167,0.0621103434821741,0.2617680324789395,1.563919151551551,31.320037045996383,1.785113985282493,0.0755961333399571,,0.1819620091060665,0.3534463877420409,,0.7639973999597185,0.0433355014955553,,0.3765758751759715,6.919983333865039,,4.17099840996731,0.1318728335597711,FBgn0016059,FBtr0086891
168,168,0.0673455497719659,0.7204614717941669,0.3038563820478558,20.9140030776782,1.052217090368034,0.031290830546197,0.0406687594851487,,0.111130767185434,0.0007102815037825,0.5339631615979905,0.0184605921371646,0.1115210577235476,,0.8308113337969837,615805.8775342436,2.0734778817871518,0.0530381728276022,FBgn0016696,FBtr0304935
169,169,0.026978830518157,0.0987569658441516,8.27169449703545,25.232053575788736,2.699597703631105,0.4974411895858617,,0.0825257357047083,0.3541540151895114,0.0410612794619406,0.9078442781352194,0.26586330504403,,0.1181805677884614,193.19540910943448,15505.0338419577,8.027618763451464,0.930732945848307,FBgn0016977,FBtr0306341
170,170,0.1407144137611947,0.830556523868557,8.365203456223064,25.213652161906044,6.773723917536793,0.4858447509011268,0.1121640661433649,,0.0705144456421197,0.0572050258473427,0.984930141528256,0.272332478033249,0.1765319938994385,,992.3729560203442,11113.153886829688,46.58537065361368,0.8667534760556884,FBgn0016977,FBtr0330652
171,171,0.0689497222707385,0.8145660300462426,0.1163329188021416,23.27109067724554,2.456707411632,0.014410376453744,0.0236320868214891,0.1403100592153285,0.0461594510629615,0.0002977501822083,0.9271833964959376,0.0083748189637936,0.2011698855510729,4.728939756821145,0.29318693540281,1818785.3229580403,6.5094039962071735,0.0247956344413391,FBgn0019650,FBtr0089185
173,173,0.0026064570443736,0.2093929270851841,7.147424808023159,25.66889202181507,21.837310400692637,0.2690518863621066,,0.1879721483297421,0.5209343824790929,0.0488211770913826,1.0172258284539997,0.1335353884929961,,0.2332547577015895,98.06548215003863,13496.028913729344,468.7927815015791,0.5420953828939861,FBgn0019968,FBtr0087357
174,174,0.0,0.0,0.0,0.0,0.0,0.0,0.0,0.0,0.0,0.0,0.0,0.0,0.0,0.0,0.0,0.0,0.0,0.0,FBgn0020257,FBtr0071924
175,175,0.0,0.0,0.0,0.0,0.0,0.0,0.0,0.0,0.0,0.0,0.0,0.0,0.0,0.0,0.0,0.0,0.0,0.0,FBgn0020257,FBtr0330249
176,176,0.0,0.0,0.0,0.0,0.0,0.0,0.0,0.0,0.0,0.0,0.0,0.0,0.0,0.0,0.0,0.0,0.0,0.0,FBgn0020257,FBtr0343014
177,177,466932341612.5923,0.0,17333124339.85206,2002769836.4819908,27288277480.01252,3344367201.373866,,,,,,,,,,,,,FBgn0020304,FBtr0078037
179,179,0.0,0.0,0.0,0.0,0.0,0.0,0.0,0.0,0.0,0.0,0.0,0.0,0.0,0.0,0.0,0.0,0.0,0.0,FBgn0021776,FBtr0083847
180,180,0.0,0.0,0.0,0.0,0.0,0.0,0.0,0.0,0.0,0.0,0.0,0.0,0.0,0.0,0.0,0.0,0.0,0.0,FBgn0021776,FBtr0083848
181,181,0.0,0.0,0.0,0.0,0.0,0.0,0.0,0.0,0.0,0.0,0.0,0.0,0.0,0.0,0.0,0.0,0.0,0.0,FBgn0021776,FBtr0335243
182,182,0.0560634407737003,0.2189289490382352,4.869890408152139,31.90389393355964,3.327064884122714,0.2472908330860481,,0.1602569290950122,0.3292985966519146,0.0017295500133037,1.0111447446863886,0.1390653290648598,,0.299081512404183,72.01923369409633,588510.5607206771,10.94735526375673,0.4397412104052922,FBgn0022349,FBtr0085840
183,183,0.1142685330005892,0.7325581595305869,0.2245874507175548,62.612934428182726,0.9483450007941736,0.0348867162005288,0.0708345847118119,,0.0594622839194751,1.4904519723181492e-06,0.488607957700238,0.0211097821334254,0.1843350629813094,,0.8482607746469375,2630329343.3940134,1.8406540997906944,0.0576549279174749,FBgn0023213,FBtr0289951
184,184,0.0875896426967756,1.2618856615048928,5.877409196645034,40.95465883490033,40.08950037501495,0.3775713226800454,0.0447357806654247,,0.1431441892654369,0.0508591120371166,0.1572943903735635,0.2152523332388535,0.171494615576884,,241.32267640114733,32979.02800699721,10217.580147018649,0.6622929543447407,FBgn0023214,FBtr0086652
186,186,0.0227286888761845,2.4839889043049244,0.4897897276176818,10.385940827679018,98.06750305497977,0.0138561926943454,0.0168154652837138,,0.1956609759273472,,0.0660077655302588,0.0077020954980924,0.030721320481731,,1.2260696142539955,,145698.54134859014,0.0249275117440937,FBgn0024150,FBtr0305501
188,188,0.0063718343689061,0.052541998909519,4.04300364150311,41.286322559931975,4.417546185443315,0.3024227300232118,,0.0425655554551444,0.4503684778309814,,1.1702255730746618,0.1630873753795248,,0.0648567044383358,36.29445498479546,,16.676027895418176,0.5608006592898727,FBgn0024236,FBtr0345601
189,189,0.0276683033698195,0.90872567677529,0.0059903417921894,77.03289569342067,0.4939380173101732,0.0057309614379192,0.00097861254798,0.3039576958612694,0.0017770726789231,,0.2746346933411103,0.00351428940004,0.7822656810854709,2.716767388602681,0.0201928684250528,,0.8883610514614622,0.0093458208087653,FBgn0024248,FBtr0333412
190,190,0.0,0.0,0.0,0.0,0.0,0.0,0.0,0.0,0.0,0.0,0.0,0.0,0.0,0.0,0.0,0.0,0.0,0.0,FBgn0024250,FBtr0071048
191,191,0.0546128341692506,2.606651819379766,0.0050687116154684,83.57929904673149,1.1704142303699283,0.0022761251186498,0.0396818259727664,,0.0005240870277979,1.0330056615688305e-16,0.6082886452391311,0.0013926824863533,0.0751619055545729,,0.0490220823605079,6.76230488275743e+19,2.252005657797389,0.0037199760939871,FBgn0024320,FBtr0343610
193,193,0.0028149393303706,2.188687357647692,0.045504400866517,30.106124342166005,22.80266073993388,0.0043841498190617,,1.4199805070069813,0.0183745710401209,6.988845583458459e-07,1.1925666175449467,0.0023892746893274,,3.3735338801402897,0.1126910932341981,1296893331.0691855,436.0019215454225,0.008044604382173,FBgn0026059,FBtr0303845
194,194,0.0173149336391918,0.9794020194573532,3.339416942356661,63.51318583025203,57.5165126973176,0.1872409998424301,,0.6531463294415354,0.2652592990638757,0.0002680938553507,0.2406236717154539,0.1069109635168567,,1.468626971443471,42.04077125384144,15046688.664422214,13748.228548239842,0.3279288752875667,FBgn0026061,FBtr0075399
198,198,0.0530290142217203,0.4441772948708505,10.535040917657303,46.70921810291024,35.06420333287414,0.7070229438623863,,0.2883684497567788,0.1290421751681896,0.0002165893816093,0.1995007211510362,0.3753203840411689,,0.6841714807746533,860.0838213712415,10073213.375347838,6162.876746888171,1.3318792807507172,FBgn0026160,FBtr0076267
199,199,,,,,,,,,,,,,,,,,,,FBgn0026179,FBtr0111038
200,200,0.0207820915790934,0.9835086777146348,14.917182393773787,73.71371213177623,155.6391149238564,0.1068726731354299,,0.8110328556788899,0.064733480586003,0.0002017708388797,0.0053498776670095,0.0617262296947788,,1.1926635429958037,3437.515309770464,26930112.33146973,4527866.916220867,0.1850391368400482,FBgn0026319,FBtr0077429
201,201,0.0097542890059307,0.3441966909445116,3.9906954619815496,76.27169143497565,29.85031900784786,0.342693510421287,,0.2875381173343714,0.4225066303840105,1.785644581212254e-06,0.4445021707003355,0.1922177616284289,,0.4120196764013172,37.693255265143485,3257854880.842407,2004.5831125332925,0.6109676914867141,FBgn0026376,FBtr0075794
202,202,233960951074.96936,0.0,0.0,0.0,20387340578.532578,173225244516.3563,,,,,,,,,,,,,FBgn0026376,FBtr0075796
203,203,0.1046625746719518,0.3038717175911802,2.453738512171389,25.387715331055123,1.0447702734766169,0.052043388063099,,0.1874387653485422,0.4229972302198597,0.0001177427580339,0.5127293166355142,0.0297046623132287,,0.4926303295911678,14.233740213815668,5474103.889643107,2.128891188635416,0.091181452006613,FBgn0027066,FBtr0300285
205,205,0.0071025509475884,0.3357341281395136,8.075781542125574,51.381788086551154,55.149132336311546,0.4321143920532442,,0.2835883302806971,0.2755342053383978,0.0001746605337634,0.3478618185388838,0.223932525982239,,0.3974684172865331,236.6974635183251,15115539.212466246,8743.203868199276,0.8338353126707221,FBgn0027660,FBtr0075233
206,206,248683014095.3401,0.0,469836545.9713545,154631472.81328657,8135677227.105911,49776560978.11685,,,,,,,,,,,,,FBgn0027660,FBtr0075234
207,207,242594155484.1753,0.0,251692940.03320536,0.0,16886434155.814793,114425539690.98145,,,,,,,,,,,,,FBgn0027660,FBtr0339898
208,208,0.0,0.0,0.0,0.0,0.0,0.0,0.0,0.0,0.0,0.0,0.0,0.0,0.0,0.0,0.0,0.0,0.0,0.0,FBgn0027793,FBtr0070298
209,209,0.0221342582917339,0.392111096871536,0.0973196115955925,57.63682218146536,2.3916564865677965,0.0255583146841563,,0.272870236781365,0.0312527072221885,0.0017573677152714,0.9570387736591692,0.0150241388590237,,0.5634587124758165,0.3030491641502587,1890329.0656302792,5.976791021613187,0.0434785284949642,FBgn0027950,FBtr0082068
210,210,263314129501.41165,0.0,0.0,0.0,24315280894.438725,60713825225.66152,,,,,,,,,,,,,FBgn0027951,FBtr0290206
211,211,29969082656.3618,0.0,0.0,811575383.1210414,4964766988.037482,0.0,,,,,,,,,,,,,FBgn0028343,FBtr0301415
212,212,0.0136525161222445,0.4281213282957355,1.059065388914057,52.9796090247306,27.681575748402903,0.0954484233465504,,0.3348858645029847,0.2678210526227763,4.402742524734214e-05,0.4183305891430845,0.055343562395277,,0.5473144470093672,4.18794372963456,63752058.10116639,1831.732261043132,0.1646153793692142,FBgn0028371,FBtr0301377
215,215,0.0205378703127472,0.3470736020302596,0.2098426490804151,20.806631397607728,8.724976098968861,0.0103834210759582,,0.2562688354767659,0.089971502224327,0.0111932890479685,0.9719324448243996,0.0057362386988144,,0.4700535865086891,0.4894209420144604,38676.38084397409,78.32355873389075,0.0187954928135986,FBgn0028491,FBtr0070610
216,216,0.0478353086746137,0.3620058543477495,0.2395966009202378,34.5617481563494,1.049413790993993,0.0090537496402626,,0.2519976058331874,0.0865969057414232,,0.5195618007764404,0.0052539895264567,,0.5200376334876484,0.6629166559824496,,2.119611763379508,0.0156015504286389,FBgn0028577,FBtr0300416
217,217,0.0281283243557868,0.6771494954147246,1.4791349797544544,56.95232161544296,44.98608062600561,0.1100109983002817,,0.4609820268557194,0.2776682435118536,0.0052638478453369,0.2087187889806472,0.0638389613019289,,0.994683984249845,7.879332042664114,616196.9404685957,9696.048256954587,0.1895773286439564,FBgn0028789,FBtr0076522
218,218,1890588926237.268,0.0,10764705126.11214,2578060720.3122234,201219780115.21625,524546740717.5609,,,,,,,,,,,,,FBgn0028953,FBtr0086922
219,219,0.2534848377047546,0.3800974909760302,11.300594270126693,28.058478736416127,1.1786586750171766,0.4083637966374285,,,0.012742555021252,,0.6083934196310647,0.2277453523247328,,,10021.807294144384,,2.283450522912775,0.7322256577440815,FBgn0028953,FBtr0345417
220,220,0.0,0.0,0.0,0.0,0.0,0.0,0.0,0.0,0.0,0.0,0.0,0.0,0.0,0.0,0.0,0.0,0.0,0.0,FBgn0029123,FBtr0079733
221,221,0.0,0.0,0.0,0.0,0.0,0.0,0.0,0.0,0.0,0.0,0.0,0.0,0.0,0.0,0.0,0.0,0.0,0.0,FBgn0029123,FBtr0330210
222,222,0.0393377404796424,1.3017197131425833,0.2432743369381033,34.614960882140615,15.796824210427172,0.0722561307640212,0.0236346062705552,,0.0708610141893643,,0.7633267021383794,0.0434524745801093,0.0654742375789681,,0.8351898951730874,,326.91068507898257,0.120153074903984,FBgn0029771,FBtr0070780
223,223,0.1931208647272368,0.6560805027132185,0.6544293816758303,40.26245324442935,0.9614949778937087,0.0383879496231516,0.1578157816204561,,0.2175189345988586,4.071422909809187,0.5335472785769694,0.02101763248751,0.2363240736131894,,1.9689219993212344,398.15690415119104,1.7326910465750962,0.0701142089693191,FBgn0029903,FBtr0070967
224,224,25301039989.86664,5718257977.933841,0.0,423173081.3489996,0.0,18797094725.766094,,,,,,,,,,,,,FBgn0029903,FBtr0112956
226,226,0.0627376311619846,0.4406429395972911,0.6875058889864984,48.29722265208071,2.642596574928266,0.0471845727596469,,0.2896956735791087,0.1811131686428826,0.0010233321260924,0.912811638389967,0.0279953262255573,,0.670241974338357,2.6097734964988155,2279437.590620486,7.650337007249269,0.0795269856322631,FBgn0030151,FBtr0089386
228,228,0.0061346250708694,0.6837594763285543,0.1962428321115921,62.83552297092208,26.243795751778105,0.1723146085770253,,0.4533427557927909,0.0736188945565095,7.0597047982143685e-12,0.5690878481629326,0.099061792331915,,1.0312881710252608,0.5231163736860713,559273094255716.06,1210.246920021841,0.299735383643845,FBgn0030360,FBtr0339626
230,230,265714374075.5872,0.0,0.0,208667180.11537543,31434308259.6379,45101944501.78723,,,,,,,,,,,,,FBgn0030672,FBtr0074057
232,232,0.0065300488246557,2.420963084114507,0.0012311330664595,51.055840281176216,2.602504481008074,0.0015063244212501,,1.040447536383144,0.0004330183965711,0.0001348569139568,0.9296409348386344,0.0009227044383821,,5.633212679824053,0.0035002869146714,19329367.329671253,7.285640422926036,0.0024590900050648,FBgn0030716,FBtr0074153
233,233,0.0209659807735978,0.097019888119634,14.23117335870221,21.604800771671005,12.674890552597082,0.6347567086549649,,0.0809295172669436,0.1933998985049609,0.0389022494390839,0.8800942006031488,0.3122312950221281,,0.1163093393934164,1047.1892525850549,11998.468549087263,182.5405171517045,1.290441046769284,FBgn0031001,FBtr0074674
234,234,0.1274048886600149,1.4065718991754044,0.1784583076003773,62.17688207232921,1.818576111770884,0.0146493409493496,0.1080593824434245,,0.0165746444736831,7.914469509214441,0.7315995241365616,0.0091857466035769,0.1502137555058601,,1.9214510212968672,488.46794592301785,4.520532019491001,0.023362629028622,FBgn0031145,FBtr0113007
237,237,0.0016826304564648,5.025831316555347,0.0011780403158558,9.590765898666028,6.100961519965967,0.0027644537050019,,1.61945189247039,0.0004916069844803,0.5237534789070355,1.4649321466361491,0.0015941562462327,,15.597240362563156,0.0028229439971211,175.62229985558113,25.40850206173429,0.0047938866125316,FBgn0031623,FBtr0077420
238,238,0.0220726433741598,0.2657541123079258,29.879048457664062,23.602118599549392,128.6261310441539,1.6836626961932584,,0.2181821275791245,0.0524478745598034,0.0359357266573856,0.0097425060555709,0.6798133461727217,,0.3236985952617093,17021.80582584858,15501.56499403097,1698195.6688574285,4.169850578121084,FBgn0031632,FBtr0077384
239,239,0.0080572167128612,0.0400034489248332,29.876404709469732,23.39519281829251,16.01797348152819,1.7023121806633164,,0.0326895717257087,0.044321716404422,0.0656716178320288,0.648626981501326,0.6940455061014982,,0.0489537134138469,20139.101794238493,8334.423074592563,395.56706978341424,4.175326740046506,FBgn0031632,FBtr0336962
242,242,0.0,0.0,0.0,0.0,0.0,0.0,0.0,0.0,0.0,0.0,0.0,0.0,0.0,0.0,0.0,0.0,0.0,0.0,FBgn0031805,FBtr0079253
243,243,0.0030206256393357,0.1286081453764619,5.054732806536334,22.14358402719181,31.707605988906884,0.4314802393928065,,0.1054662303432885,0.5250503749978227,0.0882224627244727,0.6581080141099314,0.2086353321261166,,0.1568279723598341,48.66261403123584,5557.975808277738,1527.6706194005178,0.8923474039091989,FBgn0031879,FBtr0290119
244,244,0.0297908882230403,0.1027930835583707,5.063054249383028,22.27982932191395,6.339267688777437,0.4191590120691419,,0.0779558884836326,0.4532056271030911,0.0084451772217641,0.9817436424011255,0.2219875633964168,,0.1355435520391341,56.56266559630432,58778.01987794419,40.93361351614245,0.7914600021309796,FBgn0031879,FBtr0302162
245,245,0.0584342461591065,1.0219930720944506,0.1785798070084302,28.13792683403062,3.9482623269698536,0.0210260718363057,0.0305611368022996,,0.0659791161340171,,1.011060553966277,0.0124870800984412,0.1117288648741013,,0.483346084939839,,15.418241114655684,0.0354042493024992,FBgn0031961,FBtr0343419
246,246,92295976124.37032,0.0,3716671954.1051087,1024416247.9559093,2118898997.2340643,0.0,,,,,,,,,,,,,FBgn0032036,FBtr0079656
247,247,0.0522852380838047,0.865935681354436,0.3485077328754043,84.95013276713325,7.772450995365677,0.0444841966673751,0.0330768393198715,,0.0875368431056584,,1.0914468463212026,0.0266769705647193,0.0826483478376904,,1.3875030851564154,,55.34946083630216,0.0741779786554457,FBgn0032036,FBtr0079657
248,248,18367146655.530148,33993736246.259438,0.0,0.0,54233026148.31776,75328320262.91449,,,,,,,,,,,,,FBgn0032036,FBtr0303471
249,249,0.0134301053220293,0.5818130227634368,0.0136533102648292,22.970439946932707,2.8602701438469738,0.0054871951175581,,0.2995080673287748,0.0057674362359521,0.0012737800975187,0.9810868343711572,0.0032085321670661,,1.1302079322142051,0.0323216197910711,414232.4977313122,8.338859527175511,0.0093841385064517,FBgn0032170,FBtr0343739
250,250,0.0714243426594194,1.6021159324447878,0.401273620920262,49.13384637663438,9.752497092972554,0.0553697105009043,0.0553016690143214,,0.0986783537415017,,0.9633896369769884,0.0334013080581019,0.0922474278852062,,1.6317714345769092,,98.72557882902568,0.0917869694091308,FBgn0032230,FBtr0302490
251,251,0.0780901664040766,1.3004606707663682,0.0458136590146371,77.8415349116041,2.242013893411961,0.0134733992502489,0.0525058821949953,,0.0089565876936667,4.231663648132347e-06,0.9510937015016758,0.008177655738449,0.1161407795486507,,0.2343405127148564,1431896545.0074854,5.285101026655682,0.0221985973930273,FBgn0032388,FBtr0301171
252,252,0.0,0.0,0.0,0.0,0.0,0.0,0.0,0.0,0.0,0.0,0.0,0.0,0.0,0.0,0.0,0.0,0.0,0.0,FBgn0032483,FBtr0080487
254,254,0.0634693662995164,0.391084378881705,1.3358053997518746,42.290353647851454,5.238827796331282,0.1219224100076635,,0.2513609130187821,0.2938683541896956,1.784438581783405e-06,1.000563302390442,0.0713656567429181,,0.6084756359627821,6.072025247245333,1002261456.302354,27.42986537088036,0.208294503834324,FBgn0032629,FBtr0080971
255,255,0.0195715004125156,0.3534884279884797,0.3198130912421083,27.901477924094102,4.831926386611213,0.0390823203494125,,0.2793228445292956,0.1288633778288819,0.0034789921231919,1.0737386473528798,0.022264789300653,,0.4473463992260801,0.7937120309359852,223769.54094235224,21.74412988038479,0.0686028393652621,FBgn0032681,FBtr0081085
256,256,0.0480533704496717,2.190326899851202,0.5203427408072945,71.657203994363,32.88800476885162,0.0769356836233339,0.0335758474187451,,0.0759753153117056,0.0272830724630003,0.4079669939738005,0.0459035982816158,0.0687734365353415,,3.563743918666323,188202.9559263601,2651.245992085008,0.1289463056529122,FBgn0032682,FBtr0300674
258,258,0.0209892884320479,3.3632495720064086,0.0048284657931966,52.97260674687156,7.261540719994239,0.006175855019394,0.0112461860198264,,0.0008387419924185,1.4627682703520617e-17,1.5857928635595169,0.0036070096059553,0.0391733008957021,,0.027796488224995,1.918346960645602e+20,33.25148879140193,0.0105741845426753,FBgn0032741,FBtr0081141
260,260,0.0021630061513157,2.825975527270145,0.0002767466341061,9.33622551021376,0.3808969547144717,0.0010916715083459,,1.287350760457107,0.0001328221098279,0.6120515328080285,0.2129480636558522,0.0006538955218603,,6.2035444620346425,0.0005766261324137,142.41465318722723,0.6813045754913639,0.0018225337875749,FBgn0032843,FBtr0343848
261,261,0.0009029080792701,2.1624234654196197,0.0124695155356882,20.320996608504046,24.744611182436703,0.0022313587517691,,1.3517067367452569,0.0059558582291572,0.2475188448935782,1.6273638698995057,0.0009716644405046,,3.459385913143267,0.0261068701960644,1668.3291461722015,376.2500777455398,0.005124157756057,FBgn0032955,FBtr0085923
262,262,,,,,,,,,,,,,,,,,,,FBgn0032957,FBtr0085914
264,264,0.0518042463080279,1.037581699464123,0.2282523158432908,79.87636068355556,1.318170199914634,0.0099683370878446,,0.3050214128090536,0.0625762580072299,,0.6345972921637288,0.0059625722279872,,3.529508873322295,0.8325700728510481,,2.738071368093208,0.0166652478993017,FBgn0033010,FBtr0086080
267,267,0.0,0.0,0.0,0.0,0.0,0.0,0.0,0.0,0.0,0.0,0.0,0.0,0.0,0.0,0.0,0.0,0.0,0.0,FBgn0033074,FBtr0085994
271,271,0.0426972937257225,0.2126806997376803,23.17318769762068,23.235885905160156,42.25825879009678,1.4205253552355488,,0.1530134634310158,0.0469852445920993,0.0735956884884416,0.3146482840011299,0.5875946789296365,,0.29561503299546,11429.04826251464,7336.114450269916,5675.417686258157,3.4341568384228367,FBgn0033483,FBtr0088406
272,272,0.0,0.0,0.0,0.0,0.0,0.0,0.0,0.0,0.0,0.0,0.0,0.0,0.0,0.0,0.0,0.0,0.0,0.0,FBgn0033590,FBtr0088194
273,273,0.044974428480567,0.3863426104496733,0.6628013516600625,22.72881447487866,2.4178405957981983,0.0636073560662615,,0.283441033692233,0.2450549622411414,,0.8582824972146675,0.036766809987098,,0.5266019909140564,1.792682048732055,,6.811222605216005,0.1100420663952063,FBgn0033649,FBtr0113070
274,274,0.012955865174757,0.677968718377466,1.379863655143673,67.83085788441447,28.78902385331876,0.0336015474606832,,0.5455104069190161,0.2716051967268111,3.3722546828395366e-10,0.509699573441115,0.0195472202501879,,0.842589943781989,7.01026243139811,13643765711851.38,1626.0713910970292,0.0577608466729017,FBgn0033652,FBtr0088030
275,275,364926513.830846,0.0,0.0,973702986.3521084,0.0,0.0,,,,,,,,,,,,,FBgn0033817,FBtr0087744
276,276,0.0302317942103023,0.4992507066987302,2.0305147240425345,24.31283922732645,16.529932993065685,0.206302921493368,,0.3684027149585407,0.4898513971676731,,1.1177952611940574,0.1082559327821088,,0.6765728319000898,8.416817974579045,,244.44430410570985,0.3931506968986431,FBgn0033987,FBtr0087409
277,277,0.0431558323465565,0.1525093605175133,2.022366404358112,24.3598979850282,3.631733213072316,0.2041167352753581,,0.1074604030796429,0.4602533844118222,,1.1404038090727642,0.11078890875021,,0.2164434934068008,8.886335249230385,,11.56562791705916,0.3760632908968122,FBgn0033987,FBtr0087411
279,279,0.0106437818509452,0.7437936503083399,0.1727879337229872,23.49656310292254,11.70627968121553,0.0118682303516082,,0.6114436089991248,0.0775334227362315,1.3229742925410448e-06,0.9451734810502456,0.0065673602033699,,0.9047915230393666,0.3850683871113022,417308545.42095536,144.9860652274846,0.0214477183094903,FBgn0034013,FBtr0087382
280,280,274931467450.881,0.0,0.0,253721033.6514435,12948584360.090364,81929431125.16261,,,,,,,,,,,,,FBgn0034158,FBtr0087031
282,282,0.0247646477382577,0.7242668155584701,0.200572657312197,22.871297317072383,8.054092903380274,0.0235380838558167,,0.526006327743779,0.0858549278857465,0.0004522500207964,0.9650533278995352,0.0135347588314592,,0.9972549614930194,0.4685740452174419,1156652.773712988,67.2174382709693,0.0409347073341035,FBgn0034225,FBtr0086926
283,283,0.0,0.0,0.0,0.0,0.0,0.0,0.0,0.0,0.0,0.0,0.0,0.0,0.0,0.0,0.0,0.0,0.0,0.0,FBgn0034251,FBtr0086834
284,284,0.0021606165561813,7.625362701059375,0.001336451814133,12.045278516722036,5.097951808422243,0.0011049581112271,,2.4566953002898404,0.0006060299558344,0.1154694943314845,1.2219617333227613,0.0006491010355074,,23.66844448143303,0.0029472197443444,1256.5113875781883,21.268352299646864,0.001880958989092,FBgn0034264,FBtr0086860
285,285,0.003860511280303,1.0660090903575647,0.0317520851762504,46.18100067177904,7.996561109421451,0.0172763097300855,,0.7233795145498007,0.0129931864690032,0.001564173406872,1.3128251608530948,0.0100511836383302,,1.5709255762270131,0.0775941233080146,1363458.0499048654,48.70792507904035,0.0296950974760454,FBgn0034275,FBtr0089546
288,288,0.0060532858497884,0.1596415307216213,0.1611622817328987,76.27862627293948,2.293652888910985,0.0371425348894585,,0.1256017466715324,0.0603031924192363,,0.910968839344769,0.0214393979814123,,0.2029065598728542,0.4307115429774315,,5.774998383691881,0.0643473244542923,FBgn0034356,FBtr0113093
292,292,0.0018730663553391,4.224667447684559,0.0025204728100672,3.684628796749403,11.59154347750514,0.0012550512049199,,1.561293862823672,0.0012902640113518,0.9505199786736924,1.1138454760209864,0.0007094251596361,,11.431425863192064,0.0049236304588795,14.283223577035068,120.63062882912888,0.0022203237446198,FBgn0034468,FBtr0086476
293,293,0.0018287924988054,0.1063773942040854,1.178156717128037,19.154468252416333,6.553599605093567,0.044813581813102,,0.0902398356803915,0.378379582458152,0.4849294468959704,1.3451084987457114,0.0233476273976638,,0.1254008267228073,3.668414773060406,756.5918225451323,31.930262743810133,0.086015468754677,FBgn0034479,FBtr0305677
294,294,0.0024781242175649,0.0395000238491994,1.1746208894343153,19.22300903973956,1.1115717416169792,0.0445587230153449,,0.0331461715696488,0.4010500531456368,0.0428937620022251,0.5747248194712661,0.0238337137447837,,0.0470718580819757,3.4403043287826898,8614.867507371804,2.1498840747788157,0.0833055149532782,FBgn0034479,FBtr0342667
295,295,0.0072275871502118,0.4061447286132968,3.656214007813407,10.842754811028176,45.0592443668287,0.2074138069973123,,0.2928614578075977,0.3954827039539243,3.044791564732585,0.5214525549775336,0.1113647978778083,,0.563247693346998,33.80148041186752,38.61194744948004,3893.6150250468313,0.3863023877645903,FBgn0034501,FBtr0301209
296,296,0.0255620303205223,5.465523568780354,0.0208551782565963,77.60331362105963,124.5650975785581,0.0075079037070115,0.0175770242392611,,0.0012609889227567,0.0168138637043025,0.1582493171504531,0.004237641986451,0.0371745174389525,,0.3449185415233927,358173.1356266134,98050.74558396771,0.0133018830410837,FBgn0034504,FBtr0345355
297,297,0.0144226614077398,1.4077284645256842,0.0019356906831882,22.84861610797914,0.592241019582691,0.0032471270122963,0.0027408250792924,0.5973312074006623,0.0007831084384133,0.0739258251271767,0.3389114857185131,0.0019021361220463,0.0758943588388373,3.317588977912899,0.0047846482520008,7061.933460352859,1.0349292958683156,0.0055431542000482,FBgn0034515,FBtr0086267
298,298,0.0835081564940502,1.1319385116189409,3.0096114833291545,30.76430852437701,42.7617314830477,0.2565625101292766,0.0630325972417436,,0.2808286697928023,0.0115920608286568,0.2060157347597764,0.1464642079683733,0.110635012774255,,32.25369150261475,81645.76540552167,8875.85446597301,0.4494225757739318,FBgn0034602,FBtr0071583
299,299,0.0049338860367858,0.1321680051792339,14.861664415795524,27.13459604361115,27.191281825078025,0.4426978499131422,,0.1169425127270412,0.1596009324655675,0.167716704768783,0.9438413855315464,0.2079724016880496,,0.1493758017140563,1383.8833257153642,4390.059436625672,783.3581135822174,0.9423432375016916,FBgn0034606,FBtr0071622
300,300,0.0256795969990189,0.542509383367945,0.0329483035664978,49.12044538442872,1.732941872973634,0.0231175939024521,,0.299898173760164,0.0123107268574613,,0.7658817339262539,0.0138141574832765,,0.9813878735975232,0.0881825029894266,,3.921085204252346,0.0386866262734927,FBgn0034611,FBtr0342884
301,301,,,,,,,,,,,,,,,,,,,FBgn0034644,FBtr0071662
303,303,0.0388344372005081,0.2237651032363742,0.2714880951491074,37.68102550368769,0.6279042352839791,0.0685157026409548,,0.151906827446364,0.0993671371122398,,0.3334973589537129,0.0405851053376736,,0.3296153455911284,0.7417521320397572,,1.1822094481482226,0.1156680873272519,FBgn0034657,FBtr0071713
304,304,0.0,0.0,0.0,0.0,0.0,0.0,0.0,0.0,0.0,0.0,0.0,0.0,0.0,0.0,0.0,0.0,0.0,0.0,FBgn0034846,FBtr0290285
305,305,,,,,,,,,,,,,,,,,,,FBgn0035157,FBtr0072606
306,306,,,,,,,,,,,,,,,,,,,FBgn0035234,FBtr0072744
307,307,0.0516863699131194,0.3709728633180839,1.2064447464198365,41.55566988511135,6.677902807947268,0.1377643152356234,0.008438519941287,0.1410894068967162,0.2739145307951361,0.0009305473075601,1.1903181347090568,0.079116327249392,0.3165816817858177,0.9754160028411092,5.313733893338487,1855761.3197852373,37.46425817774336,0.2398873558995506,FBgn0035236,FBtr0072746
311,311,48904397364.10303,0.0,0.0,2623620411.7508097,0.0,0.0,,,,,,,,,,,,,FBgn0035397,FBtr0072993
312,312,,,,,,,,,,,,,,,,,,,FBgn0035397,FBtr0072998
314,314,0.0202604226564841,0.6141382536053255,0.1834404373821415,35.97153147626575,6.211688961438557,0.0293567752184043,,0.4521502229711832,0.0723834730850113,0.0002760959346832,1.2477420212648598,0.0165711863414765,,0.8341603639227596,0.4648905700812453,4686599.526475027,30.923924253623507,0.0520071546758751,FBgn0035432,FBtr0073058
317,317,0.0463235394128419,0.1662498257298007,11.04256316991344,31.221707061057955,5.649302729598302,0.6436739572150785,,0.1332579425916875,0.2183881342177057,4.5224403149008405e-05,0.9701384901357144,0.3381539515787237,,0.2074098100094275,558.3554335418772,21554623.697181724,32.896974664083515,1.2252293999896202,FBgn0035625,FBtr0331806
318,318,,,,,,,,,,,,,,,,,,,FBgn0035656,FBtr0077070
319,319,0.0831038205956885,1.0152721980553696,13.211544016466345,44.58902751354653,88.20926079503062,0.5783211948233816,0.0326711144672019,,0.051524521879042,0.0092557472352286,0.0215660043246573,0.315417446919279,0.2113868813545817,,3387.608248142228,214805.06371614285,360793.47721865657,1.0603579721052554,FBgn0035656,FBtr0332041
320,320,0.0524362386770314,1.6523463187683376,0.0051354748716086,75.7027837951429,1.1890063164867604,0.0060154924417694,0.0310572283281736,,0.0007824955905902,1.158863591022606e-05,0.6037219763870688,0.003702862756088,0.0885320189406711,,0.0337038348510442,494528563.907774,2.3417004448070893,0.0097724792142216,FBgn0035713,FBtr0076951
321,321,0.0623251280434451,0.5817582008434975,0.0714880829092353,80.36704864635233,1.067425291766987,0.0151050172837328,0.0231650474187703,,0.0199794345246227,2.1059006819789416e-05,0.5282029439339706,0.0091482136506669,0.1676845946140533,,0.2557903223807186,306703092.097187,2.157119278847243,0.0249405573431526,FBgn0035772,FBtr0302546
323,323,0.0059288532720262,3.721599711246064,0.0221402395869135,17.478933907214873,61.34858705691972,0.0107413371755397,,1.5453589465352409,0.0100864957861567,0.0913705686635996,0.1948149687787508,0.0060624568430612,,8.962516081975481,0.0485986629408697,3343.671107680175,19319.09625566191,0.0190312817567822,FBgn0035954,FBtr0076521
324,324,0.0293527458381236,0.5146071228670097,4.147220376201609,38.19333183644783,38.78208176813135,0.1388519265464368,,0.4135681969788589,0.42116744342974,,0.1465461136937947,0.0793131164446913,,0.6403308882065681,40.83752701471823,,10263.32141030167,0.2430853605292615,FBgn0035956,FBtr0076547
325,325,246451428837.83417,0.0,37330075347.33716,196927637.325945,6321483105.68079,72060772300.54327,,,,,,,,,,,,,FBgn0036007,FBtr0333864
326,326,239850232582.20175,0.0,39695909122.1388,50097103.54937682,8384668640.430668,83870465033.73286,,,,,,,,,,,,,FBgn0036007,FBtr0333865
327,327,0.0024512206817187,2.561492440033667,0.0018031017223902,11.574406319476449,2.05369899681212,0.001263708743574,,1.2353719887868315,0.0008704864198036,0.55757583075757,0.8668231650190296,0.0007284660872422,,5.311148042779363,0.0037348955105121,240.26665837778077,4.865674730110054,0.0021922225571695,FBgn0036150,FBtr0076185
330,330,0.0,0.0,0.0,0.0,0.0,0.0,0.0,0.0,0.0,0.0,0.0,0.0,0.0,0.0,0.0,0.0,0.0,0.0,FBgn0036474,FBtr0075659
331,331,0.0,0.0,0.0,0.0,0.0,0.0,0.0,0.0,0.0,0.0,0.0,0.0,0.0,0.0,0.0,0.0,0.0,0.0,FBgn0036503,FBtr0075603
333,333,0.0359996048909303,2.126590738685872,0.0118984320486891,29.920314682501363,5.289829569972885,0.0175161212185718,0.0207591129563998,,0.0034694749266213,9.150070095834356e-05,1.1591501751640805,0.0107782988291518,0.0624290428509643,,0.0408052192944185,9783807.351459147,24.14035513163647,0.0284659487927603,FBgn0036778,FBtr0075135
334,334,0.0,0.0,0.0,0.0,0.0,0.0,0.0,0.0,0.0,0.0,0.0,0.0,0.0,0.0,0.0,0.0,0.0,0.0,FBgn0036962,FBtr0074849
335,335,0.0087893813446338,1.0270809976626014,14.02517429494374,12.266321002363757,698.73183007164,0.4586309173250456,,0.7924662029470535,0.0032189362566585,2.885860627479844,2.8041087867048908e-05,0.2291161608682601,,1.3311550345448415,61108.85656609519,52.13787162841116,17411099479.0961,0.9180597192677205,FBgn0037007,FBtr0078218
336,336,0.0038856131967785,0.0801652631206096,15.649317086268056,8.673437564579098,4.493733581013065,0.4738774508215693,,0.0628059925980254,0.3974501558918334,3.518222995017344,1.3181826986889766,0.2267157679252624,,0.102322551485296,616.1807251453473,21.382532969966263,15.319304006347885,0.9904906061548208,FBgn0037007,FBtr0078219
340,340,0.0130611726559719,1.6204188529682433,0.0004456415441991,42.268169540337766,0.4436830593466885,0.0020615206616268,0.0008855937362079,0.6813055128841018,0.000159417203797,1.4460408049164418e-05,0.2496993877486284,0.0012610433794993,0.1926326081297565,3.8540085312675134,0.0012457650817226,123551019.46061434,0.7883665992381611,0.003370119939888,FBgn0037086,FBtr0078393
341,341,0.0039444880132482,0.0584781268871046,6.646659394966026,21.209093972075912,12.168688007778368,0.4573633036246418,,0.0478821943004839,0.5912279518633714,,0.9885172638506808,0.22276183979435,,0.0714188514996638,74.722585380908,,149.79704780655874,0.9390351224229376,FBgn0037213,FBtr0078961
342,342,0.002792836883454,0.416503938839607,6.606993614073823,21.40251465214172,180.37744684190983,0.4768115376344079,,0.3541299035404445,0.719524381557802,,0.0545011873619229,0.1816139458126453,,0.4898641129556426,60.66836056604919,,596978.2477057958,1.251827008129783,FBgn0037213,FBtr0078962
343,343,0.0202202610660206,14.290840047380204,1.508135739081637,137.76634357515013,2986.6492480843103,0.164069645536614,,,,,,,,,,,,,FBgn0037261,FBtr0078895
344,344,0.0,0.0,0.0,0.0,0.0,0.0,0.0,0.0,0.0,0.0,0.0,0.0,0.0,0.0,0.0,0.0,0.0,0.0,FBgn0037262,FBtr0345249
345,345,0.0143455328163826,0.5204060275931965,22.446895775951397,32.83293323017458,724.2808904109222,0.7166968080995161,,,,,,,,,,,,,FBgn0037363,FBtr0334946
347,347,0.1132185368845427,0.3400628813950992,1.046967933279466,25.42886800201696,0.6774762725820175,0.075573854749352,,0.1556516318671084,0.3022445751120165,0.0001206277585426,0.355908920789142,0.0440209619314351,,0.7429588878417304,3.626671720771926,5360518.471669834,1.289583017177428,0.1297429059040545,FBgn0037753,FBtr0113213
352,352,0.0424495127257998,0.4025665289329143,9.556574718232866,27.79768604946617,12.760954551730402,1.881302846763538,0.0263114007311475,0.1385606194744515,0.1908825481893279,0.1192723564798008,2.0699365897598168,0.5706181632584599,0.0684859445177568,1.169595017919044,478.4519130296985,6478.545176019453,78.67002394031022,6.202572278859402,FBgn0037992,FBtr0082550
353,353,0.0362711223158516,0.1139871573455795,9.315877119313424,29.572610527251907,5.275297934456749,1.3290809815035245,,0.0773353831479394,0.2873574842439598,0.017694181115197,1.4201505001386547,0.5531405399518001,,0.1680094092877342,302.01254973567507,49425.2482046436,19.595647288485708,3.1935035091593518,FBgn0037992,FBtr0308292
356,356,3144313606.74136,193880358836.3592,13296461527.712578,0.0,47109343.18862218,0.0,,,,,,,,,,,,,FBgn0038071,FBtr0082648
360,360,0.0,0.0,0.0,0.0,0.0,0.0,0.0,0.0,0.0,0.0,0.0,0.0,0.0,0.0,0.0,0.0,0.0,0.0,FBgn0038242,FBtr0082957
362,362,0.0194211907147374,0.5745135046276103,3.673443282945023,25.585444015225317,38.353477880762185,0.264795852142314,,0.4672521529725937,0.5546921692858565,0.0023248848337699,0.1769502247770525,0.1476816206412039,,0.7063975305403439,24.32734100138302,281568.762438324,8313.011568103284,0.474783815395179,FBgn0038385,FBtr0083201
363,363,0.0279558700279312,0.2654013268177693,1.820900638251283,58.59689344870157,13.365030705995562,0.202894150528797,,0.1979407719318682,0.3386621053659154,0.0006947722968051,0.6587184483419868,0.1178999662589754,,0.35585323624421,9.790523007590194,4942044.951457894,271.16903469427047,0.3491607133150328,FBgn0038475,FBtr0083422
364,364,112092338106.9002,0.0,19327540554.339447,682872220.5234541,2173430053.5262747,0.0,,,,,,,,,,,,,FBgn0038476,FBtr0305987
365,365,0.1130859962971423,0.4908998821571447,2.52771357682307,26.30183098157707,4.879359559393037,0.0709139966791283,0.0782435194542309,,0.4162079587491853,0.0003740982014433,1.1227357971163707,0.0397619222688748,0.1634441120200119,,15.351306461455753,1849210.4755233896,21.205478413522528,0.1264726310514397,FBgn0038535,FBtr0089416
366,366,0.1191918918003576,0.3475558803714355,6.967747114929569,21.732188400717373,2.9196786579267,0.2092767047993356,0.076036033580563,,0.2518854463271492,0.0026242561527389,0.98724206035246,0.115756601418503,0.1868417696445937,,192.7443628265571,179970.24116390044,8.634684246039185,0.3783519785046798,FBgn0038803,FBtr0083908
367,367,0.0,0.0,0.0,0.0,0.0,0.0,0.0,0.0,0.0,0.0,0.0,0.0,0.0,0.0,0.0,0.0,0.0,0.0,FBgn0038833,FBtr0083968
368,368,0.0014069334714356,4.152816048840158,9.18177454596444e-05,29.079429731230643,1.3371629073487643,0.0002668885328473,,1.579343730275927,3.5515993886961624e-05,0.1790789390078172,0.6405645264061965,0.0001616359224716,,10.91965023503234,0.0002373718840059,4722.013868178365,2.791295126535912,0.0004406785810743,FBgn0038894,FBtr0084113
369,369,0.0626315630620636,0.6754555633549307,0.2146449023942635,31.225624146317493,2.8730885938345536,0.0144250409073963,0.0407416271191611,,0.0781061684942232,,0.9624173063459246,0.008433671846701,0.0962826712866449,,0.5898693408222998,,8.576984239158334,0.0246727414775393,FBgn0039026,FBtr0084312
370,370,0.0,0.0,0.0,0.0,0.0,0.0,0.0,0.0,0.0,0.0,0.0,0.0,0.0,0.0,0.0,0.0,0.0,0.0,FBgn0039167,FBtr0084572
372,372,0.0,0.0,0.0,0.0,0.0,0.0,0.0,0.0,0.0,0.0,0.0,0.0,0.0,0.0,0.0,0.0,0.0,0.0,FBgn0039283,FBtr0084780
373,373,0.0110408979305465,0.1697371900807596,90.06327406116458,36.1602400966907,134.57502993482046,1.3200191419321343,,0.1488774071437073,0.0006560176923337,,0.0093737428112373,0.58157629353668,,0.1935197169890372,12364595.390348164,,1932039.2127941437,2.9960824649008018,FBgn0039286,FBtr0084803
374,374,0.0110408979305465,0.1697371900807596,90.06327406116458,36.1602400966907,134.57502993482046,1.3200191419321343,,0.1488774071437073,0.0006560176923337,,0.0093737428112373,0.58157629353668,,0.1935197169890372,12364595.390348164,,1932039.2127941437,2.9960824649008018,FBgn0039286,FBtr0330288
375,375,,,,,,,,,,,,,,,,,,,FBgn0039286,FBtr0330289
380,380,,,,,,,,,,,,,,,,,,,FBgn0039600,FBtr0113301
385,385,0.054748315503403,1.2219737887233897,0.054093741302117,51.95862793382502,6.757524224122766,0.0065591604674459,0.032757266856385,,0.0170927398961396,0.0068614783023116,1.2530882159927947,0.0038899892710053,0.0915026904900617,,0.1711915623732864,393457.342254677,36.441276086398496,0.0110598212592464,FBgn0040022,FBtr0302247
386,386,0.0064245739551872,2.4082708874908514,0.0281855473885521,36.81693442165002,4.834061332196835,0.0040035222809437,,1.2482097508805583,0.0100984795454585,,1.3142294610886784,0.0023679003004785,,4.646469604523186,0.0786677913260304,,17.7808743870975,0.0067689465856202,FBgn0040038,FBtr0113686
387,387,0.001515537604323,7.199525395185058,0.0006686356985137,10.215839998181476,10.08074459591368,0.0011123597796823,,2.1266275373174164,0.0002841868933485,0.3987483923130126,1.3142096982969609,0.0006433158707775,,24.373410485081124,0.0015731678968692,261.72741728954867,77.3251116163049,0.0019233852849915,FBgn0040392,FBtr0070407
392,392,0.0518722032570878,0.9299972282923216,6.122574720773175,22.08994863362332,23.131008019023685,0.6403176120222697,0.0195927246589048,0.3554100975803823,0.3169575107174842,0.0056605935380294,0.3560781651661152,0.3525782503454661,0.1373328884873451,2.4335123017594884,118.26796950353165,86204.00446663832,1502.6013508200738,1.162881272069862,FBgn0041160,FBtr0075580
393,393,0.0557583972404473,0.3058594643880319,34.001517843959824,22.32661862423087,29.089512770550627,1.7608673335603815,,0.2240579893276145,0.0213275374204291,0.0328642453904815,0.4198233711899522,0.7201053863134628,,0.4175258924552172,54207.06539638814,15167.787766586796,2015.608971052635,4.305833320138964,FBgn0041184,FBtr0081040
394,394,0.0557583972404473,0.3058594643880319,34.001517843959824,22.32661862423087,29.089512770550627,1.7608673335603815,,0.2240579893276145,0.0213275374204291,0.0328642453904815,0.4198233711899522,0.7201053863134628,,0.4175258924552172,54207.06539638814,15167.787766586796,2015.608971052635,4.305833320138964,FBgn0041184,FBtr0329928
397,397,0.0594488738775519,0.2554159610351336,40.96979674728044,13.154289888438983,22.014448735967527,1.398510279038635,0.044028053817344,0.1589397696334848,0.0068386750249784,0.9841980117922828,0.6256873440625675,0.6199355464286497,0.0802708341361401,0.4104530496170855,245445.8267694572,175.8135460505356,774.5656960260962,3.154894104466106,FBgn0044028,FBtr0075435
399,399,0.0129006434555073,0.4748419044699692,0.5084306362102875,63.36724899707088,8.021621597656926,0.1883188030774297,,0.3436374417750438,0.1592716908288989,3.7210976028192015e-14,1.0276394314985644,0.1110427589182477,,0.656141638920332,1.623023592528435,1.0790924275715325e+17,62.61574934134468,0.3193722124521883,FBgn0044324,FBtr0346095
400,400,0.001142733529054,0.2271035856690152,10.005757359642098,31.80491967012813,113.01214928352282,1.1731948340580336,,0.1930121554156298,0.5667107132961798,0.0245284614253086,0.0727431942122412,0.474847043147181,,0.267216531065935,176.66011598356505,41239.96600045913,175573.06939831923,2.8985883739278964,FBgn0046253,FBtr0273227
401,401,39315912371.21748,0.0,0.0,618442305.0041755,3197205683.28789,0.0,,,,,,,,,,,,,FBgn0046687,FBtr0308339
402,402,0.0127644722332912,3.12860695014474,0.0340994815618136,30.072704233440497,45.94057590990438,0.0037386517920748,0.0046530267181823,0.0043826556953268,0.0135149218725143,0.0023418718447953,0.1729564574803966,0.0021989924607945,0.0350162939657718,2233.39046663669,0.0860363569802972,386172.9419233175,12202.70434350739,0.0063563279418129,FBgn0050015,FBtr0113357
403,403,0.0,0.0,0.0,0.0,0.0,0.0,0.0,0.0,0.0,0.0,0.0,0.0,0.0,0.0,0.0,0.0,0.0,0.0,FBgn0050062,FBtr0303158
405,405,0.0252437388211093,0.3044758884476429,3.185804525729966,31.637599281437662,7.690937640674098,0.1255995544952844,,0.2559526051024465,0.4473578499474452,0.0006424927228385,0.9290119845983704,0.0719750503497361,,0.3621981757477152,22.68731950798194,1557897.3157401497,63.67035385265731,0.2191766176301364,FBgn0050089,FBtr0340007
406,406,0.0212281106083239,0.5232031382414496,0.1071421796008922,21.977519032438664,3.1364834664226864,0.0084283782741612,,0.4021929859572212,0.0481020846028491,,1.0185864880282538,0.0047189335810403,,0.6806223216802135,0.2386475917708957,,9.658019864553706,0.0150537317621434,FBgn0050115,FBtr0340387
407,407,0.0089272761585353,2.9262313900220214,0.003585439742999,11.31262990702679,26.981960262195155,0.0102942735453344,,0.5362451588112199,0.001003501710714,0.3236713403650537,1.12014000146741,0.0059742223894662,,15.968125785849146,0.0128105194175803,395.38747937651607,649.9421310166113,0.0177382194564804,FBgn0050163,FBtr0343491
411,411,0.0,0.0,0.0,0.0,0.0,0.0,0.0,0.0,0.0,0.0,0.0,0.0,0.0,0.0,0.0,0.0,0.0,0.0,FBgn0050357,FBtr0088721
412,412,234425644962.794,0.0,400407084.3679703,0.0,34262695236.336784,179678709059.00308,,,,,,,,,,,,,FBgn0050372,FBtr0339300
413,413,0.0,0.0,0.0,0.0,0.0,0.0,0.0,0.0,0.0,0.0,0.0,0.0,0.0,0.0,0.0,0.0,0.0,0.0,FBgn0050398,FBtr0071710
414,414,0.0140186391604948,2.3218856312435654,0.0011158943988829,27.839204397863387,0.8386367578069044,0.0012754105628262,0.0053425477711118,0.7764574835412095,0.0004092655732188,0.0001151530367822,0.4477926073114622,0.0007693292283886,0.0367843681201679,6.943268625588823,0.0030425728205394,6730359.208605535,1.5706190769149702,0.0021144030978464,FBgn0050431,FBtr0085991
415,415,0.0,0.0,0.0,0.0,0.0,0.0,0.0,0.0,0.0,0.0,0.0,0.0,0.0,0.0,0.0,0.0,0.0,0.0,FBgn0050432,FBtr0307499
416,416,0.0,0.0,0.0,0.0,0.0,0.0,0.0,0.0,0.0,0.0,0.0,0.0,0.0,0.0,0.0,0.0,0.0,0.0,FBgn0051131,FBtr0300438
417,417,0.0,0.0,0.0,0.0,0.0,0.0,0.0,0.0,0.0,0.0,0.0,0.0,0.0,0.0,0.0,0.0,0.0,0.0,FBgn0051184,FBtr0084505
419,419,0.0084425200560418,5.184166171489856,0.0002750368419266,10.56045565881638,2.2625216874721987,0.0007070172445034,0.0011603872076878,1.4275467495321612,0.0001017348400356,0.282076837358673,0.9923174731116958,0.0004128739509109,0.0614244490325714,18.8264089441747,0.0007435531858156,395.3646983783368,5.158635744093007,0.0012107166919161,FBgn0051313,FBtr0082982
420,420,0.005632006836996,7.602566383616249,0.0008014440462444,9.47433955353163,19.246705093068428,0.0007559873182438,0.0005149633542657,0.8683239537404054,0.0002301022818352,0.2639194100098691,1.8689449228419668,0.0004024956818442,0.0615956470479228,66.56388479013614,0.0027914219456563,340.1156056398325,198.205764339086,0.0014199328120161,FBgn0051313,FBtr0334960
421,421,0.0261098048380507,8.049787191591586,0.0015035971486839,8.380220703592233,2.738828860432465,0.0008269823685826,0.0101598729135718,2.1231074101125085,0.0006888712914873,,1.055001989630486,0.0004623881820214,0.067099452373113,30.520864616302244,0.0032818966524924,,7.110113156625502,0.001479059942572,FBgn0051313,FBtr0334961
422,422,0.0,0.0,0.0,0.0,0.0,0.0,0.0,0.0,0.0,0.0,0.0,0.0,0.0,0.0,0.0,0.0,0.0,0.0,FBgn0051485,FBtr0081662
423,423,0.1193478778913717,0.4450585937920416,0.5333768915176816,22.269147511596,0.8132319465006819,0.0645977809645388,0.0570341282958056,,0.1955185597119219,,0.4476302372965833,0.0359497283502708,0.2497437303380557,,1.4550583270674409,,1.4774386172020464,0.1160752388692555,FBgn0051523,FBtr0078937
424,424,0.0,0.0,0.0,0.0,0.0,0.0,0.0,0.0,0.0,0.0,0.0,0.0,0.0,0.0,0.0,0.0,0.0,0.0,FBgn0051606,FBtr0079577
425,425,0.0080521895697551,2.1447801916319262,0.0008903233226094,17.038353323349714,0.3348882467298515,0.0006522296445646,,1.0407457603041732,0.0004019737519788,0.0479888558957539,0.1927716015355007,0.0003858038038201,,4.4199863654234255,0.0019719586537183,6049.435406460451,0.5817772789377403,0.001102642081381,FBgn0051712,FBtr0331636
426,426,30259776215.53014,0.0,0.0,112145531.03490628,0.0,0.0,,,,,,,,,,,,,FBgn0051716,FBtr0331637
427,427,0.0085958549825882,0.4533164709392091,0.7536493406029148,58.08546349388328,6.183999382022955,0.038316609011281,,0.3809327958718119,0.2046211586007484,,1.350669254681362,0.0219898248163144,,0.5394542687102489,2.7757995921597263,,28.31325894501239,0.0667655398979868,FBgn0051721,FBtr0080096
428,428,0.0,0.0,0.0,0.0,0.0,0.0,0.0,0.0,0.0,0.0,0.0,0.0,0.0,0.0,0.0,0.0,0.0,0.0,FBgn0052141,FBtr0075735
429,429,0.0367384166921228,0.2211431301975485,3.682503674961026,29.970340980950237,7.805822082722153,0.2033460583298424,,0.1654375927269057,0.4303812488825885,,1.3896743997252592,0.1048496292124878,,0.2956056312684513,31.50888509039333,,43.84542048062404,0.3943706787411209,FBgn0052227,FBtr0074848
430,430,0.0022139268895999,4.703693538085828,0.001824421949189,88.709770341641,6.980774527794229,0.0044228888687928,,1.6684864298691209,0.0005629189575477,1.3439545926830101e-17,1.146829389712145,0.0027294493803963,,13.26036130960075,0.0059129567481312,5.855423536561997e+20,42.49212083772312,0.0071669934918706,FBgn0052475,FBtr0329896
433,433,0.0,0.0,0.0,0.0,0.0,0.0,0.0,0.0,0.0,0.0,0.0,0.0,0.0,0.0,0.0,0.0,0.0,0.0,FBgn0052639,FBtr0073734
435,435,52973045709.22808,0.0,0.0,782570323.2240173,0.0,6708051565.757603,,,,,,,,,,,,,FBgn0052672,FBtr0346376
436,436,0.0023610991094032,4.206886350069431,0.0008446458728189,10.562492750238732,1.897416928741117,0.0018392635234615,,1.6785687054297684,0.0003868949784477,0.5899776492309748,0.8105520055267775,0.0011032923556618,,10.543442580069584,0.0018439801243542,189.1025079412252,4.441653313945736,0.0030661776014092,FBgn0052801,FBtr0070355
437,437,0.0,0.0,0.0,0.0,0.0,0.0,0.0,0.0,0.0,0.0,0.0,0.0,0.0,0.0,0.0,0.0,0.0,0.0,FBgn0052829,FBtr0079370
438,438,0.0,0.0,0.0,0.0,0.0,0.0,0.0,0.0,0.0,0.0,0.0,0.0,0.0,0.0,0.0,0.0,0.0,0.0,FBgn0052971,FBtr0080621
439,439,248811287526.58472,0.0,7405392239.579637,107682167.20927349,8176455609.139017,34927116937.0108,,,,,,,,,,,,,FBgn0052982,FBtr0301040
440,440,,,,,,,,,,,,,,,,,,,FBgn0053099,FBtr0084288
441,441,7354859481.075312,0.0,3713915162.899645,0.0,10454590993.859877,2071817127.4254384,,,,,,,,,,,,,FBgn0053113,FBtr0079042
442,442,0.1817383780613098,0.3158640785392053,7.241524381074416,40.13207554577266,2.8219131902288344,0.3392863870514785,0.15779179947204,,0.6696232479734726,14.348701044503528,0.964519000749469,0.1769430896304476,0.2093191038499318,,78.3122084252556,112.24594356076295,8.25612978800808,0.6505778365172004,FBgn0053113,FBtr0079043
443,443,0.0269060084013243,0.1502477692628868,6.924435174818564,41.97902866814341,8.917314274816183,0.3415296879178816,,0.1222062944618517,0.3488651291433535,,0.8880963974812758,0.1887009700390221,,0.1847236451107725,137.439366920969,,89.53813358703215,0.6181342242446589,FBgn0053113,FBtr0079044
444,444,0.019069318660185,1.250968730593308,0.0140743202723784,65.89865859001581,1.6215628273100138,0.0027164468527368,,0.7759449647989036,0.0047961626512401,1.0796833449126914e-08,0.7139962111015952,0.0016580219275224,,2.016796082087861,0.0413010370026264,402213595720.0148,3.682745037059442,0.004450534327233,FBgn0053180,FBtr0303648
446,446,0.0149827484503283,0.3293240551131693,20.639401401346632,51.28444394328317,32.93818638802388,0.3926339110950649,,0.2886235304346571,0.0467925293108661,0.0002158623645831,0.5153360578318342,0.2105572303470625,,0.3757640034159838,9103.6944674625,12184125.730533252,2105.275006559383,0.7321590803968229,FBgn0053207,FBtr0083162
447,447,0.0763940609789038,3.14441886225531,0.089376099783379,59.53052350337565,19.064557075640185,0.0149479047950668,0.0614783324042356,,0.0174165719400221,0.0004367612814848,1.0413195163477884,0.0087732207966175,0.0949286085783029,,0.4586486502623649,8114005.015594967,349.0353640591441,0.0254683955803926,FBgn0053526,FBtr0091487
448,448,0.1005881606822051,2.0783428478211565,0.1049934105689666,58.69099990678024,2.7154744841135403,0.0141378257095772,0.0817885208032039,,0.0252595277593714,,1.0023070581303113,0.0086210210442294,0.1237090238344641,,0.436414186675116,,7.356829041617923,0.0231849701756814,FBgn0053526,FBtr0091489
449,449,0.0,0.0,0.0,0.0,0.0,0.0,0.0,0.0,0.0,0.0,0.0,0.0,0.0,0.0,0.0,0.0,0.0,0.0,FBgn0053552,FBtr0091522
450,450,0.0,0.0,0.0,0.0,0.0,0.0,0.0,0.0,0.0,0.0,0.0,0.0,0.0,0.0,0.0,0.0,0.0,0.0,FBgn0063261,FBtr0083346
455,455,0.2066875064846327,0.7927221906794203,10.062381911095738,24.50502287845933,6.984298238124366,0.3946263008940243,0.167511891052835,,0.03532443998652,0.3552184242041288,1.1078588467266612,0.2187828167153567,0.2550250317654215,,2866.3307829758865,1690.4983113396609,44.03126086251544,0.7118014097053634,FBgn0083940,FBtr0110782
456,456,0.0113335971520052,0.3608294656438496,0.0697667415483251,20.32023588607208,2.43021714594784,0.0288958128416856,,0.2451291870727466,0.0341149292068184,0.1692387623754365,0.9972811177433948,0.0153329370902309,,0.531139946375245,0.1426764862023506,2439.8192274037915,5.922056751483081,0.0544558420130551,FBgn0083972,FBtr0110944
457,457,0.0102244337303981,0.0979088808993586,7.141246990736202,30.597823917437854,9.302089076176449,0.4011123755018801,,0.0839931729618999,0.3689138793836349,0.0461763385705455,1.442313604997644,0.1942068694513355,,0.1141300967795699,138.23662223796808,20275.03386939651,59.99309781263734,0.828452352047606,FBgn0085412,FBtr0329899
458,458,0.0520139509211742,2.0076136675355376,0.2370447633581219,38.15667729636085,43.08359692834654,0.0340775414272488,0.0393328848965816,,0.0662611895133824,,0.1849372603736633,0.0203894501783078,0.0687834390369227,,0.848011034033121,,10036.897489093384,0.0569548869425295,FBgn0085424,FBtr0342628
459,459,0.1669303603752602,0.6565186227619997,2.388443739074292,28.177635527885982,5.412527184989314,0.2436207111504885,0.1094059962728195,,0.3298030924419324,0.0285545842207947,1.0373191545041451,0.1402154915090663,0.2547003470040804,,17.297180121886182,27805.66292974317,28.241501567810182,0.4232845476823232,FBgn0085432,FBtr0100246
460,460,0.1715197700102549,0.6369785540582389,2.3663299884210254,28.324359251609536,3.170454716367623,0.2380162735595553,0.1166627504099984,,0.3344467563252768,0.0155325299951673,0.9679156132399402,0.1378676456560001,0.2521715920547114,,16.742627961548123,51650.911169258885,10.384978784349798,0.4109140053100742,FBgn0085432,FBtr0112657
461,461,0.1280565691166099,1.596006087627333,0.1893787357336412,23.02250115876257,9.817942839634432,0.0228713974416416,0.0961031980134757,,0.0671962381590144,,1.1070603439212134,0.0132184788338947,0.1706341228271889,,0.53372490083749,,87.07023255923708,0.0395734507356624,FBgn0086690,FBtr0333940
462,462,0.0166251147002118,0.8974272248023946,0.1765053234490601,23.03813743939812,57.42808558551468,0.0232627707265517,,0.558975396985871,0.0734929814930594,3.056792256811326e-07,0.1863456871003314,0.0128071565855326,,1.4408069266720962,0.4239061822359116,1736316151.3313046,17698.209523043653,0.0422542270223679,FBgn0086690,FBtr0333946
463,463,0.0012422660941534,0.0497385160213891,1.0096070544888816,28.52336586415505,1.4862615390033045,0.0517022996532379,,0.0422831199121474,0.3208901702846321,0.1291636402249809,0.7294496702106502,0.0285097223535244,,0.058508453991808,3.1764961936028846,6298.850038627936,3.0282738515497085,0.0937619720138295,FBgn0250906,FBtr0330718
464,464,0.003423493684639,0.0645699588070746,2.392380272738274,22.12605271385172,5.5007001006774825,0.1743753481579553,,0.0529377726058898,0.5425150207982463,3.82966062478883e-05,1.1611149955844893,0.0927411774082837,,0.0787581225108713,10.549907652263402,12783435.835731264,26.059177353369687,0.3278668968299313,FBgn0259111,FBtr0331659
465,465,0.0072837088486385,0.0748989881959308,2.4003287929098063,22.00054220743433,1.91744090850182,0.1721291936049712,,0.0649811307626738,0.6429435546430314,,0.8199145877633806,0.0917738481408579,,0.0863305757676438,8.961250598850365,,4.484100773990998,0.3228420720205913,FBgn0259111,FBtr0331660
468,468,0.0192009870602224,0.1338997756206514,6.577430268273939,21.150096997050696,10.45680325683698,0.4164252246643481,,0.1112046995216808,0.4961683956312372,0.0025770655195781,0.7924679864252824,0.2186280161372245,,0.1612265487733752,87.19335877684527,173579.83318091353,137.98000200037865,0.7931735868101643,FBgn0259211,FBtr0299706
469,469,0.0174887034365396,0.1262422356428452,6.585035990167582,21.17552251338319,14.794065734991724,0.4321238916595277,,0.1026948981753275,0.4301507252905508,0.0678730931576345,1.0531079791305364,0.2114343306126541,,0.1551888393997411,100.80815035825512,6606.487679490125,207.82710349602928,0.8831633784442744,FBgn0259211,FBtr0300538
470,470,0.0328528298408516,0.1000384430304695,6.694052882279152,19.931362354302085,2.989701169485272,0.4506242537783452,,0.079708710778005,0.5208152494103856,,1.026223328435276,0.2325154290357017,,0.1255532800151878,86.03884782843737,,8.709910245804107,0.8733279289698713,FBgn0259211,FBtr0345791
471,471,258399765649.17215,0.0,330536079.9077115,0.0,19185302284.82881,84932194102.17822,,,,,,,,,,,,,FBgn0259212,FBtr0334910
476,476,,,,,,,,,,,,,,,,,,,FBgn0259740,FBtr0302201
477,477,,,,,,,,,,,,,,,,,,,FBgn0259740,FBtr0304667
479,479,0.0,0.0,0.0,0.0,0.0,0.0,0.0,0.0,0.0,0.0,0.0,0.0,0.0,0.0,0.0,0.0,0.0,0.0,FBgn0260011,FBtr0080592
480,480,0.0943717001686856,0.3201579786503676,4.889197337060288,35.71480552656516,7.055316759555825,0.1983757800070859,,0.1594140484642356,0.2827846687482037,0.003583272469149,0.9394714774949998,0.1131209155391305,,0.6429868150327122,84.53163570194167,355972.74412773683,52.98457246450491,0.3478839426454861,FBgn0260400,FBtr0070091
482,482,0.1599782016946539,0.3772275661035766,1.0933258076318575,15.770356066802156,2.3779686821661,0.0485213169296715,0.0714408911191376,,0.3368847068666773,0.099991240705465,0.9099421552150202,0.0270677969398035,0.3582405624640855,,3.5482801601525957,2487.25917109388,6.2143895861452405,0.0869785672556001,FBgn0260635,FBtr0075501
483,483,0.2182475100839492,0.4461746497312676,1.0107935504796048,17.1798543070945,0.2701993542950403,0.048424390886214,0.1477477449330231,,0.3035553676765089,0.1115566557712097,0.1538156255282345,0.0278134808154293,0.3223871584600901,,3.365789936483576,2645.717478465005,0.4746441774737334,0.0843088158674489,FBgn0260635,FBtr0333618
488,488,0.0015359715993177,0.4628199800169644,0.1938947054042163,47.74016827219044,4.28598623243736,0.0529463005593279,,0.3618212483508328,0.0815475920886676,,1.95654925079085,,,0.5920114832371766,0.4610210531159543,,9.388814504524971,,FBgn0261554,FBtr0302702
489,489,0.1344255843477498,0.4366623795338563,27.225782362217487,36.17304227042633,53.35261613789993,8.508369224572704,0.0125660033292932,0.0828730693051794,0.0145370387391751,0.0333822766347473,0.1093153444239448,1.008563504312616,1.4380258586363384,2.300796088509935,50989.97385466787,39197.116524283294,26039.36038218796,71.77767840310138,FBgn0261560,FBtr0077524
490,490,,,,,,,,,,,,,,,,,,,FBgn0261563,FBtr0305063
491,491,0.0699518300230944,0.4319184286565744,2.907800331409537,43.00724521469657,5.739491018735977,0.3601657106655417,0.0197435015884931,0.161901002632656,0.3741633704171312,,1.038615072024793,0.2050058343368348,0.2478414733905046,1.1522691396571736,22.59789021549364,,31.71700280637232,0.632759255651619,FBgn0261648,FBtr0089913
492,492,0.0384981173626234,0.3304075518436635,2.777743707281009,44.13573547746742,7.494846427170585,0.369096089342368,,0.238163975677052,0.4228836471146737,,0.9660971314966978,0.2089158501672797,,0.4583780985557423,18.245822830900167,,58.14397034783421,0.6520899350563776,FBgn0261648,FBtr0343619
493,493,0.0113689598716191,1.025232388863784,0.0215416393739584,74.20791442325717,1.08600487493023,0.0044215056324208,,0.7153971510154912,0.0074240297662511,,0.5454026959364932,0.0026928144983211,,1.469255852757206,0.0625054372797862,,2.162450969090104,0.0072599549912247,FBgn0261800,FBtr0079490
494,494,219855361212.5704,0.0,0.0,978790695.038093,26500031334.670464,98329880785.61977,,,,,,,,,,,,,FBgn0261822,FBtr0079573
495,495,0.0,0.0,0.0,0.0,0.0,0.0,0.0,0.0,0.0,0.0,0.0,0.0,0.0,0.0,0.0,0.0,0.0,0.0,FBgn0261858,FBtr0303463
496,496,0.0182917292176363,0.5084497126233741,3.107383485109832,24.85306566290249,54.25156330763566,0.1155150152403802,,0.4243009045947199,0.495377019469554,0.0497051779485922,0.1275837081760165,0.0636144909410492,,0.6092872003507127,19.491885461042816,12426.771180326026,23069.027882947787,0.2097591059614191,FBgn0261873,FBtr0089974
497,497,0.0364997791937238,0.5241519278674833,3.1201804666351447,24.92593274049372,46.03308785940133,0.1158442004926748,,0.3742445156707552,0.4201429569420804,0.0473609623322653,0.1158463856169552,0.0653044238731379,,0.734106264709835,23.17193703597801,13118.44380662734,18291.85404953384,0.2054972388066212,FBgn0261873,FBtr0308217
498,498,0.0288910336224206,0.3802329265639437,0.3860107763998495,45.19469875489644,3.3756126913323667,0.0356213158293972,,0.2921436919960745,0.1278137424025784,7.920438286991941e-05,1.0915740057610166,0.0206975113139067,,0.4948834508647342,1.165792634625247,25788481.918992013,10.438835096608972,0.0613058315163286,FBgn0261930,FBtr0070110
500,500,0.0,0.0,0.0,0.0,0.0,0.0,0.0,0.0,0.0,0.0,0.0,0.0,0.0,0.0,0.0,0.0,0.0,0.0,FBgn0262482,FBtr0304821
503,503,0.0057781574154177,1.0544351607942608,0.7218407733863927,25.602008246026426,99.53976688784915,0.0519796879470588,,0.8412392870892799,0.26178517833265,0.0032079955212705,0.0299841689057279,0.0293953235442069,,1.3216614171292511,1.990388093939233,204321.61512806825,330446.55075280665,0.0919155713666599,FBgn0262614,FBtr0305298
504,504,0.2159536206897358,1.3935719577961618,0.7916293616044352,25.6908924474955,2.869456710542062,0.0920723909924316,0.1711169764013181,,0.2061826529630397,8.45501134056983e-06,1.1097085622440723,0.0524040497722977,0.2725385129505307,,3.0394266304575277,78062811.29178223,7.419769562761931,0.1617685125462301,FBgn0262614,FBtr0305303
505,505,0.0268272678274775,0.5531738379862062,0.724904251994573,25.60708635036598,8.590494899264504,0.0517242118868144,,0.4251644371909001,0.2533393968646498,4.144889651784044e-07,0.9457533396173148,0.0297334544187963,,0.7197245777520053,2.0742378842899027,1582003205.0138254,78.02943909682642,0.0899792556098288,FBgn0262614,FBtr0305304
506,506,0.0169831872010019,0.4159695864841687,6.934121565327839,64.89354560037553,16.801997095438974,0.1136542011664531,,0.3380244924186901,0.1626721444301334,0.0004996540170197,1.3016322840887151,0.0615739686163389,,0.51188804586825,295.5763695817971,8428176.532445408,216.88698862658092,0.2097847147594273,FBgn0262624,FBtr0072836
507,507,0.0147958983577059,0.3539796486015855,0.2754961566155257,28.93226768316741,4.450763132011361,0.0133820729460555,,0.2996164574898867,0.1120774342743545,0.0002812942411023,1.209936065534054,0.007302503721486,,0.4182066388270123,0.6771936991717272,2975802.526244716,16.37218116027309,0.0245230790922637,FBgn0262719,FBtr0305700
508,508,0.0096905493812033,0.4702090250134029,0.2745696872097758,28.78517814449341,8.556857966303358,0.0131692596540602,,0.4023020876857694,0.1135064328847636,0.0006626891415975,1.0371068455476655,0.0074058402171434,,0.5495783739923052,0.6641783308529451,1250339.606912396,70.60007227782205,0.0234179235240042,FBgn0262719,FBtr0308608
511,511,9609541317.351946,0.0,15218339160.439611,0.0,38319689.557639845,0.0,,,,,,,,,,,,,FBgn0262867,FBtr0086003
512,512,3.5036433780547468e-15,0.172102494468446,204.027686993132,24.9547316277534,1158.2302422479802,7.3980997150516,,,,,,,,,,,,,FBgn0262867,FBtr0307500
516,516,0.2368339703454739,1.1976656051996557,3.0941886324058405,25.717124988302118,10.306531800146358,0.1991558853330939,0.1865122891557264,,0.3300160608756772,0.3053043035369865,1.2761872164349422,0.109497378223017,0.3007326206948691,,29.010719258649107,2166.266606798192,83.23590487308668,0.3622284597721175,FBgn0263102,FBtr0088278
517,517,0.0665471956132066,0.378568371930665,3.0364496391392977,25.88655194235797,10.24751980240804,0.1898596207373905,0.0243376317118068,0.1664215858301535,0.4000255601861981,0.0186677388615671,1.3569492515931,0.099282343240598,0.1819622096522232,0.8611503820934486,23.048593211737685,35896.87944714163,77.38805410552976,0.3630723692650088,FBgn0263102,FBtr0088281
518,518,0.274594068020457,0.5816374064945803,3.02428565421968,26.20830612764679,4.572768811342907,0.2429833298675062,,,0.3846313139637061,,1.6237562205119562,0.1211526469068757,,,23.77940481253173,,12.877680983046588,0.4873265265007643,FBgn0263102,FBtr0100607
519,519,0.070989718290662,0.2217036551257169,6.242588729910736,26.522392136582702,4.867039422207816,0.6306949454359437,,0.1380609895682898,0.3476643925891863,3.5190851139202687e-06,1.1201456235903506,0.3291029701859268,,0.356020269373705,112.09061060462663,199892091.8008242,21.147315347623024,1.2086676518711583,FBgn0263144,FBtr0336519
520,520,0.1664804096222394,0.7851822746669552,0.3473494182488579,37.56923054426822,0.5546206820932098,0.0364002963250218,0.1208764312114672,,0.110624566965105,,0.3026725880170975,0.0218407708813115,0.2292897507827755,,1.0906403673957696,,1.0162932263563993,0.0606655131244998,FBgn0263197,FBtr0086948
521,521,0.00522467750531,0.4043163470782259,0.654194882932439,46.48773480389477,122.15254121673688,0.1267382823597468,,0.29144592739307,0.1974862822586604,0.0004798852841556,0.0235172463829879,0.071688248252665,,0.5608989289262152,2.167092012469233,4503387.702332838,634480.8861848891,0.2240617201146602,FBgn0263256,FBtr0308298
522,522,253380848188.01016,0.0,0.0,0.0,39595474641.47771,77233447770.22466,,,,,,,,,,,,,FBgn0263256,FBtr0330321
523,523,0.0048209309734048,0.4317890184519503,0.6607945208699945,46.284117149628656,55.62130801511396,0.1259347594334577,,0.3376170893531393,0.2140519099951942,0.0030120168435307,0.2610034189972682,0.0698220055466229,,0.5522284337351334,2.039922927207745,711224.2764915628,11853.216012256762,0.2271427683779836,FBgn0263256,FBtr0339672
524,524,0.0673827012507825,0.4531456338590793,0.8202737929576513,43.5863075707124,2.546403430998652,0.1192629817075405,0.0403394050495025,,0.2131694705467722,,0.9685855741346332,0.0693618520124408,0.1125556616980449,,3.1564045906165523,,6.694473474060237,0.2050645764652011,FBgn0263256,FBtr0344862
525,525,0.0054055361207802,0.6211322438332586,0.0168183544959085,31.70666819444049,2.2509918518541467,0.0087172792697007,,0.4435708323602375,0.0078846368228564,,0.8776449980631414,0.0050451340964032,,0.8697714912328012,0.0358744548804181,,5.773364319623482,0.0150622275669797,FBgn0263316,FBtr0302027
526,526,0.0068266071538125,1.6638304893345468,0.0034231366832175,47.085371728821926,2.405442419439472,0.0013073199542703,,1.039590936682114,0.0013351183166739,4.603356432688256e-06,0.9511168189683752,0.000771969875163,,2.66290499422249,0.0087766489348907,481612115.69416666,6.083535815836742,0.0022139276645641,FBgn0263603,FBtr0075493
528,528,0.0083673617108294,0.0695863309261892,3.594222410435751,18.7341120617328,4.131251302164345,0.0943922812671498,,0.0595979847727863,0.5190426406935126,0.3828586599330607,1.1287804938109696,0.0501817461360517,,0.0812486776227405,24.88896619055761,916.7011000950736,15.12006755539554,0.1775526650400003,FBgn0264089,FBtr0330730
529,529,0.0971931028547725,0.0571028878766042,121.1813777614698,15.75207182461098,8.47709575438731,6.49790832524274,,0.0334482513559543,2.1852672776020475e-05,0.2367606724887002,1.0362596363124923,0.9565361983543026,,0.0974861067966583,671996806.3715398,1048.0109055254743,69.34666748650726,44.14136409672968,FBgn0264270,FBtr0331254
530,530,0.0301707913764302,0.0571954530251174,121.56957772644736,12.58573580877694,8.405949628655543,6.5113684515034,,0.0462030735000709,2.6158158145326288e-05,2.658589921995032,1.3715837532664412,0.8348858134711982,,0.0708030786467787,564992464.1665696,59.580736591924136,51.51707942822795,50.78289560934841,FBgn0264270,FBtr0331259
531,531,0.0456419989284847,0.0714547667422901,123.62768821760712,9.00535677335642,8.871280075498088,6.539373999248404,,0.0493306772274934,0.0010334581311246,2.319293217674112,1.0982299428464757,0.890851720937732,,0.1035011878440115,14788993.219684765,34.96601895674209,71.66041200256275,48.00283963871368,FBgn0264270,FBtr0336727
532,532,0.1134139736554245,0.3624294989072729,121.0773484469157,14.7931293523581,60.65061161600241,6.453277372841198,0.0784604316952809,,0.0002966716873315,,0.0659230590535975,0.958895053089312,0.1639390600126787,,49413964.77295323,,55799.848220096006,43.42997569614676,FBgn0264270,FBtr0336729
535,535,0.0424884626762925,1.3296864777511133,0.0937545273781523,61.465352826005024,5.45164163834401,0.0093126360479659,0.0284185139476121,,0.0273581029619209,0.0017651082180684,1.0950668099849343,0.0056196335824693,0.0635244145391491,,0.3212909687537608,2140372.7881112588,27.140258733012868,0.0154325346820506,FBgn0264598,FBtr0333527
536,536,0.0455202781816388,0.8718245229082556,3.478384306102285,68.02004914344474,42.43871940059178,0.0523259932427681,,0.4379411069181976,0.2763677783746964,0.0065709710968359,0.1681352725027606,0.0306910940029907,,1.735571260010039,43.77918964393445,704116.1827213749,10711.88024709445,0.0892118595894758,FBgn0264707,FBtr0333956
537,537,0.0,0.0,0.0,0.0,0.0,0.0,0.0,0.0,0.0,0.0,0.0,0.0,0.0,0.0,0.0,0.0,0.0,0.0,FBgn0264817,FBtr0347597
538,538,0.018619481737132,0.3104302620632797,6.016470710240946,54.91683831674518,13.931246031445289,0.2466306984169586,,0.2639787166151576,0.3226809401670832,3.9918792864704895e-08,0.7288725635125962,0.1410940898117001,,0.3650557470705694,112.17867342410746,75549857956.10245,266.2737297358924,0.431107365891897,FBgn0264895,FBtr0334847
539,539,0.0103415403264563,0.2155275404784224,6.014817160057827,54.84345319672475,6.716702395181428,0.2502135016074444,,0.1888595518479929,0.3413300860648537,3.0382074421649017e-05,1.140840273391182,0.1429400391012285,,0.245961193120197,105.99131733747072,98999308.50008388,39.54461647057124,0.4379934186412331,FBgn0264895,FBtr0334848
540,540,0.0233544231621175,0.0760249066245141,1.2972482452760612,43.23365769898012,2.673778033497423,0.0860316571663646,,0.0563744215993375,0.3129488322322087,0.0009558492688818,0.953887688227359,0.0492921208896829,,0.1025249796502393,5.3774062611716005,1955485.2620425208,7.4946862829299485,0.1501547488969996,FBgn0265003,FBtr0335513
541,541,125091682491.23212,0.0,0.0,827341524.1407523,41163868462.05575,20395295738.950127,,,,,,,,,,,,,FBgn0265003,FBtr0335516
542,542,47742974550.05073,0.0,0.0,1481670942.6361704,1636039296.1346543,0.0,,,,,,,,,,,,,FBgn0265003,FBtr0335517
543,543,0.0028886963386214,0.5018932721512084,0.100437032029913,28.81867963223827,3.9872955236424006,0.0074941580396914,,0.4217516944404748,0.0450461798729521,,1.4155159128003767,0.00360405422674,,0.5972634134044935,0.2239390206101546,,11.231612056840802,0.0155831186742917,FBgn0265082,FBtr0336809
544,544,0.001885700628155,0.3637309891618063,111.11192929473376,51.70901836694912,3388.343756351043,3.488775011756136,,,,,,,,,,,,,FBgn0265274,FBtr0085350
545,545,9780998585.541702,108383655241.84853,6795768848.755549,371110169.6830566,164470832.2453495,0.0,,,,,,,,,,,,,FBgn0265274,FBtr0330306
546,546,260975303048.68695,0.0,6017698569.860296,0.0,5511635761.275067,98685970652.58812,,,,,,,,,,,,,FBgn0265274,FBtr0345207
547,547,0.0521025258467061,0.1044351877168238,11.962375074751504,30.795451267413316,1.193737315907201,0.4068084709391319,,0.0870825649106158,0.1631295505249407,0.004701504815424,0.6124563196115819,0.2120053960804493,,0.1252456039236236,877.2072072077333,201714.10133461384,2.326710875141373,0.7806081122814211,FBgn0265276,FBtr0082533
548,548,0.0045965312653694,0.2741836582072524,11.784096557164156,31.50214687385212,117.47127424484412,0.4115828376672407,,0.2383705963077742,0.2431411666564245,0.0006424963928849,0.0424116889416521,0.2084550736557895,,0.3153773141165716,571.1288367090627,1544577.1659600409,325370.21319033153,0.8126472015833012,FBgn0265276,FBtr0110876
549,549,0.025262400938177,0.1913815445790951,11.797394867442112,31.75674606509132,54.841049038830704,0.4128151017985599,,0.1508294041681783,0.1684073612135118,6.016480494125693e-10,0.0831522104402338,0.2199483069873456,,0.2428365729313651,826.4396796877239,1676214061738.175,36169.10054172427,0.7748016368353317,FBgn0265276,FBtr0110877
550,550,0.0140492230773022,0.036239810124079,11.833932086719114,31.186277576192357,0.8789074601325991,0.4041494896362919,,0.032237555893604,0.2735487250721465,0.0005182399075756,0.4721864670820134,0.2071509056592116,,0.0407389394581823,511.94517026590097,1876705.9326038065,1.6359603193425822,0.7884918941266139,FBgn0265276,FBtr0305186
551,551,54624933223.95301,0.0,2100638406.428742,705222480.5369314,7004199385.352005,0.0,,,,,,,,,,,,,FBgn0265276,FBtr0307082
552,552,0.025262400938177,0.1913815445790951,11.797394867442112,31.75674606509132,54.841049038830704,0.4128151017985599,,0.1508294041681783,0.1684073612135118,6.016480494125693e-10,0.0831522104402338,0.2199483069873456,,0.2428365729313651,826.4396796877239,1676214061738.175,36169.10054172427,0.7748016368353317,FBgn0265276,FBtr0330170
553,553,,,,,,,,,,,,,,,,,,,FBgn0265298,FBtr0089898
554,554,,,,,,,,,,,,,,,,,,,FBgn0265298,FBtr0306252
555,555,0.0,0.0,0.0,0.0,0.0,0.0,0.0,0.0,0.0,0.0,0.0,0.0,0.0,0.0,0.0,0.0,0.0,0.0,FBgn0265629,FBtr0340490
556,556,0.0484656201649063,0.0824751020918938,6.335718785623174,16.739210401431233,2.7498973641368933,0.3531104893398767,,0.0562925330788107,0.3534673395328265,0.1587931249237157,0.9846533828256396,0.1853971968175734,,0.120835608082251,113.56447411393847,1764.5673576736544,7.6797943775775215,0.6725399295251283,FBgn0266101,FBtr0343559
557,557,0.0752215432989275,0.932632233465954,0.6066179574439307,21.63525116044566,11.58243826815687,0.0522267621264458,0.056614886099987,,0.193626688220574,0.0125670754524021,0.8747379751747774,0.0302474158142394,0.0999433358618683,,1.900488768749936,37246.85942631875,153.36349860523694,0.0901774452060225,FBgn0266129,FBtr0072458
558,558,0.0762833190412184,0.8364819024297873,0.5857760420620428,22.13850276326237,22.287200044083956,0.0548181137691166,0.0514230931466241,,0.1989134558238014,0.0001595369781227,0.4935647665571423,0.0312078976138546,0.1131620913458477,,1.7250395154655684,3072098.45871596,1006.391297478298,0.096290549090681,FBgn0266129,FBtr0330231
560,560,,,,,,,,,,,,,,,,,,,FBgn0266409,FBtr0344358
561,561,0.0276048761638581,2.8206480810537844,0.1950330130707232,30.07386248755628,80.16127481844829,0.0204698270458764,0.0204559518591015,,0.0649211053453716,,0.0426551529129216,0.0121625457133152,0.0372521989331378,,0.5859092506988052,,150646.04254582783,0.0344511608971277,FBgn0266418,FBtr0344405
562,562,0.1098481935055858,3.4727964677464493,0.2282060301379227,29.32567708679949,11.110071968342082,0.0219310477151107,0.0949676427070713,,0.042350316649002,7.513306601450181e-05,0.891436947198601,0.0134083747593279,0.1270603889122556,,1.2296954618528864,11446296.31423859,138.46598969185536,0.0358709286185384,FBgn0266418,FBtr0344406
564,564,0.0443359382202024,1.722180755107644,0.0100228429592039,20.831580214115224,0.8650093979275443,0.0035021566084098,0.0244842358935485,,0.0039558023094575,,0.4654055868556499,0.0020495900904087,0.0802833066309229,,0.0253949447232712,,1.6077186858847206,0.0059841726241868,FBgn0266581,FBtr0346345
565,565,,,,,,,,,,,,,,,,,,,FBgn0266599,FBtr0083056
566,566,0.0141464574001762,0.3746429127236124,1.9928017151807056,40.076560494804674,53.98978087686772,0.0817864794888487,,0.3051288234713318,0.3589342215809598,0.0172203724071905,0.2567699067847598,0.0451907815289798,,0.4599936199315483,11.064029109666324,93269.2199167006,11352.173140661826,0.1480175381098544,FBgn0266696,FBtr0345085
567,567,,,,,,,,,,,,,,,,,,,FBgn0266696,FBtr0345108
568,568,0.0010423934192561,0.1198723289529258,1.934616528069165,40.39086854744576,11.879588420248082,0.0866099391051344,,0.1015893476927713,0.3900191588528144,0.013203716181851,1.8476678290905368,0.0419151313252085,,0.1414456886961674,9.59630065786288,123557.81050939953,76.37986591126447,0.178963570305783,FBgn0266696,FBtr0345113
569,569,0.0073637927782172,0.3167206179098557,0.4648107552448949,57.36145054380517,14.02849068141334,0.0326557725389262,,0.2690830847021749,0.1632741199648138,,0.8590932664992194,0.0186549665135969,,0.3727917342713219,1.3232289246935702,,229.0770495739648,0.0571643738591987,FBgn0266756,FBtr0334286
570,570,229936986122.35345,0.0,0.0,0.0,16881659150.750072,31873123315.47719,,,,,,,,,,,,,FBgn0266756,FBtr0334288
571,571,0.0,0.0,0.0,0.0,0.0,0.0,0.0,0.0,0.0,0.0,0.0,0.0,0.0,0.0,0.0,0.0,0.0,0.0,FBgn0267280,FBtr0346496
572,572,0.0039488786431407,0.1441877601721156,2.362734331746996,19.87951768500755,7.548176060816384,0.0905094491891546,,0.1247175093939023,0.5525232975451684,0.4588290645161595,1.3708206824255662,0.0457633685543272,,0.1666976055285785,10.103670826585477,861.3125321632922,41.562665763306505,0.1790069361436803,FBgn0267348,FBtr0076382
574,574,0.0057579431450902,1.8210275629112176,0.0014257086957962,84.36676274402488,2.6572333075783416,9.61673182948858e-05,,1.2034525581616096,0.0004842724107272,3.0153442497049847e-05,1.0101403674021845,5.743920187791967e-05,,2.7555231507821936,0.0041973179562644,236051013.2998238,6.990007605638497,0.000161007688228,FBgn0267487,FBtr0072716
576,576,257710214625.16748,0.0,216677431.1925799,0.0,15302439670.175068,62321325424.75028,,,,,,,,,,,,,FBgn0267790,FBtr0304684
577,577,0.0208125682348652,0.1048289245225351,9.957970480765065,38.3630058177604,7.366199034485056,0.1816377135199698,,0.0900228002677686,0.1370698451410469,0.0682156416214688,1.2618664107119908,0.0987261122667931,,0.122070224252798,723.4353843017043,21574.527196271934,43.00050128526095,0.3341796634674099,FBgn0267791,FBtr0086219
578,578,0.070491544376863,1.0157141681190636,10.0016156161307,39.1485833220811,182.6374706326831,0.1832142147115451,0.0547178217165465,,0.1036510971964082,0.0012370166272377,0.002854972467627,0.1022157377546166,0.0908124203915927,,965.0868889817776,1238957.943150904,11683631.298493484,0.3283980452496617,FBgn0267791,FBtr0086222
579,579,0.0015005494790517,0.2412676927183721,0.5808233390280159,19.668323787599988,5.412261415223613,0.0612644787037645,,0.2067991896983285,0.2595457897689872,0.0758759282103803,1.5206976650434751,0.0277838647241673,,0.2814812748278255,1.2997928090450712,5098.362151712676,19.262588678914597,0.135090506238293,FBgn0268063,FBtr0076793
580,580,0.0028861306392736,0.1719148232263666,0.5802550014103206,19.631019885820024,3.887808989236862,0.0591537233095657,,0.1461193613885653,0.2531407376994564,0.0368787035368417,1.190795493409344,0.0306965687468246,,0.2022641364162553,1.3300738147545272,10449.850585785103,12.69324482704861,0.1139919907741031,FBgn0268063,FBtr0332144
581,581,0.0054095104280183,0.0468201293637632,8.329134797372916,23.211182048641177,10.331066706411956,0.6772286055326232,,0.0366434880772647,0.304570259272332,0.1719637478713845,1.076277510347999,0.3352915812213872,,0.0598230307392494,227.77826908824036,3132.979937714036,99.1667467415757,1.3678798092124784,FBgn0278608,FBtr0089259
583,583,0.071766053149449,0.9635932382373223,3.344034720373904,40.59898216602086,18.07272975189039,0.1880132704911728,0.0573653055787931,,0.307307547285004,0.000251026373841,0.997013076716792,0.1046691583021638,0.0897819044574833,,36.38884989926786,6566152.104640791,327.60208297412686,0.3377211630835874,FBgn0283521,FBtr0089344
584,584,0.1223104712236956,2.0981093876906898,4.005250958123164,31.26068816293745,21.550757470985005,0.2335918911997509,0.1045104521427637,,0.0820557195922666,0.3481955013893359,0.7545236958582938,0.1332748697475109,0.1431421552987539,,195.50173122920737,2806.557294741508,615.5342106849365,0.409418307724854,FBgn0283521,FBtr0089362
585,585,222270926293.0172,0.0,56186014.47812133,0.0,29530157609.805134,206177303020.5644,,,,,,,,,,,,,FBgn0283741,FBtr0302655
586,586,205013274953.20428,0.0,16313824.482614752,0.0,24564539352.99888,235347146094.0952,,,,,,,,,,,,,FBgn0283741,FBtr0332901
587,587,0.0291434256310615,0.5449599477141696,5.4284670549267,49.67310411170138,13.868050872572285,0.1250163931714375,,0.4339158178717852,0.2333930495226961,0.0002398167139124,1.2588368333460267,0.068643643991245,,0.6844215683798451,126.26020623445748,10288762.746504957,152.77820755613968,0.2276845699448711,FBgn0284084,FBtr0079432
